gene_id,baseMean,log2FoldChange,lfcSE,stat,pvalue,padj,gene_symbol
ENSG00000000005,247.03721301011836,-4.204251515667314,0.3545070649307961,-11.859429420646478,1.9228094338552103e-32,8.322257443762577e-31,TNMD
ENSG00000002726,64.66923205553574,2.229069388600429,0.2981825497517181,7.475519243015613,7.689960431381298e-14,5.869060840435324e-13,AOC1
ENSG00000003096,1395.7052409272412,-2.733400976962181,0.2815590995385953,-9.708089638877022,2.7850791050996125e-22,5.06941624780974e-21,KLHL13
ENSG00000003137,791.9897348898288,-1.806772399877934,0.2749591338159984,-6.5710579416031285,4.9959012456788986e-11,2.7944869628271247e-10,CYP26B1
ENSG00000003249,1847.4237799331963,1.578476668538145,0.1910996675057174,8.25996554123214,1.4571452736664768e-16,1.5049994421953604e-15,DBNDD1
ENSG00000003436,1911.4181987185689,-1.8078440690652104,0.1887447339164512,-9.578249053907172,9.870401943829858e-22,1.6933888422032178e-20,TFPI
ENSG00000004776,1351.6595580892497,-4.562129253031081,0.3361056532803972,-13.57349752527105,5.751092758545692e-42,5.458403216369706e-40,HSPB6
ENSG00000004799,16374.902242457223,-4.099905296594977,0.2885863378587768,-14.20685860257638,8.3069106230888e-46,1.0768592673589504e-43,PDK4
ENSG00000004838,519.1461241320582,2.433448734197065,0.263876012944317,9.22193990671888,2.917729682890677e-20,4.334190403735034e-19,ZMYND10
ENSG00000004846,114.37899810563886,-3.6636364998917386,0.3165400189854381,-11.574007329734435,5.581353202556466e-31,2.221588778574492e-29,ABCB5
ENSG00000004939,7.586875865813484,-2.4744611442042204,0.370548101487629,-6.67784056717622,2.4248862346684432e-11,1.403951017131021e-10,SLC4A1
ENSG00000004948,38.79075838908939,-1.999423064905044,0.2447592354310039,-8.168938186884752,3.1111550554205363e-16,3.1069143618333804e-15,CALCR
ENSG00000005001,687.0645287682769,1.6080315611711131,0.2283921677605277,7.040659830582091,1.9133159466910856e-12,1.245013988328002e-11,PRSS22
ENSG00000005102,760.1150528465569,-2.651557815284694,0.290290993015329,-9.134137396900485,6.593026948181589e-20,9.43001566996371e-19,MEOX1
ENSG00000005187,352.6819749437336,-1.8479413559217988,0.2314219166360266,-7.985161400370671,1.403385641060822e-15,1.3072195377213932e-14,ACSM3
ENSG00000005249,7639.939419969407,-2.497897239135216,0.211267839654421,-11.82336716852467,2.9559447995660647e-32,1.2670037588462609e-30,PRKAR2B
ENSG00000005981,21.486753777911783,-1.5425109790114462,0.2978007496308139,-5.179674600966284,2.222732834258823e-07,7.83929994298981e-07,ASB4
ENSG00000006118,4913.117720896715,2.3770504617961032,0.2105815300920066,11.288029205398638,1.5037050820861906e-29,5.2580213890053295e-28,TMEM132A
ENSG00000006128,42.91591088824172,-2.052496965239887,0.3691634459923564,-5.559859697707948,2.6999160611389232e-08,1.0723399988756075e-07,TAC1
ENSG00000006210,8398.288590698492,-2.6147079962828963,0.2320233846308936,-11.269157203453496,1.863450132282031e-29,6.4146615628749964e-28,CX3CL1
ENSG00000006377,20.13136291695934,1.5840029176805046,0.4026862024482063,3.933591238165752,8.368605230673412e-05,0.000204338262258,DLX6
ENSG00000007174,80.26009196254195,-2.015036743990677,0.2924689030821119,-6.889746987647938,5.589170524258157e-12,3.4639040737444154e-11,DNAH9
ENSG00000007216,478.6181175384171,-2.536299910571626,0.3789399703098139,-6.693144321772119,2.1842552393740862e-11,1.2723933140369648e-10,SLC13A2
ENSG00000007306,45.68799735929946,1.711488837189534,0.3685578506222536,4.643745437249394,3.4214909584420303e-06,1.030207593707194e-05,CEACAM7
ENSG00000007314,694.3738785914855,-4.287495563100354,0.2970849291243355,-14.431885103488227,3.2604631654460262e-47,4.7090656859634875e-45,SCN4A
ENSG00000007350,5.6779001153381845,-2.0027922239680143,0.2450180635427861,-8.174059475489562,2.981827092491406e-16,2.9902662257720427e-15,TKTL1
ENSG00000007372,39.99804948825199,3.101544674533685,0.4356656357088443,7.119094140825119,1.086386912129591e-12,7.275890168811459e-12,PAX6
ENSG00000007541,3436.645382284215,1.5234058276466171,0.1700322668330265,8.959510191925029,3.261238201085358e-19,4.34423083678413e-18,PIGQ
ENSG00000007968,487.22564073289794,2.4703240378439144,0.2170882829795742,11.379352233746978,5.299186866806116e-30,1.9370824069514793e-28,E2F2
ENSG00000008056,85.17381133205896,1.8003348482204475,0.2606356654074884,6.90747693875944,4.9334912372172994e-12,3.0783641612831586e-11,SYN1
ENSG00000008300,640.4835889415831,2.368876821007848,0.224275083743163,10.562371804621218,4.452666613849465e-26,1.1301777962086874e-24,CELSR3
ENSG00000008311,1097.2916214230347,-1.7073420335393024,0.1573190680620393,-10.852734220787568,1.935473289411557e-27,5.56658037512036e-26,AASS
ENSG00000008516,306.24261273626576,1.6520905456972834,0.2885106093612454,5.726273114721731,1.0266090156176466e-08,4.307932194858512e-08,MMP25
ENSG00000008735,1748.9842549288603,2.855480283819648,0.2788089918985239,10.241708003660577,1.2893970470957186e-24,2.8843204146943365e-23,MAPK8IP2
ENSG00000009694,108.36357900985158,-2.146860544962214,0.27711382420859,-7.747215611106511,9.392939136446126e-15,7.947066461351666e-14,TENM1
ENSG00000009709,19.306806543768094,1.9608974092131204,0.7160102268520049,2.738644415505571,0.006169305864718,0.011016617615568,PAX7
ENSG00000009765,146.06099649643303,2.6424066713864662,0.4313023281619915,6.12657641484841,8.979009337963259e-10,4.329834388611388e-09,IYD
ENSG00000009950,690.215515996436,-3.75296042505556,0.2945258010571269,-12.74238254029102,3.4373480945478277e-37,2.2779931574216583e-35,MLXIPL
ENSG00000010030,321.0008693111148,2.135392124819872,0.2303370174576815,9.27072924877216,1.8487752335462304e-20,2.8026926315739347e-19,ETV7
ENSG00000010282,11.81189050294642,-3.867602644617415,0.3619777929696829,-10.684640659548254,1.2011330182793402e-26,3.195206202279626e-25,HHATL
ENSG00000010319,3964.401228827453,-3.052400975552048,0.2090748975934609,-14.59955743461531,2.8267438074409713e-48,4.6086329253217074e-46,SEMA3G
ENSG00000011422,2000.716647005522,2.076555510990938,0.1850490821390858,11.22164718131466,3.192676241972103e-29,1.0849791704655835e-27,PLAUR
ENSG00000011426,2158.751168013517,3.242106084345992,0.2288382080252718,14.167678170194154,1.4522308188909596e-45,1.8290537446458413e-43,ANLN
ENSG00000011465,65634.39232263589,-1.8856023981120864,0.2211193274101903,-8.527533165900849,1.495014728160727e-17,1.7117628781073382e-16,DCN
ENSG00000011677,19.12425674267331,3.0652341965446936,0.5489988449527922,5.583316294241511,2.3597501823159655e-08,9.465093074345861e-08,GABRA3
ENSG00000013293,12.869769389804675,-2.578467365909854,0.3405892851645773,-7.570606235201743,3.7148649184692414e-14,2.952228923693783e-13,SLC7A14
ENSG00000013297,889.3503545429106,-2.5466529589856237,0.2403598143024906,-10.595169439516557,3.13772261233172e-26,8.087776762630016e-25,CLDN11
ENSG00000013588,18165.82650827822,2.8600546072304995,0.2224250677337278,12.858508424303873,7.704909629581509e-38,5.360156371888184e-36,GPRC5A
ENSG00000013810,2166.845702798228,2.3054541932551387,0.1574746387306881,14.640161818043024,1.5569723271181014e-48,2.5773349320222223e-46,TACC3
ENSG00000015413,56.49460259229079,2.8093154698956337,0.2483183627257125,11.313361762934736,1.1268754600328212e-29,4.0089311044674996e-28,DPEP1
ENSG00000016602,72.46658137158506,-3.598033799370647,0.3883717656874972,-9.264406213982609,1.9616574979830604e-20,2.9653610926564184e-19,CLCA4
ENSG00000017427,333.20145455682217,-2.545035114589895,0.2661327549976057,-9.563028476569112,1.1436026559332832e-21,1.9531645617883675e-20,IGF1
ENSG00000017483,465.4663958634493,2.0600509266850104,0.2258431112012763,9.121601786866316,7.402206779616365e-20,1.0541995989726953e-18,SLC38A5
ENSG00000018280,458.2643468604583,1.5743027972156698,0.2162324054468334,7.280605300405607,3.3232566872019614e-13,2.3708871533528088e-12,SLC11A1
ENSG00000018625,3584.6513203237582,-4.69626538506382,0.4130827198113032,-11.368825564063975,5.978659480319732e-30,2.1764777491711903e-28,ATP1A2
ENSG00000019169,702.2038793327481,-1.6201480504277876,0.3997436991145336,-4.0529670736938535,5.057212235957409e-05,0.0001275461850342,MARCO
ENSG00000019186,60.87459164902989,-1.9264552423782124,0.3918342887713953,-4.916505006283788,8.810294589958446e-07,2.8654213526881127e-06,CYP24A1
ENSG00000019505,1204.421214222218,3.649591277128096,0.4050874835721663,9.00939037894989,2.0720506482392185e-19,2.8137325486437012e-18,SYT13
ENSG00000020577,1575.609048660057,-1.6418157519841523,0.162107806187187,-10.127925302303678,4.1536890173475556e-24,8.873334858200264e-23,SAMD4A
ENSG00000022267,33291.53206197206,-5.277218388398848,0.3104308848561887,-16.999656431877227,8.260261501828082e-65,7.5695327383131475e-62,FHL1
ENSG00000024422,10348.448589067912,-1.9627710099279276,0.1701407604519031,-11.536159852081887,8.671051842493398e-31,3.39371432568869e-29,EHD2
ENSG00000024526,626.6499225091397,3.2701453524855424,0.2470084502604919,13.239001941176058,5.2238398557805405e-40,4.284677289116292e-38,DEPDC1
ENSG00000025423,237.0180101760529,3.017602587126519,0.1755961981426159,17.184897048144965,3.445581328189192e-66,4.162105627119444e-63,HSD17B6
ENSG00000025708,3981.029715701299,1.846020690517872,0.1820111817650331,10.14234769873088,3.58381307983071e-24,7.705488074150577e-23,TYMP
ENSG00000026559,172.61001220011005,2.1307560386592623,0.3721637058582799,5.725319275143545,1.0323939660052253e-08,4.3301561942217264e-08,KCNG1
ENSG00000027869,188.57500200509165,1.601442182541882,0.2100397530990304,7.624471838846748,2.450355498068232e-14,1.9762730610368213e-13,SH2D2A
ENSG00000029559,137.2878072434205,7.304580363910754,0.377440711738045,19.35292123172009,1.9260966757913016e-83,7.312288451307691e-80,IBSP
ENSG00000029993,3714.5737123847057,2.3742146058850886,0.1783642969838534,13.311041761345413,1.9967796892063774e-40,1.6739564744687535e-38,HMGB3
ENSG00000034239,112.00872765431372,-3.0591423634556403,0.3076568814640249,-9.943357512103471,2.695843961080145e-23,5.362429136654554e-22,CLXN
ENSG00000034971,503.21612676426463,-8.521389225170925,0.4097238113808786,-20.79788625525953,4.5230711616900734e-96,3.005015403047842e-92,MYOC
ENSG00000035499,295.2643830656335,2.884223471149477,0.2215944103526941,13.015777187515198,9.952452220405587e-39,7.429393757226926e-37,DEPDC1B
ENSG00000036448,280.54590504142897,-2.927992424504537,0.2628024133724916,-11.141421370261352,7.88507402945392e-29,2.580613821831748e-27,MYOM2
ENSG00000036565,5.041171489941101,1.755881618019127,0.3863891834989382,4.5443342955897,5.510913931857993e-06,1.6125582221881322e-05,SLC18A1
ENSG00000038427,18569.31119882522,1.603264992138611,0.2308317595344647,6.945599666926392,3.768560532035183e-12,2.3788478892834917e-11,VCAN
ENSG00000039537,479.6200114044596,-3.570117354780262,0.4066803404606861,-8.778681926783197,1.6540156862943853e-18,2.060734498981401e-17,C6
ENSG00000040608,280.6190587115125,1.5447333989646173,0.1878971316999124,8.221165405716178,2.015350819338168e-16,2.0504574281742653e-15,RTN4R
ENSG00000040731,5.5244651993202405,-1.6376675398480496,0.4161062371109306,-3.9356957281355545,8.295602250977288e-05,0.0002026991815186,CDH10
ENSG00000041515,123.27028419304588,-2.037560673637821,0.2774887952205256,-7.342857472924385,2.0908114634829997e-13,1.5243707720729965e-12,MYO16
ENSG00000042286,2220.541264132169,-1.6497242104778038,0.1700426333311999,-9.701826995730883,2.961474374599949e-22,5.3868022932918294e-21,AIFM2
ENSG00000042445,9416.966304593485,-1.5867986445713176,0.1545441375286025,-10.26760814060409,9.861940475883374e-25,2.2323770710954058e-23,RETSAT
ENSG00000042832,49.02074077236176,1.5836408025093158,0.217508828165629,7.280811615165348,3.3181777358756373e-13,2.3678993912700066e-12,TG
ENSG00000043355,89.00811121858067,2.790298890433504,0.4063389014823331,6.866925318384316,6.560038919447019e-12,4.0345529804282456e-11,ZIC2
ENSG00000043591,106.720113917912,-2.315459331359095,0.3567677445381142,-6.4901027820123725,8.577783469611588e-11,4.677910849680441e-10,ADRB1
ENSG00000046653,1631.234586252148,-1.6231051565256684,0.2309790405417247,-7.027066839999562,2.109203440097256e-12,1.3641295064634843e-11,GPM6B
ENSG00000046774,2.812300492816636,3.859482940481864,0.8572703646605996,4.502060376261654,6.72978565297782e-06,1.9414248125041856e-05,MAGEC2
ENSG00000046889,1159.5670477125498,-2.0951396493780643,0.2254030976035558,-9.295079223192593,1.470966142470976e-20,2.24531448800495e-19,PREX2
ENSG00000047936,13.182819550426602,1.629165259729255,0.4268814371167974,3.816435005309226,0.0001353937184596,0.0003196311688784,ROS1
ENSG00000048540,688.2100909618998,-1.6035218171090968,0.3206902313546994,-5.000220338285022,5.726483420682492e-07,1.911105072267201e-06,LMO3
ENSG00000048740,3299.396762994486,-1.8942396090292448,0.1875429587453009,-10.100297135664691,5.507505987250668e-24,1.166230849491526e-22,CELF2
ENSG00000049247,11.17503025775193,2.648050181484252,0.3765084065930114,7.033176776705214,2.0188331850761867e-12,1.3085485827658456e-11,UTS2
ENSG00000049249,134.66518433025576,2.9903952235310305,0.2403732884309238,12.44063033397482,1.5725799480108228e-35,8.872890046366797e-34,TNFRSF9
ENSG00000049283,1734.2406334893803,2.127263706852301,0.2324920437473056,9.149834431170529,5.702087300288703e-20,8.213169105971397e-19,EPN3
ENSG00000049768,229.37022013632844,2.30145430650477,0.1913642757019721,12.02656189647968,2.5766891724115147e-33,1.2119560133953278e-31,FOXP3
ENSG00000050344,957.2360902488008,1.56133803714529,0.1965119990587853,7.945255478665328,1.9379096654661395e-15,1.772193715064097e-14,NFE2L3
ENSG00000050438,1481.721712018722,1.7166190721187162,0.2847864273319173,6.02774187028936,1.6626631800759662e-09,7.751802457985757e-09,SLC4A8
ENSG00000050730,32.91583199938404,2.1940682694945046,0.3118832259085005,7.03490308946014,1.9939954351268976e-12,1.2933958674273198e-11,TNIP3
ENSG00000051180,453.5291206868424,2.4986314866740886,0.1769555123884323,14.12011105474567,2.8554099235782164e-45,3.5294194753065626e-43,RAD51
ENSG00000051341,413.2829013064925,2.594063322144216,0.2097849978244022,12.3653423697892,4.0249272571709777e-35,2.2054111723570868e-33,POLQ
ENSG00000052850,375.9544626595787,-2.17496154958583,0.3370010409079249,-6.453871904152578,1.0902797751171962e-10,5.875924766525955e-10,ALX4
ENSG00000053108,208.77735491345712,1.6468781747258474,0.2839845916532203,5.799181445509148,6.663939794457076e-09,2.8642115484020186e-08,FSTL4
ENSG00000053254,4387.770346347595,-1.5326483296665478,0.1533377158111408,-9.995246906861723,1.5988828351660582e-23,3.250980209987605e-22,FOXN3
ENSG00000053438,374.9201348003535,-3.2742135755519337,0.2916742541837692,-11.225583089994007,3.053654487441084e-29,1.0403957436377791e-27,NNAT
ENSG00000053747,5492.416287372162,-1.7426981713616028,0.2544789494823427,-6.848103447874856,7.483544461041626e-12,4.5771045811779327e-11,LAMA3
ENSG00000054356,74.4513833922323,2.009507541823212,0.3540300155824026,5.676093702160933,1.3780531275048941e-08,5.6795536388713656e-08,PTPRN
ENSG00000054967,281.4260260791317,1.5737130685265188,0.1590007404112849,9.897520379187029,4.2672381678719456e-23,8.313918937771038e-22,RELT
ENSG00000055118,215.4761861307716,1.942049567005924,0.2990618373290112,6.493806044765882,8.369448672908312e-11,4.571800585458137e-10,KCNH2
ENSG00000055813,83.23923205156751,-2.1078394506942395,0.2722309747783051,-7.742834746893831,9.722437277582299e-15,8.204946670427108e-14,CCDC85A
ENSG00000056998,5385.330736107132,-4.071998900929577,0.2522591442414723,-16.14212603937045,1.2901951714627045e-58,5.620809292069076e-56,GYG2
ENSG00000057593,301.1596900154154,2.202636743584728,0.3260435410121889,6.75565213390436,1.4219421413279322e-11,8.442384362330159e-11,F7
ENSG00000060566,3.3424240690643847,1.6315054054677065,0.3936395027725872,4.144668901307543,3.403050516088537e-05,8.81786929261436e-05,CREB3L3
ENSG00000060718,9995.860397404978,6.466851900308022,0.294788290652814,21.93727534423793,1.1456237146723758e-106,1.0148316739139463e-102,COL11A1
ENSG00000061656,250.8012532130247,1.579942339794986,0.1779502983616034,8.878559655935325,6.773166916244681e-19,8.746205578192537e-18,SPAG4
ENSG00000062282,5294.7079359628215,-3.1988857798451105,0.269460729931408,-11.871435888485108,1.6658365516572319e-32,7.293180619487798e-31,DGAT2
ENSG00000063015,40.19764410315125,2.45806956050257,0.4663389629043507,5.270993324670444,1.3568740529440737e-07,4.923392675722113e-07,SEZ6
ENSG00000064205,2632.189036824266,-1.6866560541671334,0.3005795723309547,-5.611346243816036,2.0075861888402016e-08,8.121723697431627e-08,CCN5
ENSG00000064300,1390.515397194284,-2.378234677323124,0.2549469239686462,-9.328352114637015,1.0752965898233817e-20,1.6672116029496133e-19,NGFR
ENSG00000064787,2145.718197187924,2.699910439163998,0.3305913501261384,8.166911923538944,3.163837111409331e-16,3.154933254623001e-15,BCAS1
ENSG00000065325,68.18216344076714,-3.3339800775173547,0.3464085128869872,-9.624417280429356,6.306334458364361e-22,1.1047517352078633e-20,GLP2R
ENSG00000065328,642.621856060439,2.969093349047337,0.2335688742346382,12.711853661051814,5.081542757390954e-37,3.3017603613120926e-35,MCM10
ENSG00000065534,13131.319520996924,-2.3796562877038494,0.1973680713456986,-12.056946554115024,1.782703643751331e-33,8.490205973600648e-32,MYLK
ENSG00000065600,713.0555567566655,1.5167372461119195,0.1194840344097109,12.69405785973903,6.379299240517029e-37,4.0654646838546774e-35,PACC1
ENSG00000065618,6047.347686626483,-3.446757102612163,0.3512797624745613,-9.81200020841442,9.99670515741897e-23,1.892182617937387e-21,COL17A1
ENSG00000066279,1560.86033090704,3.3749146756096406,0.2473801695769993,13.642624149625572,2.23375532513312e-42,2.143034215357857e-40,ASPM
ENSG00000066735,436.3342233307399,-1.5287631378008173,0.179891473364319,-8.498252358546988,1.9246633119505024e-17,2.1811482948863366e-16,KIF26A
ENSG00000066813,6.283834423638065,-3.157244458834886,0.3786267578743587,-8.338672302401214,7.512929733277954e-17,7.963945259747172e-16,ACSM2B
ENSG00000067113,2128.336351377586,-1.8075084899404392,0.1446342563693317,-12.497098096351836,7.742630906413019e-36,4.522206952481891e-34,PLPP1
ENSG00000067715,1522.3339977891028,3.0008158552248347,0.3539456866008278,8.478181734727817,2.28740478695142e-17,2.57030791599298e-16,SYT1
ENSG00000067836,788.9529900402873,1.7157862843299108,0.1835231586346358,9.34915406368826,8.835151366769951e-21,1.3811420445406553e-19,ROGDI
ENSG00000068078,1730.319541263007,2.5516042984542926,0.2890047908916798,8.828934256009079,1.0567781314784966e-18,1.3418002314400883e-17,FGFR3
ENSG00000068489,1150.1698954186024,2.724159945442689,0.218002144418093,12.496023618089684,7.847960880866498e-36,4.573674570373403e-34,PRR11
ENSG00000068976,207.5245951293799,-3.41071019787952,0.2043924074591268,-16.687068958574564,1.627679817121816e-62,1.1690700308111421e-59,PYGM
ENSG00000069011,1659.1036595160526,3.54496484581997,0.3367018179365519,10.528499274357891,6.384418861674291e-26,1.5916128634990084e-24,PITX1
ENSG00000069122,3674.343598727752,-1.918120109711689,0.1559153171854063,-12.302319902481171,8.80095263481082e-35,4.668369586229492e-33,ADGRF5
ENSG00000069431,1550.37975686286,-2.4486623855524057,0.2151223984819667,-11.382647287458877,5.1026865046383694e-30,1.8678222294871162e-28,ABCC9
ENSG00000069482,109.46122640633492,2.3668598766516267,0.3298520717236423,7.175519208606446,7.203328255061982e-13,4.9134612006743374e-12,GAL
ENSG00000069696,45.461231512880175,1.59006183882048,0.221693756269132,7.1723347810038245,7.372937031829387e-13,5.026572642916007e-12,DRD4
ENSG00000069702,6882.957618576111,-2.6782173092354244,0.2464620902976664,-10.866650144859143,1.661911877880596e-27,4.816282241513286e-26,TGFBR3
ENSG00000069764,32.00980787925846,1.998139122955628,0.2635977040063856,7.580259966555792,3.4486323957433166e-14,2.748048153429645e-13,PLA2G10
ENSG00000069812,251.7184783013794,1.5564198605830533,0.3300689589526797,4.715438451169803,2.4119079726957485e-06,7.4151381738072095e-06,HES2
ENSG00000070031,32.09356222115583,4.358840615094128,0.3028657586131899,14.391988830474215,5.810078475108611e-47,8.169462194497956e-45,SCT
ENSG00000070182,197.3426774463768,-1.8003202111361611,0.2254439142156178,-7.985667820752563,1.3976357879913832e-15,1.303234072486702e-14,SPTB
ENSG00000070886,30.974493489886225,2.756050038652621,0.4413005631975049,6.245290100432403,4.2301425168365426e-10,2.124665231240429e-09,EPHA8
ENSG00000070985,3.088589524339296,1.7882191325261911,0.3945590188713009,4.532196824803744,5.8373420498496574e-06,1.7002122421608357e-05,TRPM5
ENSG00000071539,1075.378361289181,2.676416926950616,0.205862220260103,13.001010693312322,1.2073699160421942e-38,8.962529474531095e-37,TRIP13
ENSG00000071909,142.71501533228252,2.261689592781885,0.3576081639739595,6.324490939045165,2.5406875957371236e-10,1.3047105866031703e-09,MYO3B
ENSG00000072163,1994.4927565463609,-2.08184259187338,0.1631780400805349,-12.758105139918989,2.80952349604034e-37,1.8759569574691468e-35,LIMS2
ENSG00000072571,650.5566094476309,2.8707786809493805,0.2096103180409561,13.695788965829696,1.0758537006039718e-42,1.055011516367179e-40,HMMR
ENSG00000072657,143.43185216476962,-3.9214503516714982,0.3565214534262755,-10.999198825162448,3.855420082524981e-28,1.1886054372749582e-26,TRHDE
ENSG00000073111,1619.8478968094144,1.6235611870674946,0.1848075036208062,8.78514754681589,1.5615942818562725e-18,1.9501582725719188e-17,MCM2
ENSG00000073150,262.5197025462448,1.7649079825278533,0.2367961251749695,7.45328067012818,9.10473026746832e-14,6.889470582516246e-13,PANX2
ENSG00000073282,2100.963493616633,-2.978834096961338,0.3052003770074015,-9.760256937327105,1.6673226295918398e-22,3.087742082327745e-21,TP63
ENSG00000073350,4906.73819135048,1.8522415632282931,0.1684937919840269,10.992936543346858,4.132575812498613e-28,1.2652442651745466e-26,LLGL2
ENSG00000073712,5349.185988623406,-1.845066888513021,0.1540489558390119,-11.97714634587461,4.681626494099501e-33,2.1599691680676083e-31,FERMT2
ENSG00000073734,29.45788328506687,-2.7247621717430515,0.3124224432302991,-8.721403441988064,2.747744999395104e-18,3.365037942807598e-17,ABCB11
ENSG00000074211,894.0914754291306,2.94339454126598,0.3629874797967909,8.10880458718235,5.112018195636283e-16,4.979907754729994e-15,PPP2R2C
ENSG00000074276,29.067514818050004,1.9468700133695096,0.2214202995060615,8.79264465684734,1.4607992418712037e-18,1.8277184488101333e-17,CDHR2
ENSG00000074317,3.622727053445289,2.189031763431549,0.4092647717932102,5.348693350371248,8.859149832504428e-08,3.287695947476682e-07,SNCB
ENSG00000074370,5460.082915368752,1.8944437978636488,0.2277949286115329,8.316444134251617,9.064168775443068e-17,9.50968358497432e-16,ATP2A3
ENSG00000074410,19115.27576173384,1.5495472327942283,0.2743622625273741,5.647814748719768,1.6250014295547018e-08,6.64273388562009e-08,CA12
ENSG00000074416,9636.032379161054,-2.2380158377400137,0.2121582959257138,-10.548801912151688,5.144894149848048e-26,1.2996726428917478e-24,MGLL
ENSG00000075035,134.35800204270987,-2.190663043181328,0.3028540897893286,-7.233394288005808,4.710691598498197e-13,3.296119779623212e-12,WSCD2
ENSG00000075218,578.0443067302829,2.8938389680506127,0.2076446105171095,13.936499294847655,3.8013307413917364e-44,4.262462635125966e-42,GTSE1
ENSG00000075275,11779.824591420664,1.6404546469074548,0.2233658868165925,7.344248803105932,2.0691790452299081e-13,1.5094272063405108e-12,CELSR1
ENSG00000075429,3.487772363835563,3.7829771911457217,0.4784570989160277,7.906617332497053,2.644770202213948e-15,2.3817271475376365e-14,CACNG5
ENSG00000075461,3950.900369840563,2.7413050158883143,0.3231538364530039,8.482972215268688,2.1951309306396008e-17,2.4728954846014154e-16,CACNG4
ENSG00000075702,601.0003490716858,2.7146231229770232,0.1792777418232669,15.141997525008511,8.557446752563522e-52,1.9775143256467444e-49,WDR62
ENSG00000075886,162.30121073938295,2.155133301722984,0.3318307041001092,6.494677180544472,8.321164612962751e-11,4.5472948712622886e-10,TUBA3D
ENSG00000075891,82.58748870161259,2.299853215945286,0.4133936792299615,5.563348767763644,2.646462193557569e-08,1.0520528465787944e-07,PAX2
ENSG00000076382,1325.14917592956,2.641543095114945,0.1745435102214825,15.13400923221394,9.662494668928617e-52,2.2136275502308443e-49,SPAG5
ENSG00000076554,12383.83897807775,2.074642326039817,0.1868199354159997,11.105037165440208,1.185680088857692e-28,3.837935244993077e-27,TPD52
ENSG00000076555,8136.092356416355,-3.736322114739501,0.2267686476853541,-16.476361052889985,5.425366949638046e-61,3.195700211683747e-58,ACACB
ENSG00000076706,13265.19449016658,-2.038936155002492,0.1765282532153705,-11.550197307594264,7.365115771007031e-31,2.9039755432420145e-29,MCAM
ENSG00000076944,1904.1863576996209,1.6312451736577231,0.176230837479962,9.256298142731126,2.1164276981128836e-20,3.186632638943336e-19,STXBP2
ENSG00000077063,351.4466982323527,-1.5131909072619056,0.2219946692007817,-6.816338936018817,9.338981985386432e-12,5.646949858057894e-11,CTTNBP2
ENSG00000077152,996.324266792186,2.936159012218978,0.1804465636717406,16.271626084053846,1.569342367683249e-59,6.950878903530391e-57,UBE2T
ENSG00000077157,5867.887375320978,-2.270182313238294,0.1302948966759626,-17.42341696531778,5.48042753845202e-68,7.665387464966444e-65,PPP1R12B
ENSG00000077264,386.2606030382528,-2.594250281621925,0.2478824244703361,-10.465648329707928,1.242232071423928e-25,3.003850527578788e-24,PAK3
ENSG00000077279,158.0621893880672,-1.9585893183359613,0.4519730525919806,-4.333420559265246,1.4681027164738895e-05,4.027545131650007e-05,DCX
ENSG00000077522,59.2342563403756,1.5775002527477768,0.3491491864803365,4.518126674302359,6.238915717383259e-06,1.810825526315641e-05,ACTN2
ENSG00000077616,239.5986632627869,-2.757309650920458,0.2240933090095956,-12.30429263196962,8.588555703096749e-35,4.577214363258506e-33,NAALAD2
ENSG00000077935,83.2595318768148,2.0904192017101053,0.3135393587813697,6.667166794736447,2.607886597568641e-11,1.5053124745957128e-10,SMC1B
ENSG00000078081,640.1235522853555,2.0638815389369647,0.2833208437583106,7.284608896257478,3.2260480609237777e-13,2.305249454666561e-12,LAMP3
ENSG00000078098,1797.191404574883,1.6551107068072033,0.2141306238845689,7.729444190567628,1.0801715113710834e-14,9.084037314774222e-14,FAP
ENSG00000078399,214.47873867258397,-2.043003828797177,0.2583246292767318,-7.908668385655929,2.60156584154638e-15,2.3452039429815142e-14,HOXA9
ENSG00000078549,338.4191381073694,-2.758390661845603,0.2322563754787946,-11.876490607240395,1.5681365808868607e-32,6.922463394861848e-31,ADCYAP1R1
ENSG00000078589,267.3347326118588,1.6054289095537844,0.2446319502952461,6.562629728521534,5.286701070744209e-11,2.949078105689071e-10,P2RY10
ENSG00000078596,2655.449947107178,-2.1797086011591995,0.2204704541413328,-9.886624535013183,4.7580091242153376e-23,9.229495801169533e-22,ITM2A
ENSG00000079102,615.8086835752642,-1.7823323919391283,0.1887183304713148,-9.444405254581472,3.5742834065753936e-21,5.781289198401773e-20,RUNX1T1
ENSG00000079263,221.99900316211344,1.61656719706981,0.1973629659854529,8.190833518325633,2.594232280336779e-16,2.619366369678948e-15,SP140
ENSG00000079308,28133.670371354976,-3.127145031924565,0.1690508325845736,-18.498252768794263,2.132767302970325e-76,4.723190923036366e-73,TNS1
ENSG00000079393,15.387752190918745,2.3563097745941386,0.3830928557690488,6.150753633512452,7.711562856509994e-10,3.750636583304412e-09,DUSP13B
ENSG00000079435,8575.024632695686,-4.501309340241315,0.2999654695356632,-15.00609169185105,6.697977700967949e-51,1.379835328707157e-48,LIPE
ENSG00000079462,2573.880384678328,2.901025990745161,0.2002083140729821,14.490037560016855,1.400662110066901e-47,2.1392296307487293e-45,PAFAH1B3
ENSG00000079841,157.87058267958557,1.5319492184052643,0.3208078016246245,4.775286668987526,1.7945143649529628e-06,5.6052208801862935e-06,RIMS1
ENSG00000079931,728.4045952239397,1.5057570183634288,0.2433426703268288,6.187805107674193,6.10076878945878e-10,3.0073813871242274e-09,MOXD1
ENSG00000080166,63.17192394815788,-3.487688536691662,0.3276169052203687,-10.64563055543699,1.8274278148682624e-26,4.7799108445004005e-25,DCT
ENSG00000080200,1517.0713276981762,-1.855537155188657,0.2226330461115372,-8.33450912879775,7.782036979351117e-17,8.22623837415497e-16,CRYBG3
ENSG00000080293,23.06818939068992,-2.893520556578948,0.281519977440859,-10.278206835913842,8.835613190537058e-25,2.012051589875941e-23,SCTR
ENSG00000080986,739.1195834804283,3.1059922884510263,0.2070700140405826,14.999720277424128,7.37293868785931e-51,1.495693478090543e-48,NDC80
ENSG00000081041,526.6552508471672,-3.245124226816586,0.3039147501816178,-10.67774507448986,1.2937605053937584e-26,3.4313059312214696e-25,CXCL2
ENSG00000081051,133.93606955759392,-1.9440346438508045,0.4573775777647479,-4.25039341314348,2.133953664453889e-05,5.7011982138194536e-05,AFP
ENSG00000081138,108.02160174654972,4.215049366543581,0.4539244129200757,9.285795710850522,1.6050335397055435e-20,2.44434190932234e-19,CDH7
ENSG00000081377,1243.8431599142675,-1.6826059082075364,0.1465819909720288,-11.478940196197875,1.683311559716436e-30,6.43654743877184e-29,CDC14B
ENSG00000082556,30.20150202048466,1.5223850188890211,0.4801989860391438,3.170321185902967,0.0015227052114811,0.0030225493722073,OPRK1
ENSG00000083067,35.604238592942,-2.980128519568148,0.2122460192521826,-14.040915961902082,8.757338991641632e-45,1.0297623172693644e-42,TRPM3
ENSG00000083454,51.60646868071229,1.9246347708996,0.2836958935295974,6.784147443779641,1.167740237326584e-11,6.992495900620542e-11,P2RX5
ENSG00000083782,160.80280126425257,6.365594502185967,0.3809215835824012,16.711036540172728,1.0892555858759991e-62,8.040824220737413e-60,EPYC
ENSG00000084444,5763.746667804844,1.7798247929329665,0.2560432334259225,6.951266663517974,3.620208123876153e-12,2.2907138156084055e-11,FAM234B
ENSG00000084453,85.82807375023837,-3.006660380067163,0.4816967441275361,-6.24181171395069,4.3253142799035645e-10,2.169187148300382e-09,SLCO1A2
ENSG00000084628,2051.089154391186,3.354476761174952,0.3705477375082873,9.052751971262351,1.3940969570674882e-19,1.9255783073840174e-18,NKAIN1
ENSG00000084674,298.2511566226327,-5.308947572348676,0.3729018399144185,-14.236850034226396,5.4111710466159885e-46,7.083835988365511e-44,APOB
ENSG00000085552,2415.50661091152,1.8965698828619069,0.2069722574831616,9.163401442902092,5.028672832391032e-20,7.2945950065934335e-19,IGSF9
ENSG00000085563,515.527475889876,-2.3256427077436106,0.2017525081086536,-11.52720592941099,9.621585858640162e-31,3.7546790630449667e-29,ABCB1
ENSG00000085741,415.394201507517,-1.7736932453632317,0.280548727703963,-6.322228797397525,2.5781725590556825e-10,1.3231930428139195e-09,WNT11
ENSG00000085840,347.8923633504922,2.35886702900636,0.2176644665629752,10.837170927593208,2.2945728715900536e-27,6.51477286992582e-26,ORC1
ENSG00000085999,257.07759224672446,2.587863529970664,0.2168529741909526,11.933723941880954,7.89604673891661e-33,3.586964821995024e-31,RAD54L
ENSG00000086289,1194.0754255689208,-1.8551856648590133,0.2095056180850047,-8.855064039887898,8.363578019583206e-19,1.0706266178729465e-17,EPDR1
ENSG00000086548,11462.27385769862,5.179653479024597,0.4533474215145204,11.425351139575625,3.1239034293730142e-30,1.1594655535696624e-28,CEACAM6
ENSG00000086570,1351.8885539861265,-2.7347227514019594,0.3003830932179034,-9.104116753395775,8.697119594215132e-20,1.230047648835908e-18,FAT2
ENSG00000086717,166.8126271067861,1.8061747218930857,0.2942430898750157,6.138376002849501,8.336934848125062e-10,4.036327993968365e-09,PPEF1
ENSG00000087237,207.50622609549876,-2.3637419146624725,0.2514918284804605,-9.398881581737443,5.514611217449002e-21,8.775496593036361e-20,CETP
ENSG00000087250,10.932090555424848,2.490811680147535,0.4481344838555257,5.558179006261319,2.726037336155024e-08,1.082391187932463e-07,MT3
ENSG00000087586,1081.333534803771,2.851787038613938,0.1812546739373505,15.733591728507037,8.90151814300328e-56,2.884851764028197e-53,AURKA
ENSG00000088305,479.45605756119727,1.5763929227446587,0.1872489800381097,8.418699650186742,3.806859810382831e-17,4.1735684596090646e-16,DNMT3B
ENSG00000088325,3670.3353813121394,3.4759610921043063,0.2124132182611295,16.364146829276624,3.4482630198765807e-60,1.7622613414080795e-57,TPX2
ENSG00000088992,242.97204711443297,-2.189101639048901,0.2327199774623177,-9.40659097220548,5.124892032988325e-21,8.184735924078411e-20,TESC
ENSG00000089012,100.98107571416554,1.7222386712635211,0.2627330005640719,6.555090786334334,5.560803568281079e-11,3.096131465054885e-10,SIRPG
ENSG00000089127,3003.567961993967,1.5068847361275275,0.2106345306604287,7.154025180025343,8.426959832006341e-13,5.699833482707267e-12,OAS1
ENSG00000089250,22.76786117194157,-2.8112705145826062,0.2843088835640064,-9.888085378625552,4.6890995963078834e-23,9.102470545791237e-22,NOS1
ENSG00000089685,2177.3989756298474,3.2004411228251093,0.2505577659931769,12.773266516561543,2.3124232600205172e-37,1.5636806141232884e-35,BIRC5
ENSG00000089692,265.1027869413799,2.1944813254034905,0.2356154765728622,9.313825039523088,1.2330974078496658e-20,1.8963867831947261e-19,LAG3
ENSG00000090006,5432.756944500302,-2.0381637790190728,0.1640723344951309,-12.422348870031822,1.9767132929912232e-35,1.1035957092697849e-33,LTBP4
ENSG00000090534,141.38548197477436,1.7809337746979894,0.2845038424739325,6.25978812522072,3.855008656950232e-10,1.9432256270571394e-09,THPO
ENSG00000090659,361.9685285864347,-2.7165819463815257,0.2492985836700638,-10.896900842312077,1.1925006842974019e-27,3.4824951302421384e-26,CD209
ENSG00000090889,1240.4389403692908,3.663258705353051,0.2229250618146972,16.432691217096416,1.1159450445706102e-60,6.1783832415549936e-58,KIF4A
ENSG00000090932,37.140368980167054,3.0947538807805395,0.3923945961471791,7.8868412337150575,3.0993130045388817e-15,2.7694769030134764e-14,DLL3
ENSG00000090971,1109.8233346742222,2.0651804879519906,0.1852265474129228,11.149484330386583,7.202254062177634e-29,2.3629617494119837e-27,NAT14
ENSG00000091138,373.9470100725676,-1.7423274057887006,0.4608850348302888,-3.780394836274681,0.0001565798473131,0.000366294845277,SLC26A3
ENSG00000091436,6846.9975344532495,-1.654656605116026,0.1572798433219829,-10.520461936935028,6.953184430668693e-26,1.7253116362747016e-24,MAP3K20
ENSG00000091513,2072.652127575805,-3.2748271367244115,0.3278901050220151,-9.987575369206503,1.7275561728143026e-23,3.4965579049916287e-22,TF
ENSG00000091651,405.5870352436419,2.601776724262819,0.2187001862543987,11.896545534882868,1.233481480125694e-32,5.518479854266046e-31,ORC6
ENSG00000091704,45.61309639817819,-4.489846478234388,0.3008576881507367,-14.923489261091673,2.318267616607536e-50,4.400568707953234e-48,CPA1
ENSG00000091831,28720.58473978216,1.882655312347936,0.3174763682029615,5.930064410792179,3.028158699045709e-09,1.3639545326633852e-08,ESR1
ENSG00000091986,21695.59060188865,-1.7368355558222022,0.2378701673412459,-7.301611527142692,2.843412414837367e-13,2.0444719947051684e-12,CCDC80
ENSG00000092009,84.24111557356348,-2.8481769168429265,0.3112467531803559,-9.150864668434032,5.647964537423215e-20,8.144040020728264e-19,CMA1
ENSG00000092067,4.508201252930934,1.5674187194001696,0.2769268867976673,5.660045283163067,1.513330577115094e-08,6.20629013685704e-08,CEBPE
ENSG00000092345,4.792951527147683,2.6211657430291844,0.4634639328547709,5.655598110696009,1.5530448349385313e-08,6.356409439163939e-08,DAZL
ENSG00000092445,1426.9669678232524,-2.137605093843294,0.203132426559788,-10.5232095635609,6.753312004996679e-26,1.6788518852459004e-24,TYRO3
ENSG00000092607,970.1471745746244,-2.4004048217299085,0.2170136047898151,-11.061079898906709,1.9375059606605862e-28,6.159724859391779e-27,TBX15
ENSG00000092853,603.7447050447105,3.0432701120952483,0.2207126252854439,13.788382554733507,2.9939754893067317e-43,3.036828191920855e-41,CLSPN
ENSG00000092929,1573.4949070314035,1.571854390214756,0.2279616501932872,6.895257991341923,5.376713421988431e-12,3.3400224214432566e-11,UNC13D
ENSG00000093009,493.16006191726734,2.751343525514599,0.2125184038433191,12.946377705448269,2.46304527303089e-38,1.7786801122498893e-36,CDC45
ENSG00000093134,26.02571438550986,1.5391387081374277,0.4266752201280587,3.607284031342348,0.0003094188936932,0.0006904699890754,VNN3P
ENSG00000094796,45.20279074633962,1.9323729820170965,0.4976424548136003,3.883054918899347,0.0001031522584048,0.0002484385777695,KRT31
ENSG00000094804,1368.8677942242416,2.7730476474464383,0.2335518787270505,11.873369045715398,1.627777544237364e-32,7.161951695050985e-31,CDC6
ENSG00000094963,3766.019957477931,-3.4767508994336054,0.2832671988301258,-12.273750415834764,1.2531155563762123e-34,6.504208185683171e-33,FMO2
ENSG00000095637,13744.410907017758,-3.61386558724896,0.2121900029755381,-17.03127167430964,4.814647399720953e-65,4.569616237413726e-62,SORBS1
ENSG00000095713,252.02079029591175,-1.6582832777901482,0.3368696157077983,-4.922626442001668,8.539035685837491e-07,2.782305950847613e-06,CRTAC1
ENSG00000095739,4020.4429981588314,1.5480896086075382,0.2596354877576954,5.9625501196981645,2.4833144496015355e-09,1.132168150594627e-08,BAMBI
ENSG00000095752,51.56110093762159,1.8158579448903729,0.2228811550286256,8.14720268592091,3.724391435088151e-16,3.686245898974585e-15,IL11
ENSG00000095917,134.73537972922304,1.5742265197240066,0.4180767504894675,3.765400773616245,0.0001662821502757,0.000387015952319,TPSD1
ENSG00000096006,510.9210945315956,2.7797549398100347,0.4902952101431248,5.669553530817853,1.43170114066589e-08,5.8937703376741656e-08,CRISP3
ENSG00000097046,598.0312989768026,1.707173729751798,0.1679721511142725,10.163433155001968,2.8872678862406712e-24,6.253393975293059e-23,CDC7
ENSG00000099139,981.6607966593206,-1.5541460243835126,0.1914068185914407,-8.11959592568564,4.677383606482663e-16,4.576637310098554e-15,PCSK5
ENSG00000099194,59361.52793002761,-1.5048089031092242,0.2645669361632342,-5.6878192147970354,1.286719317260098e-08,5.327916150854957e-08,SCD
ENSG00000099260,4141.109643695545,-2.909408897497584,0.1833318763102584,-15.869629199528276,1.0284668428699021e-56,3.693446803955088e-54,PALMD
ENSG00000099617,23.192899560872107,4.940087791309387,0.4574841121661884,10.798381102062889,3.503257650522452e-27,9.810228879097382e-26,EFNA2
ENSG00000099625,56.20114323407673,1.5465883064921702,0.191948377896794,8.057313760284721,7.798928517386635e-16,7.447234112452381e-15,CBARP
ENSG00000099769,223.69906939433915,3.110825096914084,0.3406146479168298,9.132975096460548,6.664219732556215e-20,9.526715405738645e-19,IGFALS
ENSG00000099812,1754.156799697664,3.3194835940304563,0.2963063280769857,11.202877831107257,3.946995931332023e-29,1.3294222671121484e-27,MISP
ENSG00000099822,78.01299426296411,3.818640944018469,0.2980846290231638,12.810593275246427,1.430367424934692e-37,9.796910906608104e-36,HCN2
ENSG00000099849,1684.6107109049808,1.9601873692804304,0.2099023236496191,9.338569174453191,9.764469326483822e-21,1.5174898967912722e-19,RASSF7
ENSG00000099953,20588.00002495759,6.5488421121575096,0.2463230833370482,26.586392243217468,9.752733441164929e-156,1.2958944559947904e-151,MMP11
ENSG00000099957,56.6460734815267,-2.473699126316931,0.3346747517620136,-7.39135268882181,1.4534252869556465e-13,1.0770991913230982e-12,P2RX6
ENSG00000099984,13.30874400098751,-1.912429725437786,0.4141498084928427,-4.617724519534183,3.879708200278031e-06,1.161072583585458e-05,GSTT2
ENSG00000099985,137.98410719624752,1.719520123981336,0.2487753209001748,6.911940130393085,4.780696311533009e-12,2.985828542396938e-11,OSM
ENSG00000100077,3087.158425881114,-1.621747771036917,0.1549529199688103,-10.46606783120544,1.236741370585811e-25,2.9932970786264053e-24,GRK3
ENSG00000100146,2812.6624850049693,-1.9896452311683883,0.4515637981310003,-4.406122101469227,1.0523765644937505e-05,2.954770966869669e-05,SOX10
ENSG00000100162,340.1143479378087,2.54246028116624,0.1832519689010342,13.874122588769032,9.089857912606809e-44,9.900121886374012e-42,CENPM
ENSG00000100253,9.28827885984964,2.1893823631739093,0.3336045039801159,6.562808166715894,5.2803761864212966e-11,2.9461683215231145e-10,MIOX
ENSG00000100276,97.98506240611025,-1.915891937213354,0.2057632319368582,-9.311148154016538,1.2645784896663854e-20,1.9425533735771211e-19,RASL10A
ENSG00000100290,713.9708913566412,1.9007022284051995,0.2184108370994667,8.702417213572598,3.2488863074060982e-18,3.958695718446449e-17,BIK
ENSG00000100307,2291.4290354679665,-1.632586091920788,0.1448588172683019,-11.270187916120944,1.841764008638557e-29,6.356477731112941e-28,CBX7
ENSG00000100362,243.61123896499524,3.8926418254459785,0.4631076181709846,8.405480006612136,4.261151461183831e-17,4.640987708236078e-16,PVALB
ENSG00000100448,181.6238504785766,-1.8044852580772643,0.3119885001718458,-5.7838197788807575,7.302317409226834e-09,3.1234361041397583e-08,CTSG
ENSG00000100453,200.58185481683495,1.6755525634131112,0.3123880241370107,5.3636901351833774,8.153873501010516e-08,3.034437589824317e-07,GZMB
ENSG00000100473,150.47044608147357,1.7293865425360948,0.369145150847308,4.684841555053862,2.8017658621189857e-06,8.532767337360996e-06,COCH
ENSG00000100479,330.1329565800695,1.6848047978816574,0.129363382941987,13.02381523709231,8.95807100587653e-39,6.7439302260954354e-37,POLE2
ENSG00000100526,487.9182985843055,2.920459606669983,0.1785929385208318,16.352604032713913,4.1678173170586164e-60,2.089806513223259e-57,CDKN3
ENSG00000100558,439.3424399973802,1.5633200568328331,0.1782574084812326,8.77001449842924,1.7864328172879422e-18,2.221546659776652e-17,PLEK2
ENSG00000100604,104.55014519872172,2.465378889613176,0.5240608478502773,4.704375264296652,2.5464449419898454e-06,7.807080564533934e-06,CHGA
ENSG00000100721,36.84623847655489,2.214597476624752,0.4041075277871208,5.4802183189999285,4.248013265056421e-08,1.6446817091910605e-07,TCL1A
ENSG00000100867,4700.420851318316,2.485818127667127,0.4881160498613817,5.092678530798292,3.5304001233772425e-07,1.212306283483011e-06,DHRS2
ENSG00000100985,3407.410460618466,3.2093505508996483,0.2902177581819173,11.058422375683604,1.9957693491525502e-28,6.336627294352334e-27,MMP9
ENSG00000101003,944.3558687061902,2.513725417914433,0.174857181033386,14.375877519348087,7.333461313648815e-47,1.0203493948178917e-44,GINS1
ENSG00000101049,238.24827112776063,-2.996598331554701,0.2649871446117504,-11.30846681617408,1.1915336924618373e-29,4.216379211341322e-28,SGK2
ENSG00000101057,2378.190448898939,3.5449298979381254,0.2559229397465033,13.851551961107695,1.2449293015831931e-43,1.323359847582934e-41,MYBL2
ENSG00000101076,3.783084538107607,1.5703572632529486,0.4695894728942474,3.344106616305252,0.0008254800722863,0.0017178647549734,HNF4A
ENSG00000101098,1475.939069613257,2.9618645940947594,0.3925743032601896,7.544723558056473,4.532478967258976e-14,3.566793857118961e-13,RIMS4
ENSG00000101115,161.6101215573833,3.0610682227665387,0.2029026832059024,15.086386115752912,1.9905006164558745e-51,4.265931764702812e-49,SALL4
ENSG00000101188,16.225250683085527,3.281656884494057,0.3834822012729775,8.557520723518653,1.1532065429864153e-17,1.3394433513926567e-16,NTSR1
ENSG00000101194,405.5875721415011,1.6451433555859265,0.2239426804495689,7.346269823524807,2.0381473465527685e-13,1.4880155421604345e-12,SLC17A9
ENSG00000101198,11.443050028507482,1.5750794921151103,0.2901858700100275,5.427829728789629,5.704341903898539e-08,2.1674704903646505e-07,NKAIN4
ENSG00000101210,4471.711919594766,3.5803182737009176,0.3644110434664078,9.824944490275742,8.792245611593473e-23,1.671344256996399e-21,EEF1A2
ENSG00000101213,984.3147835608336,1.8199551318124847,0.2237246593406875,8.134798985395078,4.126224243262645e-16,4.065791963837776e-15,PTK6
ENSG00000101222,145.41660477012323,2.6063634365221917,0.297681498548757,8.755543926070693,2.0312150055682552e-18,2.5165286141247727e-17,SPEF1
ENSG00000101230,1317.9978939376683,-2.227961610097119,0.2174540067411192,-10.245668238017457,1.23766648022423e-24,2.780303187824083e-23,ISM1
ENSG00000101251,17.88989246944593,-3.860176756126449,0.3411038664702365,-11.316719438192807,1.084548976999478e-29,3.863524003185137e-28,SEL1L2
ENSG00000101255,2189.5672888313243,1.6153122057077551,0.1551242706638861,10.41302046929662,2.162494524044097e-25,5.163368551345182e-24,TRIB3
ENSG00000101276,1243.0347567395893,1.5061915274571172,0.1977707978660581,7.615843914818998,2.6197411088490725e-14,2.105856623341322e-13,SLC52A3
ENSG00000101280,92.90068956830775,-3.822272151619321,0.2496739329889609,-15.309055718637309,6.652271151235817e-53,1.6836581508961128e-50,ANGPT4
ENSG00000101292,6.915195496194039,1.5408543482002588,0.5037593136701983,3.058711385352226,0.002222911919545,0.0042959700575891,PROKR2
ENSG00000101306,19.280941563868904,2.687261336510925,0.2711664715246398,9.910005914085673,3.766238802555727e-23,7.392008580348483e-22,MYLK2
ENSG00000101331,189.0211640441944,-1.7322224139711002,0.1592859422355389,-10.874923358959276,1.5178329755921283e-27,4.4083509646295964e-26,CCM2L
ENSG00000101349,86.80806092108514,-3.630122546727692,0.3999626108967476,-9.076154740036005,1.1247840571451037e-19,1.5740461463207548e-18,PAK5
ENSG00000101412,1036.1007315843472,2.514543190107011,0.1824263357342573,13.783882573676076,3.1866254380718426e-43,3.2199456660364717e-41,E2F1
ENSG00000101435,17.81929736837516,3.544061515329733,0.6096548219450793,5.813226415601122,6.128008686062316e-09,2.646706173120528e-08,CST9L
ENSG00000101441,81.17788343597103,6.877693355602947,0.5466506010352222,12.581516132202694,2.668585609503253e-36,1.6008501709378995e-34,CST4
ENSG00000101443,6271.617626849863,1.6581848685518452,0.3548056179298723,4.673502291836843,2.9610639994104936e-06,8.989065088454862e-06,WFDC2
ENSG00000101445,1115.4868843131133,-1.706248754490186,0.2284943879305002,-7.467355193901589,8.1822688565337e-14,6.226912796746365e-13,PPP1R16B
ENSG00000101447,915.761782271452,3.3682508267292124,0.2392712571651112,14.077122620728828,5.250440954350854e-45,6.3135958534784595e-43,SACK1D
ENSG00000101463,323.39742806492404,2.7761624905668265,0.264612478616807,10.49142695415762,9.458893272589196e-26,2.3318190048150084e-24,SYNDIG1
ENSG00000101542,52.56048949428628,-2.841381718042491,0.2984047248108824,-9.521905927740422,1.700315243362157e-21,2.8653061250697096e-20,CDH20
ENSG00000101605,659.3482734871491,-3.6575393885614575,0.1966383766597949,-18.600333519277303,3.1931502617610072e-77,8.485796820629877e-74,MYOM1
ENSG00000101850,274.9573353164213,1.7993291723867375,0.2427650615461621,7.41181272513793,1.245846074453426e-13,9.29227039814757e-13,GPR143
ENSG00000101883,18.397824834533942,-2.4065175535002155,0.2588978030490098,-9.29524130818776,1.468726594608284e-20,2.243184439753744e-19,RHOXF1
ENSG00000101938,6745.573057718876,-4.189115534509962,0.333162311849432,-12.573797772189712,2.942423657311386e-36,1.7611465921858128e-34,CHRDL1
ENSG00000101955,2241.4453740292006,-2.5367139422781984,0.1843533657152211,-13.760063085567818,4.431400311424949e-43,4.4439420104195475e-41,SRPX
ENSG00000102010,184.2924118706642,-2.947034344737184,0.2283638522542675,-12.904994882709644,4.2184352122494764e-38,3.0054937202554915e-36,BMX
ENSG00000102109,153.86079874662724,2.832702836221136,0.3954609304976668,7.163040942265341,7.890677033261764e-13,5.3575560081484756e-12,PCSK1N
ENSG00000102271,89.56892207014177,-2.257467596524555,0.2215140607025814,-10.191080373699492,2.1733534905705937e-24,4.745839688735705e-23,KLHL4
ENSG00000102287,1217.669812466194,-2.467067435492649,0.3071604679376115,-8.031852054587128,9.601210847069984e-16,9.099578397321142e-15,GABRE
ENSG00000102290,24.258086956246164,-1.971212889439304,0.3898260095107853,-5.056647943817526,4.266898824880039e-07,1.4474449358078508e-06,PCDH11X
ENSG00000102384,298.492196309562,2.1662951711627576,0.182653825724096,11.860113866079162,1.9071559065760968e-32,8.267971976714483e-31,CENPI
ENSG00000102385,55.478424242774565,2.327589797745414,0.2128347374088896,10.936136770163325,7.742941221521181e-28,2.3068235758063383e-26,DRP2
ENSG00000102468,84.93800343163336,-2.0689223436035187,0.3548850024966583,-5.829838761988824,5.548095749355508e-09,2.4107365032557656e-08,HTR2A
ENSG00000102683,275.3494191480132,-3.177142450115369,0.4123423918083613,-7.7051074864792595,1.307332060668886e-14,1.0884194709359538e-13,SGCG
ENSG00000102802,1043.312387287838,-2.3895289115061558,0.2360150762433082,-10.124475730706234,4.302783888441703e-24,9.177085219529556e-23,MEDAG
ENSG00000102837,1243.227272101795,-1.919447521004524,0.4557085040151749,-4.21200724606317,2.531114228287981e-05,6.691639536087653e-05,OLFM4
ENSG00000102854,1323.6675220312618,4.995001722074355,0.4965710463296904,10.058987045245493,8.385669317367673e-24,1.7478365655611444e-22,MSLN
ENSG00000102924,65.61856528972169,-1.5326102587587624,0.3006681822584351,-5.097347671598415,3.4444538140148405e-07,1.185243559593997e-06,CBLN1
ENSG00000102970,33.03112134839219,1.6023606270448674,0.2480682557295485,6.459353786853764,1.0515102537855826e-10,5.675037569933357e-10,CCL17
ENSG00000103024,2934.601602304197,1.7136683176329737,0.2160669459102315,7.931191466671374,2.170532714609113e-15,1.9787961197508463e-14,NME3
ENSG00000103044,1027.998036927089,-3.2938288103996096,0.2390845545786843,-13.776836467767676,3.5133374971720125e-43,3.536626666187357e-41,HAS3
ENSG00000103253,606.2589128038085,3.685947095423409,0.244971625198337,15.046424631583948,3.6440349878704403e-51,7.685732524020393e-49,HAGHL
ENSG00000103254,737.6721063324504,1.9896285219566248,0.2090119668026303,9.519208648160458,1.745028093669503e-21,2.93692980299348e-20,ANTKMT
ENSG00000103257,5199.963320801042,2.463169815144267,0.2505151094975668,9.832420168525566,8.163299814982638e-23,1.5547986235503644e-21,SLC7A5
ENSG00000103260,2565.54278780677,2.415711577555024,0.2494654902592873,9.683550117670393,3.5419832417764455e-22,6.381573196624342e-21,METRN
ENSG00000103269,204.3227518025869,2.6177513334369293,0.241930064693916,10.82028121122046,2.7592944296559867e-27,7.767823036875832e-26,RHBDL1
ENSG00000103460,1337.525785750849,1.510574170723394,0.2941790532034943,5.134880115609302,2.8232393150890816e-07,9.82550874783818e-07,TOX3
ENSG00000103490,1492.823404456199,1.999360881380531,0.20656469280257,9.67910272687054,3.699484595364468e-22,6.6428245352574805e-21,PYCARD
ENSG00000103522,175.66214816750815,3.007061788637129,0.2129081308611995,14.123752702509572,2.7115839942663055e-45,3.3673058246554698e-43,IL21R
ENSG00000103528,850.9330392667854,1.8999638792233693,0.2540803590368178,7.47780696794455,7.557309093291796e-14,5.774453397188886e-13,SYT17
ENSG00000103546,51.15978665004723,-1.6770218517009905,0.4439064283603066,-3.777872417607339,0.0001581738690105,0.0003698284857429,SLC6A2
ENSG00000103569,236.9765225754701,1.662931028064978,0.3375407968626623,4.926607519806225,8.366958000002952e-07,2.7302542835225742e-06,AQP9
ENSG00000103647,464.3165534700432,-2.3176407188385704,0.1949435672347781,-11.88877761761354,1.3537331836581124e-32,6.005919758883862e-31,CORO2B
ENSG00000103888,1006.0331519849958,3.462342961036076,0.2364456990052742,14.64329008986898,1.4869515943616218e-48,2.5009961152000064e-46,CEMIP
ENSG00000104059,85.43357221476866,1.7545833697019515,0.3202168959705652,5.479359121210254,4.2686917120112336e-08,1.651484673849156e-07,ENTREP2
ENSG00000104147,53.325887073571,2.193099051641226,0.197946728180965,11.07923870121395,1.5821206420848531e-28,5.0840212894080985e-27,OIP5
ENSG00000104321,97.26356042677504,3.279384618882115,0.352553447427101,9.301808400441772,1.3807691603483864e-20,2.1149245208218081e-19,TRPA1
ENSG00000104332,26036.70790387168,-2.329715356905263,0.3876590306869213,-6.009702270516104,1.858643395350864e-09,8.620148033411729e-09,SFRP1
ENSG00000104371,8.880331663075795,-2.3208874985578,0.302403762507415,-7.674797030678119,1.6568078010101062e-14,1.361040720613403e-13,DKK4
ENSG00000104413,7837.911165308807,1.622147046789572,0.194829198607697,8.325995581678107,8.362292343761831e-17,8.804592671769837e-16,ESRP1
ENSG00000104415,1627.685020840384,3.870179772312227,0.2414801975088667,16.026903291604775,8.291283253287322e-58,3.338497764486524e-55,CCN4
ENSG00000104490,2514.57564327725,-1.8651792794161857,0.204768342893656,-9.108728688520198,8.335293655868705e-20,1.1813889541584578e-18,NCALD
ENSG00000104522,5457.050407014652,1.7939292424987354,0.1457472389042099,12.30849555700857,8.152874605253798e-35,4.359409308543656e-33,GFUS
ENSG00000104524,1619.3235281091945,1.8645776107890075,0.1568516682114983,11.88752170792864,1.3742398455151987e-32,6.0766096330393364e-31,PYCR3
ENSG00000104549,4515.955740719106,2.057105045814426,0.1918906606224187,10.72019367249024,8.18318034223854e-27,2.214541930702538e-25,SQLE
ENSG00000104738,7211.818568546976,1.779980862104508,0.1616340971025894,11.012409473075168,3.329775489376818e-28,1.0317641775917008e-26,MCM4
ENSG00000104808,46.806495699921726,1.531206437941069,0.2244306262823495,6.822626944037054,8.939057686711688e-12,5.4199283144960776e-11,DHDH
ENSG00000104888,150.33494671383906,-2.9576143673154403,0.2334618186095353,-12.66851421329004,8.837239154991897e-37,5.523255979913058e-35,SLC17A7
ENSG00000104889,4.479588261067518,1.799109182767494,0.2966208178897624,6.065350353919271,1.3166631452008127e-09,6.217186048989267e-09,RNASEH2A
ENSG00000104899,96.24496976006884,2.8374421271187624,0.3221857760885172,8.806851008652862,1.287105923205658e-18,1.6226204890507758e-17,AMH
ENSG00000104918,7.457425965428407,1.5394936465774716,0.3593752960855907,4.283804878482292,1.837240497322053e-05,4.96336954522045e-05,RETN
ENSG00000104921,53.201254427162624,-1.784037353078296,0.388381219873221,-4.593521163718107,4.358287964455737e-06,1.2946736268210509e-05,FCER2
ENSG00000104938,3.816073813196295,-1.62339367133743,0.43832104239179,-3.7036635578320505,0.000212508059323,0.0004860488576049,CLEC4M
ENSG00000104951,545.1821294731353,3.054473995973904,0.2345117046013193,13.02482535431078,8.840311878722327e-39,6.6741843232115295e-37,IL4I1
ENSG00000104953,233.7053234280961,1.665937308754182,0.2041621915693037,8.15987179579561,3.3538037893010263e-16,3.335603881013277e-15,TLE6
ENSG00000105011,1168.6525052462785,2.8948820930641315,0.1762584558755049,16.424074968118678,1.2863044189079734e-60,6.976232639281509e-58,ASF1B
ENSG00000105048,1280.4519687792815,4.40311767758755,0.3873032873856698,11.368655575605796,5.990312971207856e-30,2.177736897535551e-28,TNNT1
ENSG00000105141,739.5779538449084,6.5955537047403,0.5595039598200081,11.78821631014387,4.489485920808303e-32,1.9089294135276906e-30,CASP14
ENSG00000105143,25.531229920577186,2.885848561430916,0.5320071972258182,5.424453985734287,5.8131962412135344e-08,2.205678042693456e-07,SLC1A6
ENSG00000105173,370.2287630691909,2.699242471770272,0.2488760178678909,10.84573152083738,2.0895750926241154e-27,5.983885569664426e-26,CCNE1
ENSG00000105219,441.9891465779627,2.92585397824045,0.3033396079148798,9.645472934947138,5.137383527373804e-22,9.10780301800926e-21,CCNP
ENSG00000105255,27.444036622076776,2.7195524944877016,0.3694443757278138,7.361196091103352,1.8226958296544882e-13,1.3358560858540545e-12,FSD1
ENSG00000105289,2501.77675323483,1.5934055905443685,0.2123838144360196,7.502481273234594,6.26209629666451e-14,4.832032784084186e-13,TJP3
ENSG00000105290,619.2287586025462,2.4476802190266693,0.2895622321804737,8.453036850127328,2.8382204906256166e-17,3.146671236477921e-16,APLP1
ENSG00000105327,589.856848189681,1.5295690430653726,0.1819504882944562,8.406512438647718,4.22382549259375e-17,4.604108386615213e-16,BBC3
ENSG00000105388,2265.8969967340395,5.807015639908205,0.4606422141571389,12.606347098547198,1.9481526349650054e-36,1.1929068265943552e-34,CEACAM5
ENSG00000105409,16.600534435339206,2.7794938770065967,0.3623410503463546,7.670932880361565,1.7074988557182408e-14,1.3992223894761717e-13,ATP1A3
ENSG00000105427,255.33898091889316,1.561198334779258,0.2263120916090623,6.898430939678268,5.258003992689424e-12,3.2685720726484547e-11,CNFN
ENSG00000105464,181.8060564279166,2.1677859832353508,0.1966467891933593,11.023754784543186,2.935529697184937e-28,9.134859684155702e-27,GRIN2D
ENSG00000105467,15.158189384890353,3.031243236942471,0.3043253991343196,9.960533184430576,2.2684285248740204e-23,4.53259308635542e-22,SYNGR4
ENSG00000105509,90.50618352020678,-2.647183479192101,0.3603059913220231,-7.347042633066247,2.026402498785272e-13,1.4798473867880902e-12,HAS1
ENSG00000105519,1262.971836106776,2.5059683653614515,0.2474745509840211,10.126165924524722,4.2290807604665315e-24,9.027134233686592e-23,CAPS
ENSG00000105523,607.8234334682918,1.9464080750230048,0.341267469990487,5.703467942834579,1.1739412460087582e-08,4.8891221771952276e-08,SACK1E
ENSG00000105609,561.3007191020431,-2.785052181742776,0.2684543346035898,-10.374398259783336,3.242486787470256e-25,7.639103402218266e-24,LILRB5
ENSG00000105610,6.776985678813657,1.7709074017028683,0.2257667069198367,7.843970556436679,4.365194957850541e-15,3.8272865722493614e-14,KLF1
ENSG00000105613,105.32154395530864,2.1715041041302228,0.2891723135691821,7.509377634836083,5.940911999297923e-14,4.597546196311657e-13,MAST1
ENSG00000105641,16.685815157094897,1.5349774771940792,0.3273017000216733,4.6897937807607954,2.7348052687400337e-06,8.346055353326412e-06,SLC5A5
ENSG00000105664,6749.598679256169,5.139008805813606,0.3113369289366647,16.506261635474132,3.307477135019626e-61,2.0440977875150362e-58,COMP
ENSG00000105668,67.81287207271777,2.405633173941874,0.4196846101896546,5.732002354946428,9.925189419220864e-09,4.175429932179744e-08,UPK1A
ENSG00000105699,7609.079605269336,1.6977636640513163,0.1582968661064097,10.725188096333202,7.752917289134436e-27,2.106684835979014e-25,LSR
ENSG00000105707,1882.181960336576,2.1519116726291947,0.274900215144878,7.827973766754215,4.957953528528227e-15,4.321338636295101e-14,HPN
ENSG00000105784,165.63506242353287,-1.7633785974701417,0.1738568590277287,-10.142703643282186,3.57077521753794e-24,7.689898817347712e-23,RUNDC3B
ENSG00000105808,60.18877428829032,-1.5733347864602862,0.167779434443427,-9.377399510729624,6.761987591206175e-21,1.0658352327182925e-19,RASA4
ENSG00000105825,1372.2825735633462,-1.8771668760159577,0.390592095159457,-4.805952038659704,1.540168209224061e-06,4.855851246901106e-06,TFPI2
ENSG00000105877,110.44094263516098,1.533502845289482,0.341639816415073,4.488653756406317,7.167468291689668e-06,2.060307948638755e-05,DNAH11
ENSG00000105880,79.76956592127387,1.8390679816283173,0.2804866573608428,6.556703976340585,5.501005845839984e-11,3.064121365608836e-10,DLX5
ENSG00000105894,3543.302581862969,-3.0199699657393766,0.2929984257566414,-10.3071201080367,6.543273021212776e-25,1.5042169596775912e-23,PTN
ENSG00000105963,195.1775818174489,1.7518609875478914,0.2193262715355776,7.987465319510143,1.3774138748669485e-15,1.2861831948204199e-14,ADAP1
ENSG00000105971,4941.254313434583,-2.7487450248921186,0.1898812292223502,-14.476128241582783,1.7148854928291342e-47,2.5459822330689526e-45,CAV2
ENSG00000105974,16611.862547545206,-3.446106020179794,0.1900351176032607,-18.13404839927683,1.716444988724452e-73,3.258180398239451e-70,CAV1
ENSG00000105976,2504.0533695692807,-1.907821888019224,0.2238062545768343,-8.524435081702574,1.5355740313617398e-17,1.7536690968387722e-16,MET
ENSG00000105996,62.437566372227344,-2.475584315912178,0.2352329384460792,-10.523969696869806,6.699029993062577e-26,1.6669168732737638e-24,HOXA2
ENSG00000105997,195.70971840081987,-1.7800849055093653,0.2291925280066702,-7.766766748423663,8.051491497772008e-15,6.855763747301862e-14,HOXA3
ENSG00000106004,413.9026940955393,-2.468117877338765,0.2393572206043692,-10.311441080017756,6.255617095445331e-25,1.4393335438221617e-23,HOXA5
ENSG00000106006,45.80312902490311,-2.429210464658414,0.2997199916253887,-8.104933045956484,5.277457142960929e-16,5.131665699750703e-15,HOXA6
ENSG00000106034,1965.072646090833,-3.19508704538697,0.220916021468828,-14.462903252301276,2.0784261763286147e-47,3.03484481516115e-45,CPED1
ENSG00000106089,314.5381309843048,1.5150254073924,0.1451154507822264,10.440138518854113,1.6257331028815043e-25,3.920495209535025e-24,STX1A
ENSG00000106113,25.56909760359098,-1.649840308168794,0.247191289945903,-6.674346448573718,2.4833633640631752e-11,1.4365559730078118e-10,CRHR2
ENSG00000106178,43.525023223173854,-2.7099824096511216,0.3850880377559914,-7.037306132496083,1.9599194375880762e-12,1.2731571511587174e-11,CCL24
ENSG00000106211,30640.00688032856,1.529903116777087,0.2515205576249844,6.082616590959388,1.182368576224331e-09,5.612976940543337e-09,HSPB1
ENSG00000106278,500.0430669351795,-1.7608792983852393,0.4150610313347838,-4.242458736062198,2.210842004969625e-05,5.897723979328226e-05,PTPRZ1
ENSG00000106327,136.07576834402354,3.0132976355731422,0.2335732651501224,12.900867030464438,4.450612967866889e-38,3.1456127558793244e-36,TFR2
ENSG00000106462,1273.9588527829835,2.302079805464097,0.1635558510650322,14.07519077106423,5.3959084614732714e-45,6.459291322687036e-43,EZH2
ENSG00000106484,3726.118569707876,-1.6142525965447991,0.2018095998445156,-7.998889040900439,1.2554678790354206e-15,1.1776935716684186e-14,MEST
ENSG00000106511,677.3188944006246,-2.996785569756161,0.2365565797128518,-12.668367007139937,8.853836490848401e-37,5.523255979913058e-35,MEOX2
ENSG00000106537,15900.612448670665,1.6453210124430993,0.1734110155897886,9.48798441002836,2.3554450990336385e-21,3.900059408524545e-20,TSPAN13
ENSG00000106541,31417.838509425397,2.5431982398575017,0.3687212364700147,6.897346798370048,5.298273110689419e-12,3.2928346098356245e-11,AGR2
ENSG00000106631,50.98950836643113,-1.6238880898838528,0.4325002102833277,-3.7546527175560342,0.0001735819835227,0.0004027714321241,MYL7
ENSG00000106689,27.224662119595838,4.7018277261881005,0.4062268710197477,11.57438875076172,5.5565873511910265e-31,2.2172118447132358e-29,LHX2
ENSG00000106714,151.52156437296725,-2.286311577983598,0.316562019743394,-7.222318014766547,5.110877735979704e-13,3.5611320354918884e-12,CNTNAP3
ENSG00000106772,684.868949356638,-1.769428342958968,0.2023427347447332,-8.744709046219038,2.235910543931157e-18,2.7572771556830855e-17,PRUNE2
ENSG00000106809,3042.7118979901525,-2.6548499672785493,0.3104027937594378,-8.55291904793891,1.200140703050178e-17,1.389100138656728e-16,OGN
ENSG00000106819,5204.903044197868,1.9045643536313863,0.2801677181423365,6.7979436255528585,1.0612296277431527e-11,6.383471561175709e-11,ASPN
ENSG00000106823,3299.3077257224345,-2.521979263899716,0.2215483041572139,-11.383428428818316,5.0571738633156515e-30,1.8562761798012902e-28,ECM2
ENSG00000106852,533.4375388975043,-1.7977292505804985,0.2001716026851963,-8.98094048538809,2.684620359898282e-19,3.6014026281825765e-18,LHX6
ENSG00000107104,4158.759852595507,-1.9576866151811696,0.1362448042597591,-14.36889007120388,8.112089481613043e-47,1.1228061352805553e-44,KANK1
ENSG00000107105,157.46391297454392,2.5521709421600205,0.3021500793748509,8.446699558843296,2.9965357140361057e-17,3.312518161418865e-16,ELAVL2
ENSG00000107159,261.8676797856927,4.351697260841877,0.4260487168301993,10.214083716102904,1.71491683918792e-24,3.79466403009317e-23,CA9
ENSG00000107165,34.96299570667026,3.1091062913103102,0.4000158101160677,7.77245851959746,7.697721699709383e-15,6.565049877078847e-14,TYRP1
ENSG00000107295,45.45028074762429,1.9408314259077963,0.3643260394328652,5.327182841306174,9.974774124388413e-08,3.676045241375982e-07,SH3GL2
ENSG00000107485,27070.85419518768,2.021331090676394,0.2544474942192582,7.944000772649018,1.95762373133681e-15,1.7883757531892653e-14,GATA3
ENSG00000107562,12122.292095853478,-1.906419813143219,0.1820617333195039,-10.471282341345187,1.1704655508259301e-25,2.8536809186421174e-24,CXCL12
ENSG00000107611,203.44410087934517,-1.5888789137692003,0.1741918387435937,-9.121431435763146,7.413853030345554e-20,1.055292684956792e-18,CUBN
ENSG00000107731,3662.409090613387,2.1048386812540345,0.139111859104822,15.130548141607536,1.0184355992868184e-51,2.2743635337014457e-49,UNC5B
ENSG00000107736,699.8041811055796,-1.977759617521719,0.1991646600004205,-9.930273862428924,3.074100695377902e-23,6.08296544897005e-22,CDH23
ENSG00000107738,2705.983956406866,-1.655724577943938,0.1547828166247927,-10.69708262227558,1.050331390209448e-26,2.8109321948455266e-25,VSIR
ENSG00000107796,12820.732162266248,-1.771030842033937,0.1932123468022943,-9.166240519018976,4.898032856751979e-20,7.116742655450184e-19,ACTA2
ENSG00000107807,58.1702599851716,5.895600930073106,0.5506680697911053,10.706269808433944,9.511755178506908e-27,2.5532817562507176e-25,TLX1
ENSG00000107821,903.6753731518965,1.7327089700151068,0.2513864364027915,6.892611211683757,5.4777436618590095e-12,3.3988101287392756e-11,KAZALD1
ENSG00000107954,557.4527889461638,3.026899360545238,0.3296834682764734,9.181228820387416,4.2619970539762395e-20,6.223218225792229e-19,NEURL1
ENSG00000107984,275.9865334188402,2.0313019701660404,0.4056674580768608,5.007308152829885,5.519652148768714e-07,1.847415061127564e-06,DKK1
ENSG00000108001,611.8016414190738,-2.335583536920173,0.2505747147418785,-9.320906697733244,1.153502944079224e-20,1.7833400103821352e-19,EBF3
ENSG00000108018,499.6075164249959,1.7904431660247293,0.42558628704565,4.207003892098336,2.5877868631922324e-05,6.829238916517733e-05,SORCS1
ENSG00000108106,1125.2806277336606,2.6715110804230484,0.1765594920456384,15.130939999150511,1.012389067370294e-51,2.2743635337014457e-49,UBE2S
ENSG00000108176,2064.477717881013,2.095240631481124,0.295297977746676,7.095343650739608,1.2903045406872473e-12,8.576749166774286e-12,DNAJC12
ENSG00000108342,47.62724400172937,-4.734051857773526,0.4588195850749441,-10.317894030178028,5.8492028888976005e-25,1.3505001457207097e-23,CSF3
ENSG00000108381,310.48415425559915,-3.456393336856236,0.2481774182830396,-13.927106506178228,4.335674117876122e-44,4.820943082952215e-42,ASPA
ENSG00000108417,19.46289472483593,3.734018212212688,0.4285498300894608,8.713148273639971,2.9554966808846692e-18,3.6128024054512456e-17,KRT37
ENSG00000108511,171.26269995987678,1.996233138398804,0.3375140163815808,5.91451922441626,3.328463627004423e-09,1.4891232472667096e-08,HOXB6
ENSG00000108551,2061.925585290804,-1.7123394209935645,0.2587154042515965,-6.618621824807701,3.62563050768335e-11,2.0631933777662743e-10,RASD1
ENSG00000108576,646.3998416405783,3.5443352458114505,0.4331666980710023,8.182381659521024,2.78287995455803e-16,2.7949748598782934e-15,SLC6A4
ENSG00000108602,104.60201921138535,-2.9022691435971675,0.3551564655730738,-8.171804331125214,3.0381099565435767e-16,3.038681674638523e-15,ALDH3A1
ENSG00000108688,42.33597088464785,5.513252305608758,0.5082127509002076,10.848315584060067,2.0313427046731152e-27,5.83599268937168e-26,CCL7
ENSG00000108813,88.89378315541501,2.1876127641682697,0.2562348277080649,8.537530919335735,1.3712028700220321e-17,1.5754308807105708e-16,DLX4
ENSG00000108821,296706.1710329353,2.2902944068747275,0.2432380712196476,9.415854990917756,4.692476216776745e-21,7.503162181759446e-20,COL1A1
ENSG00000108823,57.457302031534624,-1.9833224062934744,0.257443621851825,-7.703909663899155,1.3196515516100895e-14,1.0973010007521319e-13,SGCA
ENSG00000108878,77.72967064527664,2.992003772148639,0.351557195949766,8.510716909279724,1.7286120539626633e-17,1.966518207793569e-16,CACNG1
ENSG00000108924,1313.6424625288284,-3.1666114394766045,0.2523500139250845,-12.548489259908186,4.051663470535215e-36,2.4087909782879944e-34,HLF
ENSG00000108932,2090.0630865939347,2.578897268535559,0.3289021404901097,7.840925768049563,4.472367837520997e-15,3.914794969766814e-14,SLC16A6
ENSG00000108960,3109.356165636169,-2.651119038520601,0.2122499206384255,-12.490553732817958,8.406649339648832e-36,4.867248501114764e-34,MMD
ENSG00000108984,1570.7569352352027,-1.91929577868906,0.1681033062845454,-11.417358891444426,3.4248409979214565e-30,1.2693884172909722e-28,MAP2K6
ENSG00000109061,73.49778195130523,-3.028135529882816,0.3211285059126821,-9.429669039428704,4.11384947964482e-21,6.613765875472541e-20,MYH1
ENSG00000109062,15536.882291182135,1.7374327591721552,0.2037938490972585,8.525442582631545,1.5222663668215014e-17,1.739966825732533e-16,NHERF1
ENSG00000109107,1168.2816362126118,-2.0225831937059926,0.2504947539984808,-8.074353500106668,6.783508970110077e-16,6.522132810444114e-15,ALDOC
ENSG00000109158,7.091670095375337,-3.635125626681905,0.4804032885051656,-7.566820864180694,3.8246873784092925e-14,3.0331562841309146e-13,GABRA4
ENSG00000109182,57.29282133744247,1.8938967872135388,0.477133603675262,3.969321742642399,7.207750419457369e-05,0.0001777193982158,CWH43
ENSG00000109255,108.76671018989552,4.050620033909522,0.3996139039287568,10.136334081688174,3.8113503018959295e-24,8.172795652995237e-23,NMU
ENSG00000109265,320.4725387886482,2.709646476238422,0.2693015140578928,10.061757304698697,8.152985679245547e-24,1.700671855776691e-22,CRACD
ENSG00000109339,963.3243375027156,-1.8922318812591692,0.2461765643212002,-7.686482612497059,1.51235228566321e-14,1.2481603102950252e-13,MAPK10
ENSG00000109610,2419.6509861179884,-2.153446948928963,0.2789775117386885,-7.719070026497493,1.1718151492042881e-14,9.814367346392675e-14,SOD3
ENSG00000109674,172.15881687533522,3.337468402394801,0.2319613556232356,14.388036289181288,6.151791117420148e-47,8.604413102391602e-45,NEIL3
ENSG00000109686,6645.632386341757,-2.034521767146362,0.142259420398234,-14.30149062502168,2.1417243530515794e-46,2.9187858811459345e-44,SH3D19
ENSG00000109705,48.046275101135166,3.1209790803285093,0.2671617376766702,11.681983758114503,1.575745353271974e-31,6.553275862786026e-30,NKX3-2
ENSG00000109794,363.3756075492313,-2.1313923883672867,0.1946237721015745,-10.951346617898809,6.546702234927858e-28,1.9614274170598404e-26,FAM149A
ENSG00000109805,782.3007643995643,2.897490253454744,0.2170403132246272,13.350009546180337,1.18433742292884e-40,1.018568511790742e-38,NCAPG
ENSG00000109819,199.8350652241752,-1.6194954826260035,0.2474214203982479,-6.545494242249818,5.929894300251793e-11,3.294041409473065e-10,PPARGC1A
ENSG00000109846,13404.43909191164,-3.374457462835391,0.3010893423564037,-11.20749554409999,3.7464421968345355e-29,1.2666883127338139e-27,CRYAB
ENSG00000109906,3033.0475424306187,-3.790879630929305,0.2933513416842682,-12.922659937957262,3.353447086066161e-38,2.408590711140763e-36,ZBTB16
ENSG00000110148,11.80638543419882,1.8462703530917184,0.4655856730868911,3.965479308782668,7.324860657647679e-05,0.0001804562640001,CCKBR
ENSG00000110169,1011.42313551874,1.6093449917104552,0.3294669604352114,4.884693110303324,1.0359007216815075e-06,3.339284531621308e-06,HPX
ENSG00000110375,42.044841812181815,2.320151222765164,0.3314366099331272,7.000286489875977,2.55439632272073e-12,1.6408770190066087e-11,UPK2
ENSG00000110484,46481.48517769828,1.5053698243150735,0.5298038979273397,2.841371741892183,0.0044919916662326,0.0082247952687152,SCGB2A2
ENSG00000110799,20056.487724656457,-2.1409234590845294,0.1755225263932278,-12.197428461621849,3.207956196762381e-34,1.6115583351410258e-32,VWF
ENSG00000111057,31044.63611254393,1.7565227628080666,0.222458604659468,7.895953341507697,2.881044604772685e-15,2.5857399652763966e-14,KRT18
ENSG00000111077,7155.519879351709,-1.666064086225275,0.1523836100943661,-10.93335487454022,7.984093587687977e-28,2.373347730344608e-26,TNS2
ENSG00000111206,1988.734742192769,3.4744391550975906,0.2519511976779307,13.790127560889657,2.9224272281817643e-43,2.975613164326835e-41,FOXM1
ENSG00000111218,6.565269881816802,1.8254901980273788,0.3734024557113237,4.888800729898413,1.014521248879333e-06,3.275531793095405e-06,PRMT8
ENSG00000111245,5.143185783206273,-2.4071143356842954,0.3569284129943275,-6.743969513356031,1.5411689097642164e-11,9.115638499217459e-11,MYL2
ENSG00000111247,667.4094918239647,2.4284150561376823,0.2042748805448803,11.887976875375754,1.3667724124188042e-32,6.0536628100049535e-31,RAD51AP1
ENSG00000111262,65.24400249614585,-2.2987704846514183,0.3214954344818159,-7.150243014668498,8.66244086408585e-13,5.8501744844493366e-12,KCNA1
ENSG00000111275,10296.01800964026,-2.4054695223287665,0.2087198415434265,-11.524872309891444,9.885865570763764e-31,3.852153629663447e-29,ALDH2
ENSG00000111331,6983.404236145014,1.5749923264971546,0.2054636138843098,7.665553509557092,1.780616097891593e-14,1.4574684139558206e-13,OAS3
ENSG00000111335,6290.0098906869525,1.8675664899434457,0.2319122766651915,8.052900505304533,8.085463040058709e-16,7.707000727746062e-15,OAS2
ENSG00000111339,49.22244220526351,-2.6453724682377366,0.2933583362875467,-9.017546600907808,1.9234857661052224e-19,2.6200222570090363e-18,ART4
ENSG00000111404,260.5093780906619,-2.778945257115869,0.3629043614235209,-7.657514079509094,1.895665713730857e-14,1.5476902102119054e-13,RERGL
ENSG00000111452,462.16164938538697,-2.749066244412363,0.2640593742497946,-10.4107883017696,2.213808076750093e-25,5.276408039429033e-24,ADGRD1
ENSG00000111537,20.736081071063964,2.221848565430792,0.3798862306967393,5.848720974581675,4.953672404814724e-09,2.1684046146919998e-08,IFNG
ENSG00000111665,687.1634752370562,3.1961729543297843,0.2053630012418528,15.56352865414983,1.2879794351863231e-54,3.803117054452949e-52,CDCA3
ENSG00000111674,2446.4834038190543,1.613153110544146,0.2005268715608794,8.044573268348213,8.654646825552356e-16,8.237723473819981e-15,ENO2
ENSG00000111799,30413.798209326767,1.7344512237130596,0.2027768741776977,8.55349620486369,1.1941522399785321e-17,1.3827710578400648e-16,COL12A1
ENSG00000111981,97.37302144934588,3.59671885484574,0.3225843278672645,11.149701160701465,7.184725578445533e-29,2.3601246260468487e-27,ULBP1
ENSG00000112175,146.9469507634726,-2.3834854415800426,0.3860918031523099,-6.173364526570324,6.68518347354871e-10,3.281839809655135e-09,BMP5
ENSG00000112214,260.51246103764583,-2.8907355680442928,0.2289030384936446,-12.628646553001316,1.4678114072879571e-36,9.071415848529643e-35,FHL5
ENSG00000112238,4.629467165656133,3.7422641291901537,0.9537687193902634,3.923659953518451,8.721381385525444e-05,0.0002124389470289,PRDM13
ENSG00000112246,223.81337419074288,-2.1210029970871034,0.354533659285844,-5.9825151760189765,2.1971803192984754e-09,1.0079417743027272e-08,SIM1
ENSG00000112280,27.300645002078355,1.597603236537661,0.4662309828424757,3.4266346410475235,0.000611110712827,0.0012992213754704,COL9A1
ENSG00000112293,321.92520041809775,-2.296334254180734,0.2569810246777868,-8.93581250623454,4.0419688546059096e-19,5.3440458861269686e-18,GPLD1
ENSG00000112530,60.82390083776036,-1.55466816406844,0.2561579345776703,-6.069178245958432,1.285663908675641e-09,6.078370107286097e-09,PACRG
ENSG00000112539,4.963842402357421,2.102078050343997,0.5835789954472701,3.6020454244294906,0.000315723177344,0.0007034747579372,C6orf118
ENSG00000112742,861.3467383106358,2.9803334052731176,0.2271887953706234,13.118311580512428,2.586330330918489e-39,2.009699665033884e-37,TTK
ENSG00000112782,671.1997077728337,-1.952984820088726,0.1998360582358554,-9.77293506151791,1.4712682561231344e-22,2.7399407082321164e-21,CLIC5
ENSG00000112902,3327.040810562338,-1.5144925416944484,0.198660241689932,-7.62353115455412,2.4682869264174282e-14,1.9889243501983973e-13,SEMA5A
ENSG00000112936,2199.0903222888637,-2.422547215256731,0.3621145017184647,-6.690003310445167,2.231655485664376e-11,1.2985821005371315e-10,C7
ENSG00000112964,4006.5414159008246,-3.08741351835174,0.244803935191352,-12.611780590612035,1.8183775486824647e-36,1.1160134724304042e-34,GHR
ENSG00000112984,1431.3128523479809,3.2411272161086937,0.2251814733291544,14.39340087881494,5.692637727671967e-47,8.046906787919283e-45,KIF20A
ENSG00000113088,82.6180624577855,1.5334433774342793,0.2803554444716677,5.469640086084529,4.5095037733682975e-08,1.7390808703709549e-07,GZMK
ENSG00000113302,13.973920973977568,2.7132071848830006,0.3493909069254444,7.76553462354979,8.130155116769745e-15,6.918311630744668e-14,IL12B
ENSG00000113368,2923.365266415234,2.4065221516212216,0.1731376829144822,13.89947070511434,6.381149528047641e-44,7.036475050118922e-42,LMNB1
ENSG00000113389,1681.774824877236,-1.8832511324946704,0.3162358375073726,-5.955210982217553,2.597365316001997e-09,1.1817322936612408e-08,NPR3
ENSG00000113396,383.378166979779,-1.901270013351681,0.365877395462887,-5.196467551503979,2.0311103450924398e-07,7.195941530573468e-07,SLC27A6
ENSG00000113492,13.958864570340888,1.5089422755804829,0.3396976023320262,4.442016267473141,8.911982058496684e-06,2.5281375235327647e-05,AGXT2
ENSG00000113578,1596.026716794181,-2.093688886638025,0.1875586221299974,-11.16285064829962,6.197199966735576e-29,2.0534986174064574e-27,FGF1
ENSG00000113580,5686.872226512318,-1.6593181721126025,0.1423354696784599,-11.657798129033138,2.0938723711640486e-31,8.640474885665308e-30,NR3C1
ENSG00000113594,5099.286622165133,-2.621787605099181,0.1699931336539593,-15.422902965222894,1.1482468201990461e-53,3.0514659246789653e-51,LIFR
ENSG00000113763,375.7107865534219,2.243463865935431,0.3178842282349647,7.0574871813935065,1.6954039964001264e-12,1.1111063182326352e-11,UNC5A
ENSG00000113810,3153.292998972662,1.6184152196325077,0.1748978923937343,9.253486119713166,2.172876178896956e-20,3.2679221536042224e-19,SMC4
ENSG00000114113,17.988788661398182,1.5898582634905507,0.3075419075869907,5.1695662420928645,2.3463795555779545e-07,8.253479376503525e-07,RBP2
ENSG00000114166,1529.723379341189,-1.5025788748711224,0.1485965133949608,-10.111804379133416,4.8973866671493616e-24,1.0411844054359544e-22,KAT2B
ENSG00000114200,172.62722279272617,-1.6455792678103551,0.3137142867353792,-5.24547123733136,1.5588337846463525e-07,5.610354362189852e-07,BCHE
ENSG00000114248,269.16477202720006,1.9820184721536185,0.4813973529292792,4.1172192993857015,3.834711482155931e-05,9.861375811718003e-05,LRRC31
ENSG00000114346,2949.980721225787,1.9741663114751768,0.1545689179098912,12.77207823002328,2.348003813411233e-37,1.583710693944252e-35,ECT2
ENSG00000114378,237.6144362782768,-2.122967709394733,0.1915744255149782,-11.081686418674648,1.539452509950404e-28,4.952899570451815e-27,HYAL1
ENSG00000114480,2976.307842848902,-1.5406019973315537,0.1606170496142141,-9.591771241172236,8.658562123041083e-22,1.497080601300044e-20,GBE1
ENSG00000114529,766.6054202601416,1.5417927904171735,0.2107616856748632,7.315337156657871,2.5673595184634857e-13,1.851997263929618e-12,C3orf52
ENSG00000114631,2272.654715525566,1.6844069880425687,0.2104267814803899,8.00471772743215,1.197410184885546e-15,1.125218375648281e-14,PODXL2
ENSG00000114698,2384.49833155899,-2.1247029967680984,0.1686941508030387,-12.595000992351096,2.2495711060876292e-36,1.3680172115395591e-34,PLSCR4
ENSG00000114757,241.87160533128733,2.812294320335307,0.3933023601106411,7.150463881132499,8.64851370607243e-13,5.8429434537989705e-12,PEX5L
ENSG00000114771,129.14424471403257,-3.2156046327449848,0.5542073657314854,-5.80216870358766,6.546264757746045e-09,2.8186485083781783e-08,AADAC
ENSG00000115009,77.17407454339954,2.752727308346944,0.3448865053583735,7.981545423143099,1.445123788445556e-15,1.343742640935642e-14,CCL20
ENSG00000115163,379.8905973232536,3.285277351474764,0.2366826114399391,13.880518435586216,8.314041584042723e-44,9.129985747765924e-42,CENPA
ENSG00000115257,264.2815738702593,1.5221221674319838,0.233852319649379,6.508903438350074,7.570136207388961e-11,4.1625567910482437e-10,PCSK4
ENSG00000115295,1897.659087350644,-1.6313887720776332,0.2187513992733686,-7.457729539087079,8.802612566789845e-14,6.67988089555797e-13,CLIP4
ENSG00000115297,8.286764242518894,2.144671875769657,0.3662110575338126,5.856382082541669,4.730591898642886e-09,2.0769119396404213e-08,TLX2
ENSG00000115306,31255.41580228498,-1.9433852978276975,0.1338455931727939,-14.519606150340696,9.103176478018167e-48,1.3983636699614613e-45,SPTBN1
ENSG00000115353,475.8548919416108,-2.1921247493661946,0.3032649581174409,-7.2284142651169185,4.886661683901626e-13,3.4129575361284027e-12,TACR1
ENSG00000115361,289.09520998485067,-3.419566937159884,0.3641181638249309,-9.391365981961895,5.922708821121263e-21,9.40238870497596e-20,ACADL
ENSG00000115380,10259.867140835711,-2.054622590019396,0.2175132030968266,-9.44596723677861,3.521368313384299e-21,5.713086869852732e-20,EFEMP1
ENSG00000115414,224095.26353907207,2.973199334442285,0.2174311795711753,13.674208732648756,1.4477352973870465e-42,1.4041447273014875e-40,FN1
ENSG00000115507,166.25102471869016,2.4700224628430365,0.2893761649971892,8.53568041053771,1.393330077773027e-17,1.5987800870819598e-16,OTX1
ENSG00000115593,390.6415148250615,-4.809871063283565,0.4436473982820718,-10.841652812365735,2.184875821101545e-27,6.243341392018664e-26,SMYD1
ENSG00000115648,17314.140622917093,1.687002289958209,0.2745021574868159,6.1456795290916215,7.962189794539523e-10,3.8661646955945155e-09,MLPH
ENSG00000115705,227.3188021173432,-1.5675362572219669,0.2115237599393539,-7.410686429133993,1.256473542083997e-13,9.366278928718717e-13,TPO
ENSG00000115718,38.59166203930528,2.6319508533569285,0.1984311327103571,13.263799976381192,3.75381781951684e-40,3.0980654830329195e-38,PROC
ENSG00000115844,86.57650286547873,1.7002101763624085,0.4363769676833621,3.89619595504429,9.771533999758824e-05,0.0002364156146964,DLX2
ENSG00000115884,17440.641205049895,1.8451371121222395,0.2196134483601287,8.401749191135726,4.398765545597874e-17,4.777163644228179e-16,SDC1
ENSG00000116014,44.673210318475874,3.3488530158538987,0.3929447517793218,8.522452585738103,1.5620960745934606e-17,1.7816610807863182e-16,KISS1R
ENSG00000116016,16342.562081658964,-1.9748945706860197,0.158927284717506,-12.426403522821166,1.8789943841919744e-35,1.051247910734773e-33,EPAS1
ENSG00000116031,191.3302693937873,1.7231092635966732,0.3272641869741679,5.265193480314068,1.4004179182512226e-07,5.070314193123465e-07,CD207
ENSG00000116147,39.43603150873733,2.3690811340878257,0.2829069274874783,8.374065474917304,5.566380670501966e-17,5.988929810469222e-16,TNR
ENSG00000116176,138.77907629090353,2.385912748538119,0.4077092871642565,5.851995094673648,4.8571095716410394e-09,2.1292920961128443e-08,TPSG1
ENSG00000116183,99.53214764603916,-3.135071902802313,0.2099406538050689,-14.933133940381284,2.0061170100248928e-50,3.8398314250778255e-48,PAPPA2
ENSG00000116194,627.8609237950819,-3.0223020670473733,0.2546771068167711,-11.867191774020682,1.752520123504943e-32,7.64749134353758e-31,ANGPTL1
ENSG00000116329,83.10259477813166,2.409766580541973,0.309912970148627,7.775623522262736,7.507667964348586e-15,6.40960948387524e-14,OPRD1
ENSG00000116544,48.61801435725259,1.6481581938073349,0.2480982097113272,6.64316842803919,3.070106648748949e-11,1.7602607160842138e-10,DLGAP3
ENSG00000116678,2081.674141824227,-3.026838703984025,0.208175302606015,-14.539854949616714,6.773602736322339e-48,1.0778951659746476e-45,LEPR
ENSG00000116690,919.1039675072342,-3.3297146991861024,0.3605918501115338,-9.234026498813538,2.606452913500363e-20,3.8935630228371083e-19,PRG4
ENSG00000116711,552.1806909182388,-1.6258970927075678,0.2311890373841695,-7.032760338050959,2.024870085057154e-12,1.3115018891151319e-11,PLA2G4A
ENSG00000116741,3370.301961492379,-1.9345476200817084,0.2340156909588884,-8.266743192111708,1.3766807182336775e-16,1.4257712426757593e-15,RGS2
ENSG00000116745,10.807721301937654,-3.2646434058856046,0.3476054847590181,-9.391806369651674,5.897992815634095e-21,9.368748300984824e-20,RPE65
ENSG00000116748,57.1921174853153,-2.0010977324492307,0.3445798721222222,-5.807355258810483,6.346737662182676e-09,2.7358402817924513e-08,AMPD1
ENSG00000116771,139.24800823609573,1.586005317857646,0.1483859420852226,10.68837987999398,1.1536860185800435e-26,3.078233528490428e-25,AGMAT
ENSG00000117009,335.95198392921804,1.662663031268785,0.2887038066501606,5.759061685263926,8.458279090054379e-09,3.588995159160069e-08,KMO
ENSG00000117122,1419.849718471945,2.650648173708511,0.1976872236993664,13.408292777379954,5.40691938897067e-41,4.838009520602544e-39,MFAP2
ENSG00000117148,68.61307081640406,5.616306036168597,0.5567764817018631,10.087182596149884,6.295037189115297e-24,1.3224554411125612e-22,ACTL8
ENSG00000117152,790.0533761402821,2.573222567602671,0.2454943886774487,10.481797899599195,1.0473348427441157e-25,2.5723589136714294e-24,RGS4
ENSG00000117154,796.9844653040817,1.581405317684029,0.3178726362092753,4.9749652456491775,6.52593472146484e-07,2.161080563525584e-06,IGSF21
ENSG00000117322,154.9771899058855,1.653611568237154,0.4273002685099638,3.8699052869857833,0.0001088776431813,0.0002611864386662,CR2
ENSG00000117394,6054.915183195203,1.5173051951910477,0.1897116792178434,7.99795353373445,1.2650409047367522e-15,1.186254835687339e-14,SLC2A1
ENSG00000117399,1911.190282316017,3.529145483646364,0.2420420390395735,14.580712911071425,3.726052384181696e-48,5.965050729495696e-46,CDC20
ENSG00000117407,176.87879357851554,2.895066124758082,0.2509179789035837,11.537898310070968,8.49761011754279e-31,3.335657147322004e-29,ARTN
ENSG00000117472,4785.196496364129,2.6190344827278627,0.3096255870815707,8.458714628251569,2.70340694934604e-17,3.008502499115201e-16,TSPAN1
ENSG00000117525,2448.971699453921,-1.8598348102997635,0.222360078281712,-8.364067977811667,6.05919799919274e-17,6.492870436634964e-16,F3
ENSG00000117586,386.0206133781417,1.8192275229781865,0.2005990803883844,9.068972397360636,1.2014471905867565e-19,1.6751552513034134e-18,TNFSF4
ENSG00000117594,435.81505453648094,-2.8758994143494774,0.277999693313417,-10.344973334582734,4.410390581707817e-25,1.0263233774858605e-23,HSD11B1
ENSG00000117598,13.364612304301996,3.881352924820784,0.3954908620207374,9.814014172133428,9.79910776029254e-23,1.856103269634884e-21,PLPPR5
ENSG00000117601,15.328048577918423,2.072333831251917,0.2874842597284223,7.208512331108453,5.656645006127755e-13,3.925968687329462e-12,SERPINC1
ENSG00000117632,9578.344595541705,1.849497207383081,0.1637342122508396,11.295728497778246,1.3775700247475637e-29,4.836053290312617e-28,STMN1
ENSG00000117650,1099.786053062865,3.8694973557277264,0.2174270974365794,17.796757632090486,7.48806246925324e-71,1.1055292228911382e-67,NEK2
ENSG00000117707,334.40953465009653,-2.118435329067944,0.2830319793009814,-7.484791415796733,7.166085666328474e-14,5.489729794830763e-13,PROX1
ENSG00000117724,5352.475340094633,3.1069490949272,0.2056902506270468,15.104989592144808,1.5013010760974807e-51,3.270252139122176e-49,CENPF
ENSG00000117983,4434.664365506585,2.953462006838609,0.4496795209995787,6.567926420739484,5.102073935988835e-11,2.8496766466772443e-10,MUC5B
ENSG00000118094,17.693397476392583,-1.8522759110224116,0.2637110275928586,-7.023884924077295,2.1578255315951564e-12,1.394557721355576e-11,TREH
ENSG00000118113,19.91900540469096,1.9551585507623463,0.3989142354424821,4.901200250709661,9.525290086448388e-07,3.0836226586352284e-06,MMP8
ENSG00000118160,80.57638518655223,2.4961628404331178,0.3611783980029821,6.911163165446312,4.806957649164735e-12,3.001524894890809e-11,SLC8A2
ENSG00000118193,618.8918148410999,3.4033702268179784,0.2529260294839668,13.455990408585926,2.839095370369323e-41,2.583868474916601e-39,KIF14
ENSG00000118432,207.3798463304897,-1.5603008169063002,0.313690267272655,-4.974017302073672,6.557945195809604e-07,2.1708693769138043e-06,CNR1
ENSG00000118596,1506.697358718576,-3.2012449729893526,0.2380443725609924,-13.448101875078436,3.1587693208466607e-41,2.8649929932252563e-39,SLC16A7
ENSG00000118729,309.2340624739881,-3.267162242572798,0.2741470476490562,-11.917553993706294,9.5882333468751e-33,4.318767816833997e-31,CASQ2
ENSG00000118777,387.6144933570197,-1.58285161341714,0.198256847472422,-7.983843350668217,1.4184601269450568e-15,1.3203354771826581e-14,ABCG2
ENSG00000118785,13374.354449059938,2.964468279160595,0.2579341007908851,11.49312273976514,1.428528880355502e-30,5.493944282988056e-29,SPP1
ENSG00000118804,176.79268742686844,-1.814214059612686,0.1974305930323991,-9.189123285037017,3.9605605900899404e-20,5.802199431181927e-19,STBD1
ENSG00000119121,89.74365939012226,-1.8693963287906532,0.2949374368691431,-6.338280920302638,2.3234291382023267e-10,1.201968646052693e-09,TRPM6
ENSG00000119138,4925.0048976520175,-1.9860030919787652,0.1471528505710819,-13.49619177794609,1.6467060735537955e-41,1.5194865939129206e-39,KLF9
ENSG00000119147,701.3534645765792,-3.4865884134237373,0.3609329201133658,-9.659934628098291,4.4614856885593555e-22,7.946647598757697e-21,ECRG4
ENSG00000119333,4193.276805263108,1.539511438806303,0.1393920001150016,11.044474844583409,2.331267764187212e-28,7.331768145949722e-27,DYNC2I2
ENSG00000119508,707.1053771917606,-1.7697533337937703,0.2909807148503485,-6.082029644830433,1.1867061949155902e-09,5.6325624450583695e-09,NR4A3
ENSG00000119547,207.9607030390784,3.658526337262632,0.3754809114376209,9.743574775226428,1.9651696980730373e-22,3.62166329585929e-21,ONECUT2
ENSG00000119714,564.3501279323027,1.8680193367515596,0.1623297449709297,11.507560349374586,1.2084887535486231e-30,4.661188479761198e-29,GPR68
ENSG00000119715,57.13093548926263,-1.526506612080352,0.3046551131206035,-5.010605587558463,5.425901783650155e-07,1.8167234458926907e-06,ESRRB
ENSG00000119771,660.1365613900759,-2.334600640046561,0.213263376044519,-10.947030302845857,6.866190839707469e-28,2.05251992761784e-26,KLHL29
ENSG00000119865,841.2987511924491,-1.7047242073931494,0.1706809667483819,-9.987781531061136,1.7239677533931902e-23,3.4919545004896363e-22,CNRIP1
ENSG00000119915,92.7184653711664,-1.8744447506390185,0.291065941578329,-6.43993158551869,1.1952736699258648e-10,6.417050056218153e-10,ELOVL3
ENSG00000119919,6.510591147812142,3.8134262534467145,0.6892337576726055,5.53284892243792,3.1507083794988274e-08,1.2408132066565104e-07,NKX2-3
ENSG00000119927,10864.142343801728,-4.20619120902194,0.2202900635060051,-19.09387623789613,2.8390067803449336e-81,9.430825648458327e-78,GPAM
ENSG00000119969,866.9306083138662,1.7631409464741037,0.1754238376463891,10.050748918332054,9.117187341604548e-24,1.8825893830857872e-22,HELLS
ENSG00000120049,2102.067564501104,-5.085830708848116,0.2920711241957677,-17.412987068996305,6.576140783420193e-68,8.738047065969582e-65,KCNIP2
ENSG00000120075,234.3624841429156,1.884499864489356,0.3419635140989036,5.510821437939475,3.5716291453156066e-08,1.3964402609498637e-07,HOXB5
ENSG00000120094,8.586176368042102,2.1723582022783767,0.448069009238708,4.848267024691852,1.2454468432262007e-06,3.980487054568404e-06,HOXB1
ENSG00000120129,15859.85434385846,-2.108945300021553,0.2161614845895298,-9.756341672181982,1.732938741067518e-22,3.200336834181327e-21,DUSP1
ENSG00000120156,1299.4214120090032,-1.916025165636352,0.1834219744231885,-10.445995751936056,1.528428902614995e-25,3.68919147020831e-24,TEK
ENSG00000120251,989.7462195837892,3.3135242174067194,0.5040369077966712,6.573971401997802,4.8990644974259245e-11,2.7432077332299613e-10,GRIA2
ENSG00000120279,940.0596975227126,-1.914640148482404,0.1657863078122592,-11.548843651494987,7.482031585078094e-31,2.945703546273339e-29,MYCT1
ENSG00000120471,94.55252754512952,-2.415475076411611,0.2727765602720627,-8.855141636812405,8.357761658576756e-19,1.0703976678394085e-17,TP53AIP1
ENSG00000120498,15.79588632355,1.6228196262486296,0.2767412783751216,5.864031689731896,4.517612018567485e-09,1.986687727840988e-08,TEX11
ENSG00000120645,170.87659979119505,-2.1016386630236017,0.2434687704858254,-8.632066686950955,6.0253236133937314e-18,7.190075214456147e-17,IQSEC3
ENSG00000120738,32834.41858901825,-2.50978708521363,0.2496890736934012,-10.051649630033284,9.034225497976594e-24,1.8698173100368224e-22,EGR1
ENSG00000120903,25.33589077234544,-3.16589602915128,0.5061328095109485,-6.255069755723466,3.973382738520783e-10,2.0002395581774918e-09,CHRNA2
ENSG00000120907,147.12275015252737,-4.481722832418416,0.3608964663987879,-12.418306217124735,2.079168352505229e-35,1.1583626617992973e-33,ADRA1A
ENSG00000121101,121.35101384983402,1.6068150482150558,0.2882874808834048,5.573655308552637,2.4944906254138993e-08,9.95511163393518e-08,TEX14
ENSG00000121152,839.5510058047487,2.82717530379763,0.202229693844174,13.980020688633788,2.0642800394113462e-44,2.3645793985929534e-42,NCAPH
ENSG00000121594,60.14975193615227,2.5543538525044607,0.2059666937615273,12.401781112542142,2.55578671360014e-35,1.417954737242666e-33,CD80
ENSG00000121621,426.42158963758015,2.457792845530853,0.1916509272491763,12.824320136658336,1.1983308222255335e-37,8.293135833500927e-36,KIF18A
ENSG00000121691,9379.728930603524,-2.124048896072515,0.1341563187445982,-15.832641473385983,1.852770105606941e-56,6.478600731119008e-54,CAT
ENSG00000121743,14.025338783436682,2.07448619218077,0.2939399826452912,7.057516209641112,1.6950499832409984e-12,1.1111063182326352e-11,GJA3
ENSG00000121753,1753.8668822225177,2.176163356456412,0.2445674887882268,8.898007528469048,5.68581628490971e-19,7.392395683535984e-18,ADGRB2
ENSG00000121871,8.93427945498057,-2.205573522567446,0.3273641674348886,-6.737370005549325,1.6127911739376802e-11,9.522311807907987e-11,SLITRK3
ENSG00000121904,160.19768110513476,2.1178985252145965,0.2129466364209081,9.9456772870945,2.6337626636504792e-23,5.24679481158257e-22,CSMD2
ENSG00000122121,194.3732648426684,-3.3862105656428336,0.2748523316230942,-12.320108567557485,7.059918118481175e-35,3.8133602438747415e-33,XPNPEP2
ENSG00000122136,41.133182115964445,1.9746429570970492,0.370007536662613,5.3367641505573005,9.46199875293245e-08,3.4982278361043386e-07,OBP2A
ENSG00000122180,3.150676191090056,2.6770183326677035,0.6136942567763191,4.362136850896799,1.2879826016049348e-05,3.564317154811116e-05,MYOG
ENSG00000122367,170.43555387087008,-1.7579653455210786,0.2148899896368606,-8.180768906415036,2.8203834052843154e-16,2.8315711747423755e-15,LDB3
ENSG00000122375,7.60811444192156,-1.826318638301528,0.3207781063248701,-5.693401769919773,1.2453287573216428e-08,5.1678032051565677e-08,OPN4
ENSG00000122547,1089.1695152246389,-1.801401714439217,0.1479557897107242,-12.175270180107365,4.2099769821090415e-34,2.1030101184125523e-32,EEPD1
ENSG00000122584,170.97019792052083,3.190399079683108,0.5906558030971752,5.401452187473422,6.610355924363241e-08,2.487541895921172e-07,NXPH1
ENSG00000122591,1915.794996096237,-1.8692748863085973,0.1693668686279894,-11.036839149541215,2.538049833625705e-28,7.972656540024007e-27,HYCC1
ENSG00000122592,84.77087399030522,-2.962186337244306,0.2256715491974923,-13.126095636681264,2.333827307273681e-39,1.834954458307636e-37,HOXA7
ENSG00000122641,3386.0440544463004,3.524891739768537,0.1936966171048769,18.198003622644507,5.352311632290371e-74,1.094136012523974e-70,INHBA
ENSG00000122644,1680.3936589751686,-1.62021749583649,0.1738444050511615,-9.319928906309457,1.1641828179763835e-20,1.7987301388210693e-19,ARL4A
ENSG00000122707,1607.2435867878307,-1.7397532919766174,0.1799002906427573,-9.670653036527815,4.01805864508521e-22,7.195411623526917e-21,RECK
ENSG00000122711,20.63744245721009,3.450199357738964,0.4725825229559464,7.300734136671802,2.862017799232523e-13,2.0567366959060106e-12,SPINK4
ENSG00000122729,5368.699753220186,-2.03327230413667,0.1578095146044084,-12.884345466961282,5.514132523563921e-38,3.8461436171577744e-36,ACO1
ENSG00000122756,961.07419810255,-2.5996982819235006,0.3495051412774398,-7.438226151471232,1.0204625528538876e-13,7.691092553060709e-13,CNTFR
ENSG00000122787,19.47057072377245,-1.6397070506754996,0.4195020344638503,-3.90869868550494,9.27946138271528e-05,0.0002252481606189,AKR1D1
ENSG00000122877,2252.348356513715,-1.857643546850303,0.2368841608028026,-7.841991379055196,4.434568182631255e-15,3.8855472948706105e-14,EGR2
ENSG00000122952,1982.1075915724264,2.581771086531671,0.1736434297969503,14.868233653013307,5.299311097818075e-50,9.712358098242437e-48,ZWINT
ENSG00000122966,1098.5929675162051,1.9611279586932264,0.1611472580406986,12.169787947604624,4.502506800721677e-34,2.2365255743771691e-32,CIT
ENSG00000123096,2426.393849337873,-1.606183340613344,0.1568364099395594,-10.24113814663524,1.297015011537784e-24,2.8989212726338617e-23,SSPN
ENSG00000123119,184.19766081289316,-2.0829039794887727,0.2488595411664994,-8.369797556185345,5.771730560629826e-17,6.194819856572605e-16,NECAB1
ENSG00000123201,46.95636447863642,2.737994138488005,0.3467815590876695,7.895443303534532,2.8928515697325637e-15,2.5937088551161563e-14,GUCY1B2
ENSG00000123219,283.8582011354273,1.9733426258489168,0.1719189886093022,11.47832849536751,1.6952615241064232e-30,6.472927442978189e-29,CENPK
ENSG00000123243,6432.742228902406,-3.940974326869791,0.2413514473965667,-16.328778506947756,6.16054570211612e-60,2.8722193339251905e-57,ITIH5
ENSG00000123358,5814.255720450692,-1.6887603850561124,0.272340962893797,-6.200904803713523,5.613946509690387e-10,2.7777067304975244e-09,NR4A1
ENSG00000123360,548.3024344926043,-1.7468393810600389,0.2029191863597701,-8.608547138381189,7.399233234802173e-18,8.735434172139839e-17,PDE1B
ENSG00000123364,493.2178701630687,3.050634640524491,0.3153489764265632,9.673837140977392,3.8949424808866553e-22,6.979642375560543e-21,HOXC13
ENSG00000123384,37876.86615980524,-1.634446774654358,0.1818700681117928,-8.98689262957601,2.543188754783228e-19,3.420305726637869e-18,LRP1
ENSG00000123388,519.0130056610767,3.912641457277903,0.3645549628526777,10.732651742445382,7.151400929487764e-27,1.9532217852121e-25,HOXC11
ENSG00000123407,316.1346036024064,4.345871191130077,0.4842690049986395,8.97408495334589,2.857167398866343e-19,3.823223747475985e-18,HOXC12
ENSG00000123473,918.159378530364,2.202440934798002,0.1869773964727561,11.77918281217972,4.997521914980061e-32,2.114795300805655e-30,STIL
ENSG00000123485,719.3841316464433,3.418144285561985,0.2143065070988291,15.949792341049545,2.8584579365349423e-57,1.0699087276537475e-54,HJURP
ENSG00000123500,6215.754098792806,7.459260088872676,0.2636883597697773,28.288165982697357,4.8323280640206736e-176,1.2841911830134945e-171,COL10A1
ENSG00000123560,231.30576946893876,-1.8179327447383784,0.3632785951285177,-5.004238535153014,5.608327625467165e-07,1.8747334169407532e-06,PLP1
ENSG00000123612,1641.0955105612652,-5.168670452357618,0.3015259268823575,-17.14171151316686,7.248528402133434e-66,8.375201838551999e-63,ACVR1C
ENSG00000123689,4140.410811878747,-3.808997383768816,0.3035519124221726,-12.54809219739441,4.072028340835016e-36,2.415494490127021e-34,G0S2
ENSG00000123838,100.27802312293106,-2.088289645355633,0.3858332913359994,-5.41241435679293,6.218059692477532e-08,2.347562669805234e-07,C4BPA
ENSG00000123975,1697.478758042197,2.878537337284849,0.1747195400016328,16.475188391967773,5.531597732359449e-61,3.195700211683747e-58,CKS2
ENSG00000123989,6887.297657345455,1.5007542561997986,0.1471763732497835,10.196978109066194,2.0453762566326342e-24,4.4737344872438063e-23,CHPF
ENSG00000123999,65.22697305616785,1.6506660541725755,0.2543447857647244,6.48987573780846,8.59071998434386e-11,4.68400458727817e-10,INHA
ENSG00000124003,8.748871281767274,-2.6261043019542853,0.3720353984490208,-7.058748476360739,1.6800886049332108e-12,1.1035184052422164e-11,MOGAT1
ENSG00000124171,2609.055493725814,2.1266622789998846,0.2596485115729814,8.190542923263116,2.6005040533005603e-16,2.6247016793187385e-15,PARD6B
ENSG00000124205,341.8668905236524,-2.2814455278871524,0.5396642148753381,-4.227527905318243,2.3627287965876136e-05,6.269547455747961e-05,EDN3
ENSG00000124212,3169.114377408773,-1.9035324924215704,0.2483779335777306,-7.663855097763159,1.8043345765438863e-14,1.4758446097769706e-13,PTGIS
ENSG00000124237,9.428097013604392,3.382962887935656,0.8210126574068487,4.120475923746016,3.780905775664076e-05,9.726773570984784e-05,CIMIP1
ENSG00000124243,1503.110989797715,2.0137139586827137,0.1978957597780483,10.17562963926671,2.547470704546947e-24,5.53548928645422e-23,BCAS4
ENSG00000124249,729.1576516563314,2.5954605435638154,0.2916159015834317,8.900270971064483,5.571050965871039e-19,7.250278130167623e-18,KCNK15
ENSG00000124253,1696.4927033519923,-5.408835376650956,0.4484886439046257,-12.06013898046699,1.7149327746985618e-33,8.196823468995376e-32,PCK1
ENSG00000124256,232.64097366669336,2.262956164290351,0.2692055706381816,8.406052515651005,4.240413286159141e-17,4.620294509211937e-16,ZBP1
ENSG00000124302,508.7255703051828,1.666700509925612,0.3845628249833583,4.334013590621343,1.4641512983794551e-05,4.017949272452915e-05,CHST8
ENSG00000124334,13.168597326096576,2.129753872123833,0.2558880211190901,8.322991685228777,8.577046527334875e-17,9.01857135394192e-16,IL9R
ENSG00000124343,523.9445184057377,-1.7791186142311295,0.2534805783731045,-7.018757119973111,2.2385051311293202e-12,1.4449422846675172e-11,XG
ENSG00000124391,3.186354886292196,2.326370483016464,0.458043582309231,5.07892823492482,3.795700450538368e-07,1.2968724540120485e-06,IL17C
ENSG00000124440,323.33690737464985,-4.000941036104995,0.3152265340649866,-12.692272393795909,6.526432293853148e-37,4.139378000218316e-35,HIF3A
ENSG00000124479,294.8912245264815,1.7192546749128754,0.380734883580764,4.515621628214099,6.3131299066644605e-06,1.830966138487483e-05,NDP
ENSG00000124493,446.26968619365925,5.620972932035537,0.360985965295484,15.571167503519163,1.1430170546410364e-54,3.412997553605117e-52,GRM4
ENSG00000124507,174.09457215884368,2.352552279576663,0.1787993083624324,13.157502124157872,1.5409650681351918e-39,1.2260822360985847e-37,PACSIN1
ENSG00000124557,12.03268011565149,-1.9184496854524664,0.2985400147159479,-6.426105683949321,1.3091440270717215e-10,7.000101110549497e-10,BTN1A1
ENSG00000124575,39.80158673875871,2.6680512301258243,0.3826141828718434,6.973215708053059,3.097770842009189e-12,1.970398758410584e-11,H1-3
ENSG00000124615,1904.932685152544,-2.423170640871799,0.1611816829091065,-15.033784218758106,4.4107197517818194e-51,9.229517905795422e-49,MOCS1
ENSG00000124635,216.7505263002524,2.841222396965861,0.2999998599159953,9.470745745552842,2.7785284707088556e-21,4.577767768697324e-20,H2BC11
ENSG00000124657,27.575945301931696,4.829221691915949,0.3895749007201831,12.396131483287204,2.7424714522941377e-35,1.5183578925982648e-33,OR2B6
ENSG00000124664,9097.745017662162,1.522902019873331,0.3045517074913159,5.00047112662061,5.719039261972606e-07,1.90886044193572e-06,SPDEF
ENSG00000124721,12.776050027891236,1.756175747505645,0.3004793909086145,5.84457969711392,5.078488626527331e-09,2.2186558482650643e-08,DNAH8
ENSG00000124731,266.3203612345488,1.5434556651825848,0.2766102040816615,5.579894170234307,2.406649683233868e-08,9.637841370093437e-08,TREM1
ENSG00000124743,812.8670945526715,-3.9126980465783783,0.2826944072230972,-13.840733833444922,1.4472156193410789e-43,1.5261807573011572e-41,KLHL31
ENSG00000124785,1637.2207998990982,-2.163980538186699,0.2172171031207949,-9.96229351693041,2.2286111564695238e-23,4.463100337843073e-22,NRN1
ENSG00000124942,129896.65347516382,-1.5155609873402789,0.138367029702755,-10.95319449001732,6.414474222067878e-28,1.926154264988179e-26,AHNAK
ENSG00000125144,660.6316789737463,1.7677688390651474,0.3588690291671977,4.925944273228272,8.395392385649899e-07,2.73886020928856e-06,MT1G
ENSG00000125337,57.736566155484994,-1.5174986331910498,0.2947933189735355,-5.147669691005718,2.637423818040919e-07,9.224735188791446e-07,KIF25
ENSG00000125355,355.52127431595693,-2.367207402145328,0.206101475827785,-11.485640229589269,1.5577715636430451e-30,5.965097882393937e-29,TMEM255A
ENSG00000125508,266.00961559006936,2.302585345103789,0.2819740205642821,8.165948552621586,3.189191820761892e-16,3.179023729810476e-15,SRMS
ENSG00000125740,11632.176658504544,-2.964724570718465,0.3392046431055043,-8.740224023986409,2.3264862865787018e-18,2.863657853905929e-17,FOSB
ENSG00000125813,20.987604661831327,1.8701318165825351,0.3635777667804085,5.143691356991161,2.693919839268354e-07,9.40747959639376e-07,PAX1
ENSG00000125820,11.65840544382177,4.881964280820744,0.8262245209497613,5.908762275911189,3.446876891157703e-09,1.5389911522600127e-08,NKX2-2
ENSG00000125845,311.5825234896686,-1.9448561578671903,0.2825684370546583,-6.882779188430693,5.8695975216070216e-12,3.627547770621084e-11,BMP2
ENSG00000125869,670.3378568117054,3.0355047088923093,0.2846287043628352,10.664787712425335,1.487383214864717e-26,3.921828371024523e-25,LAMP5
ENSG00000125878,53.377540681165286,-2.0572373001432,0.2598818159181425,-7.916049427602845,2.4517618132441225e-15,2.2161758566994062e-14,TCF15
ENSG00000125879,19.590308169155712,3.395789203288918,0.4546150091069239,7.469593249813359,8.044308637894388e-14,6.128942145987482e-13,OTOR
ENSG00000125931,9.833903704069645,-2.3148048496370923,0.424196451258104,-5.456917055226942,4.844725232934825e-08,1.859990942866845e-07,CITED1
ENSG00000125999,852.8155761899682,2.8894085710786923,0.3698174553613578,7.813067039400235,5.5812890368970486e-15,4.8329343810863175e-14,BPIFB1
ENSG00000126218,273.3487715858471,-3.0483375152695347,0.2107669167114753,-14.463074010056747,2.073275238314969e-47,3.03484481516115e-45,F10
ENSG00000126231,15.16522565640054,1.8018168661734677,0.2631828244557196,6.8462555256018325,7.58080221799099e-12,4.6312602055887485e-11,PROZ
ENSG00000126233,18.010656392116704,2.464862172649891,0.4696104958493663,5.248737399260614,1.5314519506229578e-07,5.519166746379862e-07,SLURP1
ENSG00000126259,17.829147572169084,2.164312617648268,0.3804005198265404,5.68956272361346,1.2736510030747577e-08,5.2762705232598115e-08,KIRREL2
ENSG00000126262,260.2574690197605,1.7263091733384828,0.3453044219195827,4.999383337582973,5.751395814412417e-07,1.918696256188928e-06,FFAR2
ENSG00000126353,305.1570669575792,1.6246205051601192,0.2520634791375962,6.44528319103805,1.1538476349216021e-10,6.203419158009625e-10,CCR7
ENSG00000126545,143.77362103965726,-5.243962473820037,0.653425920628622,-8.025335861753286,1.0124854925813957e-15,9.561763313912791e-15,CSN1S1
ENSG00000126561,4792.716649042513,-1.516630783740348,0.1520686168528108,-9.97333187562503,1.9942422331432897e-23,4.0179671983156123e-22,STAT5A
ENSG00000126709,17527.422178905566,2.913742935305496,0.2811477646276722,10.363742138103802,3.624962834942146e-25,8.495007701815479e-24,IFI6
ENSG00000126785,1197.6844602977055,-1.5738475738901216,0.1446075195559604,-10.883580457799583,1.3803237206555234e-27,4.0221604031162864e-26,RHOJ
ENSG00000126787,849.7125098437639,3.181066927470877,0.2228490834608599,14.274534487953517,3.1538675158974663e-46,4.1698522007450333e-44,DLGAP5
ENSG00000126895,151.6066125321863,-3.0070887959773525,0.2512954016477136,-11.966350264510348,5.3323028006269776e-33,2.4432059814941714e-31,AVPR2
ENSG00000126950,87.57480381893467,-1.852473458292571,0.2891978536691302,-6.405557423022842,1.4982098258408194e-10,7.950264800662895e-10,TMEM35A
ENSG00000127084,3353.3885291033253,2.532015610824051,0.2630315456812619,9.626281152954606,6.1930302270138115e-22,1.0863351701841058e-20,FGD3
ENSG00000127129,360.884930824861,2.8318323197114466,0.3045327075293498,9.298943101008366,1.4184864296255535e-20,2.171444520005708e-19,EDN2
ENSG00000127241,186.21729817413373,-4.395304356307186,0.2947835517942803,-14.910276810066128,2.8257864815960175e-50,5.3259060814478126e-48,MASP1
ENSG00000127329,2323.9961808984485,-1.9275049538278648,0.1703813058201439,-11.31288990038941,1.1329536194786449e-29,4.0251661012894365e-28,PTPRB
ENSG00000127423,194.24780163056573,2.092531052673202,0.1752604487429606,11.939550923677809,7.361959372519492e-33,3.3558159575421185e-31,AUNIP
ENSG00000127528,2643.841665255952,-1.643876415713527,0.1953840392704236,-8.41356551871824,3.9773194878548277e-17,4.353264637139294e-16,KLF2
ENSG00000127561,156.53674339873973,3.437832301635316,0.2480409317770512,13.85993947452742,1.1076761828111352e-43,1.191760913287689e-41,SYNGR3
ENSG00000127564,684.3587471700821,3.768133455435792,0.2182940839291008,17.261729624608765,9.133370560066178e-67,1.1558062982559936e-63,PKMYT1
ENSG00000127578,61.95299688813834,1.51883967613491,0.2332138735110882,6.512647182041237,7.383780478299579e-11,4.065132923364643e-10,WFIKKN1
ENSG00000127585,1574.0824893669787,2.134629139874967,0.2542103607946747,8.397097322083987,4.5765072685407386e-17,4.962084074315387e-16,FBXL16
ENSG00000127586,1034.5559119065358,1.844749162090944,0.1726014125865941,10.68791462622262,1.159486865670956e-26,3.090608170030657e-25,CHTF18
ENSG00000127588,30.8521920934387,4.569476487647332,0.4715632534816576,9.690060567505755,3.323315302387805e-22,5.995730085604613e-21,GNG13
ENSG00000127743,86.12055554328319,-2.669246539326304,0.3066484807157929,-8.704581001332947,3.1875012263693125e-18,3.8874642079286125e-17,IL17B
ENSG00000127831,16.80273939941803,2.262908849691402,0.400641721735624,5.64821067533414,1.6212642193691563e-08,6.629496327086525e-08,VIL1
ENSG00000127920,2816.637575744002,-2.12323084865257,0.1629864244206718,-13.027041093756743,8.587364928609073e-39,6.50168726432439e-37,GNG11
ENSG00000127928,15.2592830660894,4.323704542624656,0.7683640048536526,5.6271565499065455,1.832044474313087e-08,7.445569950278373e-08,GNGT1
ENSG00000127955,1913.7473373373,-2.47365124159478,0.1957101985733142,-12.63935788542024,1.280957624357835e-36,7.95360954843679e-35,GNAI1
ENSG00000128011,408.1898495306376,1.8162616317896765,0.1899241427205913,9.563089798760798,1.1429250354484653e-21,1.9531645617883675e-20,LRFN1
ENSG00000128016,16667.610552486018,-2.1273045778668047,0.2203638737475767,-9.653599483840974,4.745996870619846e-22,8.425174805392275e-21,ZFP36
ENSG00000128045,16.620940520611455,1.7851107977085885,0.2876814828578449,6.205164058441273,5.463987194119113e-10,2.708551756831102e-09,RASL11B
ENSG00000128165,608.831153772304,1.9630134873054168,0.1907520303746739,10.29091791814576,7.743462878174487e-25,1.7694112294710833e-23,ADM2
ENSG00000128218,32.30291188724045,1.6405991804651865,0.277328522392285,5.915724665869516,3.304175476926199e-09,1.4795023302327508e-08,VPREB3
ENSG00000128228,955.805423063606,1.5478018060235736,0.154502181107633,10.017993240789956,1.270564633207833e-23,2.5993267996534383e-22,SDF2L1
ENSG00000128408,162.36929997109922,1.702458767498893,0.1695433127052872,10.04143861727082,1.0020196940456317e-23,2.0642382456792761e-22,RIBC2
ENSG00000128564,43.67848511305192,4.569967760485412,0.3691001130396266,12.381377298561755,3.2963683813669944e-35,1.813685087677596e-33,VGF
ENSG00000128578,177.6232681904075,1.532933038432402,0.189659990075085,8.082532524785668,6.343541230405597e-16,6.114603126515371e-15,STRIP2
ENSG00000128591,1255.2036464902942,-1.917495125881664,0.2138145422398835,-8.968029516581623,3.018661625695272e-19,4.0291779358539366e-18,FLNC
ENSG00000128655,215.24271462583496,-2.728374416775384,0.2235637577680053,-12.204010363820458,2.9588410108361353e-34,1.4948897312351766e-32,PDE11A
ENSG00000128683,70.73953595066479,2.724515233875122,0.3627248287568311,7.51124548935034,5.856744523182823e-14,4.53637381823327e-13,GAD1
ENSG00000128918,462.4950594231764,-2.346082196728969,0.2648036903985415,-8.859703553217136,8.022749152777725e-19,1.0289795305746526e-17,ALDH1A2
ENSG00000129151,679.3892553982672,-2.2783936921548142,0.3802950347688406,-5.991121323841944,2.0839909287041403e-09,9.596613919652145e-09,BBOX1
ENSG00000129173,298.7352365638352,3.2174130049480723,0.2414374305578021,13.326073747201333,1.6326673475622199e-40,1.3862023885452396e-38,E2F8
ENSG00000129195,340.481382258551,2.856384382114603,0.2340048372081004,12.206518532667856,2.8690528243748587e-34,1.4522872153859404e-32,PIMREG
ENSG00000129295,842.2350658457639,1.5329595155205158,0.240168698660291,6.382844742348483,1.7382812249835075e-10,9.143868478609799e-10,DNAAF11
ENSG00000129354,5105.583590117608,1.559949047957282,0.2065784758026096,7.551362947647304,4.3072664875628095e-14,3.395597950370266e-13,AP1M2
ENSG00000129455,53.03471922817435,-1.5884475579526507,0.4673316721957392,-3.398972619359166,0.0006763948744094,0.0014277358051971,KLK8
ENSG00000129467,953.5087117001212,-1.7917637484149769,0.1739493734847238,-10.300489806433989,7.0103437020947705e-25,1.6101977863713788e-23,ADCY4
ENSG00000129514,14230.840053263944,1.9092494027754787,0.2972537398729363,6.42296175513756,1.3364807958885575e-10,7.139090884570536e-10,FOXA1
ENSG00000129521,2429.795389401246,1.676853811362041,0.2369041928390673,7.078193894614408,1.4604529451115504e-12,9.64261789225825e-12,EGLN3
ENSG00000129596,1140.8474866444362,-3.441850909857916,0.2866500881436087,-12.007151060541744,3.2587907937690935e-33,1.5140273661610782e-31,CDO1
ENSG00000129654,272.0920476238775,4.621882609086894,0.4352795713416375,10.618193256442352,2.4526210089694372e-26,6.365078448570586e-25,FOXJ1
ENSG00000129680,956.5023006238722,-1.9021501169923785,0.1924305196570577,-9.884867121817877,4.8422378390440924e-23,9.37918881724466e-22,MAP7D3
ENSG00000129757,1615.1979914529736,-2.2131500830972723,0.1904288101295322,-11.62192885410489,3.1885501640858523e-31,1.2884250151025508e-29,CDKN1C
ENSG00000129810,213.20983327007815,3.246417116631694,0.2235060669798886,14.524961941743673,8.418904485969511e-48,1.3238602764179871e-45,SGO1
ENSG00000129910,17.220250196123807,1.5147150703615326,0.2674337974715982,5.663887977817753,1.4798103419564717e-08,6.077261603692355e-08,CDH15
ENSG00000129951,380.79266641836085,1.747989440059852,0.3684966574822617,4.743569322997169,2.099850383386052e-06,6.500571826410223e-06,PLPPR3
ENSG00000129990,59.3843479594485,4.108622064415965,0.4208711076223635,9.76218607075904,1.6359026623415416e-22,3.033783199701777e-21,SYT5
ENSG00000129991,24.113127292837127,2.320578136407488,0.505870606705047,4.587295853226999,4.490241492238173e-06,1.3313418236776688e-05,TNNI3
ENSG00000130032,191.2663735615336,-2.902011039205682,0.2811706213263965,-10.32117447233894,5.652741108538461e-25,1.3085504787405017e-23,PRRG3
ENSG00000130035,44.858228829708274,-1.929781435400003,0.2519698790273109,-7.658778274806548,1.877101455269948e-14,1.5330046457836165e-13,GALNT8
ENSG00000130037,38.5162925840474,-1.8062811195436264,0.244865560031485,-7.376623806595639,1.6235391052259677e-13,1.1948366580276954e-12,KCNA5
ENSG00000130054,191.5344968536048,1.565436576672687,0.2360045858957794,6.633076940987874,3.2876032473836466e-11,1.8788829311660302e-10,NALF2
ENSG00000130173,68.69472238535774,-4.300041938195356,0.3383115495938615,-12.710301919510284,5.183392822117758e-37,3.3597235182385224e-35,ANGPTL8
ENSG00000130176,4296.776850899251,-3.4303953511388667,0.2436271298520196,-14.080514568400105,5.0044068521362173e-45,6.045096004341816e-43,CNN1
ENSG00000130226,71.78592873081243,-3.383449109763263,0.3104591930814286,-10.898208798976802,1.1754850916351788e-27,3.436580452167753e-26,DPP6
ENSG00000130234,25.45266437002937,-1.5813039347470492,0.3158952882477208,-5.005785124300467,5.563479268964271e-07,1.8611462937150745e-06,ACE2
ENSG00000130294,432.48027522012086,3.5811866124580702,0.4210361483480008,8.505651181043241,1.8057913774807322e-17,2.0525622693135356e-16,KIF1A
ENSG00000130307,224.10638071570597,-2.056787267063536,0.1621624149203702,-12.683501710760297,7.299638342995273e-37,4.6077883364631677e-35,USHBP1
ENSG00000130427,19.77102973100297,2.727516543668669,0.3706969550713429,7.35780671072343,1.869564853918285e-13,1.3683196362676517e-12,EPO
ENSG00000130433,32.054399525616454,2.731620623488225,0.5291982487222242,5.161809643330946,2.445739261454835e-07,8.587068420288312e-07,CACNG6
ENSG00000130477,61.90294105174485,2.263111476508454,0.2658239942447831,8.513571105340008,1.686569937206175e-17,1.9203340223330806e-16,UNC13A
ENSG00000130487,750.9643735878079,2.380490457058075,0.3221765789547392,7.3887756359611,1.481869705986151e-13,1.0972607254550559e-12,KLHDC7B
ENSG00000130513,742.2895528145297,2.3715800325259013,0.2788289669626446,8.505500911042818,1.8081320113049548e-17,2.0543440872351078e-16,GDF15
ENSG00000130518,504.4258846758669,-1.784693856597413,0.1972628170214199,-9.047289720107871,1.4656077464616566e-19,2.023300044790573e-18,IQCN
ENSG00000130540,80.18937002296832,1.652456933551549,0.3649495265751978,4.527905403957445,5.957123701185678e-06,1.7330110822004312e-05,SULT4A1
ENSG00000130545,725.3209023721602,1.630880696663279,0.1807937858985172,9.02066787615544,1.8694604912592256e-19,2.552975979199071e-18,CRB3
ENSG00000130561,16.056682122314093,1.6606888212398592,0.3162802016594785,5.250688511409991,1.5153173673535052e-07,5.465466753178529e-07,SAG
ENSG00000130595,222.58601577539133,-3.616444448722611,0.3143654988894528,-11.503948306981169,1.2601606941996641e-30,4.853444992515373e-29,TNNT3
ENSG00000130635,22536.61262419929,1.9017789403162453,0.209241442383874,9.088921002691448,1.000267635166232e-19,1.4042320340487381e-18,COL5A1
ENSG00000130643,11.2497121186877,2.1389343274975023,0.4139500948868095,5.16713090277796,2.3771478040652174e-07,8.356177631353591e-07,CALY
ENSG00000130675,74.66621127077298,3.0074149784459148,0.3459149327327887,8.694088325955773,3.4962563575491395e-18,4.240666942120876e-17,MNX1
ENSG00000130700,26.475052807557063,3.318588284435354,0.5510226755821359,6.022598400200832,1.7163895416209635e-09,7.98687656602646e-09,GATA5
ENSG00000130701,469.71353629391393,1.8286865094581373,0.237063608503186,7.713906495410327,1.2202388853692191e-14,1.0191027146036139e-13,RBBP8NL
ENSG00000130720,107.38263717404833,1.7012731976566848,0.398891643548781,4.265000847150196,1.9990144332771222e-05,5.36712553691044e-05,FIBCD1
ENSG00000130812,15.080417285736385,1.5832290607407615,0.1902933586295677,8.31993860501845,8.80088879454503e-17,9.24441184644404e-16,ANGPTL6
ENSG00000130822,139.69380631408296,2.7572264238505024,0.3359341383219286,8.207639859478135,2.255786280985134e-16,2.2924481995097493e-15,PNCK
ENSG00000130876,436.3202501719876,-4.769981674466898,0.3698584934206245,-12.896774737689205,4.6933243165773564e-38,3.299605653784213e-36,SLC7A10
ENSG00000130988,228.01803137411363,-1.9767439430888207,0.2730624519917909,-7.239164259567432,4.5145798986352045e-13,3.163896645733928e-12,RGN
ENSG00000131015,93.6904954275311,2.388050715325416,0.2925341875508501,8.163321816566516,3.259346127300534e-16,3.2440870162176667e-15,ULBP2
ENSG00000131016,5221.34068296396,-2.682762355881439,0.2131458653315683,-12.58650901676254,2.5050937809515525e-36,1.5095888260496034e-34,AKAP12
ENSG00000131037,2043.2708919428248,1.5452924071045255,0.2164404216300076,7.139574001320848,9.362060645637757e-13,6.301843000451452e-12,EPS8L1
ENSG00000131069,4220.625551439606,-1.836263284104252,0.1257959941826495,-14.597152286408177,2.928235144490093e-48,4.744990790538061e-46,ACSS2
ENSG00000131095,156.36795065607245,-1.9170884683090252,0.350360850501427,-5.471754237282332,4.4560250185730155e-08,1.7192053552348706e-07,GFAP
ENSG00000131096,33.08164339526268,1.5937922375605609,0.3454504458990468,4.6136638596967545,3.95632085062776e-06,1.182934592770395e-05,PYY
ENSG00000131142,4.781146879614878,1.5582813333694048,0.3335617294137611,4.671643045226152,2.987998981528933e-06,9.06669021855805e-06,CCL25
ENSG00000131153,884.2398808174564,1.9630506435536108,0.1743685940632185,11.258051681267172,2.1138034122933283e-29,7.2670537751222735e-28,GINS2
ENSG00000131187,267.65414951885464,2.951181065981522,0.2370205698032855,12.451160118427044,1.3782705626867847e-35,7.843156360471372e-34,F12
ENSG00000131188,180.39569491963283,1.960644454427936,0.2189203196415541,8.955972920367406,3.367526533250045e-19,4.4746008810559976e-18,PRR7
ENSG00000131203,605.3401071202316,1.8621371007658691,0.3243174242835098,5.74171154966388,9.372437482085347e-09,3.9541598045152906e-08,IDO1
ENSG00000131386,2447.6321495823263,-3.458439332798965,0.2431936139212792,-14.22092988806214,6.7944058784727375e-46,8.851045893157499e-44,GALNT15
ENSG00000131471,10811.87285123331,-4.043013471044027,0.2468912022470897,-16.37568870112173,2.8526010849179447e-60,1.4864288986606744e-57,AOC3
ENSG00000131480,113.8831549803125,-1.9512781582601084,0.2271743874147696,-8.58934046423777,8.746996687669488e-18,1.0276367682352635e-16,AOC2
ENSG00000131650,159.38517116961285,3.9893679519211775,0.3239164628876615,12.31603950091522,7.425222373059991e-35,3.994438958786828e-33,KREMEN2
ENSG00000131686,38.27361006423644,-2.9000135983608604,0.5356842929513049,-5.413661808867857,6.174874238967451e-08,2.3319210302765387e-07,CA6
ENSG00000131730,195.59176506782885,-2.2312921068475573,0.2186999913792103,-10.202524896211152,1.931838382858673e-24,4.2463693155061405e-23,CKMT2
ENSG00000131746,2914.9393316198984,-1.8126440097700869,0.3247886992109839,-5.580994702628452,2.391469286366059e-08,9.582825133470753e-08,TNS4
ENSG00000131747,7245.977595626916,3.1176433845143343,0.2398692524796651,12.99726143424169,1.2680326518282956e-38,9.360546589538042e-37,TOP2A
ENSG00000132026,16.056864931314582,4.824308690390164,0.4597124225204472,10.494188223020204,9.186392762456406e-26,2.2688511864524073e-24,RTBDN
ENSG00000132031,871.7614970391414,2.699417242709452,0.2386754582953358,11.309990821801236,1.1710177444757186e-29,4.149306207925628e-28,MATN3
ENSG00000132170,2118.6738655538047,-3.4738157985407776,0.2242832059930866,-15.48852390957821,4.14702801000944e-54,1.1361574161443388e-51,PPARG
ENSG00000132182,6665.2064848589225,1.998181955742175,0.1659867236852342,12.03820348627032,2.2377583973077118e-33,1.0544047767456103e-31,NUP210
ENSG00000132185,73.40146549552483,1.6230396719051707,0.3089742832374463,5.25299275686924,1.4964742366394518e-07,5.400434931924691e-07,FCRLA
ENSG00000132329,836.524791790041,2.7000166055608656,0.2982447320589077,9.05302362566985,1.3906319580947998e-19,1.9217911745381853e-18,RAMP1
ENSG00000132465,15522.924976208138,-1.561807141582718,0.3543886544488836,-4.407046111596076,1.0478988588777158e-05,2.943442783498076e-05,JCHAIN
ENSG00000132514,331.074014479791,-1.56021654904975,0.2951455107447849,-5.286262173233201,1.2484093832767534e-07,4.547838157721689e-07,CLEC10A
ENSG00000132517,122.26145295564288,1.5991157408464705,0.2751897116078454,5.810957580875204,6.2116503008063e-09,2.6797825770118087e-08,SLC52A1
ENSG00000132561,5100.805756524034,-2.326495991552759,0.2461560869190951,-9.451303929434886,3.346357236020444e-21,5.459143250291178e-20,MATN2
ENSG00000132677,49.30625533025295,2.7392309092761944,0.3111589278319255,8.803317739787971,1.328298092676271e-18,1.6713788737155252e-17,RHBG
ENSG00000132698,5649.499084646837,1.5001536953077748,0.2039386476301455,7.355906851105483,1.8963522637953206e-13,1.387161062767978e-12,RAB25
ENSG00000132749,1661.8955234941382,1.867172885152576,0.2058629309137554,9.069981063928466,1.1903770216909605e-19,1.6605915670045816e-18,TESMIN
ENSG00000132821,264.9577700842571,2.6753842269292365,0.3536277723479313,7.565537653238811,3.8626360692393744e-14,3.0595992113274626e-13,VSTM2L
ENSG00000132837,207.3453001270184,-2.79631772022716,0.2037806174429655,-13.722196719763094,7.476535640899132e-43,7.413766218540837e-41,DMGDH
ENSG00000132840,832.9615154234923,-2.943415078554378,0.2489362786476218,-11.823969951446438,2.934804810310842e-32,1.2599747630696388e-30,BHMT2
ENSG00000132872,8.850172498375217,1.9540451053436791,0.6655013421277427,2.936200097051947,0.0033225992329635,0.0062326586162213,SYT4
ENSG00000132874,111.79515509313435,-1.9975487023616971,0.3515303251520336,-5.68243636305851,1.3278932976422108e-08,5.483027405972925e-08,SLC14A2
ENSG00000132970,585.8127013336347,-2.0913014115959494,0.1967973632701348,-10.626673939352097,2.239576864818813e-26,5.829261036489713e-25,WASF3
ENSG00000133067,820.9589121794762,-2.218100520352046,0.3326119369863413,-6.6687339620139126,2.580194759881016e-11,1.4899755702702736e-10,LGR6
ENSG00000133110,53203.0115257294,2.2625199167674053,0.2220605561140858,10.188751916864572,2.2260360432206048e-24,4.852904663542869e-23,POSTN
ENSG00000133116,271.05777157569634,-2.60131781532672,0.1925483090529954,-13.509948896049528,1.3661624892871938e-41,1.269432452895356e-39,KL
ENSG00000133317,1239.796310167511,-4.455543939890927,0.3639471747910268,-12.242281980755134,1.847637082446387e-34,9.44249143577168e-33,LGALS12
ENSG00000133321,6596.127282033092,1.7058333733650015,0.2462786831773349,6.926435334789828,4.3157701857723356e-12,2.7043525745555257e-11,PLAAT4
ENSG00000133328,259.27298623433376,1.7301863506597035,0.3100955222865586,5.579527037029712,2.41173457532834e-08,9.653840388514933e-08,PLAAT2
ENSG00000133392,13074.993205351942,-3.841123612318399,0.2525121370323143,-15.211639557059568,2.960350497829112e-52,7.151937679982604e-50,MYH11
ENSG00000133401,3710.873252272012,-2.334991799995884,0.2230425130959577,-10.46881945322827,1.2013179717747869e-25,2.9181924222957e-24,PDZD2
ENSG00000133454,43.61912170288115,1.5930595001727756,0.3108359900045286,5.12508059362613,2.974105006891248e-07,1.032486486716328e-06,MYO18B
ENSG00000133466,1817.6028089586448,2.2967367549427524,0.1535956328676307,14.953138393733417,1.485787259002809e-50,2.8821019275912157e-48,C1QTNF6
ENSG00000133475,8.613474324320407,-2.2369580182477957,0.3308681876887835,-6.760873669583158,1.3716208514414463e-11,8.154546784576384e-11,GGT2P
ENSG00000133636,102.89638197340182,-3.84113706656912,0.4959873545900707,-7.744425399199513,9.601504831650611e-15,8.115775792020199e-14,NTS
ENSG00000133665,46.67162810951004,1.9389683294195803,0.2956364680032855,6.558623645165563,5.4306668411859e-11,3.025575918333654e-10,DYDC2
ENSG00000133687,3790.5146093615,-1.7861082018628298,0.2657744181314389,-6.720391730777899,1.8123665772223625e-11,1.0662750008785537e-10,TMTC1
ENSG00000133800,2004.6435765422484,-5.045530056185664,0.2581715735358291,-19.54332147061669,4.7020547882598335e-85,2.0826184333000847e-81,LYVE1
ENSG00000133863,12.851117159138909,3.13788645371952,0.6041880448298234,5.193559324073257,2.063111593429568e-07,7.302502743126102e-07,TEX15
ENSG00000134028,373.8692542009928,3.054066004360048,0.3106134434418233,9.832369038888888,8.167446391256101e-23,1.5547986235503644e-21,ADAMDEC1
ENSG00000134057,2345.9466012697226,2.529009102501192,0.1571058442119917,16.097485839474295,2.6568287825166516e-58,1.1032066389903126e-55,CCNB1
ENSG00000134115,25.319315494129874,-2.1011405199871023,0.271868095630258,-7.728529216038147,1.0879621685448412e-14,9.14666074947142e-14,CNTN6
ENSG00000134121,1446.3245891117128,-3.091681655010864,0.2482974863890757,-12.45152216388642,1.372031973031647e-35,7.824409803286698e-34,CHL1
ENSG00000134138,731.299042106929,-1.5830807917066894,0.1799783302039224,-8.795952212207979,1.4183995118021114e-18,1.7788563957593725e-17,MEIS2
ENSG00000134160,5.930245801632592,-2.463545122853139,0.2915980843489171,-8.448426979051542,2.952538317107756e-17,3.266598908290533e-16,TRPM1
ENSG00000134193,4.681453973214157,1.6069984433903657,0.3658610006399811,4.392374263939937,1.1211947405287109e-05,3.13210871749716e-05,REG4
ENSG00000134201,941.5641965734328,-3.855620429346055,0.3057001871187026,-12.612424171820765,1.803586762606035e-36,1.109498106857763e-34,GSTM5
ENSG00000134222,549.5377928266236,1.885964959824704,0.1585367648378647,11.8960732026636,1.240480512757374e-32,5.5404654834499514e-31,PSRC1
ENSG00000134240,4166.709701223086,-2.0202919634352754,0.4895468722145036,-4.126861140581547,3.677482952137904e-05,9.479979576395848e-05,HMGCS2
ENSG00000134321,2196.6323733539134,1.904498266349836,0.2449322001014317,7.775614090597896,7.508227402936454e-15,6.40960948387524e-14,RSAD2
ENSG00000134323,119.31726059754692,1.902847097986269,0.2994377259533524,6.354733999959317,2.0878759441017723e-10,1.0873075291888026e-09,MYCN
ENSG00000134326,983.672639576616,1.5231402960137626,0.2256269297359954,6.750702577019413,1.471309332548333e-11,8.717958865657068e-11,CMPK2
ENSG00000134339,858.2641907545318,-3.382631418837445,0.3550027087034961,-9.528466504357498,1.5962363932310566e-21,2.695043338635027e-20,SAA2
ENSG00000134463,1790.2604946531758,-1.566630466099095,0.201140323519783,-7.7887438912516735,6.7678630606369095e-15,5.814935688212928e-14,ECHDC3
ENSG00000134531,17484.735225379834,-1.939767944126277,0.1592459304984056,-12.180957705199864,3.92643904217168e-34,1.9650681270378978e-32,EMP1
ENSG00000134532,395.5009581054479,-1.6565231419863369,0.2525533653677553,-6.559101438122563,5.413297122839064e-11,3.016531160399416e-10,SOX5
ENSG00000134548,799.1355963203988,-5.0897909770096295,0.3996023240085425,-12.737140580045333,3.67623135317013e-37,2.418256475324016e-35,SPX
ENSG00000134668,259.04760453794364,3.05699250956186,0.2630375605589162,11.621885874649232,3.190154882173014e-31,1.2884250151025508e-29,SPOCD1
ENSG00000134690,1035.1347981533104,2.9217550651875364,0.1951983438656062,14.968134500153134,1.1860160916187114e-50,2.3551466039111982e-48,CDCA8
ENSG00000134760,226.06971833309228,-2.19071387424751,0.4472486620086511,-4.89820106874939,9.67180382687072e-07,3.1280051928817005e-06,DSG1
ENSG00000134765,63.54993641833658,-2.9463483370854378,0.3343909254784111,-8.811089394456847,1.2393548215471034e-18,1.56464866425721e-17,DSC1
ENSG00000134775,902.961172647676,-1.5472393623160436,0.2145097553763873,-7.212909080061165,5.476898621296057e-13,3.8061867379953646e-12,FHOD3
ENSG00000134917,151.87368068518168,-1.6594314467457147,0.2812309737637303,-5.900599868277125,3.6218230723392015e-09,1.6119569276070053e-08,ADAMTS8
ENSG00000134940,11.741210226744114,1.52186647949785,0.2171552620371007,7.008195266471787,2.414117367617451e-12,1.5530178902065784e-11,ACRV1
ENSG00000134962,832.3496922745476,-4.3360272271574765,0.2899211485831522,-14.955884551188095,1.425746166101455e-50,2.785970909128394e-48,KLB
ENSG00000135046,18623.31258913189,-2.275087373041236,0.1855789105370323,-12.259406882266624,1.495907799946708e-34,7.719174715258983e-33,ANXA1
ENSG00000135063,1600.3028310242564,-2.505213156053381,0.2400962137277568,-10.434205176155013,1.7305593249717834e-25,4.1581929530854566e-24,ENTREP1
ENSG00000135074,1117.072436398316,1.8513878872636316,0.1598199108692481,11.5842129881945,4.954965028678919e-31,1.9860964651152686e-29,ADAM19
ENSG00000135094,559.9495295284634,2.521798002679045,0.2214776866972888,11.386239581442744,4.896692838538644e-30,1.8023491992266546e-28,SDS
ENSG00000135114,1175.9324312618369,2.759987264380332,0.2769013107321459,9.96740411622732,2.116892527868293e-23,4.258623688728227e-22,OASL
ENSG00000135119,329.5728636921714,2.098675666443466,0.1734513415569731,12.099506683573956,1.0624772882932646e-33,5.19031873830763e-32,RNFT2
ENSG00000135127,1168.607262894947,2.843966170147691,0.1957413172111024,14.529207275541827,7.913086107140357e-48,1.2517277577217557e-45,BICDL1
ENSG00000135144,804.5263169606787,-2.69273010774422,0.2030528078521403,-13.261230594284722,3.884683318299299e-40,3.1961442471765904e-38,DTX1
ENSG00000135218,31427.42922753688,-4.154985472194497,0.2942897182277131,-14.118690578851572,2.913547182507837e-45,3.5846072395900823e-43,CD36
ENSG00000135222,32.13692730734419,-6.378361585544714,0.764237009694254,-8.34605168898649,7.058292620586413e-17,7.496967481697998e-16,CSN2
ENSG00000135226,171.9973943217238,-2.710000006771497,0.6414159689390666,-4.225027342636901,2.3891176844413495e-05,6.333878936954196e-05,UGT2B28
ENSG00000135248,9.863564276804563,1.8900606918115888,0.3313697187927837,5.703782164216114,1.1717781021781132e-08,4.8824087590754724e-08,GARIN1B
ENSG00000135298,35.66850016590153,-2.3239333990420548,0.2165896550915403,-10.729660186493476,7.386730791185226e-27,2.0112947825383949e-25,ADGRB3
ENSG00000135346,738.6971806831506,9.014253702767872,0.7214616915388475,12.49443152489614,8.006655539805897e-36,4.655949036550147e-34,CGA
ENSG00000135413,9.197722537771778,-1.7982586344298526,0.6229397701037012,-2.8867295374807997,0.0038926869082362,0.0072113880532047,LACRT
ENSG00000135424,3910.786091197013,-3.808384853470804,0.2414295228527816,-15.774312969143676,4.6745689217781335e-56,1.5336625814352335e-53,ITGA7
ENSG00000135437,197.20983987461756,-4.198273096103399,0.246148829936379,-17.055832023205262,3.163363794590524e-65,3.2333228015862758e-62,RDH5
ENSG00000135447,3742.464287572269,-4.081465590375237,0.3399151590857714,-12.007306768408505,3.252662170827677e-33,1.513826570748608e-31,PPP1R1A
ENSG00000135451,574.6993922608949,3.2568328788018053,0.2177305324572729,14.958089901520454,1.3792829307930473e-50,2.7151439915426095e-48,TROAP
ENSG00000135476,822.3307899548084,2.5046908974063244,0.1972356908382878,12.69897393702392,5.9910019192184126e-37,3.845673333411336e-35,ESPL1
ENSG00000135549,2588.5865164157985,1.91198560359904,0.2499957032186888,7.648073862799518,2.040120252371474e-14,1.6569741964172349e-13,PKIB
ENSG00000135604,653.2314702074564,-2.07640679712654,0.2031320169520772,-10.221957268392623,1.5811556670922936e-24,3.507446732301979e-23,STX11
ENSG00000135638,77.06178483450424,2.8399238818733723,0.4037739849078497,7.033449375203077,2.014891027305177e-12,1.3063120041628466e-11,EMX1
ENSG00000135678,3586.644662265101,-2.121286705247609,0.2130991242660627,-9.954459984542678,2.4112839547223363e-23,4.807192130288528e-22,CPM
ENSG00000135747,7.980349710604406,3.546531412095528,0.3890356387520503,9.116212137973022,7.77958883668065e-20,1.1055752584748036e-18,ZNF670-ZNF695
ENSG00000135750,1377.75729822159,1.814449453095225,0.2613612680695557,6.942304292051216,3.857551645338654e-12,2.432133688609128e-11,KCNK1
ENSG00000135773,358.182112760585,2.895042605016331,0.3106917451541316,9.318054470935891,1.1849303542959841e-20,1.8275986166811249e-19,CAPN9
ENSG00000135824,18.99388857089197,2.619812040020932,0.3014066276609482,8.691952331479433,3.5626356810071024e-18,4.313304930422038e-17,RGS8
ENSG00000135917,3244.802421030078,-5.315361581729737,0.3630719575885164,-14.639967286467886,1.5614333924951188e-48,2.5773349320222223e-46,SLC19A3
ENSG00000135960,38.7329827322935,-2.4991904327190846,0.3499351069247543,-7.141868258609672,9.207082228702373e-13,6.199093241139233e-12,EDAR
ENSG00000136011,95.85637726485808,-3.1596385036117747,0.2332643288171842,-13.545313677549352,8.445237153558559e-42,7.986910226185721e-40,STAB2
ENSG00000136014,58.381266223003365,-2.175735405839013,0.2268451024784188,-9.591282254136406,8.699701659752064e-22,1.5022389318252832e-20,USP44
ENSG00000136158,1759.1754109211015,-2.384707230940579,0.1973563665019305,-12.083254638341,1.2949074496174581e-33,6.268154002474309e-32,SPRY2
ENSG00000136160,1308.7224615247085,-2.3469879631903696,0.1933019360715614,-12.141564698666558,6.359809292053103e-34,3.141485723723256e-32,EDNRB
ENSG00000136231,43.6429026007184,2.7146586190789237,0.4015092253038762,6.761136352531811,1.3691359253266962e-11,8.141594812163112e-11,IGF2BP3
ENSG00000136244,330.2818908772762,-2.220708154604823,0.3530142241678976,-6.290704460533659,3.160284981382696e-10,1.607052686189153e-09,IL6
ENSG00000136383,1042.7885681867062,-1.9830564392584675,0.2118173617045935,-9.362105274562404,7.816345713741571e-21,1.2269308171451993e-19,ALPK3
ENSG00000136490,852.4403694925065,1.7360251340100177,0.1804459753495989,9.620747321444076,6.5354594138037295e-22,1.1418792499791853e-20,LIMD2
ENSG00000136492,577.8837411444711,2.15707408992662,0.1986719740199749,10.857465430477587,1.8377929866031818e-27,5.30286087068182e-26,BRIP1
ENSG00000136531,271.97441261938127,-2.613832144502886,0.3013068714718491,-8.674983520072473,4.1361037302140735e-18,4.98489599231016e-17,SCN2A
ENSG00000136541,85.88063979926392,2.673395946289053,0.2543772414383192,10.509572048084705,7.804689920017454e-26,1.9329882071245463e-24,ERMN
ENSG00000136542,1424.5800610464253,1.662119397547784,0.2871462607023191,5.788406902748708,7.105711280114618e-09,3.0422793180126636e-08,GALNT5
ENSG00000136546,277.53430598631155,-1.876682549738795,0.3165868795089313,-5.927859526742805,3.069088618024533e-09,1.3800512694416576e-08,SCN7A
ENSG00000136574,9.93188959881754,2.140785498343053,0.5557490687484035,3.852072128819385,0.0001171225103166,0.0002795769973649,GATA4
ENSG00000136695,8.5705324042174,2.567027544491601,0.5745719291707881,4.467721818913585,7.905701813137554e-06,2.2588326597584183e-05,IL36RN
ENSG00000136732,2163.1388301109937,-1.974812201347316,0.1732373153134325,-11.399462048776003,4.207106360269053e-30,1.5528312711687509e-28,GYPC
ENSG00000136770,4451.440063577643,1.6024156254758906,0.1830055996543167,8.756101608380993,2.021195243786341e-18,2.505282817333117e-17,DNAJC1
ENSG00000136826,4027.332937251534,-2.5339466898903726,0.2015626162737347,-12.571511209445276,3.0287845934042696e-36,1.8087629341509767e-34,KLF4
ENSG00000136842,326.31268600816264,-2.1746811547186287,0.2989522693266535,-7.274342354439327,3.481121302419493e-13,2.4755364894781384e-12,TMOD1
ENSG00000136859,7216.658107444422,-1.76414042018229,0.1864123446230003,-9.463645896145351,2.973891000310848e-21,4.875456713958098e-20,ANGPTL2
ENSG00000136883,2545.39149235035,1.5652135602130377,0.3293164737482571,4.752916070058342,2.0050359494578824e-06,6.228384612138309e-06,KIF12
ENSG00000136918,14.557038741682405,2.912949786014547,0.406539144914863,7.165238138690368,7.765145185052842e-13,5.273670669378463e-12,WDR38
ENSG00000136928,62.619544705514095,3.1247189177578982,0.4550083445506193,6.867388159318199,6.538797829771352e-12,4.0242832868497846e-11,GABBR2
ENSG00000136960,4905.258533614284,-2.743953648995749,0.22786409623165,-12.042062327389242,2.135492859777578e-33,1.011599335981981e-31,ENPP2
ENSG00000136982,593.2423049749028,1.6943060253065667,0.1797674136002224,9.424989720742524,4.301476989896932e-21,6.894556755519361e-20,DSCC1
ENSG00000137033,1814.029583184898,-2.897938383650778,0.2750152263496265,-10.537374319655424,5.809834737334724e-26,1.4579448361158671e-24,IL33
ENSG00000137077,1357.0163745653806,-2.703661714652592,0.3402699437358472,-7.945637763267902,1.9319421271356457e-15,1.7673446481456035e-14,CCL21
ENSG00000137090,4.760695183164321,2.41738511416143,0.545498188279051,4.431518135354118,9.357194139314353e-06,2.645961207195988e-05,DMRT1
ENSG00000137135,281.51276538607016,2.00973109615267,0.1726958408880221,11.637402996032788,2.659918887699217e-31,1.0874976067785645e-29,ARHGEF39
ENSG00000137142,154.3759196599718,2.7452325609533106,0.2907885047355934,9.440650219132564,3.70473211237362e-21,5.979669164250832e-20,IGFBPL1
ENSG00000137225,177.55328637786494,-2.73433064148846,0.202555071608437,-13.499196143428316,1.5809165331053226e-41,1.4638626086158169e-39,CAPN11
ENSG00000137261,63.81855129151565,2.095443056534873,0.3106843493788874,6.744604485948622,1.534444336902467e-11,9.079906090666458e-11,KIAA0319
ENSG00000137309,6799.92580218921,1.583596312727462,0.1699173716294155,9.319802310626816,1.1655726824096976e-20,1.7998311467192164e-19,HMGA1
ENSG00000137310,1976.0844897249208,1.5271699832674297,0.1824169770691455,8.371863232272249,5.671424678390688e-17,6.089620639524546e-16,TCF19
ENSG00000137392,12.442629189745936,2.728522709981712,0.4511663584335994,6.047708697640592,1.4692028829996244e-09,6.898244985108661e-09,CLPS
ENSG00000137440,156.2994422370444,-1.5219888888153428,0.5500575438146478,-2.766963031286424,0.0056581171001132,0.0101783295157049,FGFBP1
ENSG00000137441,248.49709407430296,-4.195185207317642,0.3451504103210892,-12.15465803275422,5.418805683821292e-34,2.6866559896931127e-32,FGFBP2
ENSG00000137463,22.647146291465543,-2.247977166447422,0.1962384502762217,-11.455334891216324,2.211070164410653e-30,8.358348452235151e-29,MGARP
ENSG00000137563,2004.5824097073996,1.9147180864418445,0.240257922302114,7.969427472340199,1.594111515384604e-15,1.4776251664229456e-14,GGH
ENSG00000137571,67.34528523532303,2.24400900333378,0.2814197263838713,7.973886664479352,1.5376055468756919e-15,1.4277382043403744e-14,SLCO5A1
ENSG00000137573,13003.758055541752,1.7991235571037507,0.177711385027977,10.123850854127976,4.330353392082097e-24,9.228479662757157e-23,SULF1
ENSG00000137634,7.0792846354686265,-1.5817202623629696,0.3272938468790438,-4.832722269134248,1.346786127113613e-06,4.280177149969418e-06,NXPE4
ENSG00000137648,311.9017534453224,2.6610718504518767,0.4446592830868874,5.984518825241521,2.170304886599962e-09,9.967860795539892e-09,TMPRSS4
ENSG00000137675,30.146081738958923,-2.995411174425999,0.2735369906429375,-10.950662165966682,6.596362648913376e-28,1.974080376068389e-26,MMP27
ENSG00000137699,5808.826530982593,-1.672894851182557,0.3580131739070122,-4.672718696147931,2.972387460764318e-06,9.020349065868648e-06,TRIM29
ENSG00000137727,496.5022967423872,-3.073289181306988,0.1904973373322436,-16.132977102703066,1.4963033033329917e-58,6.337966829702012e-56,ARHGAP20
ENSG00000137731,11.55710064727226,-1.9673184837100768,0.275420382729371,-7.142966196670966,9.133809435276062e-13,6.155997609496863e-12,FXYD2
ENSG00000137745,1204.1040689468805,6.085056634102616,0.3605795611074684,16.87576693313741,6.783818111715516e-64,5.815482784478704e-61,MMP13
ENSG00000137766,13.54878236497708,-2.217120177575998,0.2709570498087164,-8.182552102413226,2.778945260599809e-16,2.792078272228353e-15,UNC13C
ENSG00000137807,1272.7827046646305,2.5603142362742326,0.1835928403170884,13.94561047071466,3.345729666932487e-44,3.7835219531374826e-42,KIF23
ENSG00000137812,728.6187954965396,2.8168922734687176,0.2092722260448615,13.46042103487188,2.6738824433862204e-41,2.4502905494134072e-39,KNL1
ENSG00000137825,57.97462825867765,3.048454322864982,0.2615436001961377,11.655625756389655,2.147966537472163e-31,8.849955152453136e-30,ITPKA
ENSG00000137872,933.3792337081314,-1.7447770851347224,0.2402395598200878,-7.262655186520332,3.7956464749706643e-13,2.685551253257332e-12,SEMA6D
ENSG00000137960,262.38819036556293,-2.744632462087591,0.2177949938558039,-12.60190793873222,2.0609791627381637e-36,1.259092442523372e-34,GIPC2
ENSG00000138039,23.38644921343988,-4.106555051473058,0.4562031512879989,-9.00159290850801,2.2246609813880064e-19,3.0071396531223945e-18,LHCGR
ENSG00000138083,67.03026039798158,2.3662397242888926,0.390271903625124,6.063054250919857,1.3356058881126634e-09,6.304391914137482e-09,SIX3
ENSG00000138131,783.0428374645834,-1.831870966219978,0.2557824370719812,-7.16183248228439,7.960566496286154e-13,5.400869406147678e-12,LOXL4
ENSG00000138160,1830.781382641956,2.398756488197866,0.1747253885828337,13.728723156112284,6.832704815168212e-43,6.80071649674514e-41,KIF11
ENSG00000138180,1085.1686309151694,3.328666775240789,0.2193676007642715,15.173921598466656,5.2635721216786084e-52,1.227012536259728e-49,CEP55
ENSG00000138207,4481.172067687217,-5.00343214265712,0.3493810231135538,-14.320846902526052,1.621352519885481e-46,2.221002227626632e-44,RBP4
ENSG00000138315,15.459184260575816,2.144003646389756,0.2876062665938412,7.45464857835496,9.010768062676521e-14,6.82614484793696e-13,OIT3
ENSG00000138316,274.4250606154228,3.0599796688733027,0.2273604159544021,13.45871776328467,2.7362325821869557e-41,2.498810339230872e-39,ADAMTS14
ENSG00000138346,517.2659167561616,1.8598405925945083,0.1683280913719209,11.0489020426495,2.219122593568852e-28,6.995632612585084e-27,DNA2
ENSG00000138356,1472.0546032645775,-2.4948928602690743,0.2586937024794654,-9.6441963463224,5.201702889168919e-22,9.203412402108124e-21,AOX1
ENSG00000138623,501.9161312638928,1.564144141261689,0.1507237660032244,10.37755479934218,3.1370710293280683e-25,7.397308128162681e-24,SEMA7A
ENSG00000138640,2403.558404172739,-2.2747542643137346,0.1755832614122632,-12.955416399133242,2.189448034352829e-38,1.5854109404067148e-36,FAM13A
ENSG00000138653,9.792543737185389,3.3621075946409973,0.6423333790477573,5.2342096866042285,1.6569227026242221e-07,5.935928932628566e-07,NDST4
ENSG00000138675,7.147000571094444,4.106844556127181,0.4434062885992342,9.262034981734525,2.0057245423360475e-20,3.0250924922009345e-19,FGF5
ENSG00000138678,462.60319135951465,-2.4261446726662577,0.2087165867787219,-11.62411052284224,3.108137647407011e-31,1.2591274082292885e-29,GPAT3
ENSG00000138684,7.555819088061725,4.293070776286276,0.5496346896803083,7.810771148348216,5.683913802858382e-15,4.915392427951889e-14,IL21
ENSG00000138685,1373.4721207022508,-2.621426103041498,0.2756893584948946,-9.50862273884265,1.932034228450172e-21,3.23527470832157e-20,FGF2
ENSG00000138696,7829.844487156956,4.024299132896167,0.4250168036776184,9.468564767497186,2.8371499553670305e-21,4.662786645879952e-20,BMPR1B
ENSG00000138722,1141.2655056765182,-3.691930288858481,0.2902101483768629,-12.721575415289031,4.48720863309525e-37,2.922734544718291e-35,MMRN1
ENSG00000138755,4445.882193939813,3.577025237679573,0.3196068269301981,11.191955040624936,4.464790533256345e-29,1.4924755776262559e-27,CXCL9
ENSG00000138778,952.9956512420086,2.5604185953222194,0.1923417162188848,13.311821510464547,1.9760466675377062e-40,1.6618177275257768e-38,CENPE
ENSG00000138795,995.5658213676238,1.6870313902333252,0.198860010623744,8.483512521908173,2.1849569138193174e-17,2.4624779467662576e-16,LEF1
ENSG00000138796,6583.588481886275,-1.5081977216323257,0.1224841790283771,-12.31340842218411,7.671365001288956e-35,4.118515654732405e-33,HADH
ENSG00000138798,900.7318407936364,-1.7199382800344112,0.3115653214621831,-5.520313595758033,3.3839519780662846e-08,1.32814242825449e-07,EGF
ENSG00000138829,654.8176812164353,3.3247052952412828,0.2755178623386624,12.067113424227305,1.5756475741199284e-33,7.571941099862041e-32,FBN2
ENSG00000138944,203.69247461824085,1.8842571568720736,0.2461033120498474,7.656366512005429,1.9126736530359473e-14,1.5610965088891371e-13,SHISAL1
ENSG00000139044,1660.1311703358622,2.022416426202725,0.2376149856144337,8.511316830346727,1.7196902779351606e-17,1.9572063869861623e-16,B4GALNT3
ENSG00000139055,1004.3896899830596,1.7494845183782457,0.2695167363105476,6.49119064859268,8.516062865249464e-11,4.6461582969411727e-10,ERP27
ENSG00000139144,675.2328172955098,-2.5497122201627933,0.3574969959185209,-7.132122085702539,9.883314849418845e-13,6.6342281415333616e-12,PIK3C2G
ENSG00000139151,13.906573662048515,-3.159842049490813,0.3944643365354919,-8.010463194830558,1.1427721292930582e-15,1.0753955147295688e-14,PLCZ1
ENSG00000139155,36.50869774213121,-1.8872427681258783,0.2113825059312225,-8.928093456986122,4.334134277403556e-19,5.704785459237221e-18,SLCO1C1
ENSG00000139219,3194.483698734014,4.0485174878108445,0.4863979508753334,8.323467400561691,8.542677863422373e-17,8.98739763343031e-16,COL2A1
ENSG00000139304,172.78414614686486,-1.7766380323690898,0.4758022167340274,-3.73398435291912,0.0001884742084694,0.0004348002340821,PTPRQ
ENSG00000139352,252.7860879986228,7.5150363685229,0.664917169124231,11.302214347120902,1.279503749596122e-29,4.509656783225058e-28,ASCL1
ENSG00000139438,594.0071717698648,1.515809885326468,0.2085122555877493,7.2696440842469405,3.604358912271951e-13,2.5604340575682197e-12,FAM222A
ENSG00000139547,135.65864935193244,2.5018014048192727,0.2650611513217992,9.438581973794962,3.778582101690181e-21,6.092324185121332e-20,RDH16
ENSG00000139572,101.31830180982338,2.3580878117705257,0.2207152994685447,10.683843926762265,1.211490109605559e-26,3.219534966276773e-25,GPR84
ENSG00000139618,631.4926187943761,1.5898861258369243,0.1654950557332491,9.606849695857742,7.48025959690973e-22,1.3009679240044247e-20,BRCA2
ENSG00000139629,10183.826103576535,1.5573690413952528,0.2460906632109113,6.328436118116817,2.4765834626168227e-10,1.2749942952158478e-09,GALNT6
ENSG00000139714,223.8803725582632,1.9303859454292287,0.2204838019608112,8.755227949907791,2.0369138343242277e-18,2.522413100986316e-17,MORN3
ENSG00000139725,21.1537367739249,1.6804546175149837,0.212419659500317,7.911012669298039,2.5530354405157866e-15,2.303800231976469e-14,RHOF
ENSG00000139734,556.2839488472587,2.287585004709332,0.2073711815316935,11.031354442853042,2.6977120061324438e-28,8.454209500350201e-27,DIAPH3
ENSG00000139800,26.27595082791455,2.815170280308389,0.5837674988041913,4.822416948656918,1.4182908893875554e-06,4.496132695392376e-06,ZIC5
ENSG00000139874,78.02147928873559,-2.2268808300787843,0.2850485925662102,-7.812284951245748,5.616041333293251e-15,4.860680574388087e-14,SSTR1
ENSG00000139890,79.1727390611022,1.7696304161780416,0.2187519417235345,8.089667237854993,5.982795600962479e-16,5.785763940887115e-15,REM2
ENSG00000139915,12.46780271353576,1.9379066678679011,0.4934142928349362,3.9275446536693592,8.5817491258732e-05,0.0002092869441314,MDGA2
ENSG00000139946,784.152105008624,-1.7335835839609224,0.1655877755112234,-10.469272738333398,1.1955798046457843e-25,2.9069106412133322e-24,PELI2
ENSG00000140009,70.489797479068,-1.828377956971212,0.2159428245212591,-8.466953977399754,2.518935609675105e-17,2.8161848475858604e-16,ESR2
ENSG00000140067,2.788609934939864,-2.723960041283292,0.4141767268066299,-6.576806143323088,4.8066077679456365e-11,2.6959814570104533e-10,FAM181A
ENSG00000140092,5650.06956132814,-1.5420303820928885,0.2025821366783666,-7.611877371700953,2.7014281450470547e-14,2.169551313225309e-13,FBLN5
ENSG00000140263,2825.355080759074,1.5012001135411404,0.2116825652509787,7.091751329455319,1.3242531155397249e-12,8.793609831451319e-12,SORD
ENSG00000140285,885.4936762498147,-1.7611449282181626,0.2146711019342543,-8.203921777778618,2.3266952399119514e-16,2.3608982818121465e-15,FGF7
ENSG00000140379,230.6782150537575,1.7959317471522724,0.2565796888361927,6.999508633354227,2.568617537463307e-12,1.648816692224333e-11,BCL2A1
ENSG00000140451,161.74293631317283,2.441405442408766,0.2271195424021106,10.749429206256089,5.962947057162549e-27,1.645538089762147e-25,PIF1
ENSG00000140465,66.44973588589116,-4.833483975242809,0.4396458169477212,-10.994040632069892,4.082315186631643e-28,1.2512978787166772e-26,CYP1A1
ENSG00000140525,1784.4462684083244,1.7493577353167886,0.1498182402399627,11.676533728569073,1.6800788780597367e-31,6.976265028818359e-30,FANCI
ENSG00000140534,434.9587159459123,2.0344206556897886,0.2163438232967593,9.403645663131176,5.270456008905933e-21,8.397024486611221e-20,TICRR
ENSG00000140538,640.1071484944889,-1.974100050597554,0.3035829153010528,-6.502671761485348,7.890584472902203e-11,4.324443851667892e-10,NTRK3
ENSG00000140545,11174.565065646775,-1.5506693820497728,0.1715175605684064,-9.040878245416271,1.554180612460587e-19,2.1411275156112023e-18,MFGE8
ENSG00000140557,178.90355617172852,-1.872839740314317,0.3215570900893827,-5.824283768066588,5.735804711765577e-09,2.4878245505985022e-08,ST8SIA2
ENSG00000140623,5.32834473604237,1.7304886088984044,0.359459884081246,4.814135555964501,1.4783843375071395e-06,4.6727002579986e-06,SEPTIN12
ENSG00000140798,141.1974190839487,2.1529619895384777,0.537279824294835,4.007152124806066,6.14552826226124e-05,0.0001528902954218,ABCC12
ENSG00000140873,228.39786190391865,-1.9700711038135772,0.314656133639112,-6.261028765048983,3.824459645892759e-10,1.928192280204896e-09,ADAMTS18
ENSG00000140876,76.09672920861554,-1.793292109655566,0.1576831297266935,-11.372758219372066,5.7152513024416016e-30,2.0834403753413652e-28,NUDT7
ENSG00000140937,6232.901776684605,1.7020296050357515,0.1917790345759241,8.874951366813397,6.996397924338932e-19,9.021313674881473e-18,CDH11
ENSG00000140945,835.8193785212194,-1.7935485179649364,0.1800522736322334,-9.961265591282434,2.251777187047697e-23,4.502707204348575e-22,CDH13
ENSG00000140955,8.333544987219529,-1.8095518063363405,0.2653167362477379,-6.820345493194528,9.08218207464416e-12,5.500432740056257e-11,ADAD2
ENSG00000141052,91.6880650885461,-2.849018204448002,0.2332633380378036,-12.213741895377824,2.625312257923586e-34,1.3314441460747958e-32,MYOCD
ENSG00000141255,10.935613137613682,-1.736716442478463,0.3716086520629848,-4.673509168414364,2.960964811873092e-06,8.989065088454862e-06,SPATA22
ENSG00000141294,276.2693148885012,2.2008835284278123,0.2144949998976881,10.26076845370573,1.0586091977905044e-24,2.3861356599900466e-23,LRRC46
ENSG00000141338,2301.0652644267884,-3.9503320105867754,0.3015786950341908,-13.09884310673509,3.3431463078773866e-39,2.575191684980915e-37,ABCA8
ENSG00000141404,495.85126755084224,-2.2353565953010794,0.1855541156680805,-12.046925433331204,2.0131998873796227e-33,9.570802684635688e-32,GNAL
ENSG00000141424,57649.47073295295,1.5565312765445984,0.2606493380698579,5.971744597822169,2.347298020517329e-09,1.07341617716742e-08,SLC39A6
ENSG00000141469,180.20828867055056,-1.897593692141028,0.2094611096229139,-9.05940819065269,1.311602309701891e-19,1.820147852758629e-18,SLC14A1
ENSG00000141526,1928.194579803691,2.155900417385426,0.2315640460099234,9.31016906352136,1.2762903362836571e-20,1.9594116514580121e-19,SLC16A3
ENSG00000141570,622.7787110460721,1.7193399751732723,0.1525353114645162,11.271750512491897,1.809363814009092e-29,6.252775469088638e-28,CBX8
ENSG00000141574,1847.1858817294867,1.736462067028071,0.230000772579187,7.549809713922695,4.3589463212819434e-14,3.4353202398596574e-13,SECTM1
ENSG00000141576,428.9768932638246,-1.9461026701161703,0.2585100781273121,-7.52815009849537,5.146421313781848e-14,4.021374532676578e-13,RNF157
ENSG00000141582,2751.249132567076,1.8967471797547264,0.1600103641003683,11.8539020295271,2.0539886145557567e-32,8.875568688100688e-31,CBX4
ENSG00000141668,363.0167161419841,4.718633263735503,0.4833093974265701,9.763173008553826,1.620055659968097e-22,3.0064929583555987e-21,CBLN2
ENSG00000141682,930.4342589842612,2.009653897568564,0.2207473963026902,9.10386229341031,8.717528807360114e-20,1.2316232219861513e-18,PMAIP1
ENSG00000141696,2048.85160498346,1.6411520297781204,0.1378785000201601,11.902885725752428,1.1432426392459152e-32,5.1233850148330855e-31,P3H4
ENSG00000141736,33814.476010948914,1.8225062980505655,0.2595007386683448,7.023125665857243,2.1695890638756544e-12,1.4018193380135062e-11,ERBB2
ENSG00000141741,2571.5394314408927,1.7738762305656,0.2093469468106345,8.473379992353868,2.383733988225241e-17,2.6729000311006657e-16,MIEN1
ENSG00000141744,296.62635701240214,2.333504403492562,0.4211023124923153,5.54141911423283,3.000301567618385e-08,1.1849162454964865e-07,PNMT
ENSG00000141750,4456.11254017572,-2.1631808996259125,0.4429201130272948,-4.883907585141898,1.0400383471301406e-06,3.350996493087232e-06,STAC2
ENSG00000141854,656.942630589565,1.519824002947209,0.195986954115427,7.754720255778376,8.853843041759575e-15,7.507685987069583e-14,MISP3
ENSG00000141977,26.553027772743164,2.8214122751937936,0.3453698755996973,8.169248317603605,3.10316844277932e-16,3.100251931084979e-15,CIB3
ENSG00000142025,11.328447252190278,2.22235198612522,0.5740709264284378,3.871215008137592,0.0001082942178188,0.0002598103131296,DMRTC2
ENSG00000142185,964.4236244607056,1.5504242090178897,0.1615161210049505,9.599191705268654,8.057379421594475e-22,1.3995088766593018e-20,TRPM2
ENSG00000142224,24.095758819546717,3.278989374103032,0.3843093718289702,8.532160843483892,1.4363915918369942e-17,1.6467690488812822e-16,IL19
ENSG00000142235,666.2371899553559,1.5599723766486318,0.2434336850256776,6.408202613718329,1.4724514814811222e-10,7.829211308595603e-10,LMTK3
ENSG00000142273,993.4679518387132,1.5652971545173433,0.2458544473098648,6.366763634519522,1.9305833254096746e-10,1.010144750398939e-09,CBLC
ENSG00000142449,147.75961522462927,1.5106301969237406,0.3898074615941059,3.875323963133142,0.0001064829369459,0.0002558112501662,FBN3
ENSG00000142515,65.67339369217258,-3.681292919044141,0.537891435908886,-6.843932944988771,7.704799720660784e-12,4.70268839174461e-11,KLK3
ENSG00000142611,128.58821429066603,-1.5443092555556897,0.2432463544125354,-6.348745736746405,2.170774704366711e-10,1.128267900812543e-09,PRDM16
ENSG00000142661,109.87955440185466,-1.621920212805256,0.1882690009252159,-8.614908481133938,6.99974863249415e-18,8.296981262646389e-17,MYOM3
ENSG00000142700,7.652263280765432,2.845989181454875,0.517815847707147,5.496141522235598,3.881910176556981e-08,1.5104211265300408e-07,DMRTA2
ENSG00000142731,574.112894775254,1.7960186938869651,0.1609680964727035,11.157606589399707,6.573754279744118e-29,2.1728547261716416e-27,PLK4
ENSG00000142871,16191.53092961498,-1.530847146662044,0.2099680750374066,-7.290856699949825,3.079902234299442e-13,2.2037803413168463e-12,CCN1
ENSG00000142910,3067.223135810417,-1.6782332188854383,0.2072489623369144,-8.09766765518091,5.602286724572994e-16,5.433342344798772e-15,TINAGL1
ENSG00000142945,1224.4452960996364,3.344750637186854,0.2197429096902461,15.221199363846049,2.557982085722964e-52,6.236548066797043e-50,KIF2C
ENSG00000143125,16.868039496803974,-2.001953910219984,0.514624504741344,-3.8901255027220056,0.0001001923905335,0.0002418358563513,PROK1
ENSG00000143171,86.8475094209673,-3.101808940281952,0.3327512506028517,-9.321704831048256,1.1448572398544588e-20,1.7719616277887154e-19,RXRG
ENSG00000143195,87.22428763057833,2.283118064789703,0.2037584546873252,11.205022477684324,3.8525596390645384e-29,1.299261071169291e-27,ILDR2
ENSG00000143196,2351.575071561842,-3.179039472520895,0.2742633847111874,-11.591191714740107,4.567331441676281e-31,1.833486904268084e-29,DPT
ENSG00000143228,797.4187756984403,3.5839841618263497,0.2149748368932884,16.67164498701495,2.107148698688476e-62,1.4736178070433225e-59,NUF2
ENSG00000143320,27243.5342401078,2.241727331747369,0.252521616414326,8.877368058935774,6.846097152396933e-19,8.831797661405269e-18,CRABP2
ENSG00000143344,2184.3235318246625,-1.5035307519523229,0.1452750529341033,-10.349545373315562,4.20477681287863e-25,9.794042453899564e-24,RGL1
ENSG00000143355,10.591275724844168,2.672383724295212,0.563897265430876,4.739132264195737,2.1463537577412302e-06,6.6402038547116646e-06,LHX9
ENSG00000143382,849.4145133004614,-2.060975890073847,0.1925281463087971,-10.704803061720828,9.663592240980544e-27,2.58881011899252e-25,ADAMTSL4
ENSG00000143412,2029.8387279907936,1.8642130698210344,0.2028037193048247,9.192203556282038,3.8487491246271994e-20,5.6508567948601015e-19,ANXA9
ENSG00000143452,53.95014596946885,2.8279449276911413,0.481854602828904,5.868876028346838,4.387593427919924e-09,1.9330287690147878e-08,HORMAD1
ENSG00000143473,73.78944001718972,2.1691558142657703,0.2851266752918892,7.607691606003428,2.7903467286451545e-14,2.239609311801419e-13,KCNH1
ENSG00000143476,1315.4825980066378,2.8285424711184035,0.1903650552282186,14.858517324660314,6.1266137324348585e-50,1.1151695886264135e-47,DTL
ENSG00000143502,1517.94820355225,1.545215022815566,0.244221126742784,6.3271144614896535,2.4978807205723407e-10,1.2847141503621046e-09,SUSD4
ENSG00000143512,98.31024322925546,2.4756647053251366,0.3409173636028238,7.261773583962535,3.8204732747000053e-13,2.7023975851784042e-12,HHIPL2
ENSG00000143546,1558.647377114634,2.416984642939573,0.4042426036271828,5.979044814308251,2.2444980974650435e-09,1.0287605543313821e-08,S100A8
ENSG00000143556,922.2452210232144,6.318992682529316,0.6035479679088127,10.469743944998294,1.1896435641687078e-25,2.8951261646321803e-24,S100A7
ENSG00000143578,5347.72106914936,1.581197665213346,0.1910225211717061,8.277545786300458,1.2573979290140414e-16,1.3057971849764812e-15,CREB3L4
ENSG00000143590,707.5105545992999,2.2284616883533754,0.2445243256227847,9.113456023966757,7.979857151812324e-20,1.132824272486178e-18,EFNA3
ENSG00000143797,4776.811332217585,1.5241878844093202,0.1717676064803066,8.873546739350239,7.085248478785743e-19,9.131448997271153e-18,MBOAT2
ENSG00000143851,434.58340744575554,1.5046478006949908,0.1937200529074916,7.767124663204148,8.028781569535042e-15,6.840810202321057e-14,PTPN7
ENSG00000143867,819.273933958994,-2.497514882701406,0.3044949319431437,-8.202155834789886,2.3611394439017925e-16,2.3940206303582656e-15,OSR1
ENSG00000143921,16.58754890034075,-1.6217615230450937,0.3147878919997486,-5.15191836872299,2.578352704805325e-07,9.03001095548254e-07,ABCG8
ENSG00000144031,124.21258667385844,-2.8357533087869222,0.2047674410181488,-13.848653353711564,1.2961935220670377e-43,1.3723642569295426e-41,ANKRD53
ENSG00000144045,114.41288567485267,3.70803072345733,0.3530051887283685,10.504181926658864,8.263616108944673e-26,2.042842772978648e-24,DQX1
ENSG00000144130,5.650509806278641,2.7547160337910874,0.3913948430509017,7.038202170264238,1.9473600685468118e-12,1.2659269525839416e-11,NT5DC4
ENSG00000144229,175.7683665677655,-2.15848919962813,0.2304945446265934,-9.364599943677336,7.633893529473324e-21,1.1989995304122557e-19,THSD7B
ENSG00000144230,51.06419864684979,-2.555527604775932,0.2703114745812723,-9.45401081746377,3.2609050911063567e-21,5.326278598411273e-20,GPR17
ENSG00000144285,24.93562989729302,3.4852108332575065,0.5233683773689951,6.65919261453639,2.7533590310981723e-11,1.5868687107229218e-10,SCN1A
ENSG00000144339,6.584715066810292,-3.0928202984050857,0.2954370666167253,-10.468626478807565,1.2037691240662272e-25,2.9214762074940623e-24,TMEFF2
ENSG00000144354,629.7620394508491,1.6743532487791093,0.291793657585804,5.738141338067821,9.572121962981473e-09,4.033282720251032e-08,CDCA7
ENSG00000144395,113.86749406211604,1.5494153896969498,0.1815057506061584,8.536453443059001,1.3840441178989117e-17,1.589497512236974e-16,CCDC150
ENSG00000144476,2982.8716602831905,-1.8053186309071132,0.2128202839181279,-8.482831606415957,2.1977862622164298e-17,2.474837708406848e-16,ACKR3
ENSG00000144485,443.3556307884901,2.912916869339266,0.2239591561169114,13.006464749396812,1.1242393277438955e-38,8.368812362687401e-37,HES6
ENSG00000144583,38.83181968570023,4.974806950155778,0.3969876345291658,12.531390193188216,5.02736278435338e-36,2.955800132614846e-34,MARCHF4
ENSG00000144642,1771.8411609704826,-2.111694914693683,0.1940680798178216,-10.881206825336776,1.4167470507516274e-27,4.1195394761374476e-26,RBMS3
ENSG00000144655,3968.92801620936,-1.920000128394783,0.1635678430508896,-11.738249356246802,8.114881147342778e-32,3.406839912964207e-30,CSRNP1
ENSG00000144834,13.558822207894258,2.942652035310511,0.5240121825650222,5.615617600541894,1.9586139074942407e-08,7.934476309704185e-08,TAGLN3
ENSG00000144857,2173.1062859617955,-1.6919558441617917,0.2217701212709292,-7.62932280717286,2.359900455949728e-14,1.9050532994187126e-13,BOC
ENSG00000144908,1436.1580987665247,-5.514275714994617,0.3277745566549304,-16.823379371693736,1.6450168897077222e-63,1.3247370861812942e-60,ALDH1L1
ENSG00000145063,28.781399072293397,2.051416486220176,0.3178049326190554,6.4549548344460606,1.0825118258897401e-10,5.835243767346823e-10,FLJ33534
ENSG00000145087,13.034360144402193,1.7462538779538073,0.3754306634293262,4.651335247906662,3.297926904737126e-06,9.948059874391502e-06,STXBP5L
ENSG00000145244,360.9083705270418,1.6130838771088083,0.2846137793276221,5.667623967186668,1.4479129329780592e-08,5.957313236397573e-08,CORIN
ENSG00000145283,66.84081024241331,-2.195867471538496,0.221642301201855,-9.907258044296633,3.871245958590018e-23,7.586899804537591e-22,SLC10A6
ENSG00000145335,156.83747041364708,-1.5887418935977853,0.185878351044558,-8.547213189000898,1.2609614676035327e-17,1.4556929192686304e-16,SNCA
ENSG00000145362,1834.7430485685,-2.496888575490438,0.2099139683167597,-11.894818603603545,1.2592632885401056e-32,5.605514554933552e-31,ANK2
ENSG00000145386,989.2463924732484,2.80238970919875,0.2062413630632848,13.587913052818807,4.7235781241782425e-42,4.4992504892486305e-40,CCNA2
ENSG00000145451,1078.278354064536,-1.9588592274469896,0.6020102602521881,-3.253863524894749,0.0011384695908995,0.002314830097793,GLRA3
ENSG00000145681,145.46254370688274,4.642349658450561,0.3275185477103392,14.1743107097443,1.3213417556901437e-45,1.6721265313078845e-43,HAPLN1
ENSG00000145708,123.1599976481762,-3.717257390578812,0.2560050077413301,-14.520252644177814,9.017726572746532e-48,1.3932911841322041e-45,CRHBP
ENSG00000145721,7.986911913261999,2.987211432193033,0.4215579517275543,7.086122844916983,1.3792139314172605e-12,9.135745320890752e-12,LIX1
ENSG00000145757,34.113919742407845,-1.521902736494108,0.1767774574505851,-8.609144844837063,7.36075967550239e-18,8.693875038954488e-17,SPATA9
ENSG00000145777,99.97621750437092,-3.107809158915805,0.2867319394194716,-10.838726809465294,2.2558862992518813e-27,6.432422575388277e-26,TSLP
ENSG00000145808,101.38178672266018,2.387695809893255,0.3470054423027034,6.880859833346345,5.94923670497678e-12,3.672496293490312e-11,ADAMTS19
ENSG00000145911,1817.8110799272947,1.9593780373447491,0.1768589271321192,11.07876243013185,1.5905582390484155e-28,5.1049619810038216e-27,N4BP3
ENSG00000145920,12.757844104186898,3.6919864913809968,0.626279567891802,5.895109278128063,3.744334998636359e-09,1.6634186323764836e-08,CPLX2
ENSG00000145934,640.8804811359638,-1.8525819449993852,0.3052794234798626,-6.068479571541082,1.2912683681890163e-09,6.1026955156719035e-09,TENM2
ENSG00000145936,978.1863432321162,-2.6534677468460446,0.2314715847936218,-11.463470772068437,2.0128361517069042e-30,7.641588675944423e-29,KCNMB1
ENSG00000146005,61.86232997295433,-1.7240990337453617,0.2621284233252132,-6.577306695223718,4.7904602628861926e-11,2.688059153002546e-10,PSD2
ENSG00000146006,74.31755165041844,-2.2182214840960035,0.2598822592464915,-8.535486379591916,1.3956704869491673e-17,1.6007744147895603e-16,LRRTM2
ENSG00000146122,1532.8385171411066,-1.6512072793079786,0.1968164744963786,-8.389578583465381,4.8788787093571204e-17,5.272720687318645e-16,DAAM2
ENSG00000146197,853.2193902040651,2.5956611538640986,0.2968603292256427,8.743711767196567,2.2557448078660574e-18,2.779157082477537e-17,SCUBE3
ENSG00000146374,460.2720097678058,-2.3041931505154496,0.2420847614931427,-9.518125537119849,1.7633084281455453e-21,2.965817815061257e-20,RSPO3
ENSG00000146410,223.39029093720552,3.098722057407246,0.2218244975994419,13.969250875990904,2.401392305399252e-44,2.738927060771893e-42,MTFR2
ENSG00000146469,7.952520727172573,-1.8146001110219752,0.2309278749727905,-7.857865193778723,3.90735486180512e-15,3.453207697122416e-14,VIP
ENSG00000146477,315.91793708560857,-2.797250203853286,0.2535069797647832,-11.034213757935651,2.613271097222187e-28,8.199253767258515e-27,SLC22A3
ENSG00000146592,880.5120275586853,-1.9370026917320664,0.2290428089509612,-8.456946108038625,2.7447068589484918e-17,3.053184796004862e-16,CREB5
ENSG00000146648,5366.155146216722,-2.410152289408971,0.2387751854241096,-10.09381391591462,5.8838033870768355e-24,1.2390021791724792e-22,EGFR
ENSG00000146670,1320.421943351358,2.997347434675142,0.2045220940357218,14.655372314697816,1.2447246633485843e-48,2.1069145177381293e-46,CDCA5
ENSG00000146678,28.83988956932293,-3.195949136070008,0.4238815956557358,-7.53972139584391,4.709765726108097e-14,3.6931845432671193e-13,IGFBP1
ENSG00000146755,10.328809488993263,-1.7964350703668588,0.3432586989980648,-5.233472816888427,1.6635448095919629e-07,5.957243405862607e-07,TRIM50
ENSG00000146857,7.254469932462555,2.86224600706638,0.592091387846203,4.834128760896374,1.3373001137535478e-06,4.252063953457828e-06,STRA8
ENSG00000146955,223.46030428143067,1.760671393432895,0.2149865762792323,8.189680601946378,2.619203230447473e-16,2.642571216747973e-15,RAB19
ENSG00000146966,576.3763002329407,-2.346623277203161,0.1608883516120904,-14.585414380159618,3.4780370857372384e-48,5.601747609301038e-46,DENND2A
ENSG00000147027,2521.482973234185,-1.6708391202753998,0.1834604592655044,-9.107352761269158,8.441654969510473e-20,1.1951890293806117e-18,TMEM47
ENSG00000147113,2160.1432530231887,-2.1071574653405905,0.1572718311522576,-13.398187392506507,6.195790952993295e-41,5.4884381525265604e-39,DIPK2B
ENSG00000147234,215.18452115037735,1.8421175303603432,0.2799125521144016,6.581046532016401,4.671483425746113e-11,2.626288809799089e-10,FRMPD3
ENSG00000147246,3.7469560067643535,1.6119341020794833,0.7369088480844933,2.187426716709284,0.0287113875856322,0.0447720411388438,HTR2C
ENSG00000147251,2498.475664630575,-2.109022099004678,0.2186859266602818,-9.644068693459838,5.208178183186151e-22,9.20873820480186e-21,DOCK11
ENSG00000147256,421.6325406941779,-2.2962993254256165,0.6435852830415933,-3.567979855868165,0.00035974415372,0.0007939047405006,ARHGAP36
ENSG00000147257,3829.257609801932,-2.650230258409871,0.2878405765211472,-9.207285124427765,3.344773256722812e-20,4.940931033763688e-19,GPC3
ENSG00000147381,7.687497313887766,2.311274099628162,0.9947307446478852,2.3235173056265666,0.0201513790820448,0.0324618354310081,MAGEA4
ENSG00000147434,41.37860407418434,4.209064856039914,0.3181157908769947,13.231235219214332,5.792746505502202e-40,4.736684257960648e-38,CHRNA6
ENSG00000147485,217.19254602040948,1.5298790026990894,0.3104759547726228,4.9275281360178,8.327643461304647e-07,2.718426790126164e-06,PXDNL
ENSG00000147526,8973.78335864425,-1.7599329279481128,0.192273346539624,-9.153285983845,5.522753540817211e-20,7.972144233960748e-19,TACC1
ENSG00000147536,430.3157644792582,2.16520940500729,0.224522632543826,9.643613120314935,5.231352596057566e-22,9.243563513313152e-21,GINS4
ENSG00000147576,165.02696432083624,-1.74945090335526,0.2029961031270048,-8.618150183211712,6.804439802311904e-18,8.076283508103566e-17,ADHFE1
ENSG00000147588,6.560736112647824,-1.6132911381717474,0.4930763488297734,-3.2718891141313087,0.0010683146700595,0.0021830420881839,PMP2
ENSG00000147676,12279.974384453892,1.7954584858841538,0.17778617259749,10.098977100705648,5.582138890570901e-24,1.1801538664830683e-22,MAL2
ENSG00000147689,385.6599081101618,3.076232554028475,0.4084395469959632,7.531671643096009,5.0094803968613134e-14,3.9201101751056956e-13,SACK1A
ENSG00000147697,200.5304812618841,1.6734906190333545,0.3589480898121821,4.662207897272835,3.128349285084497e-06,9.462313026533178e-06,GSDMC
ENSG00000147724,74.73218716429554,2.1160668697233547,0.3589043675406442,5.8959072697373065,3.726282045507386e-09,1.655952263534428e-08,FAM135B
ENSG00000147799,1290.3796686515918,1.698464272254743,0.1536535086902325,11.05385934062117,2.099890910732179e-28,6.635505464055607e-27,ARHGAP39
ENSG00000147804,1154.4625031758385,2.0444315925625136,0.2059463554825001,9.927010302137806,3.176365032724108e-23,6.280647376833569e-22,SLC39A4
ENSG00000147852,1392.1337773042912,-1.792483002282676,0.1926994838831625,-9.301960576964976,1.3787939617013696e-20,2.1131170433802712e-19,VLDLR
ENSG00000147889,1104.2484618962071,3.2148119088155926,0.2934487065744511,10.955277146535863,6.268618806486724e-28,1.8844858007057093e-26,CDKN2A
ENSG00000148053,10699.452824105478,-2.294297935460427,0.3192936205053831,-7.1855426733204855,6.694076235178659e-13,4.583743260754261e-12,NTRK2
ENSG00000148123,58.26326729981818,-2.6157348565212124,0.3621238744221395,-7.223315117500277,5.073526129188082e-13,3.536292385523747e-12,PLPPR1
ENSG00000148180,61126.80945927504,-2.674920370141279,0.1613346640100726,-16.57994818754062,9.731267793908464e-62,6.465211040577937e-59,GSN
ENSG00000148204,74.54572858731039,-2.227104506914197,0.2465906463976648,-9.031585501919867,1.692022348505721e-19,2.3202009242280462e-18,CRB2
ENSG00000148357,533.3563336125202,-2.824608469246173,0.2942825958175477,-9.598285829303348,8.128497243285978e-22,1.4109393484018604e-20,HMCN2
ENSG00000148408,44.44238510278305,2.067430822890549,0.348952653346134,5.924674316317113,3.129169245421148e-09,1.405165135131244e-08,CACNA1B
ENSG00000148541,259.93411793270565,-2.1705970674463537,0.2012171890667138,-10.78733421092911,3.9508371378849925e-27,1.101715602720815e-25,FAM13C
ENSG00000148773,5074.566139736488,2.9656499793419697,0.2405368825094641,12.329294153986066,6.299612036097064e-35,3.4096169014109875e-33,MKI67
ENSG00000148798,32.199892050805374,2.6216497622330017,0.454647809780852,5.766331005744164,8.101586744589028e-09,3.4447946837992546e-08,INA
ENSG00000148848,5397.619426191994,1.559742045784476,0.2250551307912416,6.930488722033508,4.193892034048686e-12,2.6304621384197268e-11,ADAM12
ENSG00000148942,22.72603023381883,2.3363729850992225,0.4547163264322524,5.138089066277051,2.77546337336141e-07,9.666833439984204e-07,SLC5A12
ENSG00000148965,9.96296075901457,-2.651490679846433,0.3704237641569745,-7.157992916250401,8.18667842787155e-13,5.544367462300877e-12,SAA4
ENSG00000149090,1541.156632947044,-3.65392019370406,0.2241380053450544,-16.30210007481305,9.535854056123797e-60,4.3692296817498247e-57,PAMR1
ENSG00000149124,419.1182523276488,-5.592296903673363,0.4168198636540991,-13.416579657811532,4.835193174698992e-41,4.3410560343792465e-39,GLYAT
ENSG00000149243,381.3548882486017,1.8734108873176216,0.2210843061779057,8.473739813128548,2.376378860807122e-17,2.6657774683811424e-16,KLHL35
ENSG00000149380,441.6199229954804,2.727813312402429,0.2142076143709998,12.734436730516755,3.805827929307341e-37,2.497280919045496e-35,P4HA3
ENSG00000149403,155.12937197194256,1.548214214561389,0.2761210381791631,5.607012869322978,2.0584836042389482e-08,8.31750065115555e-08,GRIK4
ENSG00000149451,725.4769104347218,-2.793197115642509,0.2424359203828499,-11.52138309880627,1.0294513098600971e-30,3.999659146130421e-29,ADAM33
ENSG00000149488,28.940538877534745,-2.6765173377154183,0.2450827708804925,-10.92087105143978,9.161294485897036e-28,2.705126677363486e-26,TMC2
ENSG00000149527,611.9977704556862,-1.5104930709624105,0.2450890657006625,-6.163037370289045,7.136265718981211e-10,3.4887097402856086e-09,PLCH2
ENSG00000149554,800.9950530532287,1.8342682706789573,0.1657101544481576,11.069136208263012,1.770994011944271e-28,5.6703814298095175e-27,CHEK1
ENSG00000149575,169.62177155657915,-3.162554431107357,0.307235529667421,-10.293583019290724,7.532031777439493e-25,1.722579556673447e-23,SCN2B
ENSG00000149591,19572.84729867957,-1.5148887593727531,0.1876522499070904,-8.072851565183996,6.867507682133102e-16,6.600506931381092e-15,TAGLN
ENSG00000149596,1240.7578329292392,-3.1086964414120195,0.2664316055393405,-11.667896663832549,1.8596418315374168e-31,7.69781645998549e-30,JPH2
ENSG00000149609,19.90845996443525,1.7312024142582048,0.2076782883850989,8.335981713447229,7.68577990964007e-17,8.134193592141971e-16,C20orf144
ENSG00000149654,22.370622531108623,-1.6872510694390006,0.2908880566145914,-5.800344947384702,6.617864169215341e-09,2.8467099432971457e-08,CDH22
ENSG00000149926,103.2963872734856,2.977144097678447,0.3197910253736652,9.309654935437145,1.2824832016267596e-20,1.967782395105724e-19,TLCD3B
ENSG00000149927,194.43294719806445,1.6922732174029136,0.2670667788062893,6.33651712491865,2.3501707119383086e-10,1.214620510886047e-09,DOC2A
ENSG00000149948,38.54014722036157,2.6699303337794222,0.3078376110596981,8.673177798477814,4.202250301243243e-18,5.057735586754492e-17,HMGA2
ENSG00000149968,785.3142410184738,3.3403359444041585,0.3055300360718221,10.932921644466186,8.022313235888142e-28,2.382044404957848e-26,MMP3
ENSG00000149970,181.05733742620947,-1.5775745187500896,0.3018503939283297,-5.226345734452358,1.7289293934594742e-07,6.178899762128232e-07,CNKSR2
ENSG00000149972,12.236633358110105,1.788258958271858,0.4536461007913916,3.9419692027600735,8.081535543000832e-05,0.000197850582271,CNTN5
ENSG00000150048,241.86956189688823,-1.7206709262031392,0.1619435616677762,-10.625127102817824,2.277017745726989e-26,5.915126744153933e-25,CLEC1A
ENSG00000150175,4.716092014495601,-1.7277517836744982,0.4508153604127136,-3.832504247620959,0.0001268454084952,0.0003011360309774,FRMPD2B
ENSG00000150337,236.706390188518,2.019254265959227,0.1947731291047436,10.367211715705036,3.4957622319757564e-25,8.213959444275485e-24,FCGR1A
ENSG00000150471,295.32665680155134,-2.655999890429076,0.2413711688433485,-11.003799265490722,3.663638238217619e-28,1.1334247518117954e-26,ADGRL3
ENSG00000150551,26.97180703218689,1.8897772933508552,0.2304195237669978,8.201463410981674,2.3747817245704997e-16,2.4069345663791397e-15,LYPD1
ENSG00000150625,99.98453295411956,-1.670004843355434,0.327832212582401,-5.0940840443971815,3.504312978286579e-07,1.203970489954309e-06,GPM6A
ENSG00000150667,865.0634361399404,2.6629349939542157,0.3208074973085117,8.300725563758704,1.0347747390663772e-16,1.080516255036895e-15,FSIP1
ENSG00000150676,9.99667754968551,2.282259347120561,0.3750524942155147,6.0851730952870735,1.1636552315395032e-09,5.529078808897247e-09,CCDC83
ENSG00000150750,28.231364379251147,-2.1661783728403208,0.2985562178213062,-7.255512508323762,4.0014379489854934e-13,2.8213906472350615e-12,POU2AF2
ENSG00000150893,467.3608923474464,1.62332487789057,0.4030558759424607,4.027543015207927,5.636275808599303e-05,0.0001409466732036,FREM2
ENSG00000150907,2367.5678367728246,-1.9201143903445257,0.1465392615731272,-13.103071284321532,3.161985382616355e-39,2.442725626250861e-37,FOXO1
ENSG00000150938,11087.020344345015,-1.733015542849914,0.1603074442967307,-10.81057433391605,3.0674353176098995e-27,8.607929626766957e-26,CRIM1
ENSG00000151012,455.73224053179086,2.3097433875191444,0.2689225956993805,8.588878080371977,8.782264900405266e-18,1.0313243028204592e-16,SLC7A11
ENSG00000151023,32.96861143398323,1.5781701017288148,0.2520588304139056,6.261118085556863,3.8222693969594924e-10,1.927453685468662e-09,ENKUR
ENSG00000151025,119.12940704939032,2.2371245964181434,0.3486483646296225,6.416564147073211,1.3938423426674208e-10,7.42907345695682e-10,GPR158
ENSG00000151033,6.009645954151722,3.0376049968616283,0.6352740280750264,4.78156647780174,1.7393446390747562e-06,5.4412105689713536e-06,LYZL2
ENSG00000151079,65.80022503714643,-2.160052573730701,0.3008522617456981,-7.179778410828542,6.982449552328269e-13,4.770143877972333e-12,KCNA6
ENSG00000151303,4.946080837361127,-2.112672117367071,0.2459542309741639,-8.589696176395497,8.719959998640228e-18,1.0253669777162128e-16,AGAP11
ENSG00000151320,375.32914460784207,-1.8320375228018717,0.1858856643812647,-9.85572248887484,6.474932212784683e-23,1.2441888904898985e-21,AKAP6
ENSG00000151364,97.452460967111,-2.033590157006278,0.2612956546541312,-7.782717089949609,7.098325180281543e-15,6.079213395616564e-14,KCTD14
ENSG00000151365,2108.6311362447773,-3.1010902459800787,0.3475541749428365,-8.922609680893997,4.554275132481629e-19,5.979736247317159e-18,THRSP
ENSG00000151468,2765.918437225674,-2.859469484034522,0.209245145002466,-13.665643157459265,1.6285846364083178e-42,1.5738049713654926e-40,CCDC3
ENSG00000151623,961.8651253232648,-1.991996377975061,0.2039643078421627,-9.76639687134164,1.5693423016102416e-22,2.9164525640064454e-21,NR3C2
ENSG00000151632,2955.3050354838238,-3.0651538133023744,0.3690145663798372,-8.306322006127324,9.871412394191359e-17,1.033213014476705e-15,AKR1C2
ENSG00000151651,1227.9903250427276,2.6400441625312294,0.2081074351989872,12.685967514840993,7.073494911077687e-37,4.475669696711656e-35,ADAM8
ENSG00000151655,173.67808538112237,-4.004229046019378,0.3153260290813281,-12.69869492754947,6.012396766236796e-37,3.8501070858492247e-35,ITIH2
ENSG00000151725,1099.6764860695523,2.147687821534055,0.1603125825316049,13.396876200348451,6.3062028505677e-41,5.5676857393301216e-39,CENPU
ENSG00000151726,18133.462372546604,-2.69606301089118,0.2221361553310716,-12.136984215257389,6.725958940454636e-34,3.3100436822700356e-32,ACSL1
ENSG00000151790,222.3864903915033,3.4929847011876625,0.2931682581794284,11.914607409680222,9.933295522304551e-33,4.466621463709704e-31,TDO2
ENSG00000151882,3942.871557745042,-2.3387575603743,0.3094665001409356,-7.557385239789104,4.1125258432700215e-14,3.251721936474287e-13,CCL28
ENSG00000151914,26570.184214305114,-2.4027043337229728,0.1727734362895827,-13.906676774639356,5.769864885301394e-44,6.388923305286857e-42,DST
ENSG00000151967,58.99582405711375,-1.5886264404191697,0.2481982279178501,-6.400635708587659,1.5473135099820298e-10,8.186314259958677e-10,SCHIP1
ENSG00000152049,3241.1757202949734,2.423488838267104,0.3059930467426906,7.920078132706766,2.3736137900378965e-15,2.148460029640909e-14,KCNE4
ENSG00000152086,56.6257064658776,2.1018676690540508,0.4495560947447355,4.675429148052195,2.9333954237018064e-06,8.910159262187164e-06,TUBA3E
ENSG00000152092,166.00215221317742,-1.5733999204990694,0.3571486658229327,-4.405448125848888,1.0556541331578743e-05,2.962721363255942e-05,ASTN1
ENSG00000152104,5382.870488557389,-1.6010992137531717,0.1411848657669858,-11.34044506155253,8.272268259237013e-30,2.966741281905852e-28,PTPN14
ENSG00000152154,231.10198660141597,-1.9343520463776456,0.2510596570163874,-7.704750613322892,1.3109905838456376e-14,1.0907819275421985e-13,TMEM178A
ENSG00000152192,19.358969724978884,2.979181357287056,0.6453738286885035,4.616210364992953,3.908108059529749e-06,1.1693083954289922e-05,POU4F1
ENSG00000152253,358.32865413747146,2.879729737266549,0.1821659122895052,15.80827994147428,2.7281407716570984e-56,9.41562870218018e-54,SPC25
ENSG00000152270,1896.8421642821347,-3.407040322073991,0.2950313452972346,-11.548062185194278,7.5503639995303175e-31,2.968208924371571e-29,PDE3B
ENSG00000152292,7.961625259982943,1.7661114987824236,0.3106515422216639,5.68518503449831,1.30671101943051e-08,5.404800831340981e-08,SH2D6
ENSG00000152465,1475.7418621660215,-1.8721453984281569,0.1516383186281085,-12.346123429524267,5.111570305550789e-35,2.777913719223154e-33,NMT2
ENSG00000152527,912.077476197266,-1.5049207397377042,0.225279401709762,-6.680241195227266,2.385493082958917e-11,1.3829511055766409e-10,PLEKHH2
ENSG00000152578,295.74144460607573,-3.1787703696274603,0.4036734831985515,-7.874607825215867,3.4181331392264888e-15,3.0400564984920994e-14,GRIA4
ENSG00000152580,882.8791040880271,-3.129425357090153,0.2615134035780297,-11.966596412548324,5.316511600188533e-33,2.440177819948364e-31,IGSF10
ENSG00000152583,25568.90468590074,-1.8350278200800816,0.1726514490321224,-10.628510970323038,2.19590400822308e-26,5.721191080247877e-25,SPARCL1
ENSG00000152592,6.021994000699451,3.2044059396834146,0.4260291269283058,7.521565398092292,5.4124242128289995e-14,4.219277602110022e-13,DMP1
ENSG00000152611,39.82539438263453,3.333946125010141,0.4127806215350138,8.076799033375508,6.6488987529171925e-16,6.399655355261657e-15,CAPSL
ENSG00000152669,582.0143695746576,2.345466780864119,0.3256756011707752,7.201849854371566,5.94010841069668e-13,4.100217688682189e-12,CCNO
ENSG00000152766,487.3488235199504,2.1986095126158194,0.2303805607015983,9.543381203345447,1.382497662984784e-21,2.346096768443208e-20,ANKRD22
ENSG00000152779,74.20715222263352,-2.7138144284802026,0.2903601897113007,-9.346372280506133,9.070549307178716e-21,1.416274076605607e-19,SLC16A12
ENSG00000152785,88.74520446704199,-4.116887262776414,0.4061078159949548,-10.137424350452688,3.769061596552149e-24,8.090695632340337e-23,BMP3
ENSG00000152932,169.1711144488867,-1.6080537863374849,0.3243040249999175,-4.958476190167217,7.104824401138997e-07,2.3390821167030336e-06,RAB3C
ENSG00000152969,6.001912501412043,2.417723989191197,0.3574740969818545,6.763354350997694,1.3483291652595716e-11,8.026847573201863e-11,JAKMIP1
ENSG00000152977,192.7071885594174,2.1616371954524505,0.4754317316967852,4.546682628308603,5.449808196549918e-06,1.5964357674527564e-05,ZIC1
ENSG00000153002,14929.434674070008,3.0884234999316544,0.5755335539543763,5.366191907859606,8.04163791535586e-08,2.995605937770983e-07,CPB1
ENSG00000153060,43.29429542028699,1.998245862147438,0.2773385829594507,7.205077060769431,5.80110326965121e-13,4.014213140344372e-12,TEKT5
ENSG00000153132,1003.3916885572114,2.594561761896085,0.3037993541970353,8.540379451278652,1.3378179111010184e-17,1.5390697397190287e-16,CLGN
ENSG00000153162,457.3285292554235,-1.989171290653416,0.2349444744760099,-8.466559152283997,2.527484999938583e-17,2.8245548306714823e-16,BMP6
ENSG00000153246,2003.7049718316664,-1.5762290542332462,0.140065583143971,-11.253507241768784,2.2256248456557387e-29,7.621904674394493e-28,PLA2R1
ENSG00000153253,141.21926117054468,-3.168596946776627,0.2579571358601232,-12.283424283694918,1.1119038430461263e-34,5.816701698612365e-33,SCN3A
ENSG00000153266,5.827026373919403,-4.349407105017827,0.5681777190706435,-7.655011731421045,1.9329459627574e-14,1.5766740012362772e-13,FEZF2
ENSG00000153291,342.9366985514873,-1.9860638308678336,0.2265244586547298,-8.767546968934626,1.8260086735642256e-18,2.269699742748798e-17,SLC25A27
ENSG00000153294,29.92120789488161,2.9791790529834232,0.3827400213632189,7.783819006887167,7.036740777715154e-15,6.02841348058608e-14,ADGRF4
ENSG00000153303,147.0886480383513,-4.168494051729214,0.3321427143353757,-12.550310067979227,3.959565026664415e-36,2.359314811291633e-34,FRMD1
ENSG00000153789,13.419365247172577,1.7464000350831024,0.3623596221355389,4.819521625480307,1.4390285474616931e-06,4.558610519584515e-06,CIBAR2
ENSG00000153820,102.21851718266878,-4.272913562955463,0.4694296268677091,-9.10235170171656,8.839665544175058e-20,1.2475523730029325e-18,SPHKAP
ENSG00000153822,179.34672295986314,-4.155475072109655,0.4056125173623034,-10.24493794997426,1.2470487264369087e-24,2.799013505495004e-23,KCNJ16
ENSG00000153823,823.506458744676,-2.1210815813488844,0.2363618458959885,-8.97387466792026,2.8626297496225016e-19,3.828605213699948e-18,PID1
ENSG00000153902,370.8282594913196,-2.551135750287993,0.1899174514332266,-13.432866390295631,3.8809350760884327e-41,3.5080220968384376e-39,LGI4
ENSG00000153956,1621.480849462088,-2.007003016737324,0.2314998040742445,-8.669566804875807,4.337674870838952e-18,5.213645847695393e-17,CACNA2D1
ENSG00000153976,108.46378908550732,2.432386763012538,0.234098556102076,10.390438982254649,2.7408867439269537e-25,6.4918952958875936e-24,HS3ST3A1
ENSG00000153993,551.9582710706845,-1.992969682511776,0.23912539488466,-8.33441250969211,7.788393987849178e-17,8.229684700878408e-16,SEMA3D
ENSG00000154027,1750.8753358792217,-2.708461700338725,0.3032141929643013,-8.932503039716229,4.1647693231392244e-19,5.4954689554332125e-18,AK5
ENSG00000154065,629.5853065337706,-2.04943696228393,0.2331178031413411,-8.791421910583727,1.4767885428246933e-18,1.846854377673705e-17,ANKRD29
ENSG00000154080,354.79206793746795,-2.529137021083121,0.3408827984652823,-7.4193741440453,1.1767505927904092e-13,8.809055493916938e-13,CHST9
ENSG00000154118,43.71707918350507,1.9769407170160584,0.2678797827105346,7.379954907430623,1.5834315199312025e-13,1.1679070952587206e-12,JPH3
ENSG00000154133,1748.532212769789,-1.875062500494876,0.1585178197479985,-11.828717449405564,2.7734707537638246e-32,1.1926373022859817e-30,ROBO4
ENSG00000154134,370.10168599733913,-1.890818523912768,0.1773061090219641,-10.664147639033343,1.497659256716718e-26,3.9445287162781744e-25,ROBO3
ENSG00000154162,38.80316819138192,-3.86388365739726,0.3797673492351164,-10.174344016618196,2.58133369253566e-24,5.604488797314965e-23,CDH12
ENSG00000154165,49.40761299967005,-2.012261315457931,0.3552585732234211,-5.664216058742165,1.4769821095715218e-08,6.066584167212239e-08,GPR15
ENSG00000154175,3025.5012671168515,-2.2863421852583303,0.2543947906769667,-8.987378158075385,2.5319821018662515e-19,3.4069581952959814e-18,ABI3BP
ENSG00000154188,759.0596877528834,-2.756352944132902,0.2474108504403671,-11.14079248839274,7.940955604466448e-29,2.595705967880637e-27,ANGPT1
ENSG00000154240,537.7609233019958,-1.7291932861685124,0.1457773097210814,-11.86188227425113,1.8672951610567436e-32,8.108393611941661e-31,CEP112
ENSG00000154252,28.84180808481304,4.245100611523725,0.4162434342733479,10.198600775372132,2.0114944535170947e-24,4.406880882293223e-23,GAL3ST2
ENSG00000154258,1155.4230335349796,-3.8248364229293936,0.2570226684952327,-14.881319400044816,4.358192113545218e-50,8.042983015101677e-48,ABCA9
ENSG00000154262,974.8477889486592,-2.759570609405249,0.2368770292573438,-11.649802507474226,2.299912049567036e-31,9.461325498025385e-30,ABCA6
ENSG00000154263,451.5971528901298,-3.29544148193725,0.2604084581250167,-12.654894183026792,1.051171108900407e-36,6.542124641458622e-35,ABCA10
ENSG00000154265,1640.993575530816,-1.6302011799526015,0.1449759635776717,-11.24463076307964,2.4612439848716286e-29,8.417961248129154e-28,ABCA5
ENSG00000154330,1086.587543188526,-2.647944672766792,0.2490155421703368,-10.633652219809996,2.0781152735586008e-26,5.424942376701357e-25,PGM5
ENSG00000154451,1090.6631578949864,2.700948788506996,0.2729472504475096,9.895497331732283,4.354406715186778e-23,8.471329315965491e-22,GBP5
ENSG00000154478,71.97717920709145,3.0382407071101367,0.4423119906076901,6.868999194292503,6.465387153446555e-12,3.9800246375455685e-11,GPR26
ENSG00000154493,86.68171109538754,-3.2166053491866964,0.3566470215110417,-9.01901643692014,1.8978552748749635e-19,2.589091577505244e-18,C10orf90
ENSG00000154529,92.51816866054362,-2.9974966910943506,0.2729063646196192,-10.983608591438696,4.5824526255238255e-28,1.398147859050467e-26,CNTNAP3B
ENSG00000154553,2714.43132438403,-1.740607541536655,0.2135281362290971,-8.151654261006307,3.589793791698929e-16,3.560984323045877e-15,PDLIM3
ENSG00000154678,674.323069812392,-2.9456889096867966,0.2574489220473008,-11.44183819556094,2.5835289684069783e-30,9.752454877189693e-29,PDE1C
ENSG00000154721,1698.5075309172826,-2.131636213487639,0.1617940726419291,-13.174995713255951,1.2223438142883922e-39,9.754890950364572e-38,JAM2
ENSG00000154734,6008.739587457617,-2.397636358840731,0.2097931719027838,-11.428571945858051,3.01018515407774e-30,1.1251149151844719e-28,ADAMTS1
ENSG00000154736,3001.543484159929,-2.803102400373414,0.235411209324577,-11.907259677293403,1.0848416614815542e-32,4.869876208424375e-31,ADAMTS5
ENSG00000154839,399.4862053060815,3.387410958242245,0.2172766221345265,15.590314894277643,8.471493883386701e-55,2.5582948858068362e-52,SKA1
ENSG00000154856,2716.1631946523994,-2.31758563470436,0.1917046046715368,-12.08935820125588,1.2022218469507785e-33,5.830117807065136e-32,APCDD1
ENSG00000154920,155.7997460276833,2.4621187489502105,0.1847227727330426,13.328723429830776,1.5757085967689439e-40,1.3421299986902144e-38,EME1
ENSG00000154928,544.2383567914413,-2.2889321773204743,0.2737399160746637,-8.361704095416464,6.181873810870793e-17,6.61099784804392e-16,EPHB1
ENSG00000155093,1461.4369607357903,1.7613616505963123,0.3294969283527977,5.345608711442656,9.011369227186314e-08,3.3413860361724055e-07,PTPRN2
ENSG00000155495,4.391430262723375,2.5600100805913315,0.5566360160160011,4.599073733880958,4.243735737052464e-06,1.263894174741334e-05,MAGEC1
ENSG00000155886,239.1394162976887,5.0963311573690975,0.3228899996703446,15.783490236836723,4.0420529138425652e-56,1.342719452317077e-53,SLC24A2
ENSG00000155918,31.6521567953768,2.233142990125368,0.4586780671779766,4.868650040026576,1.1236319291325844e-06,3.606342816026381e-06,RAET1L
ENSG00000155970,234.5068287867129,-2.1712784175801976,0.1884900487292298,-11.519326522639334,1.054318262343529e-30,4.0857977568727065e-29,MICU3
ENSG00000156006,33.49071644126554,1.7541918033860673,0.3443074794277855,5.0948408274528605,3.49034381207415e-07,1.1996206229746073e-06,NAT2
ENSG00000156076,621.4899446995324,-2.956399317856378,0.550433189826788,-5.371041159030956,7.828333739005874e-08,2.919421402106106e-07,WIF1
ENSG00000156127,729.6899795228397,1.656994634537892,0.2147559082373241,7.715711517034343,1.2030915727302379e-14,1.0060465243960377e-13,BATF
ENSG00000156219,88.47748813569352,1.695318888802986,0.4356464592503318,3.89150158989085,9.962573625385684e-05,0.0002405773685548,ART3
ENSG00000156234,896.2223914826046,1.646233028994899,0.4067314133555258,4.047469595263149,5.1774304752401296e-05,0.0001302567593292,CXCL13
ENSG00000156284,1233.5946035526492,-2.1359001657402388,0.36224195563235,-5.896335674346972,3.71662523560647e-09,1.6522133763171954e-08,CLDN8
ENSG00000156298,1025.020890314507,-2.559505903925726,0.2171445273750648,-11.787107576995467,4.548967679967974e-32,1.93113124752634e-30,TSPAN7
ENSG00000156395,10.052476939967798,1.6783687257141455,0.455085665590561,3.688028106831579,0.00022599869105,0.0005152196289486,SORCS3
ENSG00000156475,110.03787640451536,-1.8764603593286635,0.1984412204262328,-9.456000901920502,3.1994615106795944e-21,5.2323501320806284e-20,PPP2R2B
ENSG00000156509,56.22746999010729,2.299004431032441,0.1942453600486229,11.835569356493048,2.5560310073233383e-32,1.1027033120067813e-30,FBXO43
ENSG00000156564,55.40713812457005,3.087273473158727,0.3383963638477703,9.123246591820816,7.29068386984587e-20,1.039988855830134e-18,LRFN2
ENSG00000156738,305.2802371530208,1.7660342933044035,0.3650888944565127,4.837272018184501,1.3163322932277076e-06,4.190910589735992e-06,MS4A1
ENSG00000156802,4542.11655006992,2.0548361078379487,0.1774695789692744,11.578525850865434,5.294872736535551e-31,2.1191452255034984e-29,ATAD2
ENSG00000156920,6.3332137059617,-2.987566473953684,0.4246700719533419,-7.035029476440063,1.992188833213361e-12,1.2928551463405386e-11,ADGRG4
ENSG00000156925,3.3640512833682115,2.083395787538386,0.6286246487977073,3.314212688800924,0.0009190157277485,0.0018975093594063,ZIC3
ENSG00000156970,762.5193297025794,2.8206814736795227,0.2132317499092343,13.228243330930752,6.027980643820192e-40,4.898886410077113e-38,BUB1B
ENSG00000157064,438.1702576913231,-1.808457150229528,0.3213246992401738,-5.628129908799194,1.8217387033042303e-08,7.404818911029356e-08,NMNAT2
ENSG00000157111,28.64252808600391,2.2754555440020714,0.3462838596278737,6.57107018053726,4.995490561123103e-11,2.7944869628271247e-10,TMEM171
ENSG00000157150,1831.7166260297224,-4.874433438707681,0.316859366536335,-15.383586390363872,2.1093303105399913e-53,5.495632647313753e-51,TIMP4
ENSG00000157152,456.7606015215019,-2.7457549977765785,0.2861717956986253,-9.594778517825011,8.409752399650496e-22,1.4578549903503714e-20,SYN2
ENSG00000157168,776.593776684599,-2.705263808721214,0.2935120378433227,-9.216875153056886,3.058843698358904e-20,4.528622355648349e-19,NRG1
ENSG00000157193,602.0418878836284,1.865624681380062,0.2220188202357387,8.403002409431549,4.3520575614169024e-17,4.734176409932632e-16,LRP8
ENSG00000157303,2595.789886636671,2.132383683631319,0.303720388462855,7.02087763822319,2.2047888342643797e-12,1.424216413966356e-11,SUSD3
ENSG00000157388,1362.9330699329348,1.5156455837614011,0.2592061307306651,5.847259783127091,4.997367413150655e-09,2.1860911770284557e-08,CACNA1D
ENSG00000157404,6502.057662325701,-3.0557038003829686,0.2819434030087234,-10.838004251117107,2.2737713981834944e-27,6.469536927915028e-26,KIT
ENSG00000157456,1193.4673906235112,3.070183018572491,0.211970984845215,14.483977704846696,1.5298177797827204e-47,2.2839835672879666e-45,CCNB2
ENSG00000157510,1187.1404296965677,-1.5782918198857885,0.158703387247535,-9.944915778162148,2.6539843015490505e-23,5.283118562821426e-22,AFAP1L1
ENSG00000157542,45.23675612776808,3.4709093899024284,0.365090863844707,9.50697410872159,1.962890345189949e-21,3.281139844380353e-20,KCNJ6
ENSG00000157554,1413.681661456613,-1.6744121516617998,0.1452942934285082,-11.524280218793944,9.9540573926712e-31,3.873046489168919e-29,ERG
ENSG00000157601,8639.155768809076,1.870717123115168,0.2629511227631124,7.114315023482372,1.1246999720771517e-12,7.524899737651135e-12,MX1
ENSG00000157613,3752.7386559713336,2.430402392056842,0.2321700649851154,10.468198784424064,1.2092193599613447e-25,2.9320259572055422e-24,CREB3L1
ENSG00000157617,3739.037479890616,-1.635672232018456,0.1671125423976725,-9.787848407728111,1.269688927085735e-22,2.381226763394736e-21,C2CD2
ENSG00000157654,8367.957119557137,-1.9266212413349328,0.1507663725683753,-12.7788525286776,2.152213305217101e-37,1.4590578720955222e-35,PALM2AKAP2
ENSG00000157734,309.5777921876404,1.6125755589850923,0.2695623957901811,5.982197755210152,2.2014676026318438e-09,1.0097342343793796e-08,SNX22
ENSG00000157766,201.46542788477095,2.3026155339430834,0.2632756662712916,8.746024904445061,2.2100035466798788e-18,2.7316671745589665e-17,ACAN
ENSG00000157782,66.45763394659267,-2.386028450103612,0.1706602628816243,-13.981160053401776,2.031494728332517e-44,2.3370983725297247e-42,CABP1
ENSG00000157851,24.188992289564617,2.810336913472168,0.4791473747890468,5.865287093995806,4.483562379607578e-09,1.972366665089743e-08,DPYSL5
ENSG00000157884,4.999676012087361,1.7437736629148843,0.4829384212823546,3.610757782088682,0.0003053036875158,0.0006819740687344,CIB4
ENSG00000158014,126.29916192187552,1.505525229335155,0.3728818201973835,4.037539906177812,5.401465853251398e-05,0.000135533901473,SLC30A2
ENSG00000158089,527.4968150965838,1.576011834095391,0.2806555247167575,5.615466988173241,1.960320819600816e-08,7.9401807317317e-08,GALNT14
ENSG00000158104,39.95347480570998,-1.5598745302529131,0.2139132522521781,-7.292089264362209,3.051848383084149e-13,2.1848833723184604e-12,HPD
ENSG00000158106,2183.5775797487,2.2932456710230986,0.2072451820697159,11.065375069861291,1.846885979047235e-28,5.899158040045706e-27,RHPN1
ENSG00000158164,142.93406544990063,1.7621390043099416,0.3138833207035531,5.613993761631548,1.977093451126188e-08,8.003238151360007e-08,TMSB15A
ENSG00000158186,4190.630757072868,-2.266142303821142,0.1703095220366924,-13.306022333460083,2.135519536248901e-40,1.77904174532334e-38,MRAS
ENSG00000158373,1824.5663981399807,2.647246739883046,0.2260951938502466,11.70854937162636,1.1523427511829008e-31,4.7999229800447636e-30,H2BC5
ENSG00000158402,262.6041342357952,3.1292440920705102,0.1981803756213502,15.789878701458026,3.6528166125406757e-56,1.2287797655477022e-53,CDC25C
ENSG00000158406,1042.8781110941825,2.233235889637163,0.283364426869387,7.881144130581156,3.2439685352513536e-15,2.891931023961916e-14,H4C8
ENSG00000158428,18.174950924605007,1.8047526011033248,0.3178096852140142,5.678721212942262,1.3570544894053096e-08,5.598218419116128e-08,CATIP
ENSG00000158445,562.5137348503094,-2.988278262242488,0.284820089306643,-10.491810003701136,9.42061809288571e-26,2.3245397011925512e-24,KCNB1
ENSG00000158458,176.79792107173697,-2.370067726423382,0.2901394191579363,-8.168720173570225,3.116781546733845e-16,3.1103443336256828e-15,NRG2
ENSG00000158477,115.0388633385674,3.745323546540433,0.4197617523223941,8.922498359650147,4.558856534934859e-19,5.9827956748589585e-18,CD1A
ENSG00000158516,14.362903334444278,-1.5436637913268008,0.3780273028462549,-4.083471695573836,4.436783553681754e-05,0.0001129057961688,CPA2
ENSG00000158571,382.06936565030776,-3.6209230601283378,0.2701463261519677,-13.403562105417748,5.762939093272864e-41,5.139265315561287e-39,PFKFB1
ENSG00000158578,12.898101597341489,-2.2888568852100306,0.3459571693069788,-6.616012293646255,3.6901769404966105e-11,2.0976781217903192e-10,ALAS2
ENSG00000158714,185.4151427298164,1.887738373985955,0.2347141529259291,8.042712169051372,8.787156090668141e-16,8.360854747923591e-15,SLAMF8
ENSG00000158815,7.552822285682849,-1.651604993180774,0.2811686175901319,-5.874073028976403,4.2521590480578925e-09,1.875848716834968e-08,FGF17
ENSG00000158887,109.37234861761826,-1.8595363946621333,0.2309464874054525,-8.051806353726905,8.158091342802682e-16,7.773441284868457e-15,MPZ
ENSG00000158966,1671.803222384019,-2.0930055109122785,0.185921238793352,-11.257484752662466,2.1274430966862257e-29,7.3044961620718925e-28,CACHD1
ENSG00000159147,773.033235211264,1.5462733744803607,0.1335993082738091,11.573962428842105,5.584275838524029e-31,2.221588778574492e-29,DONSON
ENSG00000159184,199.430897840886,5.538660800865681,0.6221272771613577,8.902777621546319,5.446623133191062e-19,7.091818214823736e-18,HOXB13
ENSG00000159200,5755.195231157244,-1.5997743636605462,0.1961078813881686,-8.157624019679316,3.4167916211017183e-16,3.3931703038407383e-15,RCAN1
ENSG00000159212,4103.699696520819,1.9521132889672823,0.4109224221337705,4.750564057397181,2.0285002179843285e-06,6.294351798228553e-06,CLIC6
ENSG00000159217,19.709955654220305,3.0888823194288757,0.3411147769138037,9.055258020116216,1.3624528885121561e-19,1.8857909120942998e-18,IGF2BP1
ENSG00000159251,23.98564172988512,-2.14584567877682,0.3879733261987942,-5.530910332936927,3.185731504802704e-08,1.253862777549346e-07,ACTC1
ENSG00000159261,25.966826482774763,1.9748553638541009,0.2827234159005862,6.98511425933152,2.846242444691622e-12,1.8160598551663832e-11,CLDN14
ENSG00000159263,196.42486172798507,4.381982006612459,0.3929561361194403,11.15132607391208,7.054708299931112e-29,2.3231582784469557e-27,SIM2
ENSG00000159337,15.041647335817242,2.192071157389436,0.3082754781654325,7.110754220331095,1.1541050597830584e-12,7.70999043834459e-12,PLA2G4D
ENSG00000159387,257.67128037122563,-2.291188266932969,0.3357720860372984,-6.823641279931944,8.876136290465097e-12,5.385463970755935e-11,IRX6
ENSG00000159409,31.45476782701228,2.7734090466300003,0.3530799555557953,7.854903692463316,4.000794468916826e-15,3.5310897712210124e-14,CELF3
ENSG00000159433,1032.3705922203185,-2.0073557104291377,0.1844095083899406,-10.885315664876186,1.3542860892222531e-27,3.950620507253719e-26,STARD9
ENSG00000159556,10.264510015295084,2.7603828218535207,0.5208351539523877,5.299916491631173,1.1585565936238553e-07,4.236191727511551e-07,ISL2
ENSG00000159625,10.319100222573631,2.0239951630781787,0.3998854233926745,5.0614377135989805,4.1610668192467444e-07,1.4131674213607951e-06,DRC7
ENSG00000159648,26.16012949480742,-2.9051344808029205,0.3132617630383543,-9.273824078067356,1.795890224960875e-20,2.7256300815725447e-19,SPMIP8
ENSG00000159753,214.86630161724867,1.875882084907672,0.2494321275328231,7.520611332077988,5.452070390689925e-14,4.243959303824978e-13,CARMIL2
ENSG00000159763,15737.625737717855,-1.5940911767468977,0.4893771623941402,-3.2573877557919837,0.0011244271818839,0.0022883789522564,PIP
ENSG00000159899,755.3092747133423,-1.5957405361798565,0.1586813761204268,-10.05625597151876,8.621497061558715e-24,1.7955821662298026e-22,NPR2
ENSG00000160161,713.4451862281132,3.620188756351672,0.23064917750414,15.695649971640114,1.6197508257631794e-55,5.064103317018412e-53,CILP2
ENSG00000160180,8722.286305076135,1.9334101305069444,0.3820905530579463,5.060083571900641,4.1907275762114493e-07,1.4228341531197663e-06,TFF3
ENSG00000160182,8576.791031974246,2.407683809913429,0.501413850948321,4.801789590295104,1.5725388282871404e-06,4.950861196745735e-06,TFF1
ENSG00000160188,343.4754696124498,1.7039703415308327,0.2422151739260314,7.03494464822917,1.9934012081316494e-12,1.29332610122311e-11,RSPH1
ENSG00000160200,40.59641980643185,2.059804903348194,0.3266601290796967,6.305651409467405,2.8698429423203004e-10,1.46580965197313e-09,CBS
ENSG00000160298,463.4805545546016,1.7249678809055842,0.1365676369231455,12.63086862868048,1.4269429743611086e-36,8.839396164020153e-35,C21orf58
ENSG00000160307,1598.4779766241409,-3.3081807001790606,0.3359500943989442,-9.847238489686394,7.045311674826762e-23,1.3515427946572978e-21,S100B
ENSG00000160318,34.60720114888532,-1.750498614491701,0.2164206135777046,-8.088409812511662,6.044872163399534e-16,5.843669615945531e-15,CLDND2
ENSG00000160325,2463.113081826217,1.508385069567231,0.1493150466172761,10.102029927590076,5.4110347301379084e-24,1.1476316676250192e-22,CACFD1
ENSG00000160326,315.88317146338625,1.6871035697829455,0.2060279828372252,8.188710807870507,2.6403912955123883e-16,2.6619271122246477e-15,SLC2A6
ENSG00000160345,399.87766784573626,2.0509610276204717,0.2020727064879652,10.149619229960775,3.326587839899212e-24,7.183013702009881e-23,PIERCE1
ENSG00000160472,3.5276400393447207,2.591268130761527,0.3491969378847612,7.420649638161127,1.1654724799137618e-13,8.729546548395779e-13,TMEM190
ENSG00000160606,485.09065924922106,2.2576357078683364,0.1800527157314271,12.538748436518471,4.581743905665396e-36,2.6997748180278914e-34,TLCD1
ENSG00000160683,4.106073200500613,2.0064007631252685,0.4003379684560685,5.011767359621406,5.39323831790816e-07,1.8067070164824128e-06,CXCR5
ENSG00000160753,3133.0730036369173,1.5046384016878225,0.1127828362465761,13.341022905278288,1.3361346666216103e-40,1.145412218240945e-38,RUSC1
ENSG00000160781,331.43584724756533,1.678901185406655,0.2230588551708406,7.5267183816611345,5.2031423919980565e-14,4.064477044895601e-13,PAQR6
ENSG00000160801,246.5935766095621,-2.2407382251420613,0.2319216193990921,-9.66161857160106,4.388743050050983e-22,7.827573594302337e-21,PTH1R
ENSG00000160856,86.56419656105382,1.788162536535109,0.303592009527236,5.8900184471906805,3.861525113301154e-09,1.7134752026378053e-08,FCRL3
ENSG00000160867,812.7622105882824,1.771604701305666,0.3171295062690002,5.586376121693732,2.318567982831005e-08,9.308950618482245e-08,FGFR4
ENSG00000160868,12.784935216902714,-1.6679736229649809,0.2989647317551989,-5.579165185045193,2.4167565238443552e-08,9.671029155422941e-08,CYP3A4
ENSG00000160949,1099.5440459702595,2.031468245696236,0.1645809266614771,12.343278695196064,5.295469080624005e-35,2.8719814452567958e-33,TONSL
ENSG00000160957,1124.744045962653,2.738596962955011,0.1787226813025659,15.323164038249534,5.354622989953318e-53,1.3682606342116294e-50,RECQL4
ENSG00000160973,9.962121821688756,2.353464063343312,0.2893206497121702,8.134448977923451,4.1381621171916194e-16,4.0745334666308734e-15,FOXH1
ENSG00000161031,222.49944262003385,1.6331872815348434,0.3842059106381065,4.250812484436724,2.129964398268732e-05,5.691684653996133e-05,PGLYRP2
ENSG00000161055,769.4172437412477,-1.68904449618545,0.4487671042423979,-3.763744000436196,0.0001673882440069,0.0003894880119503,SCGB3A1
ENSG00000161133,11.596799936106216,2.1950577924437065,0.4173413204024496,5.259622484365971,1.4435145038641226e-07,5.2163989584157e-07,USP41P
ENSG00000161179,927.5894805104424,1.509381630477325,0.1488129038491018,10.142814174285968,3.5667361552017494e-24,7.687430115530129e-23,YDJC
ENSG00000161270,12.052020549842958,3.0608674871092263,0.3944363355011293,7.760105273314665,8.485891698268911e-15,7.207177113502598e-14,NPHS1
ENSG00000161281,1236.9216542150868,-3.142508942034298,0.2497506477980726,-12.58258574998799,2.632691330393813e-36,1.582890771611212e-34,COX7A1
ENSG00000161328,479.5332445959912,1.6693395199669006,0.2157429484272749,7.7376319000739935,1.0128558412690484e-14,8.534129353749196e-14,LRRC56
ENSG00000161649,1655.2566429906356,-5.3674754759920855,0.3662283575255577,-14.656089201441777,1.2316557255583769e-48,2.0981571094047354e-46,CD300LG
ENSG00000161800,2315.450657742287,1.8904597676802728,0.1455945397740491,12.984413911497729,1.499818752921043e-38,1.1010409767645505e-36,RACGAP1
ENSG00000161888,476.5626351458474,2.946715259134772,0.1896995029539005,15.533595045058512,2.0552732268912314e-54,5.872998495121986e-52,SPC24
ENSG00000161980,1364.821083822878,1.5532408818728616,0.1323531414414676,11.735580016888171,8.37502117522662e-32,3.510507692928193e-30,POLR3K
ENSG00000162004,378.9722420908147,3.633678437448357,0.2859812180696707,12.706003778762565,5.476221802579941e-37,3.5322959806689786e-35,CCDC78
ENSG00000162006,9.342098969089706,3.557217319481224,0.4414513811059286,8.05800473558299,7.754981536591484e-16,7.407930781269543e-15,MSLNL
ENSG00000162040,7.288245926446122,1.8138088380270976,0.4385784020588025,4.13565471877457,3.539440461178059e-05,9.14808697294368e-05,HS3ST6
ENSG00000162062,339.2415504511916,2.7962188927826057,0.180652499049664,15.478440140558936,4.8509265528736117e-54,1.3154425830879208e-51,TEDC2
ENSG00000162063,1234.8390117036718,1.706486958608257,0.141058136244473,12.097756315528526,1.0853723048923389e-33,5.292434679360349e-32,CCNF
ENSG00000162073,698.8215298608634,2.2481011240440094,0.1659848071165119,13.544017450139092,8.595632995115981e-42,8.100317264014439e-40,PAQR4
ENSG00000162078,3944.2053885159694,1.9488746214393928,0.2935698048980001,6.638539076307669,3.168073652125663e-11,1.8129103640232447e-10,ZG16B
ENSG00000162367,267.9940961566664,-2.018825691168753,0.1643050793046793,-12.287055882339104,1.0630762689436075e-34,5.594307296470568e-33,TAL1
ENSG00000162383,118.13401071274686,-1.887802038772972,0.2598943803547529,-7.263727812029424,3.765653855028104e-13,2.6671708741303807e-12,SLC1A7
ENSG00000162407,5012.217276638161,-1.8734306578044548,0.1406804589471581,-13.316921709134784,1.8456165974467982e-40,1.5570559072110687e-38,PLPP3
ENSG00000162444,1375.1196607011943,-2.203121743190237,0.2157046336401074,-10.21360415866651,1.723416755117063e-24,3.810299523064555e-23,RBP7
ENSG00000162460,3.0578507608792336,2.6592346318384705,0.5502816746497277,4.832497163441179,1.3483103362515062e-06,4.284252968869826e-06,TMEM82
ENSG00000162482,1643.7336202844017,2.8900794496940136,0.3550078546189277,8.140888749620148,3.923868171114352e-16,3.876460841909439e-15,AKR7A3
ENSG00000162490,110.30612667016965,1.6097745950572766,0.2562732112184695,6.281478221634977,3.353687863036723e-10,1.70214390680292e-09,DRAXIN
ENSG00000162494,5.422973164944657,-3.035671525408915,0.2988072559065292,-10.159296554560616,3.0124200400450383e-24,6.519141902621896e-23,LRRC38
ENSG00000162618,2712.956822016696,-1.6543010502204367,0.1634448226628657,-10.12146498903015,4.437236418970779e-24,9.448682518761896e-23,ADGRL4
ENSG00000162631,127.80201606675377,2.395002184064028,0.4026612375142679,5.947933302070487,2.7154919377089823e-09,1.2323121284941292e-08,NTNG1
ENSG00000162669,26.646169668031764,-1.6911700863651546,0.2931860021732803,-5.7682497589555135,8.00990384661814e-09,3.4063561325632435e-08,HFM1
ENSG00000162706,225.4460553871534,-3.019141490185094,0.2737630458748855,-11.028301794848142,2.790851038245249e-28,8.715260439643654e-27,CADM3
ENSG00000162733,7500.818064244294,-2.503090814705028,0.2013524991369542,-12.431386873437798,1.7654458610040014e-35,9.918969081645104e-34,DDR2
ENSG00000162746,210.48598061678567,2.7550649698153125,0.3006470562221094,9.163784952479128,5.010826461367407e-20,7.272676854770008e-19,FCRLB
ENSG00000162755,552.2144088372916,1.721324024742858,0.2191561995092072,7.854325036652872,4.019307133089222e-15,3.5450742469912415e-14,KLHDC9
ENSG00000162761,29.79017969929001,-2.716824237486253,0.3360013128349168,-8.085754828050552,6.178035653820248e-16,5.9593937386668985e-15,LMX1A
ENSG00000162769,1337.8604790984127,1.5202829633825707,0.1266807322326623,12.000901294053255,3.5144822480183097e-33,1.6299714789020348e-31,FLVCR1
ENSG00000162772,4618.817154038942,-1.6099345759662709,0.2743696594966994,-5.86775731296061,4.4172916447569706e-09,1.9448231520778075e-08,ATF3
ENSG00000162779,16.862063384454153,1.74031808061884,0.2830410679142766,6.148641585629979,7.814934854530368e-10,3.79813265836036e-09,AXDND1
ENSG00000162814,213.73692894705007,1.6599595947563852,0.1789643450634939,9.27536484525706,1.7701218446705336e-20,2.688056458406825e-19,SPATA17
ENSG00000162849,1581.69534049482,2.800283823275407,0.2190097499778387,12.786114880998513,1.960313596505612e-37,1.3357777904394007e-35,KIF26B
ENSG00000162891,239.6347332485708,3.559908057734178,0.4451174492325042,7.997682552936007,1.267827251106391e-15,1.1884482962311231e-14,IL20
ENSG00000162892,27.982166061021868,2.027952253961716,0.2791672773742572,7.264290689925678,3.75000797249249e-13,2.657505649839678e-12,IL24
ENSG00000162896,8615.219008141805,-2.2591021396162527,0.4563902021453251,-4.949935666885553,7.423801701390245e-07,2.4371529365589347e-06,PIGR
ENSG00000162897,8.693442345913768,2.654802375502619,0.4201977494392635,6.317983328195695,2.6499859416277536e-10,1.3587377271610564e-09,FCAMR
ENSG00000162949,1764.8739859738537,1.7838472605854043,0.3037930414495068,5.871916131041126,4.307866802566956e-09,1.8996427662413888e-08,CAPN13
ENSG00000162975,251.73282730034688,2.8197442580544605,0.3328031960019405,8.47270787038361,2.39753310209474e-17,2.687239231892354e-16,KCNF1
ENSG00000162989,2573.2441347562312,5.327144731876402,0.4969366853175467,10.719966726691371,8.203284016517817e-27,2.215809738293632e-25,KCNJ3
ENSG00000163017,6420.518351965663,-2.233293202964392,0.3525628161109956,-6.334454743693944,2.3818206677128987e-10,1.2302601408060311e-09,ACTG2
ENSG00000163040,2198.768993928298,2.056606263648106,0.3039576523066611,6.766094711026415,1.3230495336961389e-11,7.890494021089519e-11,CCDC74A
ENSG00000163064,556.0816523426209,1.8210416496982853,0.3543895240485109,5.1385312660907285,2.76894128000454e-07,9.647910648501458e-07,EN1
ENSG00000163145,333.30639114137074,-2.8477560366199848,0.2815001786929741,-10.116356052924456,4.674976329752858e-24,9.946957242848856e-23,C1QTNF7
ENSG00000163207,31.788420027217548,3.4324012894810965,0.5785721317675071,5.932538228198606,2.982869073261898e-09,1.344466513262126e-08,IVL
ENSG00000163218,11.280771801354396,2.550746207359136,0.4837964986314069,5.2723535920058175,1.3468527102441564e-07,4.890369008708629e-07,PGLYRP4
ENSG00000163220,4662.664712446172,2.1047749251338472,0.3779374498882311,5.56910918924891,2.5604500086402214e-08,1.0198435098862993e-07,S100A9
ENSG00000163239,81.72699229636237,-1.9536933456015724,0.2135370934742454,-9.149198922842912,5.735728587656131e-20,8.257149903410706e-19,TDRD10
ENSG00000163263,15.459996579040851,1.9773545008440292,0.2914142981570775,6.785372280457564,1.157875447809398e-11,6.936550952555174e-11,CFAP141
ENSG00000163285,5.804200918129715,-2.344875517598912,0.3401897423253845,-6.892846038126823,5.468705395839429e-12,3.3939945327985244e-11,GABRG1
ENSG00000163297,3736.884417632707,-1.8300476653272688,0.1610790501177291,-11.361177409413123,6.525911148083205e-30,2.3659766543016527e-28,ANTXR2
ENSG00000163362,565.9936475125689,1.6658568544571946,0.3403417322304728,4.8946593870219495,9.84761376181143e-07,3.182540869757251e-06,INAVA
ENSG00000163394,3.907261638751841,1.7510411107781203,0.429223435593708,4.07955616019907,4.512176838720127e-05,0.00011469258679,CCKAR
ENSG00000163421,7.071734045667851,-1.8920054121492635,0.406256389556235,-4.657170842816658,3.2058440254022625e-06,9.683485448404763e-06,PROK2
ENSG00000163431,2828.4511027534777,-2.8056515695776976,0.1878819226757588,-14.933057580103702,2.008416060529888e-50,3.8398314250778255e-48,LMOD1
ENSG00000163462,299.2198649682844,1.599149378761386,0.2207119241585953,7.2454145142257795,4.311186296306614e-13,3.025343961561877e-12,TRIM46
ENSG00000163467,38.99602957858296,1.9445219812999055,0.1803261147054373,10.783363155560036,4.125217816341069e-27,1.146732881477656e-25,TSACC
ENSG00000163472,1164.3637897808671,1.5087451582959024,0.155310442035111,9.714383260559009,2.6182925832971397e-22,4.78879046119212e-21,TMEM79
ENSG00000163492,61.71877299974284,-2.43364091490161,0.2385953259413776,-10.19986835575962,1.985414295620704e-24,4.353332087963713e-23,CCDC141
ENSG00000163499,8.798010710910797,3.57189519388216,0.5489706582022135,6.506532071458092,7.69054899140734e-11,4.2209074648213555e-10,CRYBA2
ENSG00000163507,618.5657187215195,2.1008734129016724,0.1876925835277231,11.19316156992086,4.404435094664146e-29,1.4741544413186356e-27,CIP2A
ENSG00000163513,12369.04793731876,-2.239271808370681,0.1632726728717621,-13.714920990663597,8.265637969860757e-43,8.165774314091063e-41,TGFBR2
ENSG00000163518,6.327477089953108,3.951725313871993,0.4144232137523021,9.535482527853548,1.4919013374122289e-21,2.525304333868152e-20,FCRL4
ENSG00000163535,757.3147609609273,1.6435855116760174,0.1496448601430665,10.983240654605067,4.60116040959843e-28,1.4022458473059436e-26,SGO2
ENSG00000163545,467.5751795741344,2.279110393272576,0.1421278297852091,16.035637754526228,7.204022389177413e-58,2.945336846036765e-55,NUAK2
ENSG00000163568,97.09185760551352,2.114794267165025,0.2669557906782241,7.921889470133642,2.3392821707774418e-15,2.119550756509053e-14,AIM2
ENSG00000163599,109.44110961616217,1.5897657937821277,0.2627623130386284,6.050204747392438,1.4466185961863823e-09,6.796552975640392e-09,CTLA4
ENSG00000163600,97.18703201458791,2.245631392241572,0.27601294879188,8.135963917891507,4.086735277639559e-16,4.029869758933999e-15,ICOS
ENSG00000163618,55.76886503042328,2.6501899809701968,0.2995027807667824,8.848632303797716,8.859835653024975e-19,1.1325162697409269e-17,CADPS
ENSG00000163623,60.26919920754111,2.10416314609826,0.288636612172665,7.290007772262552,3.099371440678532e-13,2.216517654360387e-12,NKX6-1
ENSG00000163631,817.0858326801946,-3.267798629010969,0.3982708039924517,-8.204966561076125,2.306550754385517e-16,2.342246323950903e-15,ALB
ENSG00000163661,311.3754504158194,-1.5772266176458418,0.3511645105173048,-4.491418040286615,7.075052697891018e-06,2.035945050854941e-05,PTX3
ENSG00000163687,170.06972596355462,-2.618556733029725,0.2791611114698564,-9.380091371761411,6.5915581089472205e-21,1.0408238665791588e-19,DNASE1L3
ENSG00000163689,210.61400353713,1.9742271054401588,0.2026882693956326,9.740213932097928,2.0312627721766453e-22,3.73569606716916e-21,CFAP20DC
ENSG00000163704,815.6059898469928,1.9682949681611217,0.1933844513965143,10.178144902277284,2.4824869030732607e-24,5.398697990930598e-23,PRRT3
ENSG00000163710,2653.1296588228224,-4.262026288292378,0.3659053160853524,-11.647893870167776,2.351999520952434e-31,9.645738776128229e-30,PCOLCE2
ENSG00000163736,12.17281214560079,-2.3016470556217388,0.4713273344112573,-4.883330304822579,1.043089212305061e-06,3.3604189376902654e-06,PPBP
ENSG00000163737,4.686523253443923,-2.6788263467785787,0.4635875196839135,-5.778469507990799,7.53832020539779e-09,3.219200698352021e-08,PF4
ENSG00000163749,176.021682408519,-1.6468522345676944,0.2432180256726419,-6.771094494386969,1.2781175675389319e-11,7.627660983010805e-11,CCDC158
ENSG00000163794,58.74552680989291,1.7585882257018757,0.2293908367141494,7.666340342501577,1.7697321287988352e-14,1.449326080826781e-13,UCN
ENSG00000163808,620.3826098274889,2.541045126826302,0.196409355755509,12.93749535021846,2.764975407029506e-38,1.9913068141411693e-36,KIF15
ENSG00000163815,977.3536174542198,-4.12639913587709,0.227683146585537,-18.123428096277056,2.082086035938973e-73,3.688762427005215e-70,CLEC3B
ENSG00000163827,120.7205756171669,-2.950189315761539,0.2137121470207702,-13.804499916772706,2.394282490306488e-43,2.466203766662594e-41,LRRC2
ENSG00000163833,5.476812633957336,-3.5854754188354154,0.4024646462274301,-8.908795971135529,5.158975154424812e-19,6.733780192968536e-18,FBXO40
ENSG00000163884,536.0937217017606,-3.886414381917653,0.2474845029958162,-15.70366764331645,1.4274519301460158e-55,4.516016076622663e-53,KLF15
ENSG00000163888,90.6395875674907,2.9817635196001424,0.2640828584426533,11.29101501393982,1.4534837859775128e-29,5.089108249321791e-28,CAMK2N2
ENSG00000163993,2982.195949543989,5.110809945743104,0.3915667632969229,13.052205715089269,6.173382745965438e-39,4.7007921625797e-37,S100P
ENSG00000164007,174.53744838193566,-3.7693092854839816,0.4069807647876199,-9.261639889666457,2.0131614732968184e-20,3.034586849283208e-19,CLDN19
ENSG00000164032,6998.244903281566,1.5025926494409492,0.1151025926783242,13.054377095051413,5.999876223743015e-39,4.581802030056627e-37,H2AZ1
ENSG00000164035,1696.8435134011668,-1.953241150988887,0.169562551672064,-11.519295573980738,1.0546969938719386e-30,4.0857977568727065e-29,EMCN
ENSG00000164045,404.04134884438906,2.1009367687183857,0.1995128698067831,10.530332057039844,6.261321608985529e-26,1.5625252124902058e-24,CDC25A
ENSG00000164047,49.56262586514175,3.5065163361827274,0.3640896148815898,9.630915557212818,5.919963201093283e-22,1.039808473688394e-20,CAMP
ENSG00000164056,3904.821182067388,-1.890721205924262,0.1763877912339321,-10.719116060684248,8.279075812069818e-27,2.233669438637111e-25,SPRY1
ENSG00000164087,585.5676701148853,2.1283990315121675,0.1338258121399117,15.90424894479233,5.920910883160068e-57,2.1554548865750526e-54,POC1A
ENSG00000164109,1169.1236551718696,2.1506716920865343,0.1625744185179325,13.22884443747408,5.9799689186658875e-40,4.87477527648914e-38,MAD2L1
ENSG00000164112,9.489492000877028,1.7299945801077876,0.2307234343303638,7.498131193863369,6.47340937301005e-14,4.98351257496356e-13,SMIM43
ENSG00000164122,2.867078651617452,-1.5515450800008308,0.4659882661282691,-3.32957971858834,0.0008697716181255,0.0018034002302947,ASB5
ENSG00000164175,7.898138836038794,1.5179066775070813,0.2568564773233212,5.909551876304829,3.4303963823537317e-09,1.5318901673844804e-08,SLC45A2
ENSG00000164220,1277.5880349947424,1.7633283932407782,0.2807818420377364,6.28006562120848,3.384301546758508e-10,1.71669810278884e-09,F2RL2
ENSG00000164270,4.554992683988323,-2.06462221104768,0.2935589267644685,-7.0330758931551465,2.020294020332261e-12,1.3090033741503048e-11,HTR4
ENSG00000164283,558.6002511207213,3.1923876029425786,0.2114267245030089,15.099262453442329,1.6375480950622042e-51,3.5380358232746406e-49,ESM1
ENSG00000164287,116.06089540190403,5.578632665377904,0.5329763247289737,10.466942726235956,1.2253674656085516e-25,2.96847223323129e-24,CDC20B
ENSG00000164318,1056.029638687162,-1.8437071196672383,0.153881569728871,-11.981338135006856,4.450809223835539e-33,2.060631622359398e-31,EGFLAM
ENSG00000164330,2291.7437890042074,-2.804350344778288,0.2324636525972313,-12.063607852007436,1.6441919147286703e-33,7.872864888993588e-32,EBF1
ENSG00000164362,18.77979950579404,2.3210020075515607,0.3183654166053443,7.290371021764425,3.091025969040313e-13,2.21114441796087e-12,TERT
ENSG00000164403,2193.2648801016708,1.529081412027729,0.2748143955753441,5.564051362107449,2.6358231008164773e-08,1.0481370477958685e-07,SHROOM1
ENSG00000164438,7.402130750662094,5.3393592079357255,1.0827031148169464,4.931508125233809,8.159717313505279e-07,2.665574524971147e-06,TLX3
ENSG00000164488,113.91278726489116,-2.7511135010482355,0.3699040352233926,-7.437370882928547,1.0270888976960697e-13,7.738839653040275e-13,DACT2
ENSG00000164530,2203.044776249764,-4.150317721912755,0.3645992269741528,-11.383232368199671,5.0685591829429755e-30,1.8578891074028903e-28,PI16
ENSG00000164532,12.667389034298385,2.0706623224755547,0.5722653468585841,3.6183604928069295,0.0002964752419287,0.000663592146404,TBX20
ENSG00000164588,26.918204205413243,-1.697899039150598,0.3769753755407485,-4.504005166690434,6.668458395857695e-06,1.9251958921229577e-05,HCN1
ENSG00000164611,1101.086767569731,3.224007791175961,0.2014944248146706,16.000481373821234,1.2679094675339629e-57,4.9551020734875086e-55,PTTG1
ENSG00000164620,74.56572013629531,1.671270968289115,0.197515148351352,8.461482484959362,2.6399972249659645e-17,2.943317548079881e-16,RELL2
ENSG00000164638,1089.313279027697,-2.396753659843751,0.2606183899330215,-9.19641035484761,3.701071183398549e-20,5.443052944040756e-19,SLC29A4
ENSG00000164692,231602.0639824415,1.6397326839554232,0.2269810084223089,7.224096391820686,5.044446881127046e-13,3.5185347996312656e-12,COL1A2
ENSG00000164736,426.48148413270616,-2.5596076457953383,0.1965723310647246,-13.02120004342089,9.270245045455563e-39,6.939627100929061e-37,SOX17
ENSG00000164741,4107.746686954077,-1.7636503450788656,0.1747494221596498,-10.0924530867267,5.9659644034101716e-24,1.2553088204325046e-22,DLC1
ENSG00000164756,1489.062890818589,5.756492583083613,0.5514880073531577,10.43811017888067,1.6608405616182947e-25,4.001526557117514e-24,SLC30A8
ENSG00000164796,24.97339949224752,3.885151348003857,0.5643767010671948,6.883968350673091,5.8207812187683865e-12,3.5998897111652285e-11,CSMD3
ENSG00000164825,224.50439520252348,-1.6816179307011423,0.3788327706533486,-4.438945257563024,9.040080408468076e-06,2.5617417024423026e-05,DEFB1
ENSG00000164849,114.7506761758642,-2.745079292836827,0.1890299262297427,-14.52192966261077,8.799771046263959e-48,1.3756112679674393e-45,GPR146
ENSG00000164879,561.7969879767076,-3.9490621989404735,0.3230918430716424,-12.222723301822285,2.350756949847233e-34,1.1967694624940655e-32,CA3
ENSG00000164893,39.891472105678055,1.760162310074369,0.3753445649978426,4.689457299280424,2.73930588027449e-06,8.358830378722536e-06,SLC7A13
ENSG00000164919,17288.9672288095,2.5514850819550405,0.2199855843403878,11.598419458281771,4.1975894051880706e-31,1.6901657339829238e-29,COX6C
ENSG00000164932,4311.073683316844,2.685417641170974,0.1891811720119003,14.19495192154772,9.845394199228622e-46,1.2701036448762166e-43,CTHRC1
ENSG00000164935,43.9695125902776,1.507039517073521,0.2873730182145363,5.244192814053444,1.5696798472355624e-07,5.645451609187315e-07,DCSTAMP
ENSG00000164946,625.5479974203495,-2.676736935153493,0.2939920206527635,-9.104794508402696,8.642989705548711e-20,1.2230428723373641e-18,FREM1
ENSG00000165028,558.7038344723676,-3.050614668892582,0.186710775134287,-16.33871782010708,5.234205616683899e-60,2.5290729866068112e-57,NIPSNAP3B
ENSG00000165061,113.94911786750303,2.2647007159517885,0.4111199443679882,5.508613111517361,3.616718135038563e-08,1.412822055543875e-07,ZMAT4
ENSG00000165071,201.84469665383588,-1.54408548428102,0.2220950686685109,-6.952362758606101,3.5921824171032637e-12,2.274535328437437e-11,TMEM71
ENSG00000165072,908.4423714639604,-3.387816534827101,0.2255382292379793,-15.02103012102842,5.347024680978239e-51,1.1101342257577868e-48,MAMDC2
ENSG00000165078,172.11276795291565,3.644240875713464,0.4322789004144269,8.430300142384281,3.4477975446230476e-17,3.7955766258640233e-16,CPA6
ENSG00000165084,77.54630597420643,-1.7828185579358762,0.2745138489834933,-6.494457618577481,8.333308441758774e-11,4.552994898020959e-10,C8orf34
ENSG00000165092,3307.137910750851,-2.7611402847135564,0.2131255184990827,-12.955465418494407,2.1880498455400623e-38,1.5854109404067148e-36,ALDH1A1
ENSG00000165124,5174.467186004426,-3.323024646478065,0.2348245016046727,-14.151098474691455,1.838626361625177e-45,2.304787526424013e-43,SVEP1
ENSG00000165152,313.9462329654225,-2.3087016950391783,0.1833881302929506,-12.589155532319229,2.4225110038017072e-36,1.4664744857865687e-34,PGAP4
ENSG00000165164,38.06119037551034,2.7723563391294066,0.3670219648309152,7.553652382648581,4.232188212636175e-14,3.339382474786412e-13,CFAP47
ENSG00000165186,477.1801770210032,-1.7861203139890958,0.3895620713282516,-4.5849440832346335,4.541079480381058e-06,1.345214437533459e-05,PTCHD1
ENSG00000165197,666.9234766068237,-4.791994910335284,0.3092236410785829,-15.496858175593037,3.6427473763986776e-54,1.0190106476609984e-51,VEGFD
ENSG00000165215,4523.081347159413,1.70984168002369,0.2889169316033887,5.918108262242236,3.256655853889979e-09,1.4595487273580295e-08,CLDN3
ENSG00000165244,566.1826307819239,1.6582040993704437,0.1647642485276863,10.064101370218102,7.961102406729137e-24,1.661950482787328e-22,ZNF367
ENSG00000165269,2417.54653992708,-5.178164097135725,0.3670878734736524,-14.106061440101984,3.485057647381979e-45,4.248413164182389e-43,AQP7
ENSG00000165304,1059.5723587057496,3.6282847451464177,0.2359593162936764,15.376738677402477,2.3446379322582393e-53,6.049393499976961e-51,MELK
ENSG00000165309,103.361187943396,2.3551741638859056,0.3343684875033514,7.043648704671367,1.872699371327904e-12,1.2203772877155232e-11,ARMC3
ENSG00000165349,97.3850601291716,-2.9270188363933887,0.4306947884905176,-6.796039596048725,1.075342346796786e-11,6.461049709727469e-11,SLC7A3
ENSG00000165379,99.9823409373696,-2.067404976031727,0.2498406300504017,-8.274894982512084,1.2856888483449747e-16,1.3341343672302889e-15,LRFN5
ENSG00000165410,1775.1101175846138,-1.687092280364239,0.1395358270116828,-12.090746272804791,1.1820807524111966e-33,5.753442489986732e-32,CFL2
ENSG00000165424,3221.1456933106806,-1.56123089678043,0.164631021226552,-9.483212125811871,2.465735604582235e-21,4.075057443518215e-20,ZCCHC24
ENSG00000165457,1032.8160765470486,-1.9618532433256863,0.2502535119045863,-7.839463384128965,4.524758734864041e-15,3.959350127725119e-14,FOLR2
ENSG00000165474,2197.212718664109,4.670408874593377,0.2810868889296926,16.615534407802183,5.379333905540538e-62,3.665533295890764e-59,GJB2
ENSG00000165478,147.21555300044253,-5.1927482500996405,0.3940346373735576,-13.178405545035236,1.1683400298880836e-39,9.35199888381802e-38,HEPACAM
ENSG00000165480,491.0442193614916,2.9939577429344477,0.2066997260486902,14.4845752830325,1.516571613154791e-47,2.276999470033253e-45,SKA3
ENSG00000165490,447.2621943390504,1.9026904932942617,0.173660240314077,10.95639675410508,6.1915734675122585e-28,1.8634322185632874e-26,DDIAS
ENSG00000165507,9836.701644065504,-2.5447683936507817,0.2181628895062627,-11.664533777536578,1.9345993118861962e-31,7.995641790571645e-30,DEPP1
ENSG00000165548,1386.442333028957,1.6368307529901989,0.2711936666490355,6.035652577051141,1.5832155417415424e-09,7.400871243936938e-09,TMEM63C
ENSG00000165553,3.5247264468432133,3.511372939003989,0.5809960322810684,6.043712424709455,1.506078561157874e-09,7.061403980728741e-09,NGB
ENSG00000165566,3.3675185441427917,2.179013578006767,0.5432720735642887,4.010906659918551,6.0486021360090654e-05,0.0001507188014668,AMER2
ENSG00000165644,511.6805387847069,1.662264641524786,0.1994874202216001,8.332679021455405,7.903322118856895e-17,8.347805457417408e-16,COMTD1
ENSG00000165731,2493.6457745256243,2.3524727645507557,0.3184792456041964,7.386581063038533,1.5065231687860357e-13,1.1133440826053642e-12,RET
ENSG00000165795,10462.587058288656,-2.499743607096953,0.1832121607993895,-13.643982998672664,2.1925087269384878e-42,2.1110840368981993e-40,NDRG2
ENSG00000165799,56.12503955125757,-2.62338692936358,0.3649750622852223,-7.1878525424113615,6.581828795763073e-13,4.510368753156361e-12,RNASE7
ENSG00000165810,2204.323261727064,-4.203684719033594,0.2497692827423274,-16.830271012029506,1.4643032099408064e-63,1.2160580563805291e-60,BTNL9
ENSG00000165863,223.7112950971223,2.188972025920539,0.4122392290055596,5.309955656575851,1.0965191061727073e-07,4.019309689177888e-07,SPMIP5
ENSG00000165891,266.99592006869466,2.7550422058850117,0.2365688850364564,11.645835019514276,2.409499955516564e-31,9.86632685945342e-30,E2F7
ENSG00000165935,15.993246620069543,2.336669710986751,0.2388418411837053,9.7833348604506,1.3276251436884893e-22,2.479384272208124e-21,SMCO2
ENSG00000165949,13358.247978596954,1.8735406027933508,0.2781195553524459,6.73645763750454,1.6229458112376476e-11,9.580138812447907e-11,IFI27
ENSG00000165953,42.71717982033501,2.242281572926699,0.3753803393929502,5.973359117722641,2.3241750148019092e-09,1.0634461263491863e-08,SERPINA12
ENSG00000165973,53.604689506607926,3.68552809780861,0.5523526826796267,6.672418209193844,2.5162229301973715e-11,1.454614408744728e-10,NELL1
ENSG00000166006,506.75041790280346,1.9945930280101272,0.6459911602686247,3.0876475572525,0.0020174758464557,0.0039252083329351,KCNC2
ENSG00000166091,26.2005268010999,-2.503451677385809,0.4099401888416092,-6.106870576558866,1.0160356194182479e-09,4.865071456944133e-09,CMTM5
ENSG00000166105,46.87047952757415,-1.7806124507429122,0.3201902829903408,-5.561107083304672,2.6806864103184345e-08,1.0648616046967473e-07,GLB1L3
ENSG00000166143,32.908017400530966,1.5854252518410523,0.2971734194418123,5.335017024130198,9.553559357855277e-08,3.528642667616456e-07,PPP1R14D
ENSG00000166148,620.3250029513828,-1.6734159047422712,0.1893454246903917,-8.837899872566544,9.753462662818821e-19,1.2437536960864212e-17,AVPR1A
ENSG00000166159,22.610663682792605,3.271254367538005,0.4164828302452442,7.854475935086543,4.0144713972354406e-15,3.541984640821111e-14,LRTM2
ENSG00000166173,964.8559746464095,-1.7309019888736736,0.1688561694242556,-10.250747691218413,1.1743159622522192e-24,2.642459500156877e-23,LARP6
ENSG00000166246,158.59038686732504,1.8124532967599376,0.2035355243643427,8.904849914629743,5.345832505077923e-19,6.970829186577321e-18,DNAAF8
ENSG00000166250,3965.122973110853,-2.183856429060959,0.1925912051539621,-11.3393362241808,8.377748129469027e-30,3.000520977636649e-28,CLMP
ENSG00000166257,158.0355326302851,-2.457658594705335,0.2309071716248136,-10.64349183012223,1.869877138545558e-26,4.8861342140460375e-25,SCN3B
ENSG00000166265,1936.8407713677316,-1.8837184641542768,0.1737058245305229,-10.844302252071442,2.1224919007072924e-27,6.071606271398955e-26,CYYR1
ENSG00000166268,75.62344072252904,1.7926396506190203,0.3154541406817996,5.682726645288407,1.3256406154252455e-08,5.476278463380368e-08,MYRFL
ENSG00000166292,605.1699461643998,-3.8391442682491697,0.3083068435957017,-12.452348522252176,1.3578974867237224e-35,7.760457141867294e-34,TMEM100
ENSG00000166342,51.180013963886296,2.2935358085759394,0.3189131704484345,7.1917249618475205,6.397781113113745e-13,4.391039077505108e-12,NETO1
ENSG00000166396,39.52235844176862,2.636342348013307,0.3691196565381991,7.1422431759346825,9.181996842065177e-13,6.185337543165579e-12,SERPINB7
ENSG00000166405,396.0380051191284,-1.585461198984062,0.3229230773130824,-4.909717856574603,9.12075233859175e-07,2.958747532872337e-06,RIC3
ENSG00000166473,232.01631356237968,-2.7254243038791444,0.2687155237365505,-10.142414796069462,3.5813517757705226e-24,7.705488074150577e-23,PKD1L2
ENSG00000166482,6956.9851085917735,-2.468005934248992,0.2576317917593202,-9.579586111618571,9.743460248796589e-22,1.6737715327199056e-20,MFAP4
ENSG00000166509,7563.19435161405,5.202284013052178,0.7645369140201557,6.804490296874048,1.0140762268414443e-11,6.110901525694192e-11,CLEC3A
ENSG00000166535,621.9335096674056,3.270044046748905,0.4415317379942219,7.406135879617555,1.3003260289592162e-13,9.676887207950481e-13,A2ML1
ENSG00000166573,8.776567960597728,-2.8562258207030347,0.3280897788685741,-8.705622682159747,3.1583592316103095e-18,3.8554614873699567e-17,GALR1
ENSG00000166592,145.34245224871566,-1.5740164760350286,0.2591916125193779,-6.072790939241332,1.2570606520941723e-09,5.9473716983091754e-09,RRAD
ENSG00000166670,218.5365300209277,3.435846020424391,0.3505930890230858,9.80009625973588,1.1247840571602236e-22,2.1214433157581928e-21,MMP10
ENSG00000166736,21.553737852763263,2.8699256209213395,0.4496680163391404,6.382320993799204,1.7442386266257123e-10,9.173390362671345e-10,HTR3A
ENSG00000166743,388.1219173106293,-2.148110823558414,0.3364294552084921,-6.385026014524164,1.713683344649443e-10,9.016261113454551e-10,ACSM1
ENSG00000166803,282.294039142056,3.0534297170930453,0.1868480814821147,16.341777196065685,4.9780501348272135e-60,2.4498459691302443e-57,PCLAF
ENSG00000166816,778.5888244357046,-1.9461852902842456,0.2594462817840853,-7.501303456350499,6.318631937172087e-14,4.871414091393912e-13,LDHD
ENSG00000166819,21787.877210606817,-5.20131705105756,0.3845834001752936,-13.52454902808284,1.1202854149234897e-41,1.0446170140909384e-39,PLIN1
ENSG00000166831,377.3488593427618,-1.6208129475011284,0.2061896789962051,-7.860786026690303,3.817303883180241e-15,3.3803682337725715e-14,RBPMS2
ENSG00000166840,469.4618466375325,2.367542971464715,0.3447716717660075,6.866988112270254,6.557153169140209e-12,4.033711700692154e-11,GLYATL1
ENSG00000166851,1173.2178021879586,3.402563411928222,0.2137213382135585,15.920560110512929,4.562739983507582e-57,1.6840946536349167e-54,PLK1
ENSG00000166856,21.327747516474563,-2.1003366347570505,0.2720559399350331,-7.720238107128301,1.1611259293865724e-14,9.72790717952338e-14,ACKR5
ENSG00000166897,56.67882178226599,2.472312901024691,0.3656480971908095,6.761454305434389,1.3661340548593143e-11,8.127381353903353e-11,ELFN2
ENSG00000166920,394.4938580672344,1.9637621936549143,0.2728178609801651,7.198070487759184,6.10705740016122e-13,4.207805299696251e-12,COXFA4L3
ENSG00000166924,47.67240641673381,-1.956862737393045,0.2061023684479869,-9.494615477390251,2.2102559629216585e-21,3.673392883967672e-20,NYAP1
ENSG00000166928,382.6460716711459,1.8017889797210829,0.2654066593082395,6.788785874541717,1.130811268200922e-11,6.780530111109995e-11,MS4A14
ENSG00000166947,22.513058847064865,-4.517884248976877,0.3983264175301335,-11.342165746852826,8.111189136831634e-30,2.912903396098657e-28,EPB42
ENSG00000166959,54.2967620056988,2.6526359965643724,0.4664468167265467,5.686899130709414,1.2936681458941072e-08,5.3541864159999845e-08,MS4A8
ENSG00000166960,62.68891796998603,-3.126078627880517,0.2632902451456873,-11.873127415528645,1.632487004535843e-32,7.170800354634715e-31,CCDC178
ENSG00000166961,178.840313586897,4.559175289216437,0.4941962302836433,9.225435181081217,2.824117622521544e-20,4.2021794971170234e-19,MS4A15
ENSG00000167080,121.26125666873034,1.881826480556949,0.447106320229489,4.208901541787762,2.566151704687264e-05,6.775507357383411e-05,B4GALNT2
ENSG00000167094,40.44565867655779,1.8447059272446893,0.2338262811353728,7.889215524822483,3.040919627418346e-15,2.7209575454088402e-14,TTC16
ENSG00000167100,94.00863860728468,2.015929295571804,0.1823405862194473,11.055845203577594,2.053930272131041e-28,6.49799964070029e-27,SAMD14
ENSG00000167105,49.04157866444354,2.5799873414109613,0.2389703554332237,10.796265238563851,3.584903982874415e-27,1.0028297194198692e-25,TMEM92
ENSG00000167194,2.6681314881494167,2.886928744230846,0.4753590526044297,6.073154026232893,1.2542204805134342e-09,5.934990966817044e-09,FIMP1
ENSG00000167207,459.52984768294806,1.6705380485532193,0.2216712622451892,7.536105635133919,4.8421438679387544e-14,3.7925132122155143e-13,NOD2
ENSG00000167311,42.76430813391604,-1.52023314458667,0.2383537957762614,-6.378053009962076,1.7935343914411048e-10,9.421462038455694e-10,ART5
ENSG00000167371,284.0071779725262,1.797688594895843,0.2335908636956102,7.69588573138028,1.4051734679632571e-14,1.164768712137354e-13,PRRT2
ENSG00000167434,462.6060704595799,-6.179135978076706,0.3456863428526059,-17.874978592114562,1.847462171671186e-71,2.888018071303633e-68,CA4
ENSG00000167476,56.14530404599002,1.755847654876619,0.3201566980715042,5.4843383426089245,4.1501979669837e-08,1.6084513777540006e-07,JSRP1
ENSG00000167513,772.9396262253962,2.367885992811252,0.2181436347583083,10.854710454580738,1.894061161512321e-27,5.459292339174613e-26,CDT1
ENSG00000167531,57.86754659631785,-6.234166954907174,0.6844923375308343,-9.107723509945563,8.412864204890831e-20,1.1917476878729946e-18,LALBA
ENSG00000167588,13743.06805226624,-5.160223333095774,0.3734865611863067,-13.816356113872846,2.0309318393138506e-43,2.1165495541084542e-41,GPD1
ENSG00000167619,160.56918492117276,3.678445145785935,0.30033343615257,12.24787087614606,1.7246438981603395e-34,8.847955906102516e-33,TMEM145
ENSG00000167641,466.9145799759197,-2.706010993875502,0.2122084375556829,-12.75166541464899,3.0515562623880245e-37,2.0324588389213475e-35,PPP1R14A
ENSG00000167646,82.22536227849253,2.225294726997972,0.2633253107552845,8.45074376107354,2.894528997986364e-17,3.2064238483321216e-16,DNAAF3
ENSG00000167653,239.75212576225056,2.651622053137715,0.3739970730723652,7.089954023850473,1.3415656229582212e-12,8.901899233486823e-12,PSCA
ENSG00000167676,38213.57900488826,-5.053330377300219,0.373579731172334,-13.526778772077158,1.086826108734935e-41,1.0205796409763567e-39,PLIN4
ENSG00000167700,1649.4056547592313,1.8342184947311213,0.1937949889596417,9.464736444310754,2.943022902729951e-21,4.8278292370400274e-20,SLC33A2
ENSG00000167702,984.8330904980496,2.1285175343642253,0.2099096995231552,10.140158073683622,3.665060290587837e-24,7.873805757669504e-23,KIFC2
ENSG00000167749,135.99652654833696,3.130822242566196,0.3208058762057388,9.759242192179611,1.6840888546311508e-22,3.1166198685113392e-21,KLK4
ENSG00000167751,56.9972766273042,-2.3806801991011555,0.4692421907988595,-5.073457258922467,3.906522506320239e-07,1.3323387526368115e-06,KLK2
ENSG00000167771,237.7005925744491,1.894869709652125,0.2413749125977922,7.850317538217335,4.149852139958002e-15,3.649696177757715e-14,RCOR2
ENSG00000167772,2087.8904701883366,-1.9128203570781976,0.271129310935068,-7.0550113172245466,1.7258667573465224e-12,1.130234329139572e-11,ANGPTL4
ENSG00000167779,2094.8624474022704,-3.454252544057929,0.2099718194852563,-16.4510292501441,8.245504254939735e-61,4.662218629255818e-58,IGFBP6
ENSG00000167800,10.09243165621306,2.1047004636800555,0.6443285118028167,3.266502141572396,0.0010888498428786,0.0022222705302589,TBX10
ENSG00000167861,8008.101658411001,1.6675385826128577,0.1985982301147579,8.39654301878364,4.5981532183743955e-17,4.981488861732555e-16,HID1
ENSG00000167874,183.8239529999984,-2.1635653841635616,0.1880121594598423,-11.507582224359696,1.208182318221032e-30,4.661188479761198e-29,TMEM88
ENSG00000167880,2534.337703551388,1.6917743629740114,0.1961670813679094,8.624150143729292,6.4570358877972926e-18,7.681097973062357e-17,EVPL
ENSG00000167889,103.3225708451427,1.667005106362137,0.2902172114177963,5.743991192728809,9.247059961120244e-09,3.9062250590807575e-08,MGAT5B
ENSG00000167900,2797.187671375533,2.8392181746321774,0.1960101533374761,14.485056647773838,1.5059845451154643e-47,2.2739510958206518e-45,TK1
ENSG00000167916,17.715001882464716,1.7105113159130512,0.4693620047918787,3.6443327292150847,0.0002680864207093,0.0006039671609318,KRT24
ENSG00000167964,478.1539305564781,3.028233846290364,0.2514197772642912,12.044533167759113,2.072463454889561e-33,9.834949341730376e-32,RAB26
ENSG00000167968,73.62068534034965,2.503981716280157,0.2422072257679846,10.338179252665125,4.734470952727774e-25,1.0988521010370359e-23,DNASE1L2
ENSG00000167971,136.1589227545029,1.6686393879068555,0.2462431052241441,6.776390292787965,1.2321554344759612e-11,7.361630096942145e-11,CASKIN1
ENSG00000167992,76.60786861397457,-1.7218653238300676,0.2006721841380522,-8.580488278562376,9.447125752221949e-18,1.1079318926094367e-16,VWCE
ENSG00000168004,1581.928860804192,-1.7705961170344997,0.3314082361046527,-5.342643676711093,9.160071456262923e-08,3.392264478124124e-07,PLAAT5
ENSG00000168065,12.115633579252238,-1.7462575287020736,0.3225999398449977,-5.413074563935481,6.195167704765201e-08,2.3392523693398015e-07,SLC22A11
ENSG00000168070,11.367673983435802,1.7467175097424898,0.40400874166376,4.323464642248289,1.5359776455832084e-05,4.199877140793679e-05,MAJIN
ENSG00000168078,674.7980132064015,3.283436285139567,0.2269279059306727,14.469072332349768,1.9001762635731734e-47,2.8053991224698386e-45,PBK
ENSG00000168079,2310.2736015593223,-5.640182790343927,0.3589208519381038,-15.714280070071217,1.2074497082949354e-55,3.8660212045708332e-53,SCARA5
ENSG00000168243,404.6388205214571,2.191357614342591,0.3578011615690848,6.124512298206947,9.096178835967811e-10,4.383949085343573e-09,GNG4
ENSG00000168298,28.735165169686336,2.090665210116746,0.2959820650587384,7.06348612609973,1.6237642032664199e-12,1.0681072698466612e-11,H1-4
ENSG00000168309,1382.896119733803,-3.3404287576465985,0.2666766139238694,-12.526140588391527,5.3713562876700056e-36,3.1510771157799206e-34,FAM107A
ENSG00000168334,117.4689481455092,4.157584899917974,0.3470510643607597,11.979749745403929,4.5369114978894736e-33,2.096842140111527e-31,XIRP1
ENSG00000168350,3677.988758500384,2.759493489436534,0.2994173437885319,9.216211240540122,3.077834845101849e-20,4.554201615177151e-19,DEGS2
ENSG00000168356,69.11321077330953,-1.8057398384553944,0.2388231763754932,-7.560990796036868,4.000105526899619e-14,3.16660126235798e-13,SCN11A
ENSG00000168394,5181.217990030902,1.5677812922546777,0.2010938333510771,7.796267374930322,6.3765205523093e-15,5.4875658574358696e-14,TAP1
ENSG00000168427,154.3613353244688,-2.9323010503799773,0.3358134438918251,-8.73193466109282,2.5035284523284242e-18,3.071619049890483e-17,KLHL30
ENSG00000168461,9313.044736610063,1.6153362264589706,0.1852118067417998,8.721561842495708,2.743903041652508e-18,3.361882126874846e-17,RAB31
ENSG00000168477,6176.844421480053,-4.7048396212909225,0.2510120249231537,-18.74348299740337,2.1882363486362064e-78,6.461375662778576e-75,TNXB
ENSG00000168490,184.53749942669137,-2.446698147555677,0.2225087349117728,-10.995964488880942,3.996181462978917e-28,1.2277285824123087e-26,PHYHIP
ENSG00000168496,1944.3294554161569,1.6610851581123782,0.1344867215385284,12.351294901902282,4.7933626676717624e-35,2.6103199363396946e-33,FEN1
ENSG00000168497,2764.318801343428,-4.364735709623807,0.2610598073008805,-16.719294152367535,9.483578362641916e-63,7.200745571063113e-60,CAVIN2
ENSG00000168505,7.801628049676238,5.021438567683233,0.4898738795595354,10.250472166832417,1.1776683408094931e-24,2.647761096193932e-23,GBX2
ENSG00000168528,10217.303132957237,1.5627173336478926,0.1948305123244385,8.020906556184597,1.0496755961244208e-15,9.89891020830606e-15,SERINC2
ENSG00000168546,131.7150155216475,-2.610615742393217,0.2514433635095187,-10.382519967739729,2.978086834967883e-25,7.034902901268577e-24,GFRA2
ENSG00000168671,54.836430027846426,1.8830249902468967,0.3940997685222274,4.778041350563983,1.7701098433248734e-06,5.533545357764793e-06,UGT3A2
ENSG00000168743,8718.100269262979,1.9174591094270752,0.2309464438808727,8.302613702145345,1.0184560300870924e-16,1.064312583545595e-15,NPNT
ENSG00000168824,278.08717857052204,-3.160304768948277,0.248815516743711,-12.70139744621918,5.8083185218373445e-37,3.737434981061197e-35,NSG1
ENSG00000168828,6.847524326527983,1.8970341400603916,0.3166381004320885,5.991174585344195,2.083308429495543e-09,9.59513371123814e-09,OR13J1
ENSG00000168830,4.341682185562271,3.1913333650329765,0.659470272562849,4.839237639371888,1.3033812513346684e-06,4.152737847330179e-06,HTR1E
ENSG00000168874,635.268071702026,-3.856096093533579,0.2257363657119919,-17.082298996757213,2.0103912044782038e-65,2.13704585036033e-62,ATOH8
ENSG00000168913,175.32992051036467,1.6707119975405569,0.3383158266505912,4.9383205452757295,7.879824385153831e-07,2.579213364151534e-06,ENHO
ENSG00000168917,334.74033030316554,-1.9745384068822465,0.1768619491172534,-11.164291792199997,6.097520169481616e-29,2.0255199812996744e-27,SLC35G2
ENSG00000168952,173.35145238051234,-1.8557952661285095,0.2816788426432572,-6.588337443855701,4.447788582068255e-11,2.5058295859330904e-10,STXBP6
ENSG00000169031,91.72223550954232,-1.5063754913888796,0.2738729040410354,-5.500272093960684,3.792056103104633e-08,1.4774064058056828e-07,COL4A3
ENSG00000169064,6.95557236861359,2.349692695453838,0.4482868547370094,5.241493634321047,1.5928197316406254e-07,5.723253700425854e-07,ZBBX
ENSG00000169218,250.6090550573802,-3.035663148283453,0.3258039357581838,-9.3174538890057,1.1916550327291303e-20,1.8369044370520093e-19,RSPO1
ENSG00000169241,4304.047462351768,1.7832449470031078,0.1291745812125327,13.804921450212488,2.3803183260410518e-43,2.461360292394589e-41,SLC50A1
ENSG00000169245,2037.962902292928,3.66011554357531,0.2753164179287601,13.294214602640908,2.500853827646587e-40,2.0768809521783767e-38,CXCL10
ENSG00000169248,626.3790795283837,3.994278333312114,0.2880826236514311,13.865044280300072,1.03162420039602e-43,1.1189964541030299e-41,CXCL11
ENSG00000169252,463.1271310150296,-2.9088896314367063,0.2108452196619136,-13.796327164073512,2.681716609511416e-43,2.741023803760225e-41,ADRB2
ENSG00000169258,447.0666350953969,2.877841505873231,0.201345856563587,14.293025716992489,2.4186817529971896e-46,3.262764852076158e-44,GPRIN1
ENSG00000169282,435.55515221581805,-1.876579561134304,0.1831980144946462,-10.243449233393,1.2663935274100644e-24,2.84003442961371e-23,KCNAB1
ENSG00000169291,808.959077505421,-2.1944822556667907,0.1679063272900645,-13.06968171530391,4.9070409423901736e-39,3.758058012795933e-37,SHE
ENSG00000169302,100.54805945349707,-1.7089856950130933,0.2202383414058322,-7.759710158114353,8.512369948209159e-15,7.227355634941163e-14,STK32A
ENSG00000169313,182.4068998794139,-2.317570258443727,0.251019925300862,-9.232614724372914,2.64104621716695e-20,3.9430226528770623e-19,P2RY12
ENSG00000169344,24.029910370724178,1.9168745341992397,0.3876192265635398,4.945251429330271,7.604564915558881e-07,2.494030761828672e-06,UMOD
ENSG00000169347,2106.5947658691907,3.19150108895024,0.4768085161571953,6.693464946205069,2.179472580868672e-11,1.2698856355313518e-10,GP2
ENSG00000169418,2504.4195433712744,-3.7096372588636495,0.2176424484451061,-17.04464035102645,3.830933707418525e-65,3.770631973135085e-62,NPR1
ENSG00000169427,21.60930873370812,2.6395224328622446,0.3223721803137266,8.187810841163495,2.660204868167458e-16,2.6788535191947784e-15,KCNK9
ENSG00000169432,126.68415150588994,-2.1254624237397084,0.2329946630956421,-9.122365274380668,7.350231811003446e-20,1.0473587687797134e-18,SCN9A
ENSG00000169436,454.77451033743847,3.564419781865363,0.3151386581531947,11.31063958561578,1.1623909153255487e-29,4.12423745991675e-28,COL22A1
ENSG00000169515,1494.3374256279628,-1.8842472721700507,0.2286003774604878,-8.242537886866486,1.6859570609218835e-16,1.7325718829852689e-15,CCDC8
ENSG00000169550,512.1831930319069,-1.5155045679089736,0.4497730246095208,-3.369487463648333,0.0007530811674152,0.0015783227148312,MUC15
ENSG00000169583,293.3404415565534,2.019417269039093,0.285655170454347,7.069423129387513,1.5557908586693402e-12,1.0249613926949629e-11,CLIC3
ENSG00000169594,106.93954487129533,-1.7759433014241313,0.3594989101478181,-4.940051975940349,7.810174935214519e-07,2.5592478969542416e-06,BNC1
ENSG00000169607,524.3788360134649,3.155423134360598,0.2177814651872849,14.488942535339444,1.423169291562833e-47,2.16118422418756e-45,CKAP2L
ENSG00000169618,36.97882020601124,-1.673019529421728,0.4550259356231236,-3.6767564185778863,0.0002362184003933,0.0005369518424816,PROKR1
ENSG00000169627,22.920435790554635,1.7840896299917866,0.1978945493382515,9.01535507651769,1.962337239042264e-19,2.6700881101939386e-18,BOLA2B
ENSG00000169668,9.675666897943712,1.566314348821686,0.3396325318459486,4.611791280147859,3.992137443318823e-06,1.1929725914336864e-05,BCRP2
ENSG00000169679,1302.4794980064255,3.2440318064249336,0.2125262660958869,15.264145303156557,1.3255322586343105e-52,3.2616684975191484e-50,BUB1
ENSG00000169683,1432.919572908062,1.59929648708223,0.1645586101054897,9.718704393875266,2.5095417749253343e-22,4.5930490818623105e-21,LRRC45
ENSG00000169689,2173.727575901259,1.5703493914511342,0.158628413996984,9.899546694585188,4.181661013753727e-23,8.165146321859315e-22,CENPX
ENSG00000169692,5834.918602266583,-1.6568323969455336,0.2157975773719661,-7.677715464292185,1.6195070837418157e-14,1.332870881091321e-13,AGPAT2
ENSG00000169744,1451.982595987694,-2.080254513901644,0.1582522107080764,-13.14518454177574,1.8136252004038065e-39,1.4301807032857907e-37,LDB2
ENSG00000169750,1184.4582556939283,1.5802446628218367,0.2042015029118767,7.738653439312798,1.0047524141883711e-14,8.468536443722159e-14,RAC3
ENSG00000169760,115.50907270565396,-1.7429595363772272,0.3436816626245612,-5.071435941815845,3.948251683778663e-07,1.345017158010742e-06,NLGN1
ENSG00000169783,777.0278509216818,1.7992253758644796,0.2487965964353665,7.231712176303384,4.769422014178801e-13,3.3345801112023586e-12,LINGO1
ENSG00000169836,11.417196251970422,2.091303451466816,0.488518033424306,4.280913514712359,1.8612768719172e-05,5.023198219884186e-05,TACR3
ENSG00000169884,62.95783422215456,-1.6825794694627652,0.2751484360076402,-6.115170029227583,9.645406670822231e-10,4.637718152290588e-09,WNT10B
ENSG00000169891,4027.728526523499,1.766566559527895,0.2234266845910814,7.906694595415445,2.6431299670198508e-15,2.381056910967883e-14,REPS2
ENSG00000169900,153.53552765775314,4.861531335506808,0.4770743129854033,10.19030202042245,2.1908252383589943e-24,4.7800640976510893e-23,PYDC1
ENSG00000169933,12.871958924965416,-1.5653767237174867,0.3223492856348259,-4.856150745408592,1.1968959778391622e-06,3.83223019410551e-06,FRMPD4
ENSG00000169962,107.07787126279146,2.006982197451772,0.2510195230729823,7.99532312420279,1.2923448295134138e-15,1.2097239818358217e-14,TAS1R3
ENSG00000169991,2897.071748558545,-1.5907461479667029,0.1730674001616045,-9.191483471071486,3.874604874155165e-20,5.6856777764038395e-19,IFFO2
ENSG00000169994,73.51972124822784,-1.759686379694797,0.2012977073387013,-8.741710985977441,2.2960624647969252e-18,2.8275189991648876e-17,MYO7B
ENSG00000170044,96.14960483399447,2.993274556883886,0.3757695703815518,7.965718335959328,1.6426671834906646e-15,1.5189241614914552e-14,ZPLD1
ENSG00000170054,53.74337996052491,3.185394418322067,0.4058758071147838,7.848199775605794,4.2205154013227646e-15,3.7077751005009077e-14,SERPINA9
ENSG00000170075,55.85529872916903,1.6959607873006992,0.284905648391998,5.95271029855908,2.637379098798829e-09,1.1989112136602611e-08,GPR37L1
ENSG00000170091,30.985997862372813,3.893648439452392,0.4130225723353731,9.42720495259218,4.211620383866519e-21,6.762768078625544e-20,NSG2
ENSG00000170122,24.775458628785668,1.6188092359304578,0.2151508402917949,7.524066528092447,5.309830457962864e-14,4.144162831728726e-13,FOXD4
ENSG00000170145,6102.483315444797,-2.355955434663435,0.1515615121866436,-15.544549540797297,1.7323638310033027e-54,5.0040835661861714e-52,SIK2
ENSG00000170153,2002.536405912468,-2.33141060967252,0.2597901784996671,-8.974206119480021,2.8540246786281333e-19,3.820942359422803e-18,RNF150
ENSG00000170160,63.90680803887193,-1.6404042949427893,0.3639510068720451,-4.507211860852219,6.568504005519744e-06,1.899227439306792e-05,CCDC144A
ENSG00000170231,35.69706138457615,3.918147125874096,0.4694864099113377,8.345602861250098,7.085152218626767e-17,7.516483840718816e-16,FABP6
ENSG00000170262,9.444393801119588,-2.820095123376275,0.3278265065929108,-8.602401168488246,7.806536959194864e-18,9.204024830993943e-17,MRAP
ENSG00000170271,2723.412546021878,-2.057589518458365,0.2220548609141563,-9.26613139648316,1.930199575627676e-20,2.9194680547698064e-19,FAXDC2
ENSG00000170298,18.74278755811813,3.1788189716651067,0.426782118236955,7.448341520954224,9.452088095905577e-14,7.142145042612758e-13,LGALS9B
ENSG00000170312,2257.041119908752,3.124021705774882,0.1949573567573573,16.024128341373743,8.669807578425539e-58,3.4388080059202784e-55,CDK1
ENSG00000170323,32254.64620854874,-5.1770408790946165,0.3857462774073182,-13.420844690687868,4.5648033114012176e-41,4.11219145764364e-39,FABP4
ENSG00000170345,31881.657357062773,-2.4316181370995595,0.2732947402937219,-8.897420178984023,5.7159768525814665e-19,7.427974809650487e-18,FOS
ENSG00000170367,102.15837395765595,6.669591192741847,0.7569087697044442,8.811618334592916,1.2335197721353309e-18,1.5587630976936006e-17,CST5
ENSG00000170369,116.42046325369525,5.3334308731141125,0.4012469909849742,13.29213923828238,2.5712053423062556e-40,2.1286536439809573e-38,CST2
ENSG00000170373,600.14186539397,7.8189805397294,0.5025423470944704,15.558849089904754,1.3856821291282724e-54,4.046648635338883e-52,CST1
ENSG00000170419,319.609024619643,3.3218645734202297,0.632867265088843,5.248911986234429,1.5300014746493865e-07,5.514687262824827e-07,VSTM2A
ENSG00000170421,58951.46671379807,1.8567170675511264,0.2223458308380651,8.3505818865719,6.79274798912598e-17,7.226472290273136e-16,KRT8
ENSG00000170454,24.434976851514715,2.8013582900463883,0.4406159885392905,6.35782260043109,2.0463359618773955e-10,1.0667198545879126e-09,KRT75
ENSG00000170482,91.76845410761564,1.7404232699784197,0.2212944814354696,7.864738689771321,3.698687070620912e-15,3.278606034081078e-14,SLC23A1
ENSG00000170498,13.07422869157252,2.607136805303796,0.3461907097860887,7.53092654310321,5.0381526932013997e-14,3.941386747772364e-13,KISS1
ENSG00000170509,144.52046463023353,-5.068846576413348,0.3060231843094884,-16.563603139581424,1.2771165263512248e-61,8.277895533605804e-59,HSD17B13
ENSG00000170525,13971.82384902493,-2.1895122777972458,0.1866461582397114,-11.730818884497127,8.85973640680746e-32,3.702004638536294e-30,PFKFB3
ENSG00000170549,762.3455834609714,-1.635219289130983,0.3592646367768817,-4.551573190729935,5.324626810355714e-06,1.562176611671485e-05,IRX1
ENSG00000170558,327.36581940499065,2.3895989687069226,0.2600421660149695,9.189274975387503,3.9549799345149584e-20,5.799074599912899e-19,CDH2
ENSG00000170577,405.71043198862606,2.0763718766656742,0.2965939571883113,7.00072211972734,2.5464656527224853e-12,1.6361780638563838e-11,SIX2
ENSG00000170608,44.28422364193479,2.43517343385938,0.3855423581294797,6.316227990288829,2.6802455569257707e-10,1.373193091870105e-09,FOXA3
ENSG00000170683,3.653849302644494,-3.5866657221000984,0.379913131398103,-9.440752176427686,3.701128723138095e-21,5.979179077045281e-20,OR10A3
ENSG00000170684,341.76899206346616,1.836765971222948,0.2131197276640645,8.61846996219044,6.785467480590912e-18,8.057363641497027e-17,ZNF296
ENSG00000170689,95.0327883641424,2.2666594326186167,0.2623218028600921,8.640758823343125,5.5840884063402346e-18,6.675535285582174e-17,HOXB9
ENSG00000170743,543.3379987856314,2.368485935924063,0.3709360244718636,6.385160188461874,1.7121814395453967e-10,9.010142921964141e-10,SYT9
ENSG00000170786,1259.9349185421986,2.395809698239511,0.3820237042780833,6.271363979276922,3.578988769262945e-10,1.8109601398165038e-09,SDR16C5
ENSG00000170819,15.19729760957457,1.8717497109679413,0.2802419594323032,6.679048757579401,2.4049814632329598e-11,1.3936411335677258e-10,BFSP2
ENSG00000170891,92.75681601663328,-1.5406369849122563,0.2104413283410602,-7.320981087970328,2.461645342021824e-13,1.778370384596176e-12,CYTL1
ENSG00000170893,66.62693687954244,1.643074568348459,0.4245943755669252,3.869751138729993,0.0001089465044293,0.0002613280400044,TRH
ENSG00000170909,279.0954134592084,1.569991319421022,0.182255559204513,8.614230074920787,7.041316637719531e-18,8.34253186123034e-17,OSCAR
ENSG00000170959,195.816769673796,1.8890865374993235,0.3153641141857553,5.990175966522989,2.096141156044661e-09,9.649220720922725e-09,DCDC1
ENSG00000170962,2367.089903337034,-1.7049002046260853,0.181283674811735,-9.404598656755176,5.222914887818851e-21,8.336274062689848e-20,PDGFD
ENSG00000170965,46.99576655031927,4.136427256816996,0.3247532423208112,12.737139211471764,3.6762958270212695e-37,2.418256475324016e-35,PLAC1
ENSG00000170989,2613.0471634030027,-2.2468190080796524,0.1764538501776459,-12.733182108623042,3.867495040054468e-37,2.531494598262254e-35,S1PR1
ENSG00000171056,413.827662276347,-1.8076187670535684,0.1835670069776742,-9.84718766631857,7.04887418022583e-23,1.3515427946572978e-21,SOX7
ENSG00000171102,342.5685391651895,1.8084306606171376,0.5282051381435278,3.4237278852931903,0.0006176843807477,0.001312252171906,OBP2B
ENSG00000171115,1311.169787056353,-1.8866994875433625,0.1610616465917073,-11.71414503370974,1.078739501579047e-31,4.500392818597044e-30,GIMAP8
ENSG00000171124,281.0998125428943,2.0668992927975767,0.388572602903844,5.319210045565283,1.0421876152263069e-07,3.830194423266367e-07,FUT3
ENSG00000171126,37.74180153170147,3.3937884348056926,0.3395538418142833,9.994846227249882,1.6053620242748852e-23,3.2616586999315803e-22,KCNG3
ENSG00000171195,48.87414335408992,-2.2533414972124644,0.6286853004143823,-3.584212157858996,0.0003380971894858,0.0007490565077603,MUC7
ENSG00000171199,338.04005800606615,-2.8225969536120914,0.6582953356414994,-4.287736523093409,1.805030146239353e-05,4.883302060094758e-05,OPRPN
ENSG00000171201,35.10192307187805,-2.230265280557527,0.7400713981071001,-3.01358123859662,0.0025818390654117,0.0049347218903422,SMR3B
ENSG00000171209,60.56997155576452,-4.855601198696522,0.6775368704424585,-7.166549025628114,7.691186471998468e-13,5.226113027188936e-12,CSN3
ENSG00000171227,1840.248582693118,-2.6720106720029118,0.2369043818970147,-11.278857109382075,1.6690014728316104e-29,5.805459966034037e-28,TMEM37
ENSG00000171236,2170.547879360476,2.038823742410392,0.3317109840795733,6.146385981361726,7.926825545685171e-10,3.849696434148088e-09,LRG1
ENSG00000171241,597.6736006615671,2.602607942234444,0.1983571456638084,13.120817672208048,2.502204933841747e-39,1.96153675860898e-37,SHCBP1
ENSG00000171243,597.4928523354807,-2.3426235427027478,0.3970373929255174,-5.900259231105253,3.6293088344573878e-09,1.6150181225000853e-08,SOSTDC1
ENSG00000171320,354.8509218458345,2.520913687445929,0.2114119251251761,11.924179234228657,8.855244096381845e-33,4.002178773152169e-31,ESCO2
ENSG00000171345,89747.76542878622,2.167159409698576,0.265731200241611,8.15545712256644,3.478616271194641e-16,3.4532770790809712e-15,KRT19
ENSG00000171402,3.0533936775606256,-3.004469113451391,0.5504131997518663,-5.458570242875436,4.7998397181357465e-08,1.8438239449184365e-07,XAGE3
ENSG00000171428,5441.228504615038,2.851729596052241,0.3455161443673433,8.253535015777324,1.537767917057273e-16,1.5839605579766293e-15,NAT1
ENSG00000171450,8.399055698704831,3.368494667657742,0.607626627962393,5.54369165642659,2.9616017533455164e-08,1.1706762843248117e-07,CDK5R2
ENSG00000171462,159.15741397748562,-1.7112975834936963,0.1793149681577101,-9.54352891493467,1.380529235837863e-21,2.3442533190026326e-20,DLK2
ENSG00000171502,179.74774016071592,1.898228564599049,0.2035495743326746,9.325632690818836,1.1032339087397388e-20,1.7095300947381084e-19,COL24A1
ENSG00000171509,12.98807977286632,1.6164759681356602,0.3048340249808919,5.302806890526695,1.1403553419999061e-07,4.172510424569394e-07,RXFP1
ENSG00000171560,26.183069530395823,-2.477045969161481,0.7512675745639061,-3.297155438392706,0.0009766943187835,0.0020070871884992,FGA
ENSG00000171596,134.61825007397024,-3.521504792563966,0.2688843573027458,-13.09672614609926,3.437689752352774e-39,2.6403643112362708e-37,NMUR1
ENSG00000171611,10.749169794505454,1.6680020272131195,0.2959245519465371,5.636578703055594,1.7346177871589202e-08,7.066912110033466e-08,PTCRA
ENSG00000171631,308.2477555318512,1.8484024048144272,0.2246501494392843,8.227915313779883,1.904996809880241e-16,1.9433892599833936e-15,P2RY6
ENSG00000171659,791.6835330579914,-1.616948340586486,0.2028028671613564,-7.97300532886446,1.5486149502371973e-15,1.4369567843070362e-14,GPR34
ENSG00000171695,7.165334702846898,2.8708570868754806,0.4098402733048419,7.004819374449611,2.4730467475195523e-12,1.5897730361715554e-11,LKAAEAR1
ENSG00000171724,82.05569747234,-1.568315649025641,0.256790145038511,-6.107382543011685,1.0127829328405195e-09,4.85037059654655e-09,VAT1L
ENSG00000171759,75.82162984709439,1.9384186201166251,0.4065622047828662,4.767827892786744,1.8622275944086048e-06,5.802403367500138e-06,PAH
ENSG00000171772,4.293524313479209,-1.6438532780998762,0.4487685664152941,-3.6630312395334768,0.000249248127693,0.0005645218361197,SYCE1
ENSG00000171819,184.41196871361055,-4.585128769544701,0.4081918738532866,-11.23277816939761,2.81486204501377e-29,9.602690480903844e-28,ANGPTL7
ENSG00000171848,2540.3904710634038,3.173586858203424,0.2273837116510393,13.956966552968648,2.853216637367176e-44,3.2403518007706285e-42,RRM2
ENSG00000171885,75.79732523761922,-2.2128134283217973,0.3028169595754905,-7.307428987543729,2.723021460786397e-13,1.959498925545586e-12,AQP4
ENSG00000171914,3545.575730734201,-1.9107091217804653,0.1482831027184344,-12.88554856724702,5.428811224999649e-38,3.796596271167518e-36,TLN2
ENSG00000171916,20.732728992802997,2.4352512329590077,0.3847853475416873,6.328856461186256,2.4698472767750244e-10,1.2717727452101582e-09,LGALS9C
ENSG00000171951,117.07894001398542,1.6099934104279474,0.2657326318699573,6.058696664758269,1.3722889591987012e-09,6.470649235398419e-09,SCG2
ENSG00000171992,8987.825622781102,-2.1462829672805093,0.1861526610313333,-11.529692647902817,9.347683145392784e-31,3.6531570527766647e-29,SYNPO
ENSG00000172061,6173.390664553144,3.9055323371490087,0.2664611931105874,14.657039892214716,1.2145349516228946e-48,2.082339763830866e-46,LRRC15
ENSG00000172137,1507.2404594687662,-2.576498469599785,0.3181627807591806,-8.098051140525934,5.584659346872646e-16,5.418485656923716e-15,CALB2
ENSG00000172156,62.00307511815709,4.359223776186386,0.2881377874256119,15.12895554288172,1.04338236474158e-51,2.3106571952506243e-49,CCL11
ENSG00000172201,3493.234073487843,-1.919400442900821,0.3004820851310978,-6.387736700054521,1.6835889206974371e-10,8.86494463394777e-10,ID4
ENSG00000172232,62.363016952321374,1.7933099014360088,0.3745849723695455,4.787458210327842,1.6890689428333528e-06,5.291407185641441e-06,AZU1
ENSG00000172243,660.0536986888256,1.5850744567920432,0.2154198687986734,7.358069920065815,1.8658831292645038e-13,1.3660012165345505e-12,CLEC7A
ENSG00000172318,78.24653037719924,-2.954259735339425,0.3363890604530322,-8.782270539240406,1.602071731758105e-18,1.9988289329329408e-17,B3GALT1
ENSG00000172366,1511.5755599069294,1.5858195120924792,0.1878525462321792,8.441831340057865,3.1240391457985206e-17,3.452030781687971e-16,MCRIP2
ENSG00000172379,3188.273507400109,2.0241545034957205,0.2440198968213589,8.295038764718251,1.0854980147750679e-16,1.1308157484377668e-15,ARNT2
ENSG00000172382,234.37237087582545,1.7149213160024768,0.2283788071218642,7.509108825003122,5.953122326467043e-14,4.605654318074575e-13,PRSS27
ENSG00000172399,16.988443660520897,-2.3703857360115306,0.264244392614366,-8.97042965627215,2.9536002063525545e-19,3.944317863508499e-18,MYOZ2
ENSG00000172403,6125.303499735405,-2.324203148992711,0.2219661980217862,-10.470977877291876,1.1742365924583994e-25,2.8602509115107207e-24,SYNPO2
ENSG00000172458,194.62210364017213,-2.5588359819688136,0.2312206130751591,-11.066643012217316,1.8209477804010374e-28,5.823307733352296e-27,IL17D
ENSG00000172478,807.2688687283043,3.1072334479535084,0.4386099043908885,7.0842756099377695,1.397734883337934e-12,9.249204313920716e-12,MAB21L4
ENSG00000172548,45.74610072398229,1.875217256381973,0.321689008722049,5.8292860667870325,5.566500840719734e-09,2.417943116085762e-08,NIPAL4
ENSG00000172554,43.84017436630846,-2.378550640937545,0.305456555222649,-7.7868705066873,6.868928680068027e-15,5.896052315013172e-14,SNTG2
ENSG00000172575,731.3196238446378,1.6228615766508936,0.2251735790849829,7.207158065549103,5.713167230449091e-13,3.960026581877532e-12,RASGRP1
ENSG00000172602,1042.908299815939,2.037256364900259,0.2646343969932425,7.698380815371785,1.3780117885096912e-14,1.1433238613688745e-13,RND1
ENSG00000172752,7.201541974269337,2.601725515015586,0.391869674772454,6.639262189722446,3.152571860607934e-11,1.8044281110414788e-10,COL6A5
ENSG00000172799,5.669651755074693,1.5417240977847686,0.452169714509881,3.4096137983409283,0.0006505493087491,0.0013772283820607,ZBTB8OSP2
ENSG00000172867,5.620616232798732,2.433018068047424,0.4504049805478712,5.401845390536997,6.595879004414601e-08,2.482445610286334e-07,KRT2
ENSG00000172901,394.51065585088,-4.817467261744811,0.2986146669834332,-16.132721511673367,1.5025095400610605e-58,6.337966829702012e-56,LVRN
ENSG00000172927,517.0158987973397,-3.0593830953690717,0.3247023028655526,-9.422117023407283,4.4208314998236425e-21,7.077325126976705e-20,MYEOV
ENSG00000172935,381.9785290730401,-2.318460720822034,0.2078037614635868,-11.156971868520747,6.620844107678788e-29,2.1857010206405444e-27,MRGPRF
ENSG00000172987,219.32544568841476,-2.7960263317868783,0.3952557402877492,-7.07396767913187,1.5056536887189119e-12,9.931185598834722e-12,HPSE2
ENSG00000173110,388.0242865104421,1.8066700705642087,0.2258415514349877,7.999723961709895,1.246984437377983e-15,1.170562042505118e-14,HSPA6
ENSG00000173114,261.9042369640651,-1.6434985673989273,0.2869277032801786,-5.727918735661739,1.0167024582781662e-08,4.2697325898770967e-08,LRRN3
ENSG00000173157,11.21483162001373,4.763421499179611,0.5826003033241639,8.176139751388355,2.9308204591654327e-16,2.941335109604281e-15,ADAMTS20
ENSG00000173208,465.1244157695584,-3.865438882138146,0.2931007055847108,-13.188091357292802,1.0275393970739808e-39,8.249806488592459e-38,ABCD2
ENSG00000173210,2975.713033346915,-1.678076747143169,0.2116523642294847,-7.928457370425163,2.218847981877948e-15,2.0193796273426872e-14,ABLIM3
ENSG00000173237,16.91373115640019,3.2753663253902583,0.7119563729182725,4.600515495022118,4.214466674146413e-06,1.255740014188148e-05,C11orf86
ENSG00000173253,137.06778967617004,-2.6682642004290136,0.2793129476884859,-9.552955645310412,1.260478622716078e-21,2.1472576537615242e-20,DMRT2
ENSG00000173267,2118.8124893434237,-1.9422000319354984,0.2957899423782413,-6.566146287191573,5.163409226792015e-11,2.8827226933192816e-10,SNCG
ENSG00000173269,3514.5581087842934,-2.0189367978482515,0.1624524780635862,-12.427860885310787,1.8450568583293657e-35,1.0344385234198922e-33,MMRN2
ENSG00000173335,621.3444472271941,3.089980802959827,0.6277003372687282,4.922700561871705,8.535801023010288e-07,2.781593037234806e-06,CST9
ENSG00000173376,333.5840168710033,-1.6733981160812474,0.279527226131413,-5.986529967905664,2.143651072655252e-09,9.852564381842498e-09,NDNF
ENSG00000173391,994.5667962700832,2.54358743659046,0.220893056941127,11.515017591831247,1.1083692048398552e-30,4.2874689401192357e-29,OLR1
ENSG00000173404,61.46248540807988,2.3893633544690176,0.450104018745347,5.308469275900499,1.105497153243737e-07,4.049426167808726e-07,INSM1
ENSG00000173421,75.25283110840947,-1.972330854356144,0.2005718182637426,-9.83353928497881,8.073060506992023e-23,1.5401405812872437e-21,IHO1
ENSG00000173432,10234.37920312631,-3.515912858424219,0.3530805711540098,-9.957820241801455,2.331176692829057e-23,4.650977523418333e-22,SAA1
ENSG00000173457,3412.3246332721246,1.542722289622822,0.1586198114100855,9.725911762903095,2.338013194634044e-22,4.287971059171823e-21,PPP1R14B
ENSG00000173467,5434.377775497964,2.33978632732464,0.4028300804633757,5.808370429122826,6.3083822027234305e-09,2.72018914550341e-08,AGR3
ENSG00000173482,3912.993509505724,-1.6298130867820937,0.154566222837142,-10.544432391929115,5.389731789123874e-26,1.357650448303004e-24,PTPRM
ENSG00000173599,3986.4836900061687,-1.6443129587872565,0.2033424211921828,-8.08642362546271,6.144221557816884e-16,5.928928391393744e-15,PC
ENSG00000173621,694.7378530649121,1.5068658406499968,0.2092720623695575,7.200511255960166,5.998720505083556e-13,4.139600036940938e-12,LRFN4
ENSG00000173627,4.42569542337038,2.560842990348814,0.699878404812934,3.658982721481863,0.0002532184101582,0.0005729484248578,APOBEC4
ENSG00000173641,3433.6481717903807,-5.103122869229294,0.3372694247916277,-15.130701137175752,1.0160705442350942e-51,2.2743635337014457e-49,HSPB7
ENSG00000173702,34.51620087934664,2.7513180935409367,0.4501033137140763,6.112636831837866,9.79982170751447e-10,4.706854543235081e-09,MUC13
ENSG00000173805,100.52954553040664,-2.149914782526817,0.2630426052823195,-8.17325687684452,3.0017391888007733e-16,3.005697774769425e-15,HAP1
ENSG00000173825,50.094906753153445,2.093559300820042,0.1853390796805545,11.295833045186397,1.3759316083907624e-29,4.836053290312617e-28,TIGD3
ENSG00000173826,10.770817545508736,3.3262307752819598,0.4623297959300368,7.19449796349554,6.269100274783924e-13,4.306056857130595e-12,KCNH6
ENSG00000173838,29.43703686834424,2.423559503651458,0.3064521849955003,7.908442564007312,2.606288399381886e-15,2.3486644358621094e-14,MARCHF10
ENSG00000173894,1185.1621272225102,2.826795600362233,0.2542878780335399,11.116517319749647,1.0426295564001523e-28,3.379009812357811e-27,CBX2
ENSG00000173917,1771.82993942291,1.5697665782364922,0.2686748622787764,5.842625413194429,5.138447458484684e-09,2.2423088291030833e-08,HOXB2
ENSG00000173918,3131.966744391136,-1.6110971585708995,0.2275134443029851,-7.0813272749955045,1.4278025386268398e-12,9.4387692696538e-12,C1QTNF1
ENSG00000174015,5.9329822206394685,2.0897152606309315,0.5447611468298289,3.8360211127239423,0.0001250436631449,0.0002971771908493,CBY2
ENSG00000174059,7606.985765591822,-2.1307404299693644,0.1557845477933911,-13.677482524102798,1.3840191781056302e-42,1.3472640900423854e-40,CD34
ENSG00000174099,4060.03777353685,-1.7612531115835426,0.1790252030562672,-9.83801767301995,7.721725635317766e-23,1.4773567945181398e-21,MSRB3
ENSG00000174145,87.55278006106222,-4.357941039012084,0.4100055571009765,-10.628980421206354,2.1848795865931586e-26,5.698054466507674e-25,NWD2
ENSG00000174156,11.240340141239292,1.9697831385049605,0.4565090539580275,4.314882961085952,1.596874830995153e-05,4.356528963524914e-05,GSTA3
ENSG00000174175,766.782160280806,-1.938544713364036,0.270894299588134,-7.15609267641064,8.300903603840395e-13,5.617430946576484e-12,SELP
ENSG00000174325,10.455521525903237,1.78451630044476,0.3068186036828242,5.816193278454247,6.020285339831816e-09,2.603565222229952e-08,DIRC1
ENSG00000174343,35.30882087001026,4.849161902448826,0.4698448440626435,10.320772833259603,5.676439014882962e-25,1.3128926616232789e-23,CHRNA9
ENSG00000174371,678.2350779625244,3.3033416116191705,0.2310673609293853,14.296011337701124,2.3171495368919853e-46,3.141747395046148e-44,EXO1
ENSG00000174469,1618.6979518554083,3.35867441303998,0.3901266534389702,8.609189819340035,7.357872728044291e-18,8.693875038954488e-17,CNTNAP2
ENSG00000174502,20.042923431939165,1.8608992220957603,0.3773214745816809,4.931866716992068,8.144748584196668e-07,2.661011723936888e-06,SLC26A9
ENSG00000174514,268.3060968976774,-1.7213721378778537,0.1906215388066229,-9.03031288412853,1.7118164743459085e-19,2.3449238559661093e-18,SLC60A1
ENSG00000174567,323.24377723579727,1.59554395564063,0.2236009908497111,7.135674799907495,9.631347509663082e-13,6.4765450422392815e-12,GOLT1A
ENSG00000174576,9.531660095230626,-2.025415714623719,0.288912721032864,-7.010476061361545,2.375085790468981e-12,1.5290190136073928e-11,NPAS4
ENSG00000174611,185.82077012082567,-3.3147886048078736,0.3573256126224818,-9.276661083654202,1.748726470632361e-20,2.657084388625214e-19,KY
ENSG00000174672,92.60391822686243,2.445497047499507,0.3096880494237498,7.896646486843618,2.8650748833017333e-15,2.5722758453967415e-14,BRSK2
ENSG00000174680,76.2426554065012,-1.6490442437947914,0.3453478157797399,-4.775024391196783,1.7968547443053345e-06,5.611212083421183e-06,GRIK1-AS1
ENSG00000174697,6000.245509860203,-5.983173852382084,0.4469331637452955,-13.387178078805215,7.185948682467502e-41,6.261199548740127e-39,LEP
ENSG00000174788,98.04208673904196,1.5943023391891855,0.3099399118825827,5.143907828796083,2.690815899334996e-07,9.397875216825804e-07,PCP2
ENSG00000174804,6817.453832145516,-2.504194332175896,0.1928417213409059,-12.985749736951252,1.47387764029138e-38,1.0849944124859677e-36,FZD4
ENSG00000174807,4537.117510147608,-1.625564861071462,0.1994694090716111,-8.1494444117387,3.656000415486928e-16,3.621252741019945e-15,CD248
ENSG00000174871,198.30531313305104,3.149471234578292,0.2277334752814154,13.829636730772314,1.6887115510485912e-43,1.7738146035223837e-41,CNIH2
ENSG00000174885,42.9150690596713,1.7012743271247734,0.3079133382448161,5.525172559339153,3.29161930913722e-08,1.293431659623268e-07,NLRP6
ENSG00000174899,205.2406665359686,-2.59222828026279,0.2745825275556312,-9.44061628152067,3.705932309885652e-21,5.979669164250832e-20,SLC66A1LP
ENSG00000174938,4210.698618318204,1.660730487333459,0.2630380616767001,6.31365087146461,2.725283817722151e-10,1.3951920141777335e-09,SEZ6L2
ENSG00000174939,315.9841351020649,2.361036551812404,0.3201123853371016,7.375648865713398,1.635465391603206e-13,1.2032805310591141e-12,ASPHD1
ENSG00000174944,196.8728612069011,-1.5887599184849794,0.210340435902168,-7.553278625056819,4.24435648422367e-14,3.3479897170746226e-13,P2RY14
ENSG00000174945,164.7967285200621,2.102386563761377,0.299024704320869,7.030812282002652,2.0533460400223137e-12,1.3289739652604231e-11,AMZ1
ENSG00000174963,51.537745756730914,1.8268383130701824,0.4229495288170607,4.319282062282066,1.5653760806360668e-05,4.27586281662077e-05,ZIC4
ENSG00000174992,6.553199336082677,2.18305482169038,0.5375645364234651,4.061009746317572,4.886093146857947e-05,0.0001235000241371,ZG16
ENSG00000175063,1777.985697688934,4.003290751373675,0.2418486312191555,16.552877439054104,1.5263002419382196e-61,9.65748307845433e-59,UBE2C
ENSG00000175084,616.9977513926249,-4.767816504053299,0.3484700584383134,-13.68214108672784,1.2981321935743296e-42,1.2683037883910955e-40,DES
ENSG00000175130,17886.90175040002,1.5063123238361271,0.1427237843154036,10.554038565200493,4.8659545794264507e-26,1.2327239556554619e-24,MARCKSL1
ENSG00000175175,100.05947538369432,1.8269246371314452,0.2450110976965,7.456497498715312,8.88527820530162e-14,6.736840750524696e-13,PPM1E
ENSG00000175262,33.592361201348176,1.597449959307262,0.2405676446518537,6.640335867356851,3.129691682131693e-11,1.7924904407898649e-10,CIROZ
ENSG00000175264,1198.7165734240584,2.3483221106931844,0.297463560449425,7.8944866629889185,2.9151256520342207e-15,2.6127981181385977e-14,CHST1
ENSG00000175294,26.622732234239557,1.9743743376224467,0.207992358865456,9.49253303531025,2.2548712654525628e-21,3.740524586729205e-20,CATSPER1
ENSG00000175302,39.83564938800559,2.9969621939018625,0.4624782515451542,6.48022298105677,9.158716342887384e-11,4.977359648511906e-10,ANKRD30BP1
ENSG00000175305,346.20286251216123,2.4587479896414406,0.2083538848233265,11.800826232380228,3.8649777180392397e-32,1.646022161168154e-30,CCNE2
ENSG00000175315,178.64715044934786,2.7297681488659946,0.29696056171623,9.192359191031269,3.843183279726639e-20,5.645804071793003e-19,CST6
ENSG00000175352,1712.8442525075384,1.7422295666044036,0.3341720351470659,5.213570805940314,1.852397780035033e-07,6.591787761707418e-07,NRIP3
ENSG00000175426,102.93828969042596,1.9618284346418624,0.3179730713174118,6.169794273816026,6.837890239753332e-10,3.3490035591862293e-09,PCSK1
ENSG00000175445,20441.464612653726,-4.67761636962214,0.2929111645061606,-15.969402796607154,2.0877522846516185e-57,8.040872023857502e-55,LPL
ENSG00000175556,135.34450101926322,-1.5679796426501935,0.2093345001886451,-7.49030685929545,6.87127723383892e-14,5.274528956940188e-13,LONRF3
ENSG00000175643,765.2289854124926,2.661039751913174,0.1742773912752116,15.268990041920988,1.2306430956190011e-52,3.056480398698593e-50,RMI2
ENSG00000175746,4.53528156029005,2.373435882417067,0.2874219105260911,8.257672068468194,1.48540981320211e-16,1.5335961843763045e-15,LINC02915
ENSG00000175766,9.46648365593509,3.744406287538506,0.6442703297357555,5.811855854163355,6.178403097890579e-09,2.6658720949251852e-08,EIF4E1B
ENSG00000175779,9.348556506189464,1.566394141432261,0.2240980365352629,6.989771823305471,2.7533367055852525e-12,1.760161726026656e-11,LINC02694
ENSG00000175785,403.4012462166295,-1.8413154295189464,0.2399035248743126,-7.675232910744541,1.6511835664711748e-14,1.3576795568988696e-13,PRIMA1
ENSG00000175841,3.524211180790384,1.9607058675176583,0.3673765742322496,5.337046521311756,9.447280684842274e-08,3.4937584775909186e-07,ARB2BP
ENSG00000175868,7.462069757001768,1.7089539958540387,0.478538661364201,3.5711931633323286,0.0003553586880225,0.0007847479752533,CALCB
ENSG00000175874,27.58506581385542,1.7199790778884891,0.234847700789715,7.323806331102109,2.410344766933737e-13,1.7434652199581945e-12,CREG2
ENSG00000175877,16.547213775040465,4.017774151084149,0.3541906814476296,11.34353432073061,7.985298044333242e-30,2.871573687796427e-28,TMEM270
ENSG00000175920,453.8661768775124,1.9596571760297956,0.3400233836034279,5.763301203764739,8.248439690227367e-09,3.505553890417276e-08,DOK7
ENSG00000175946,102.02936481979025,2.1217166278222552,0.2755938063321961,7.69870940156316,1.3744734908620252e-14,1.1407443166664058e-13,KLHL38
ENSG00000175967,8.224424149159836,-1.879436390240868,0.3583955447537714,-5.2440283305756425,1.5710806021671593e-07,5.648960492841599e-07,LINC02880
ENSG00000175985,288.8428655995676,2.5450390089182533,0.3362090204433872,7.569811796131749,3.7376532851826325e-14,2.9677275998956943e-13,PLEKHD1
ENSG00000176058,2015.379310034552,2.1328233697205663,0.1805448382480086,11.813261405960413,3.3337395861109757e-32,1.4266365459081994e-30,TPRN
ENSG00000176076,12.852675901866585,-1.6166020759891866,0.3152670046564026,-5.127723650469097,2.9326649305345653e-07,1.0189146454063378e-06,KCNE5
ENSG00000176092,147.76450769067588,3.2653509779442884,0.2608595603152013,12.517658827603272,5.9772295800924114e-36,3.4987858169814064e-34,CRYBG2
ENSG00000176177,17.193303007511563,3.28369953048928,0.3272061896260729,10.035566668961398,1.0634699468402873e-23,2.187439151492309e-22,ENTHD1
ENSG00000176194,1968.7275976389583,-5.607077879372033,0.4262830004812143,-13.15341656374385,1.626553537784659e-39,1.2864779841258128e-37,CIDEA
ENSG00000176383,29.912391560519577,1.6101817121936155,0.25009758717853,6.438213700335307,1.2088772131763224e-10,6.484842943108752e-10,B3GNT4
ENSG00000176406,195.0074632152622,1.9750505564596408,0.3772866859129252,5.23488007980082,1.650920155814748e-07,5.917615745990954e-07,RIMS2
ENSG00000176438,2440.5744456344605,-2.9100906521109464,0.19520045983182,-14.908216172329762,2.9143484483194896e-50,5.454141550288057e-48,SYNE3
ENSG00000176510,4.802193612465245,1.5408587006710652,0.3062380228431626,5.031572129304806,4.864740155838789e-07,1.6385357369000736e-06,OR10AC1
ENSG00000176532,2097.977636868708,2.6793434178900464,0.2856248811884959,9.380637312622058,6.557514767492289e-21,1.0366802792748816e-19,PRR15
ENSG00000176887,836.4300621837683,3.0191555659882283,0.3716532396597085,8.123581994744924,4.52622720558854e-16,4.435268731139951e-15,SOX11
ENSG00000176890,329.7646457172316,1.7829433404196833,0.1869552387840324,9.536739125450822,1.473940307297202e-21,2.496492266821105e-20,TYMS
ENSG00000176912,29.07165327458977,1.950720170520916,0.2154043383625482,9.056085802866455,1.3521571887959661e-19,1.872515752592642e-18,TYMSOS
ENSG00000176920,434.8588540533806,1.6844463421565374,0.2181501500399107,7.721499810329568,1.1496877405697406e-14,9.641196499097776e-14,FUT2
ENSG00000176956,35.3916573301406,2.36716921060844,0.3131576155218237,7.559034471072838,4.06072287285579e-14,3.21267372271934e-13,LY6H
ENSG00000177098,1191.4782327891849,-2.836046368470328,0.1962313461162066,-14.452565426478008,2.415196994484802e-47,3.507314761116592e-45,SCN4B
ENSG00000177108,8.700088488091108,2.03246752454102,0.4973778124718931,4.086365482287924,4.381833449726162e-05,0.0001116036265348,ZDHHC22
ENSG00000177202,15.21867554764444,2.0772402909223047,0.3288810396145993,6.31608405688734,2.6827416870385545e-10,1.3742070226108247e-09,SPACA4
ENSG00000177234,20.6989049433903,4.658736891630927,0.3577553532776499,13.022130483720067,9.157958631855077e-39,6.874936458800812e-37,LINC01561
ENSG00000177238,31.12645394881176,2.1755892794205205,0.2975910483493197,7.31066774853644,2.6581806895061323e-13,1.914913305058972e-12,TRIM72
ENSG00000177301,128.09685824425847,-2.8057479939827887,0.3061228130427976,-9.16543254680771,4.9348662728079286e-20,7.166342688517525e-19,KCNA2
ENSG00000177363,472.2006680195912,-3.430592187473804,0.2403085877727055,-14.275778569838746,3.0980835289345633e-46,4.1165784890718013e-44,LRRN4CL
ENSG00000177398,52.54485757695767,2.214852893304536,0.2931556515832079,7.55521130615448,4.1818038478854673e-14,3.302568714934808e-13,UMODL1
ENSG00000177455,62.19718811082681,2.066333919961968,0.308539503895506,6.697145402365655,2.1253013257588675e-11,1.2399535177177148e-10,CD19
ENSG00000177469,27240.400690344395,-1.8999013910189944,0.1636095657975744,-11.612410202039426,3.564250378777449e-31,1.4373285859789181e-29,CAVIN1
ENSG00000177494,49.50125588631396,2.986370079600552,0.3290682799354487,9.07522925086055,1.1343844390277191e-19,1.5858109661841993e-18,ZBED2
ENSG00000177535,5.890388437733393,-1.5815509846363345,0.3110043869537742,-5.085301207893914,3.670430956641487e-07,1.2564949461902297e-06,OR2B11
ENSG00000177542,1629.9614522131308,1.5043316142996013,0.1505947240485829,9.98927169463316,1.6982487829037805e-23,3.4451115576845776e-22,SLC25A22
ENSG00000177602,132.8722950022803,2.111387262384342,0.1991638883154016,10.601255479812128,2.940064888371511e-26,7.593024723855482e-25,HASPIN
ENSG00000177614,461.5621201437744,1.8170610611396183,0.2868112611140525,6.3353895313651964,2.367423868676806e-10,1.2230616117823892e-09,PGBD5
ENSG00000177627,14.663641424645403,-1.8153723696612931,0.2085349885395924,-8.705361063746034,3.165653419754531e-18,3.8625913512385975e-17,C12orf54
ENSG00000177666,9393.874346340655,-1.9202682109562648,0.1818354089748186,-10.560474562037545,4.543589284860356e-26,1.1521553935607252e-24,PNPLA2
ENSG00000177699,5.917355896829453,1.778659848203089,0.294984434585807,6.029673568032624,1.6429118492213563e-09,7.666441157692282e-09,LOC100129540
ENSG00000177707,454.106750436386,-1.5581153690439982,0.1835658584589571,-8.488045555553958,2.1014119921766682e-17,2.372345951235978e-16,NECTIN3
ENSG00000177732,2630.462245730413,1.8143122020592564,0.1525209087291049,11.895498244648468,1.249053500577498e-32,5.569395432524665e-31,SOX12
ENSG00000177807,48.71758403749724,2.1409470983164964,0.2328456938721557,9.194703422310166,3.760304568923817e-20,5.527106964554782e-19,KCNJ10
ENSG00000177822,91.16236626607146,-1.6792529361720785,0.326010869168341,-5.150910889737754,2.5922434137236975e-07,9.07507162688806e-07,TENM3-AS1
ENSG00000177938,9.087482772695608,-3.192263776322954,0.3876117046865778,-8.23572595390073,1.784720547508962e-16,1.8284097359310205e-15,CAPZA3
ENSG00000178175,232.1064998382328,-1.9229836435214664,0.1938392508684976,-9.920506991775552,3.390296572056619e-23,6.673861585363307e-22,ZNF366
ENSG00000178343,39.41314684049208,-1.8913906598833043,0.3497267171785532,-5.408196077046221,6.36627062573659e-08,2.39942762557013e-07,SHISA3
ENSG00000178372,3970.573722760948,2.347275391394502,0.4844070508652183,4.845667269297468,1.2618684448313514e-06,4.028126597164344e-06,CALML5
ENSG00000178395,8.633451486138272,3.444743413148412,0.4877886284891539,7.0619592420962025,1.6417114678994644e-12,1.0796456881818427e-11,CCDC185
ENSG00000178445,411.75009281346695,3.0414631169935533,0.3841264972833285,7.917868562840109,2.4161657544182888e-15,2.1862310154465792e-14,GLDC
ENSG00000178531,1157.8906236685525,3.0287085157753744,0.2261453217212184,13.392753353124972,6.666286501930259e-41,5.8661113837349866e-39,CTXN1
ENSG00000178662,430.000588828622,-2.3316433593174097,0.2627794870657143,-8.873003693527748,7.119897111366789e-19,9.162773159059196e-18,CSRNP3
ENSG00000178695,9410.843254844038,-1.5628611640821295,0.1554579954591218,-10.0532697560293,8.886878136414671e-24,1.8421902221156e-22,KCTD12
ENSG00000178722,16.453095831223294,-1.8901597831374404,0.2978863736325969,-6.34523748128439,2.2208259491058263e-10,1.1527040937009243e-09,LINC03122
ENSG00000178734,4.661572007439564,-2.6206904224168373,0.3217632165526015,-8.144779414176478,3.7997396037578333e-16,3.759422188006867e-15,LMO7DN
ENSG00000178752,40.21557932921821,1.7393425261739948,0.2947689629935395,5.900697646421194,3.6196771007261326e-09,1.6112716742344558e-08,ERFE
ENSG00000178772,17.984158142335087,1.687519237212652,0.3153671624837719,5.35096686643616,8.748554066534543e-08,3.248467574656357e-07,CPN2
ENSG00000178773,461.6774896523847,2.6803308429791057,0.2965951272039219,9.037002287418778,1.6102700893781366e-19,2.2103784930384288e-18,CPNE7
ENSG00000178776,171.0288938819215,1.7094626173229306,0.3007925015041879,5.683195587570623,1.3220093159408605e-08,5.463825438744692e-08,C5orf46
ENSG00000178796,57.15210932685248,3.5951103625137013,0.3859572980196796,9.314787881871816,1.22196460670451e-20,1.8803537593035524e-19,RIIAD1
ENSG00000178828,24.577711889305476,-1.7009526873662444,0.5256345890756449,-3.2359983964477226,0.0012121806512964,0.0024508293372035,RNF186
ENSG00000178878,3936.023224623432,-2.451783926662176,0.2019007413316617,-12.143511264451664,6.210267291058913e-34,3.073330600742842e-32,APOLD1
ENSG00000178896,1016.7737916064974,1.58828708546534,0.1658117578717789,9.57885680636443,9.812499687713573e-22,1.6845425012983735e-20,EXOSC4
ENSG00000178947,386.5228690844508,-2.3633765570946403,0.237146360401652,-9.965898498681646,2.1492164983574658e-23,4.313854112073238e-22,SMIM10L2A
ENSG00000178999,620.5617259166111,3.320019774150548,0.2342106513591019,14.175357759712428,1.3017803049726096e-45,1.6552541437630193e-43,AURKB
ENSG00000179046,4.938106918383546,1.8015010158882612,0.4058682666053597,4.438634808667921,9.053127364094046e-06,2.565165366252258e-05,TRIML2
ENSG00000179094,4376.80885269801,-2.400996327057188,0.1737897386255085,-13.815524127296056,2.0545338862493235e-43,2.1327827354326476e-41,PER1
ENSG00000179133,8.938564090140137,1.6962478031584378,0.4087770294597964,4.149567321334198,3.3310431297276374e-05,8.647305965860307e-05,C10orf67
ENSG00000179292,14.170671520568712,3.411981253397498,0.3965689372533828,8.60375317600192,7.715080042882535e-18,9.100233117603343e-17,TMEM151A
ENSG00000179314,244.5868748196069,-1.7200280405363086,0.2368165790017758,-7.2631234172308945,3.7825251247666564e-13,2.676980164864817e-12,WSCD1
ENSG00000179388,2746.0681292971785,-1.9834465057509536,0.2761341104016737,-7.182910155017673,6.824294994955366e-13,4.670503206050447e-12,EGR3
ENSG00000179428,9.24042504595777,-2.224551067512156,0.288719601025614,-7.704884114587021,1.3096208035557724e-14,1.0899834905886205e-13,IL6-AS1
ENSG00000179455,105.91448488602528,2.97466761226496,0.4576800899931042,6.499447271804589,8.061565026147456e-11,4.4117811072872443e-10,MKRN3
ENSG00000179528,60.677443240725154,1.851908607028954,0.1707199557614153,10.847639918657396,2.0464117165063757e-27,5.872936432630337e-26,LBX2
ENSG00000179546,56.7311174144476,3.6546222569344535,0.2966888541635671,12.318030170825454,7.244220128367228e-35,3.904972614834871e-33,HTR1D
ENSG00000179603,36.37317614532999,3.1416833194242346,0.2557351612891204,12.284909527448267,1.0916708172923063e-34,5.7221207040518816e-33,GRM8
ENSG00000179636,8.446711638012983,-2.85497567535756,0.3335945614577968,-8.55822008272981,1.146233909352131e-17,1.3319268098396535e-16,TPPP2
ENSG00000179750,311.5379499444224,2.415066911461887,0.2556755601245698,9.44582622713419,3.526113288307345e-21,5.717294730736284e-20,APOBEC3B
ENSG00000179776,4143.9063744569,-1.6498240111052505,0.1653219067507857,-9.97946396536713,1.8747683239079428e-23,3.7887428294945688e-22,CDH5
ENSG00000179796,52.83844956597863,-3.844150178204525,0.3600981230286116,-10.675285241348195,1.3284888121649382e-26,3.5163934445501226e-25,LRRC3B
ENSG00000179826,47.22926990331175,-2.983589879151598,0.4181135162981574,-7.135836950614139,9.619999074457969e-13,6.470551136515326e-12,MRGPRX3
ENSG00000179841,722.7157653996261,2.003639886329396,0.2425717289403172,8.25998930329748,1.4568552254872128e-16,1.5049994421953604e-15,AKAP5
ENSG00000179902,24.91897868624492,1.9074598923394843,0.2859778604541159,6.669956511005962,2.558792372984184e-11,1.4782588546098847e-10,CFAP276
ENSG00000179914,7.130335309880069,-2.888105375261308,0.4534985082999659,-6.3685002759721865,1.9088542936282144e-10,9.997596147648759e-10,ITLN1
ENSG00000179921,114.19973274796008,-2.7781069779866034,0.2266162905571139,-12.259078864793436,1.501974993567604e-34,7.735462297298272e-33,GPBAR1
ENSG00000179934,39.58145920713744,3.8842718762894073,0.3084858976669547,12.591408248045475,2.3543520357898244e-36,1.428468158701246e-34,CCR8
ENSG00000179967,552.0205610158271,1.556585344949116,0.1680353429818449,9.263440162807264,1.9794938552219432e-20,2.98892325014336e-19,PPP1R14BP3
ENSG00000180044,173.75022995209002,2.181748931639492,0.1827497588140152,11.93845040233329,7.46000563764016e-33,3.39468578459396e-31,C3orf80
ENSG00000180066,13.043148419770564,2.0260322996958644,0.323485838237197,6.263125182655662,3.7733745623038344e-10,1.904604539282515e-09,LINC02870
ENSG00000180139,283.55047963114686,-2.673934104308941,0.2647376874262945,-10.100315260377842,5.5064881507172466e-24,1.166230849491526e-22,ACTA2-AS1
ENSG00000180176,18.00460939729905,2.334718196341369,0.409609870937437,5.699858235833309,1.1990709886847544e-08,4.9890890127285664e-08,TH
ENSG00000180178,56.78432582501986,1.6453330159368225,0.3621617929298673,4.543088332499616,5.543600787225989e-06,1.6208734835573844e-05,FAR2P1
ENSG00000180229,239.759740775888,-1.6634387504400368,0.2607219893603339,-6.380124493991418,1.7694408143532782e-10,9.300413299335121e-10,HERC2P3
ENSG00000180264,196.06251935826515,-2.304342582242147,0.6206938017830947,-3.71252713596037,0.0002052000519564,0.0004704677232976,ADGRD2
ENSG00000180269,88.1317345003919,4.218534275499759,0.6389711172456742,6.602073492279308,4.054464147677905e-11,2.2949389717686972e-10,GPR139
ENSG00000180287,37.11985093852022,-2.470782235054647,0.3164512538316719,-7.807781467565035,5.820338906830382e-15,5.0300977706997526e-14,PLD5
ENSG00000180316,6.806596206694237,1.528122092194687,0.3084115695913906,4.954814419638248,7.239935569361053e-07,2.380025825776472e-06,PNPLA1
ENSG00000180332,5.29901803293452,-2.2679062446203537,0.4639850692192453,-4.887886259867356,1.0192438435106288e-06,3.2895804155082537e-06,KCTD4
ENSG00000180354,5214.524262484647,-2.498550268343397,0.1800591441067864,-13.87627538016952,8.8210003804758055e-44,9.646834778236399e-42,MTURN
ENSG00000180438,65.0018205441634,1.98255145223076,0.332368563782091,5.964918672424656,2.447559178721189e-09,1.1173494856408746e-08,TPRXL
ENSG00000180440,15.578373612577607,-3.441264895455695,0.4742892850688057,-7.255624370591604,3.998132106750269e-13,2.819807875182813e-12,SERTM1
ENSG00000180509,32.24812506773857,-2.242257378566861,0.2678031032434293,-8.372783404711631,5.627297997919002e-17,6.047126740586229e-16,KCNE1
ENSG00000180525,41.41741170436204,-2.1379245479494062,0.2534165978951585,-8.436403004801964,3.272530185734183e-17,3.60711280323044e-16,DIP2C-AS1
ENSG00000180532,3.863601827759628,-1.966228382429584,0.2920603565907071,-6.73226727989329,1.6703942838663116e-11,9.847100286989179e-11,ZSCAN4
ENSG00000180549,24.345379764125603,2.1828029472520307,0.2744873242337006,7.952290523235875,1.830942578816549e-15,1.6813164834847887e-14,FUT7
ENSG00000180573,4981.77782577351,1.6434528196968403,0.2063080204402604,7.966015166011088,1.6387283949301957e-15,1.5158095055784874e-14,H2AC6
ENSG00000180596,406.8689284380186,2.6023864046524934,0.284245874532873,9.155406068528633,5.415375417920577e-20,7.821391398436921e-19,H2BC4
ENSG00000180616,656.0467249205374,1.64038994866095,0.2776804894411178,5.907472836721555,3.473955868708332e-09,1.550039912876493e-08,SSTR2
ENSG00000180638,27.18587967633701,-1.8757574388677007,0.2125030331694413,-8.82696783613459,1.0755171414792928e-18,1.364941166896476e-17,SLC47A2
ENSG00000180660,191.8843825880387,-2.5842700464336223,0.2436968771617252,-10.60444465490059,2.841470356931225e-26,7.352684979108793e-25,MAB21L1
ENSG00000180777,711.7324937343814,2.713264584729304,0.4274334855747117,6.347805392647574,2.1840811731875463e-10,1.1347401207714376e-09,ANKRD30B
ENSG00000180818,1656.2926539568102,2.61084214412077,0.2939468983424959,8.88201970778652,6.565720014713426e-19,8.486576332247535e-18,HOXC10
ENSG00000180871,53.75180816240314,-2.198216893277532,0.2217710061188746,-9.91210227048,3.6880295650361204e-23,7.249214917961162e-22,CXCR2
ENSG00000180875,187.38352885489147,-1.8940863667454064,0.2792216020508371,-6.783452114140349,1.1733769814288994e-11,7.021502652887412e-11,GREM2
ENSG00000180914,4584.704937570743,-4.217758157170363,0.2997003964908463,-14.073248506026538,5.546202619961312e-45,6.609432045985285e-43,OXTR
ENSG00000180921,7571.998947554524,1.8325363192193915,0.1793239652731781,10.21913784043168,1.6278220010312907e-24,3.607954101535159e-23,SACK1H
ENSG00000180999,4.878655910976454,3.120484340542673,0.418662545523237,7.453459531811585,9.092389667948844e-14,6.882092151117646e-13,C1orf105
ENSG00000181085,595.6227743507592,2.679810229697828,0.2815030783912263,9.51964804439364,1.7376657036604342e-21,2.926392019947784e-20,MAPK15
ENSG00000181092,16560.465722806857,-5.170670225653699,0.4771067742123002,-10.83755357318168,2.284997919600826e-27,6.494526172555289e-26,ADIPOQ
ENSG00000181195,106.2245135030931,-3.501464816538793,0.3801134873470855,-9.21163003443119,3.212095006491554e-20,4.747576462598056e-19,PENK
ENSG00000181215,15.538136017373128,2.085252078828265,0.3104198888533252,6.717520860313032,1.848423117182952e-11,1.0865260858026308e-10,C4orf50
ENSG00000181218,705.4582835247716,1.7945954202371517,0.2475997532722431,7.247969339710695,4.230663458624919e-13,2.971976775388772e-12,H2AC25
ENSG00000181234,1158.1786388501237,-4.929562704770629,0.3955958063016365,-12.46110961300713,1.2166588670197374e-35,6.968256334277913e-34,TMEM132C
ENSG00000181374,156.38015499574644,-2.3037051247241687,0.3324913552588489,-6.92861660397367,4.249758092765934e-12,2.6642444282909812e-11,CCL13
ENSG00000181378,46.24684772515459,1.968938481083937,0.3527374456721195,5.581881099502337,2.37931021668708e-08,9.538417409633303e-08,CFAP65
ENSG00000181418,16.38509623028628,1.6004057809412031,0.3227566313642863,4.958552746620008,7.102025730389559e-07,2.338679269494366e-06,DDN
ENSG00000181444,1115.4399059809286,1.5965210259942333,0.1883858751962059,8.474738482019626,2.356082093850158e-17,2.644125069428545e-16,ZNF467
ENSG00000181449,48.58047164826269,1.9543585069579543,0.4663820466218204,4.190466852474498,2.783810827250457e-05,7.313144793809895e-05,SOX2
ENSG00000181552,10.813991863332,1.8636640897306689,0.5012555586347078,3.71799186587938,0.0002008127345202,0.0004610053921799,EDDM3B
ENSG00000181652,165.17218938913177,2.015336815262433,0.2412561696862733,8.353514100315666,6.626149826808712e-17,7.063374715099942e-16,ATG9B
ENSG00000181778,18.007808366964383,-3.4554952279982483,0.2991137698558713,-11.552444508533616,7.175015352706093e-31,2.833224858813736e-29,TMEM252
ENSG00000181781,8.997209782642345,-1.5804779713578512,0.2809379386222573,-5.62571925710228,1.8473658910486112e-08,7.5043944595868e-08,CIMAP1D
ENSG00000181804,599.7124298873955,-1.5631933107068725,0.1765025143651168,-8.856493157220513,8.257095406596908e-19,1.0580149972531957e-17,SLC9A9
ENSG00000181847,286.6080889923024,2.178875151707566,0.260166829589453,8.374915261664457,5.526362124472492e-17,5.950691793268092e-16,TIGIT
ENSG00000181856,860.1005345399934,-5.164696535837863,0.2782451121275754,-18.561679291853476,6.562101150770505e-77,1.585343982561147e-73,SLC2A4
ENSG00000181867,3.025597941025299,-2.4161728810232312,0.5893118418724913,-4.099990377498668,4.13167316998103e-05,0.000105687953116,FTMT
ENSG00000181997,19.393195978745368,-6.608642146837437,0.4497265152017288,-14.694802115176756,6.96015136082809e-49,1.2249405457881223e-46,AQP7P2
ENSG00000182010,551.8366075673981,2.2529973774394723,0.2129712608658098,10.578879837026712,3.733955064642134e-26,9.532166747633498e-25,RTKN2
ENSG00000182050,12.12967439433688,-1.7513871367253877,0.4073989852129074,-4.298948206289984,1.7161056669177496e-05,4.663616739783127e-05,MGAT4C
ENSG00000182077,53.96164170371191,-1.577317051591893,0.4442600998527277,-3.550435999349872,0.0003845936343321,0.000844536095883,PTCHD3
ENSG00000182118,693.0066992894672,-2.6124526043110814,0.2375514930254594,-10.99741605930927,3.932388090058136e-28,1.2109294726917144e-26,FAM89A
ENSG00000182253,10636.376805821952,-3.3344468966058285,0.2796126498323745,-11.925236210181485,8.743567393557514e-33,3.958437878769862e-31,SYNM
ENSG00000182255,12.338228396081565,-2.914473537602748,0.4925096472153952,-5.917596851312287,3.2667949978186676e-09,1.4635043335642462e-08,KCNA4
ENSG00000182272,1475.3043955925052,1.930764087499076,0.2291226846570452,8.42676966005822,3.553383547123343e-17,3.905341925756941e-16,B4GALNT4
ENSG00000182325,867.2327358960939,1.7430040944793026,0.1523588879560971,11.440120874218753,2.6351813734096623e-30,9.93332553168252e-29,FBXL6
ENSG00000182348,9.054259013192697,2.114947807396472,0.6600635920769526,3.2041576490252823,0.0013545828221571,0.0027149889508128,ZNF804B
ENSG00000182379,315.9279472870488,2.15718705255289,0.3070064917653371,7.0265193421439225,2.117492388096963e-12,1.3688241355795863e-11,NXPH4
ENSG00000182393,7.177939189665363,3.59742098703648,0.4845187472891378,7.424730223884834,1.1301001448322937e-13,8.476548503787244e-13,IFNL1
ENSG00000182459,4.293633030031957,3.6759980439776,0.4911815364024225,7.483990686828004,7.209906701592099e-14,5.521708086305766e-13,TEX19
ENSG00000182463,2035.764081442434,-2.6281109214757903,0.1966796366436219,-13.362394634874455,1.0028526200868814e-40,8.681045074530578e-39,TSHZ2
ENSG00000182481,7103.89804300482,2.1175711282285183,0.1508126833344853,14.041067908936991,8.738581607756075e-45,1.0297623172693644e-42,KPNA2
ENSG00000182492,33935.11877884706,2.4056473400550544,0.18967713464781,12.682853652981564,7.360256011419801e-37,4.6350427370493177e-35,BGN
ENSG00000182533,6.208535883758236,-2.2332502498504136,0.2854549318623793,-7.823477546105545,5.138372533063048e-15,4.4668711176365884e-14,CAV3
ENSG00000182601,103.13588106288876,-2.803010826194027,0.5507595282747126,-5.089355121961535,3.592832288981976e-07,1.2313582419357237e-06,HS3ST4
ENSG00000182636,1423.0437006085056,-1.8645392703674335,0.1769915186960712,-10.534624958889747,5.982124883002812e-26,1.4997638562811295e-24,NDN
ENSG00000182732,153.33286083184734,-3.008941007217619,0.2624502820116411,-11.464803863629134,1.9820812434335796e-30,7.53559499917702e-29,RGS6
ENSG00000182747,7.899922869724985,1.7563074976220476,0.3976030911815436,4.417238036059751,9.997011789320093e-06,2.816694108367064e-05,SLC35D3
ENSG00000182759,6.699425496933135,3.240067694174053,0.4123448382756295,7.857665219537072,3.913596117588842e-15,3.4575736976370846e-14,MAFA
ENSG00000182782,376.4854748476563,-3.1438430961469592,0.2462761996811679,-12.76551733467146,2.554478202175948e-37,1.7142741975461062e-35,HCAR2
ENSG00000182791,104.53325339194755,1.7708329926774105,0.2028892854677479,8.728075455511965,2.5904281184592284e-18,3.17530568487334e-17,CCDC87
ENSG00000182798,30.05685809440535,1.9663960158203893,0.4062437004312703,4.840434482387921,1.295555644644377e-06,4.130205285079694e-06,MAGEB17
ENSG00000182836,164.1218715542546,-2.20915857007466,0.3533258571706901,-6.25246787134355,4.04016877904418e-10,2.0330018001732204e-09,PLCXD3
ENSG00000182853,138.7518407082097,1.8280285057872845,0.2552360238398203,7.162110106113034,7.944456976434894e-13,5.3913162448610136e-12,VMO1
ENSG00000182885,48.24583373981625,-2.024573396103918,0.2535967805369734,-7.983434930904982,1.4231634943022705e-15,1.3242496449958975e-14,ADGRG3
ENSG00000182916,213.37265962762703,-1.9632326525082304,0.2036558138347275,-9.639953878760608,5.421232801465183e-22,9.56000409415642e-21,TCEAL7
ENSG00000182950,32.846465792477616,-2.570659213800325,0.2317982541671558,-11.090071506520298,1.401756694755127e-28,4.520835456689018e-27,CIMAP1C
ENSG00000183010,3001.5718607546623,2.166044948008915,0.1771319777910396,12.228424110773323,2.191489525461365e-34,1.1178279105400343e-32,PYCR1
ENSG00000183019,17.16332912801451,2.115312343247285,0.3538919339895319,5.977283289281908,2.26889451225491e-09,1.0388675338245048e-08,MCEMP1
ENSG00000183072,47.36530529898008,3.6021788368891343,0.6309643731713818,5.709005119867069,1.136384731773003e-08,4.7416272957870246e-08,NKX2-5
ENSG00000183134,36.14556232993421,-2.10547831367154,0.2316156459308844,-9.090397607680735,9.867752533829125e-20,1.386022851937151e-18,PTGDR2
ENSG00000183145,148.00433348564405,2.877785785646314,0.2472956453035992,11.637025723252512,2.671708059936301e-31,1.0906396573395885e-29,RIPPLY3
ENSG00000183150,95.03707930031696,2.645290504549399,0.2417943196357633,10.940250823651438,7.39949108301109e-28,2.2069750340181784e-26,GPR19
ENSG00000183154,33.68926385977157,-2.3309374741950126,0.1898108513250604,-12.28031726280584,1.1554426036131195e-34,6.020762194317384e-33,LOC102723701
ENSG00000183196,148.14195094160095,2.305035141337142,0.2591416100277937,8.894886240345269,5.847917241473542e-19,7.595718508903193e-18,CHST6
ENSG00000183206,40.12722625744,7.298437135896194,0.8657636281508994,8.430057464396164,3.454955169504073e-17,3.8018813097130744e-16,POTEC
ENSG00000183242,32.46275295493408,4.681584353482637,0.4797291140073755,9.758808078949864,1.691312399085117e-22,3.1278098125043138e-21,WT1-AS
ENSG00000183248,1272.542290053054,2.059426175692677,0.2269310387809905,9.075118973390918,1.135533766810493e-19,1.5865830627228628e-18,PRR36
ENSG00000183273,6.15508032983138,1.7473097444656889,0.4674735009312833,3.737772817036181,0.0001856575873987,0.0004288179084312,CCDC60
ENSG00000183287,186.54340746018485,-1.874695116780691,0.2387561670780961,-7.851923322958548,4.097049661926874e-15,3.6088529919027745e-14,CCBE1
ENSG00000183378,63.81761242512304,-3.5615313135877447,0.3933465371490009,-9.05443667917337,1.372745028025582e-19,1.899047325339919e-18,OVCH2
ENSG00000183549,400.0834622647246,-3.7492631234413896,0.2613472402171763,-14.345906696109736,1.1301354503545346e-46,1.556132103273148e-44,ACSM5
ENSG00000183566,3.702532338315833,3.833776680738502,0.8044306973316584,4.765825935603096,1.8808158267702967e-06,5.858947438333212e-06,BPIFA4P
ENSG00000183598,5.623342307880762,1.90895745886028,0.3279093390044758,5.821601375111257,5.828643408508327e-09,2.5268547892513667e-08,H3C13
ENSG00000183654,20.430045287646,2.107567196747199,0.6160935939319611,3.420855560754216,0.0006242447634225,0.0013255537025931,MARCHF11
ENSG00000183668,5.315582193814239,2.2953508220761467,0.5438167799740227,4.220816470918371,2.4341905997508278e-05,6.446299470690408e-05,PSG9
ENSG00000183674,8.03718345041421,2.261956400911492,0.6541526258173386,3.457841964763597,0.0005445206977754,0.0011678345204892,LINC00518
ENSG00000183682,444.020464645224,2.554207461845095,0.1567429068149487,16.295521843681275,1.06193389735232e-59,4.783202257989476e-57,BMP8A
ENSG00000183695,5.980296394356982,-3.0843412297315265,0.4771858779869862,-6.463605425086873,1.022372483049794e-10,5.52451173994475e-10,MRGPRX2
ENSG00000183709,3.0071305456117368,4.166193810034071,0.6798579675846624,6.128035573129114,8.897069671904404e-10,4.291879225464868e-09,IFNL2
ENSG00000183722,3982.84442853144,-1.963526186016968,0.1651464812958395,-11.889603524155945,1.3404135955719642e-32,5.9567711207901255e-31,LHFPL6
ENSG00000183734,212.79060074587423,2.5219853871395648,0.2785569589268284,9.053751149695891,1.381394124958633e-19,1.9100181514451444e-18,ASCL2
ENSG00000183747,4.597724558651688,-1.7934950171552857,0.4328006831928597,-4.143928341157651,3.414064663019719e-05,8.842959884965792e-05,ACSM2A
ENSG00000183760,26.61253228901406,3.3200528649272787,0.463607588125864,7.161342803616758,7.989058990496287e-13,5.418816811445605e-12,ACP7
ENSG00000183779,9662.531201856553,1.7411000140957271,0.2309489372274122,7.538895978470297,4.7396683933312687e-14,3.715536505981666e-13,ZNF703
ENSG00000183780,217.88386575519337,-1.7290410312739102,0.3374682426694469,-5.12356664318047,2.998096105283931e-07,1.040232437306153e-06,SLC35F3
ENSG00000183783,6.9632827557555,-2.631954572789013,0.3608904815285039,-7.292945387868687,3.0325103971628983e-13,2.1722092669704585e-12,KCTD8
ENSG00000183798,112.25428404890542,-2.2737592123178247,0.3748700075879989,-6.065460469744489,1.3157613063325596e-09,6.214031760403016e-09,EMILIN3
ENSG00000183807,77.42448025773334,-2.152417527968672,0.1900542443176693,-11.32527997833596,9.83640827047106e-30,3.513475131556026e-28,FAM162B
ENSG00000183813,165.22830359205886,2.0050148630030806,0.2496815626182877,8.030288027587924,9.72440942517881e-16,9.213054562357464e-15,CCR4
ENSG00000183850,82.5091937288446,2.2826625769512026,0.2808657230559836,8.127237998693811,4.391825479051189e-16,4.308333780206178e-15,ZNF730
ENSG00000183856,1691.7824463699687,3.387880522387661,0.2158885229846225,15.692731024098835,1.6959912082195817e-55,5.240810041678534e-53,IQGAP3
ENSG00000183862,7.239075401883954,4.253304251275687,0.7927257153140361,5.365417280037083,8.07622872473722e-08,3.006805524795344e-07,CNGA2
ENSG00000183873,71.82794969193637,-2.0948867214313776,0.2515620420891912,-8.327515168956358,8.255682800327409e-17,8.699237526514706e-16,SCN5A
ENSG00000183876,237.3073813614889,1.740530327840084,0.2179598154627429,7.985556072089823,1.3989025739904606e-15,1.3039543775742148e-14,ARSI
ENSG00000183960,90.77865892404664,-2.1223273761507717,0.3487305547278084,-6.085865856541571,1.1586342185216501e-09,5.506206072462956e-09,KCNH8
ENSG00000183971,35.50625684284183,3.463531327089913,0.3524868368658836,9.825987710309134,8.701678586045738e-23,1.6553121576532965e-21,NPW
ENSG00000184005,263.2378869533003,-1.7257708498977409,0.1878154269555955,-9.188653338395667,3.977899289314455e-20,5.824389730773094e-19,ST6GALNAC3
ENSG00000184106,5.526271243874273,2.3208871466471126,0.4072926624610841,5.698327911490103,1.2098817411111058e-08,5.0309196166527366e-08,TREML3P
ENSG00000184113,1661.7531314417747,-3.1092161865627306,0.2411507670904229,-12.893246096940198,4.913140976910695e-38,3.445032228533027e-36,CLDN5
ENSG00000184226,534.6791330320324,-1.678928040496648,0.3675853519329523,-4.56745088363283,4.93691309629223e-06,1.4542060023716028e-05,PCDH9
ENSG00000184254,904.2994830540852,-2.022622365225793,0.2134948626511313,-9.473869020122176,2.6966603165081108e-21,4.448401484245999e-20,ALDH1A3
ENSG00000184260,36.35429113428358,1.996090400271112,0.194442585685599,10.265705906105667,1.0058262784945061e-24,2.272945012839413e-23,H2AC20
ENSG00000184330,39.71526664083984,4.881958599421146,0.7186657556337169,6.793086439907313,1.0975956900734424e-11,6.590285915883807e-11,S100A7A
ENSG00000184343,221.49912248178924,2.3896835133857928,0.2820565204417786,8.472356922090956,2.4047695944531745e-17,2.694213826837821e-16,SRPK3
ENSG00000184347,5708.154314877051,-2.4166333662194,0.199096484635783,-12.138001183899688,6.6428983886758994e-34,3.2752323688137663e-32,SLIT3
ENSG00000184357,9.41764274992062,3.027149437714161,0.3962449284928794,7.639591626391149,2.1791178614892722e-14,1.7660889652051672e-13,H1-5
ENSG00000184384,2480.7764297826843,-1.857664776480504,0.1871900889759364,-9.923948359890518,3.2753713184706744e-23,6.461989071147599e-22,MAML2
ENSG00000184385,8.022983411989088,2.2762665403333857,0.4157639473950794,5.4749012140063344,4.3775574526859566e-08,1.690388954962628e-07,UMODL1-AS1
ENSG00000184478,5.149595510078261,3.4805830483416886,0.8051424360136976,4.322940752662644,1.5396309029603237e-05,4.209433255778869e-05,OR56A3
ENSG00000184492,6.089514247877058,1.859719291966524,0.2496371130811367,7.449690749155878,9.355927841297104e-14,7.075520272694096e-13,FOXD4L1
ENSG00000184500,2184.3466595249315,-2.1580818555906816,0.1618834262978067,-13.33108586187566,1.5265935157614947e-40,1.3044766135486083e-38,PROS1
ENSG00000184530,11.042963204841278,-1.654175238899008,0.2510692762124719,-6.588521159789907,4.442289507338041e-11,2.5037930786322037e-10,C6orf58
ENSG00000184557,6337.346255959498,-1.5563623449968915,0.2286987445350423,-6.805294660279248,1.0084261962826502e-11,6.078232289909601e-11,SOCS3
ENSG00000184564,2570.1888299108696,1.9798150888626584,0.3794892787831884,5.217051441376228,1.8179378452464125e-07,6.476967185604424e-07,SLITRK6
ENSG00000184601,266.5329777702997,-5.175337807805656,0.4706202161846392,-10.9968455026488,3.9573414223888597e-28,1.2172031053238884e-26,C14orf180
ENSG00000184613,2039.609563028317,3.2317991205397254,0.3160906941733393,10.224277968675205,1.543740499518162e-24,3.427310256866763e-23,NELL2
ENSG00000184661,468.0964106735362,2.897009156090975,0.2423023161171098,11.95617608001233,6.027415957610624e-33,2.756946283537045e-31,CDCA2
ENSG00000184678,3667.117042780737,1.9829876923720229,0.2129201606603357,9.3132922980244,1.23930023399015e-20,1.9048238125094412e-19,H2BC21
ENSG00000184697,19.222467957196145,3.203328880114935,0.4258811765717853,7.521649362154871,5.4089486905038916e-14,4.217805500297562e-13,CLDN6
ENSG00000184709,169.03122546064736,1.6553689449032691,0.3855303305065167,4.293745041352299,1.756842135796119e-05,4.764089771304271e-05,LRRC26
ENSG00000184730,901.6150901204976,1.664550452781968,0.2361755996142414,7.047935754162451,1.815914401497349e-12,1.1848250729141183e-11,APOBR
ENSG00000184774,15.202113720711814,1.642426118767161,0.3099800039800715,5.298490540289017,1.167639251255015e-07,4.265880272491342e-07,MGAT4EP
ENSG00000184785,302.3778959212537,-1.5357939766597548,0.1679160200815066,-9.14620282159069,5.896991764430177e-20,8.475530348281879e-19,SMIM10
ENSG00000184811,5681.6329324422295,-5.187207500195277,0.4544964997792581,-11.413085695301556,3.597371125259568e-30,1.331478240303245e-28,TRARG1
ENSG00000184905,100.25890091355144,-1.793836004326598,0.3650373475981119,-4.914116366803986,8.918377020330962e-07,2.8970281055530534e-06,TCEAL2
ENSG00000184925,137.73670162945564,2.0861490268576426,0.2874596899321042,7.257188050785051,3.952200810835402e-13,2.78889369484734e-12,LCN12
ENSG00000184937,194.63338840748412,4.374869878614084,0.4273667329081839,10.236804930612106,1.356419692560723e-24,3.026603973954762e-23,WT1
ENSG00000184986,309.13985294648245,2.018806767488588,0.2389519032687003,8.448590448005131,2.9484079207517156e-17,3.263387775675837e-16,TMEM121
ENSG00000185002,29.34110231293099,-2.1731338416114268,0.482886005694647,-4.500304038600796,6.785633546893758e-06,1.956686322794072e-05,RFX6
ENSG00000185008,357.71661900104624,2.110493439897463,0.3613430056352137,5.840692657624228,5.198422964053745e-09,2.2673246392537054e-08,ROBO2
ENSG00000185010,1847.5385830252776,-1.8196664793196529,0.1362839546739299,-13.352022867793558,1.15275466533879e-40,9.946251698499463e-39,F8
ENSG00000185053,12.026470029715677,-2.4406331491793822,0.5130473530159623,-4.757130379548899,1.9636435192418124e-06,6.108372530007159e-06,SGCZ
ENSG00000185070,1451.1331758729646,-1.533721489542217,0.2320373969022194,-6.609803031829941,3.8483170572143866e-11,2.1843021314710022e-10,FLRT2
ENSG00000185101,869.4012666273079,1.6027379857280253,0.2186737844864619,7.329355869026221,2.3126154276788645e-13,1.679632549619181e-12,ANO9
ENSG00000185130,6.60189648912269,2.39977419412647,0.3010609843053114,7.971056760024458,1.5732322792561696e-15,1.459289627268157e-14,H2BC13
ENSG00000185149,263.450096473338,-4.679611035444982,0.6321136844004185,-7.403116165541888,1.330252822700415e-13,9.891289525255602e-13,NPY2R
ENSG00000185269,29.37426700091541,2.264687830780595,0.3013093190467296,7.51615594879549,5.6410261072304125e-14,4.3831613872406023e-13,NOTUM
ENSG00000185271,42.7844856022851,-2.531608480094236,0.2337968569011817,-10.828240009934197,2.5297074581650445e-27,7.167054978756509e-26,KLHL33
ENSG00000185290,194.5004651171477,2.147486076842024,0.3225040830222249,6.658787252296688,2.7609624447240926e-11,1.5909058319285075e-10,NUPR2
ENSG00000185306,15.487138604816405,2.1928771701163456,0.4665662589856784,4.700033763443784,2.601184807492785e-06,7.962963513318829e-06,C12orf56
ENSG00000185345,298.0572366195982,-1.9779521811523813,0.1927089906711765,-10.263933064375824,1.0244714790601875e-24,2.3131121118117657e-23,PRKN
ENSG00000185352,550.4881584082331,2.5921205292640623,0.3616628436972664,7.167229297776089,7.653079267600128e-13,5.20288005977164e-12,HS6ST3
ENSG00000185420,1767.6629499610922,1.6173720982199007,0.1414938203827391,11.430690710342882,2.9376274135593925e-30,1.1010923626987427e-28,SMYD3
ENSG00000185432,6724.421896959738,-1.846168189734652,0.143102726581517,-12.90099939977734,4.442974141661091e-38,3.1456127558793244e-36,TMT1A
ENSG00000185467,22.809525389458287,2.00459651233275,0.3184444029867789,6.294965443044625,3.074683491975169e-10,1.5656201149499926e-09,KPNA7
ENSG00000185480,241.2259564875752,1.5493503099790722,0.1607026710193483,9.641098683372428,5.361106570383395e-22,9.466538678268352e-21,PARPBP
ENSG00000185499,21383.470015973435,2.471856701398041,0.281752124352055,8.773160830934518,1.7371963745376662e-18,2.1623416231071882e-17,MUC1
ENSG00000185507,2033.3856033150007,1.965886373973456,0.1790831995750898,10.977503074760271,4.902883476936326e-28,1.490779501139392e-26,IRF7
ENSG00000185518,266.6954583372552,-1.941349679940224,0.2587666045779041,-7.502319254476141,6.26984365552173e-14,4.836606535427865e-13,SV2B
ENSG00000185522,181.04633555910752,1.729808229632546,0.2434492589388799,7.105415876689235,1.1996075687237346e-12,8.003909399656854e-12,LMNTD2
ENSG00000185559,257.6328717879157,-4.459550285167791,0.5666030923048245,-7.870677632603909,3.527254531656784e-15,3.131867329728668e-14,DLK1
ENSG00000185610,28.42197512380872,-1.698140658529387,0.2994494713232556,-5.670875460308442,1.4206964913205285e-08,5.8507685195789627e-08,DBX2
ENSG00000185686,1453.2280252490475,4.403725254046622,0.5536895911728389,7.953418890751662,1.814335795238786e-15,1.6672190096290022e-14,PRAME
ENSG00000185697,831.0437211600245,1.9772010380091327,0.2306631615275744,8.571811055198644,1.0187013108502013e-17,1.188932250146864e-16,MYBL1
ENSG00000185739,86.52485903882578,-2.1810739276652487,0.2000058774135103,-10.905049170909605,1.0903430666968276e-27,3.201753259388751e-26,SRL
ENSG00000185742,9.423611523475577,-2.338462308474554,0.3820926952002831,-6.12014398037312,9.349084275413306e-10,4.5017560177406885e-09,C11orf87
ENSG00000185745,5329.543656055011,1.643981673619314,0.2765189236306359,5.9452772780762215,2.759892743251981e-09,1.2509662229561896e-08,IFIT1
ENSG00000185803,3157.392120517792,1.861841537664204,0.1520714283424325,12.243204117684304,1.8267596905429342e-34,9.353783964581594e-33,SLC52A2
ENSG00000185818,2255.800336530638,-2.7068724390594268,0.3004980901565189,-9.007952222423484,2.0993978749442424e-19,2.8479580666995017e-18,ASPNAT
ENSG00000185842,684.3249987493414,1.688873026754946,0.1575850769011835,10.717214218285296,8.451044848875377e-27,2.277753720678125e-25,DNAH14
ENSG00000185897,5.641036552068256,-1.8733366106950529,0.3526461629617547,-5.312227403699896,1.0829334747421186e-07,3.971702607131079e-07,FFAR3
ENSG00000185933,8.709098589107231,2.4011725233091266,0.3331899883108971,7.206616667811189,5.735918060724715e-13,3.972687580499331e-12,CALHM1
ENSG00000185950,3367.5849682668345,-1.6772723292545586,0.2011611534016308,-8.337953431325674,7.558732876717948e-17,8.009303277463295e-16,IRS2
ENSG00000185960,4.306647113772563,-2.0914923123443923,0.3593112075721847,-5.820837948463427,5.85533204499405e-09,2.5371832560853893e-08,SHOX
ENSG00000186081,24617.24324059529,-1.8832684950171048,0.4108440033463003,-4.583901626111111,4.563790135475716e-06,1.3516407316423398e-05,KRT5
ENSG00000186086,74.76143958075976,3.318287803747769,0.4451963018128064,7.453538563182008,9.086942120344345e-14,6.879928400232222e-13,NBPF6
ENSG00000186105,36.73472057021265,-2.048734587742302,0.1968310656851495,-10.408593687235593,2.26543434601204e-25,5.3946162854184556e-24,LRRC70
ENSG00000186150,14.209280694338338,-1.5853565753330463,0.2366727872777193,-6.6985165196569,2.1054592590867227e-11,1.2294568185064742e-10,UBL4B
ENSG00000186160,4993.371110795488,2.0732730523283758,0.4652427327244397,4.4563254974180575,8.337640909100444e-06,2.3725538832781275e-05,CYP4Z1
ENSG00000186185,568.232496639399,3.4703080108055877,0.2370285256173563,14.640887639017045,1.5404392384945687e-48,2.5746649536473693e-46,KIF18B
ENSG00000186188,164.2285002817248,-1.7940376569732854,0.2091405647622446,-8.578142929913117,9.641709550891755e-18,1.129257079395982e-16,FFAR4
ENSG00000186193,607.6987661318256,2.0988216620108746,0.2136264249224986,9.824728671896768,8.811098025907341e-23,1.6737307365152794e-21,SAPCD2
ENSG00000186198,25.811298096167324,-1.5451051206014237,0.2058194172364608,-7.5070911255486195,6.045564629695428e-14,4.674450975681001e-13,SLC51B
ENSG00000186205,1823.8286092001408,-2.627553093907065,0.2214183183709979,-11.866918298532385,1.758256863813024e-32,7.659946910791985e-31,MTARC1
ENSG00000186297,8.048403788264865,4.364243087521309,0.6397956861966885,6.821307460612725,9.021562375608846e-12,5.4662111293161216e-11,GABRA5
ENSG00000186335,4.6852511815303775,-2.0969921040149813,0.3179069767590047,-6.596244364918878,4.217036465442266e-11,2.3844200865771956e-10,SLC36A2
ENSG00000186417,411.9691667236811,-2.128791896237506,0.2746256391786777,-7.751613806358645,9.07319766677598e-15,7.686331781784242e-14,GLDN
ENSG00000186439,137.91857372912068,-4.216161039347735,0.4230232606215998,-9.966735713663628,2.1311825512113132e-23,4.2808901208194e-22,TRDN
ENSG00000186453,15.598238830379849,-2.4811082732627856,0.2530840560601276,-9.80349498062938,1.0875610546954111e-22,2.0526942491854087e-21,FAM228A
ENSG00000186458,236.3005307579268,-4.346765558587573,0.373649742332756,-11.633262561483408,2.792177451897807e-31,1.1380692604936232e-29,DEFB132
ENSG00000186462,232.0996866139478,-1.6776871257256052,0.2418611055411601,-6.936572633172284,4.0172674825665366e-12,2.5268374757208457e-11,NAP1L2
ENSG00000186466,51.62785134055607,-5.63696555933643,0.3650292623035429,-15.442503222245694,8.474628534700868e-54,2.2748813465623795e-51,AQP7P1
ENSG00000186469,1716.506264129114,-1.907951984329871,0.1912149321473135,-9.978049114176756,1.9016893421277097e-23,3.8402275278908727e-22,GNG2
ENSG00000186471,4.350964476415452,2.124365760431722,0.4929796046493663,4.309236610189352,1.6381903075047927e-05,4.463287617586617e-05,AKAP14
ENSG00000186479,58.76293796180687,-1.7050191643667023,0.3055864935672389,-5.579497786251287,2.4121401545420513e-08,9.654009729963105e-08,RGS7BP
ENSG00000186564,99.89340450618568,1.8842205785450008,0.2148241407807696,8.770990875126406,1.7710079982074153e-18,2.2033959528259388e-17,FOXD2
ENSG00000186638,487.86597262569967,1.516743762397136,0.1422695136290113,10.661059588298508,1.5482337817464312e-26,4.0696649604264498e-25,KIF24
ENSG00000186642,1502.7320574563648,-3.173325263875721,0.1942912799042791,-16.33282392003961,5.765285247171054e-60,2.7359367043494783e-57,PDE2A
ENSG00000186810,201.50941463609624,1.8026932323030544,0.2419986964730293,7.4491857128824,9.391808935249037e-14,7.098615541929556e-13,CXCR3
ENSG00000186831,5.673739497335843,-1.5935814670517845,0.419595094559593,-3.797902996755497,0.000145925405726,0.0003427583221822,KRT17P2
ENSG00000186832,2210.998724446946,1.5351604830201964,0.4426118644334644,3.468412409109673,0.0005235431652215,0.0011259468219766,KRT16
ENSG00000186847,16813.594934302477,-2.3409630368604164,0.4272475689919114,-5.479172280333642,4.2732013422902715e-08,1.6529887288408144e-07,KRT14
ENSG00000186871,333.7725814558753,2.6898404450204776,0.194007888335376,13.86459317762701,1.0381301023972453e-43,1.1214759134636907e-41,ERCC6L
ENSG00000186891,318.9060516668338,2.6425733335767307,0.2409392546170036,10.967799073577105,5.45849101670612e-28,1.6502775741634258e-26,TNFRSF18
ENSG00000186910,983.7351518068948,2.2222634637021046,0.4410278346601862,5.038828139757591,4.683908290604221e-07,1.5804324888624577e-06,SERPINA11
ENSG00000186951,1566.9840096214489,-1.531554204555558,0.1765886820836274,-8.673003198643599,4.208701283662869e-18,5.063206727629731e-17,PPARA
ENSG00000186994,291.4420211027382,-2.0087006535990746,0.2052542138720813,-9.786403970497476,1.2879521470347225e-22,2.4120738764938508e-21,KANK3
ENSG00000187017,999.7713330708176,1.8157966118548343,0.25874948249743,7.017585482022635,2.2573505724652187e-12,1.4563994043035488e-11,ESPN
ENSG00000187037,50.52068052747537,1.9848318280787036,0.2115505546209148,9.382305008064836,6.45459519678205e-21,1.0210170675862082e-19,GPR141
ENSG00000187045,451.7021907758647,2.831691238526594,0.3710976150358333,7.630583231458293,2.3369402946439632e-14,1.8870917146813524e-13,TMPRSS6
ENSG00000187134,2228.022321980998,-3.233448236328027,0.3346202909945963,-9.663036950679846,4.3283837957712075e-22,7.73549424160187e-21,AKR1C1
ENSG00000187140,19.692668423130737,2.5643380020702686,0.4058566833505269,6.318333804190487,2.6439843009425157e-10,1.3559220918090963e-09,FOXD3
ENSG00000187151,41.909745334935394,-4.283847464117056,0.3492586700384755,-12.265543654636067,1.386783755474649e-34,7.18397237850659e-33,ANGPTL5
ENSG00000187193,781.3987682583384,-2.0760960532446022,0.2215674168224669,-9.370042233728324,7.250351043131857e-21,1.1407819950931267e-19,MT1X
ENSG00000187260,317.0628760273256,-1.88538967489769,0.2300028801057423,-8.197243765081959,2.4596135568934162e-16,2.4862773021849573e-15,WDR86
ENSG00000187288,6060.927461187395,-5.269520947039389,0.4464291503273916,-11.80371161510164,3.7346748790701817e-32,1.593081619763886e-30,CIDEC
ENSG00000187398,161.67026272535486,-2.3711064784894123,0.3015126182067809,-7.864037308260443,3.719466918976584e-15,3.2948277790600913e-14,LUZP2
ENSG00000187475,4.295768122240872,3.821321992162827,0.5271981655644022,7.248359804271771,4.218487635361914e-13,2.9646057602441725e-12,H1-6
ENSG00000187510,27.60933510183803,1.661729634677676,0.4026740707124276,4.1267361261619735,3.679481807006381e-05,9.48421232019346e-05,PLEKHG7
ENSG00000187546,58.67057278387212,-2.613835182578813,0.2588262370007392,-10.098803014979303,5.5920559196216815e-24,1.1813107000313687e-22,AGMO
ENSG00000187550,17.005619784393545,2.75808834816175,0.4355455929522492,6.332490542417522,2.4123507863372065e-10,1.2443366099943955e-09,SBK2
ENSG00000187608,6075.4791254482925,3.698283898055622,0.2961384922060274,12.488359316298125,8.641736688303653e-36,4.992481575905859e-34,ISG15
ENSG00000187621,11.557120463217563,1.9222905477025027,0.3476179795255928,5.529893909187102,3.2042451343540395e-08,1.260776050421359e-07,LOC124903372
ENSG00000187634,271.2681481876832,2.772072514206632,0.3165149757835127,8.758108545557892,1.9855392191658616e-18,2.463384908932436e-17,SAMD11
ENSG00000187699,449.3153552325263,-2.2182708225095715,0.2421949294747773,-9.159030815880838,5.2365489904688286e-20,7.58372149437107e-19,AKAP19
ENSG00000187730,155.54067218760702,3.073462856744595,0.2150401457540607,14.292507317492632,2.436756734494721e-46,3.2705459706665263e-44,GABRD
ENSG00000187741,543.208834838888,1.9920953976189213,0.1965312116844609,10.13628003686923,3.813458743072095e-24,8.172795652995237e-23,FANCA
ENSG00000187758,51.112321246820414,-5.358762958063866,0.3632648136298114,-14.751670839017088,3.001409085935484e-49,5.317496430582366e-47,ADH1A
ENSG00000187800,802.3485984023528,-2.0537438290757737,0.1662480751730714,-12.353489367848246,4.6643564886546747e-35,2.550520034691317e-33,PEAR1
ENSG00000187824,355.24762043333817,-2.3462398373258675,0.1480772927495363,-15.84469700762553,1.5295645074402393e-56,5.419756904696581e-54,TMEM220
ENSG00000187837,4180.545987985232,2.0914134583645163,0.2684969698960479,7.7893372844179005,6.7361568940747655e-15,5.789565635835607e-14,H1-2
ENSG00000187855,12.26996068021086,3.669331346900051,0.4743982460281322,7.734706815679196,1.0364166832342076e-14,8.72988062026912e-14,ASCL4
ENSG00000187862,9.79169966218974,1.5024265020012777,0.3401985708156374,4.4163222038210215,1.003944046562635e-05,2.8277491295603623e-05,TTC24
ENSG00000187922,4.804157734803324,-1.919293106212204,0.4367160336604471,-4.394830870131233,1.1085903178736217e-05,3.100482813880393e-05,LCN10
ENSG00000187942,85.49152174235103,-2.857454558155652,0.1948971313608214,-14.661347441104834,1.1398821516342596e-48,1.967036894784445e-46,LDLRAD2
ENSG00000187951,179.8781813714163,1.8513284722639416,0.1695975159149276,10.916011725033716,9.664715189475436e-28,2.8474479618659605e-26,LOC100288637
ENSG00000187955,11010.526463261673,-1.6081764386616793,0.2586014151209065,-6.218745701409994,5.011447336815087e-10,2.494459879675238e-09,COL14A1
ENSG00000188001,2987.5279708557787,1.7022779499107226,0.3544931862661561,4.80200470942942,1.5708499782638811e-06,4.946716219026265e-06,TPRG1
ENSG00000188064,1027.1652173696966,1.846560887765868,0.275399128362768,6.705035338142012,2.0135763288999837e-11,1.1786517828307723e-10,WNT7B
ENSG00000188133,26.09913107042414,3.449534316397199,0.4373469328331523,7.887409416709445,3.085239397827113e-15,2.758756291966876e-14,TMEM215
ENSG00000188257,1585.3002774165489,-2.4319448048572805,0.4357378641172759,-5.581210643201618,2.3885015963029073e-08,9.572376703626867e-08,PLA2G2A
ENSG00000188263,44.21969739309237,3.621951039619873,0.3486011086897562,10.389958463509345,2.7547304848485267e-25,6.518874678080997e-24,IL17REL
ENSG00000188282,49.453467873113446,2.3234546863237395,0.3007435596418358,7.725700557281455,1.1123984738248878e-14,9.340281024295859e-14,RUFY4
ENSG00000188293,26.115307890654204,2.378630697839393,0.4364932838501079,5.449409614870998,5.0537298354049714e-08,1.933806628882464e-07,IGFL1
ENSG00000188306,14.903972786906207,2.164058269805877,0.3416818020678091,6.333548514171103,2.3958592572005167e-10,1.2367902051302202e-09,LRRIQ4
ENSG00000188322,2031.0376566822,2.163870318450643,0.2064573900045442,10.480953568206086,1.0567282712769748e-25,2.5930335927225854e-24,SBK1
ENSG00000188368,140.93594747826629,2.1975583435210004,0.1787200716302391,12.296091443313728,9.506397538716611e-35,5.0325202109839425e-33,PRR19
ENSG00000188389,89.02211211747971,1.9886639518057665,0.2698399948433135,7.369789467126667,1.7089770637258918e-13,1.255628019588487e-12,PDCD1
ENSG00000188452,22.615503395827066,2.756854872569188,0.2918227264807458,9.44701910579635,3.4861716372851766e-21,5.666361545006336e-20,CERKL
ENSG00000188483,534.6180065962509,1.810098936553621,0.1625555995103624,11.13526044015625,8.449765584691472e-29,2.7552456492414224e-27,IER5L
ENSG00000188486,2039.467428088792,2.0164029269101955,0.158192923741723,12.746479926006788,3.261423508510346e-37,2.1668082434665607e-35,H2AX
ENSG00000188505,748.0209843919608,2.3110392361746293,0.4000545720558344,5.776809959447444,7.613018955322426e-09,3.2479688350889947e-08,NCCRP1
ENSG00000188517,155.04166733118078,-2.923830559587128,0.230086958105139,-12.707502344618216,5.3723046500129865e-37,3.4736982013161826e-35,COL25A1
ENSG00000188523,13.9763067934267,1.6161268312987904,0.3709975160543245,4.356166177301692,1.3236030420081317e-05,3.656799131028808e-05,CFAP77
ENSG00000188536,758.5788164937426,-4.626521871741844,0.3476742049888663,-13.307061051279314,2.106043386206704e-40,1.760003238630288e-38,HBA2
ENSG00000188580,29.324360770535563,-1.608590357067702,0.2622011182009284,-6.134948501001498,8.518678537760227e-10,4.117567881792981e-09,NKAIN2
ENSG00000188610,63.89592463375311,2.524580122610834,0.2261786228566591,11.161886524575706,6.264786533931195e-29,2.073308868483456e-27,FAM72B
ENSG00000188620,34.851848917680776,3.870605008895149,0.5427227608355726,7.131827312596932,9.904509188680088e-13,6.646776052756902e-12,HMX3
ENSG00000188624,30.6523127794157,5.603482930037114,0.5175579404699501,10.826774148125464,2.5705206405324783e-27,7.274929288833931e-26,IGFL3
ENSG00000188626,12.365392172337163,-3.018818734515968,0.2457237929379691,-12.28541484901319,1.0848707118479375e-34,5.697715250466194e-33,GOLGA8M
ENSG00000188676,7.185222952676671,1.5179141441581965,0.3244965961887055,4.677750589640944,2.900390199497613e-06,8.817969288599596e-06,IDO2
ENSG00000188729,4.092844149778156,-3.0148974348599653,0.485331245249373,-6.212040671955605,5.230088474442455e-10,2.598908025585419e-09,OSTN
ENSG00000188730,7.082277796992523,-1.5365238287840326,0.2971623291437875,-5.170654817557838,2.332751180090801e-07,8.20662729824107e-07,VWC2
ENSG00000188778,4.3511943802674615,-1.7735456531571403,0.3886034936225941,-4.563895287260544,5.021313071054491e-06,1.4779199785499291e-05,ADRB3
ENSG00000188783,6867.684018897061,-2.3479390599292462,0.2566451583320073,-9.148581158471924,5.768618604204546e-20,8.3000021335536435e-19,PRELP
ENSG00000188816,10.576881174254646,3.884068776154341,0.7278994261892677,5.33599648029453,9.502124477826725e-08,3.5120856467071654e-07,HMX2
ENSG00000188817,22.53817928813752,2.726345518636235,0.4263758831027861,6.394230130457442,1.6135825653098086e-10,8.514884168607657e-10,SNTN
ENSG00000188820,37.6096861481427,1.9316693381812065,0.2938644910484081,6.573333618123339,4.9201047189482624e-11,2.7544087403844545e-10,CALHM6
ENSG00000188828,17.819942959986815,-2.9142517819093268,0.3028971135130632,-9.621259668371328,6.502984293109706e-22,1.1369526815091476e-20,GLRA4
ENSG00000188833,213.0017495838351,3.0498597366210243,0.3530296954895783,8.639102533262836,5.665631194166316e-18,6.76997072774145e-17,ENTPD8
ENSG00000188883,297.4188777127628,1.951240886714508,0.3241955750269749,6.018715358937745,1.758067010806765e-09,8.170799372541061e-09,KLRG2
ENSG00000188910,215.6167125783477,1.81719498342388,0.4058473457088385,4.477533246521624,7.551047093271621e-06,2.1635479946489847e-05,GJB3
ENSG00000188916,526.4562690566778,3.871215599013929,0.3870552965842979,10.001711985798403,1.4978487695550053e-23,3.052556062187444e-22,INSYN2A
ENSG00000188958,22.220252159433382,-2.486909417803232,0.2605782522678747,-9.543810337812406,1.376786622612053e-21,2.3408896030655988e-20,UTS2B
ENSG00000188991,12.474421500167931,-1.603987676139339,0.4679895068032819,-3.42740094130694,0.0006093885903709,0.0012957674659231,SLC15A5
ENSG00000188996,15.842337027108451,1.9430200061968983,0.3648510055132191,5.325516380210441,1.0066664357276605e-07,3.706825624146124e-07,HUS1B
ENSG00000189013,10.636808964068452,1.853139879032801,0.3747040954887289,4.945608818648591,7.590625293351448e-07,2.489766319067079e-06,KIR2DL4
ENSG00000189056,526.6102536919121,-3.462347781768652,0.278504153710196,-12.43194306312386,1.7532035745853444e-35,9.8710561429249e-34,RELN
ENSG00000189057,1310.1006400601125,2.7413243110398158,0.2448922840442441,11.194000340756132,4.362954117697533e-29,1.4621123036294063e-27,FAM111B
ENSG00000189058,42600.9094375772,-2.385754794759455,0.3411697228652827,-6.992867874449443,2.6932313020802136e-12,1.7238107382654546e-11,APOD
ENSG00000189127,14.019040496067444,2.082011013068933,0.4243773827827271,4.906036696434602,9.293514457174852e-07,3.012259381624853e-06,ANKRD34B
ENSG00000189129,926.5228665368126,-3.2458308718033426,0.2473878188047267,-13.120415093539464,2.5155330599234758e-39,1.9661850313960696e-37,PLAC9
ENSG00000189134,51.6246556077836,-2.905564687098425,0.1763031906447807,-16.480499737254416,5.0664337839603444e-61,3.060010859289685e-58,NKAPL
ENSG00000189159,5177.050369191497,2.14199410730798,0.1527729812754115,14.02076525198195,1.163532151085973e-44,1.362152727537874e-42,JPT1
ENSG00000189184,2500.6454572466773,-1.5786247201120314,0.2190965658224815,-7.205155015487918,5.797785346087556e-13,4.013444792192675e-12,PCDH18
ENSG00000189212,38.85826784040944,3.074146483630342,0.4427243066553052,6.943703874889797,3.819507204037273e-12,2.409862391910981e-11,DPY19L2P1
ENSG00000189221,5888.592559245982,-4.048394376378695,0.2788097440282464,-14.520275790535312,9.014682066333192e-48,1.3932911841322041e-45,MAOA
ENSG00000189292,87.94544791874536,-2.1740359093710984,0.3764375150030956,-5.775290247979722,7.68205444332367e-09,3.2753184153910884e-08,ALKAL2
ENSG00000189334,8261.851654849,2.50489252703532,0.2909981768430806,8.607932029711895,7.439034184619982e-18,8.778522800012258e-17,S100A14
ENSG00000189366,61.9053321511853,1.926804921034185,0.3213638529512056,5.995711413525847,2.0259652981563347e-09,9.347227048351492e-09,ALG1L1P
ENSG00000189367,11.722146815779036,-4.326319807440306,0.3471269397128528,-12.463221123140388,1.1848630057952944e-35,6.800806561341242e-34,KIAA0408
ENSG00000189377,1184.1511856027948,2.6890380593539107,0.3998310019094474,6.725436613249205,1.7506669175833688e-11,1.0308879533520502e-10,CXCL17
ENSG00000189410,10.814330842199094,1.5606163023074104,0.2848922610336982,5.477917499916976,4.303606882290552e-08,1.662814086898392e-07,SH2D5
ENSG00000196071,12.508480399151766,-2.6932622440250342,0.4086641451372604,-6.590405045493854,4.386282575807068e-11,2.4755978383487107e-10,OR2L13
ENSG00000196091,2002.5793640932177,-2.8918154287131204,0.4507927756579474,-6.414955129865196,1.4086434441597292e-10,7.504951790004973e-10,MYBPC1
ENSG00000196092,85.10301956668576,1.647643907208949,0.3358453653826217,4.905959935852687,9.2971502621514e-07,3.0130703441057737e-06,PAX5
ENSG00000196104,31.96167232597839,-3.478247819436625,0.3850669791063682,-9.032838462307664,1.6727549763798608e-19,2.2949645584561077e-18,SPOCK3
ENSG00000196118,20.825715341825976,1.5889908814614186,0.2134498613261817,7.444328478776636,9.743877878689889e-14,7.354261704804991e-13,CFAP119
ENSG00000196132,163.4534841329659,4.706037376613099,0.39164235935141,12.01616031628106,2.9223852163040706e-33,1.367295547945082e-31,MYT1
ENSG00000196139,2172.629442645505,-2.2864745938488737,0.237984532377398,-9.607660510570334,7.42160346231919e-22,1.2916117355018499e-20,AKR1C3
ENSG00000196159,1158.344375287439,-1.8623853702810724,0.2043008481279909,-9.115896421116764,7.802275529719492e-20,1.1082066926899813e-18,FAT4
ENSG00000196166,17.744840598211113,1.5613359138787806,0.3652256095927582,4.274990233077399,1.911456739993081e-05,5.147123605767162e-05,LINC03042
ENSG00000196167,212.2577280259056,-2.4302467479620637,0.2968577198010219,-8.186570824538473,2.687745220473528e-16,2.704537267477622e-15,COLCA1
ENSG00000196188,25.768333983844546,2.4313256777897765,0.4874098947047693,4.9882567100170645,6.092657530269326e-07,2.0251704048393664e-06,CTSE
ENSG00000196228,64.04128637625134,-7.079356971066797,0.8569476474727333,-8.261131227730047,1.4429833870088343e-16,1.4926930132253709e-15,SULT1C3
ENSG00000196335,54.95019829699061,1.9168811978634437,0.3262835940938714,5.874892984389398,4.2311659271020904e-09,1.8672074811148797e-08,STK31
ENSG00000196337,4.167675292125814,-1.618016440345801,0.2785821797894153,-5.808039988662897,6.320842183511962e-09,2.7251197441082154e-08,CGB7
ENSG00000196364,7.32663423803171,4.144519963282254,0.4886201764840518,8.48208928477911,2.211857271405496e-17,2.4896275725371053e-16,PRSS29P
ENSG00000196366,38.64780285928427,1.8883033047936435,0.2207559032169718,8.553806612988772,1.1909437128595092e-17,1.3796568949102641e-16,C9orf163
ENSG00000196405,12511.083491132726,1.6957299886172783,0.195598538900116,8.669440979225392,4.342470636841706e-18,5.217050505156797e-17,EVL
ENSG00000196421,108.89730730257224,2.290573296040729,0.2354629315100146,9.727957098603044,2.2914862205088534e-22,4.205541872239142e-21,C20orf204
ENSG00000196427,117.56862978304918,3.2674015815545645,0.4639332318148533,7.042827194708312,1.8837780177351307e-12,1.2269951181693898e-11,NBPF4
ENSG00000196542,1117.1272163965443,1.8483794093397672,0.3236141906786126,5.71167600983057,1.1186891349855191e-08,4.6731501227247545e-08,SPTSSB
ENSG00000196549,6231.238121091781,-2.6899151674573214,0.286533919829839,-9.387772201820832,6.1282699086602586e-21,9.705528773697641e-20,MME
ENSG00000196550,65.86926293208569,2.764325826144668,0.2265190080615985,12.20350490583532,2.9772706984136292e-34,1.5013466567427365e-32,FAM72A
ENSG00000196553,40.48376586464524,2.556870471002141,0.4460878890677487,5.731763927385667,9.939154257857729e-09,4.1806429946592126e-08,CCDC196
ENSG00000196557,1825.8138547303863,2.0786437060531875,0.3445818061949353,6.03236638929586,1.6157592270923304e-09,7.546362295251087e-09,CACNA1H
ENSG00000196569,3151.225679473969,-1.956875240750463,0.2364070138197629,-8.27756845760248,1.2571586347368735e-16,1.3057971849764812e-15,LAMA2
ENSG00000196584,373.62785396602897,1.81253815918457,0.175214432474842,10.344685272686204,4.423673910499434e-25,1.0285138597683508e-23,XRCC2
ENSG00000196611,1584.421532821485,6.875606734503853,0.4093339181205498,16.79706085943987,2.5644021507974443e-63,2.0043819752188851e-60,MMP1
ENSG00000196616,28793.71319505786,-5.522436525281716,0.4425821818240923,-12.47776515204729,9.871870056652776e-36,5.678462050985876e-34,ADH1B
ENSG00000196666,77.14288200623277,-4.451057151116198,0.3372621852577074,-13.1976170044533,9.055457960806042e-40,7.292387736618805e-38,FAM180B
ENSG00000196684,891.8096970969912,2.6459659029846505,0.2461905978294601,10.747631819869705,6.080266568862395e-27,1.6727027336182003e-25,HSH2D
ENSG00000196747,88.30847008049635,4.356350032066354,0.3668511799479283,11.87497892928872,1.596742883753544e-32,7.037055080555627e-31,H2AC13
ENSG00000196748,68.22220798055835,3.327509976877252,0.3525452371893751,9.438533345125943,3.780335872536247e-21,6.092324185121332e-20,CLPSL2
ENSG00000196787,225.296711743226,1.9836029253974288,0.3285157194199393,6.038076134986416,1.5596248028833751e-09,7.294443705847536e-09,H2AC11
ENSG00000196834,36.15139995669432,1.6153526623928705,0.368267454513388,4.386357367710716,1.1526468823644238e-05,3.2115318619033934e-05,POTEI
ENSG00000196878,5879.570317087253,-1.621734449241163,0.2690155967599251,-6.0284030694637805,1.655876606981096e-09,7.72287132862805e-09,LAMB3
ENSG00000196890,99.2898159031886,2.7139964375743526,0.2687169034501891,10.09983518985226,5.533510649712906e-24,1.170804502516883e-22,H2BC26
ENSG00000196972,116.78532096647086,-1.5923700829533831,0.1977277088798969,-8.053348172463854,8.05593147807844e-16,7.681606710797794e-15,SMIM10L2B
ENSG00000196976,1415.8217486387937,2.0312819701903866,0.1739894205836516,11.674744150399508,1.7158117910820186e-31,7.113525483308058e-30,LAGE3
ENSG00000197061,9.401129625300609,2.7671334961776908,0.4091039301028973,6.763888813000902,1.3433619363998993e-11,7.999068666777352e-11,H4C3
ENSG00000197083,129.21705503644915,-2.1431892585288423,0.2069692889455111,-10.3551076077431,3.967401887965524e-25,9.256690533159244e-24,ZNF300P1
ENSG00000197110,2.647692727755439,3.841238510058364,0.6314918430127427,6.08279988500319,1.1810171761304906e-09,5.607563240247953e-09,IFNL3
ENSG00000197153,11.08639478468529,4.35988503691961,0.4139012183759758,10.533636634428117,6.045288312569742e-26,1.51417094162621e-24,H3C12
ENSG00000197172,20.664309488981324,6.248245965790277,1.2358533660671769,5.055814983677152,4.285566570702966e-07,1.4526649440871345e-06,MAGEA6
ENSG00000197191,126.42751973735608,2.589912070734742,0.2362968676754638,10.960416429606653,5.922620886294825e-28,1.7845085040054984e-26,CYSRT1
ENSG00000197238,10.632174790147245,2.955257179227328,0.3005550578554529,9.832664937712048,8.143478063644954e-23,1.5524600397515397e-21,H4C11
ENSG00000197245,294.71888046100634,-2.346648437705704,0.2018284633819698,-11.626944972892952,3.006664758084621e-31,1.2198796327648672e-29,FAM110D
ENSG00000197272,12.045336887951704,1.9507106266271916,0.2486864414934908,7.844057017793829,4.362188834840881e-15,3.8259131447490567e-14,IL27
ENSG00000197275,136.36189209380942,2.0839967491338878,0.1544778163185523,13.490589126638277,1.776751166266967e-41,1.6338118423371855e-39,RAD54B
ENSG00000197299,416.2055400533006,1.8702769369107124,0.1859872354682635,10.055942453265038,8.648986116121248e-24,1.7984883101402361e-22,BLM
ENSG00000197308,435.5334836203274,2.8587280992299675,0.3346739172156658,8.541831174097101,1.3211135042655324e-17,1.521169470357735e-16,GATA3-AS1
ENSG00000197320,8.638253277556048,-1.631593966198227,0.3693913443789794,-4.416979420406458,1.000897555092844e-05,2.819765983949149e-05,CPAMD8P1
ENSG00000197472,89.76691787594957,3.447837827299613,0.2863912734737089,12.038906721842308,2.218765751581941e-33,1.0473126083177636e-31,ZNF695
ENSG00000197561,13.81140743846806,-2.746374115999279,0.3021070901196936,-9.0907304257943,9.837590780699628e-20,1.38329254992831e-18,ELANE
ENSG00000197576,14.186091784198648,-2.419393074147928,0.2412637650337583,-10.028000159117964,1.1481852393773649e-23,2.354399902504126e-22,HOXA4
ENSG00000197582,35.278158738973886,1.8365782588525328,0.3227131435001983,5.691055030894347,1.2625680499126338e-08,5.236071461677317e-08,GPX1P1
ENSG00000197584,9.149051065302404,-1.620641133866409,0.3364532491959823,-4.816839004346764,1.458502726659968e-06,4.61809960216712e-06,KCNMB2
ENSG00000197587,38.21282599166772,2.9674954703478527,0.307272325022146,9.657542279910748,4.566885814334477e-22,8.128934394905473e-21,DMBX1
ENSG00000197588,11.96275972463918,3.4244608844085773,0.3689478363526479,9.28169390627733,1.6680526745179183e-20,2.5374069734008975e-19,KLKP1
ENSG00000197599,89.53743066212913,2.0295034290903944,0.2565464124685481,7.910862637142535,2.5561144630439228e-15,2.3057957181056436e-14,CCDC154
ENSG00000197614,5756.072764578974,-1.805764514700348,0.2691170494588016,-6.709959544858888,1.9467837927743697e-11,1.1408110097680016e-10,MFAP5
ENSG00000197635,977.7826488591307,-1.5820115519667886,0.2181351138826639,-7.252438746829917,4.0933338134994993e-13,2.8808354368047978e-12,DPP4
ENSG00000197696,567.7804610545131,-1.7988811584834832,0.2263129211657996,-7.948645394248613,1.885619453497194e-15,1.7303293154933676e-14,NMB
ENSG00000197766,6437.727058599468,-3.430164520492159,0.2889542198586046,-11.87096185053348,1.6753032834860304e-32,7.322563282671261e-31,CFD
ENSG00000197769,141.67347845635038,-3.959671809527764,0.2695607341403551,-14.689349404524318,7.543457493792181e-49,1.3188643611679422e-46,MAP1LC3C
ENSG00000197837,175.1328110465045,1.5376366504862744,0.2299893888723636,6.685685187587552,2.298466575173099e-11,1.335704116230595e-10,H4C16
ENSG00000197838,5.832462977492746,1.838476155837634,0.525419688205624,3.4990621727866102,0.0004668976983285,0.0010124688970283,CYP2A13
ENSG00000197859,473.8015690808274,1.7448884418348984,0.1836613792878539,9.50057354791026,2.087374095499813e-21,3.480048092089556e-20,ADAMTSL2
ENSG00000197870,15.087244393358294,2.427319942405232,0.397053249233407,6.113336050244324,9.756960525248824e-10,4.6879628631077125e-09,PRB3
ENSG00000197872,1179.3959022748793,-1.6375964830435616,0.1531983750772722,-10.689385459980038,1.1412464308501471e-26,3.0511694064228034e-25,CYRIA
ENSG00000197882,5.081216037832039,-2.120607263515966,0.4092549485145414,-5.181628887355085,2.199565175864693e-07,7.763772685430232e-07,OR7E13P
ENSG00000197888,52.610866697219535,1.663154911649976,0.4908041941079351,3.388632231786152,0.0007024215158395,0.0014795000224645,UGT2B17
ENSG00000197891,13.517150732346831,-4.444664819641175,0.5468557474972394,-8.127673230066238,4.376089877369637e-16,4.296069024421799e-15,SLC22A12
ENSG00000197903,1677.244404212699,2.190460268827686,0.2179327654232185,10.051082794153883,9.086347407158676e-24,1.8776802670703093e-22,H2BC12
ENSG00000197953,5.584440031347878,-2.525968934475752,0.5272737069410203,-4.790621836863755,1.6626522745219176e-06,5.216029299423912e-06,AADACL2
ENSG00000197977,2438.3386493164044,1.9600625536326604,0.3647570127105226,5.373611706783549,7.7174956564192e-08,2.880511897041296e-07,ELOVL2
ENSG00000198003,75.38038798045243,1.9965530823836903,0.2425223258800575,8.232450662588112,1.8342170334035099e-16,1.87550279579447e-15,ODAD3
ENSG00000198010,23.26566283832438,-2.147291558586793,0.2215887387574852,-9.69043630388125,3.311111392823787e-22,5.9777707380633244e-21,DLGAP2
ENSG00000198062,3.1365101198865077,1.6259095226473317,0.5053797340318741,3.2172036454172224,0.0012944668164346,0.00260313701451,POTEH
ENSG00000198077,83.88050942775301,1.8292590861640683,0.5294746999886073,3.4548564571705294,0.00055058586939,0.0011801757927923,CYP2A7
ENSG00000198099,30.77512125810654,-3.5602564532095897,0.385540914582425,-9.234445213332709,2.5962793832853933e-20,3.880546940990401e-19,ADH4
ENSG00000198125,1237.5345453188186,1.6536108791171105,0.230710119270691,7.167483092394994,7.638909825913877e-13,5.1959055189061e-12,MB
ENSG00000198251,21.207206345179475,3.325339732121784,0.5240676339969056,6.345249193811917,2.2206569890942716e-10,1.1527040937009243e-09,CYP2A7P2
ENSG00000198478,2096.316362057092,-1.7777402338964132,0.1684662071800133,-10.552503458434382,4.946134034522283e-26,1.251842971118378e-24,SH3BGRL2
ENSG00000198483,314.6683407835913,-1.5194563050788557,0.2310486373488315,-6.576348263784903,4.821425314191437e-11,2.7031514287898203e-10,ANKRD35
ENSG00000198523,424.1357297503085,-1.5338889304480163,0.2429092630488967,-6.314658038130273,2.707595063415572e-10,1.3864034452845626e-09,PLN
ENSG00000198569,17.47850603038672,1.7424167345739854,0.2565655848308262,6.791311218622317,1.111189210111363e-11,6.668891883177388e-11,SLC34A3
ENSG00000198570,4.6816088192566925,1.5053259269416996,0.3676682570136723,4.094250450578664,4.235363039319008e-05,0.0001082049344067,RD3
ENSG00000198624,3885.514575219696,-3.1005349745088293,0.2082993919277848,-14.884992922032875,4.1253013549375816e-50,7.666425420102532e-48,CCDC69
ENSG00000198643,143.61412780093517,-2.056121045154021,0.4152214843763598,-4.951865745199106,7.35053108752991e-07,2.4142919744297043e-06,FAM3D
ENSG00000198650,4138.511675565732,-2.196404051291529,0.5185278626251747,-4.235845765686909,2.2769303270270918e-05,6.058212198712952e-05,TAT
ENSG00000198681,15.093429324033922,6.577296839674763,0.9323473244157944,7.054556459199445,1.7315213743915237e-12,1.1336580567739526e-11,MAGEA1
ENSG00000198723,34.18259197248969,1.6900209397375563,0.2185371584480738,7.733334466958023,1.0476556913137812e-14,8.818957870340114e-14,SAXO5
ENSG00000198768,575.6704843354166,-2.274550929992521,0.2895100897360765,-7.856551500730247,3.948535582209172e-15,3.486124023163081e-14,APCDD1L
ENSG00000198774,340.2784480204665,-1.99895552460258,0.2164531229927767,-9.235050513312698,2.581641738282081e-20,3.863014031241346e-19,RASSF9
ENSG00000198788,80.73688583943589,6.29476244101872,0.558383160155318,11.273195343619944,1.7799090164768029e-29,6.167025047310435e-28,MUC2
ENSG00000198807,409.57706714263566,1.567222836417358,0.2446281816260506,6.406550651686909,1.488486743389625e-10,7.904983054672118e-10,PAX9
ENSG00000198826,728.0436719350516,2.069157875930093,0.1756218279063816,11.781894657383337,4.839290804141992e-32,2.0511029205753336e-30,ARHGAP11A
ENSG00000198838,269.6326240747322,-2.671744689182865,0.1691219778809782,-15.797737956110826,3.2248204652089625e-56,1.0987128700375408e-53,RYR3
ENSG00000198844,1304.6702699563612,-1.8293169185679332,0.1682349746540328,-10.873582751326447,1.5403089773895248e-27,4.468745750450505e-26,ARHGEF15
ENSG00000198848,2805.1354197282067,-3.8836164384315857,0.3029665970007115,-12.818629105909205,1.2896045713158929e-37,8.878559969616543e-36,CES1
ENSG00000198885,287.7848661884822,-2.4026354426783807,0.1954705854784295,-12.291544719108217,1.0056575468039527e-34,5.302648671887905e-33,ITPRIPL1
ENSG00000198914,38.647783287025376,-2.5466032548755804,0.4176366320695389,-6.097652981866679,1.0763709279897762e-09,5.137312753471319e-09,POU3F3
ENSG00000198930,7.578622716095915,5.568404821011595,0.6799847406766294,8.189014382103144,2.633740702806998e-16,2.6562299497949137e-15,CSAG1
ENSG00000198932,786.6942337902831,-1.9904675524183717,0.1869574861321669,-10.646631988896337,1.807881189418152e-26,4.738110710925779e-25,GPRASP1
ENSG00000198937,804.6951231738159,1.9960654407739835,0.1575067434811411,12.67288877071463,8.357879334436445e-37,5.23845856869454e-35,CCDC167
ENSG00000198944,381.6985503144364,1.5265454356146448,0.3170876645166683,4.814269384908221,1.4773940364908518e-06,4.670125671433851e-06,SOWAHA
ENSG00000198947,3246.217791374114,-3.270720039655604,0.2289476977149658,-14.285883074166437,2.6799073000252115e-46,3.578820929556281e-44,DMD
ENSG00000199753,41.1161343040702,1.879371990748846,0.269040273956918,6.98546713139979,2.8390972699948306e-12,1.811935877764472e-11,SNORD104
ENSG00000200033,5.94835158104971,1.6184472996674832,0.3507240497352848,4.614588879459606,3.938741961951235e-06,1.1778110457843374e-05,RNU6-403P
ENSG00000200087,117.0946175690334,3.6304408877728673,0.4014102186178878,9.044216413505838,1.5074240793105426e-19,2.0788684435743473e-18,SNORA73B
ENSG00000200795,57.41594128640075,4.431072110606467,0.559111505735103,7.925202871260227,2.277741606628913e-15,2.0694353229457562e-14,RNU4-1
ENSG00000202522,9.45151914718797,1.6944440793098832,0.3374807124410053,5.020861983649176,5.144011199643681e-07,1.7266906357273065e-06,Y_RNA
ENSG00000202538,300.2639448910491,4.656492289954431,0.5428608359366357,8.577690600796906,9.679689854240722e-18,1.133205981834569e-16,RNU4-2
ENSG00000203362,35.12124945910693,1.6453964489488162,0.1530825959717066,10.74842269628695,6.028364917226879e-27,1.6601429810912363e-25,POLH-AS1
ENSG00000203446,17.706759570284014,2.298750863307311,0.3123702998150879,7.359057069984212,1.852138401696001e-13,1.3566862741199348e-12,SUGCT-AS1
ENSG00000203499,2752.863996871939,2.1655781602088564,0.2075579008868183,10.433609855159164,1.741439801209673e-25,4.1805567043493286e-24,IQANK1
ENSG00000203585,10.22539563941032,3.1906444241383376,0.2949970633501385,10.81585147968504,2.8959085452309867e-27,8.143785141747457e-26,LINC02408
ENSG00000203711,63.86081040564642,2.639729282251936,0.2045217926235241,12.906836227037422,4.118788272764774e-38,2.9423870523850505e-36,LINC02901
ENSG00000203727,1018.9601555382956,-2.764225358045756,0.3008110779566179,-9.189240558635287,3.956245437306524e-20,5.799074599912899e-19,SAMD5
ENSG00000203740,15.83312498667634,5.63797363565572,0.4409071490748652,12.787213016358692,1.932816198034648e-37,1.3204264900455208e-35,NTMT2
ENSG00000203747,4131.935782381508,1.5367100559209164,0.1906447556272876,8.060594433162375,7.592433394845024e-16,7.263099980849767e-15,FCGR3A
ENSG00000203756,5.98856912189386,1.6250054019305915,0.3246519382828393,5.005377175708941,5.57527536965359e-07,1.8646229920531607e-06,TMEM244
ENSG00000203760,739.9099528069055,2.164473108840256,0.2534897987814138,8.538699068938461,1.3574137972494569e-17,1.5602626151342699e-16,CENPW
ENSG00000203805,417.67900721554986,5.242853741237225,0.2916890690434589,17.974117982652576,3.107666621885273e-72,5.161640029787571e-69,PLPP4
ENSG00000203814,145.87677444496035,2.765593059603802,0.2567719952862025,10.770617942666313,4.738103514970246e-27,1.3129833254466558e-25,H2BC18
ENSG00000203837,12.601746363542537,-2.1259148757961546,0.6664395444882234,-3.1899590793771115,0.0014229294018251,0.0028367853603529,PNLIPRP3
ENSG00000203858,17.43724111084311,-2.532626723906185,0.7207393532360968,-3.513928735172807,0.0004415312513853,0.0009610691297865,HSD3BP2
ENSG00000203876,19.61675203307109,-2.256434579274869,0.1951846660145098,-11.560511516345898,6.5318534210948525e-31,2.59080603978501e-29,ADD3-AS1
ENSG00000203995,292.0735460016732,1.582786130385058,0.2374378410737079,6.66610731982571,2.6267721138428342e-11,1.5158842329071298e-10,ZYG11A
ENSG00000204022,8.67400509340078,-1.5088179912443636,0.2017867866326564,-7.477288361755309,7.587181361136486e-14,5.795612091756312e-13,LIPJ
ENSG00000204052,132.15271568973154,2.11662627805717,0.2503636639987721,8.454207149115499,2.8099008365262087e-17,3.1178753540995404e-16,LRRC73
ENSG00000204060,303.22578762266977,1.6406698811571858,0.1896153349922348,8.65262232732587,5.032936367592073e-18,6.03022019696841e-17,FOXO6
ENSG00000204065,60.2895504318972,-3.0887293475751254,0.3431636491382617,-9.000747472325273,2.2418606962650976e-19,3.0288483987414828e-18,TCEAL5
ENSG00000204071,5.965459151820114,-2.442127179307935,0.2894023427730762,-8.438519038606525,3.213836182231356e-17,3.5483048002824384e-16,TCEAL6
ENSG00000204091,3.221389674569641,2.289322263574043,0.5073618939485365,4.512207737473987,6.415630475951744e-06,1.858462828628925e-05,TDRG1
ENSG00000204099,25.5610477418493,2.08291740254819,0.3917354771678578,5.317152833864124,1.0540353147925097e-07,3.8689210622390803e-07,NEU4
ENSG00000204136,752.9988687009883,-1.9724084620169584,0.1852634094554958,-10.64650849195762,1.8102804324482383e-26,4.7397243834790085e-25,GGTA1
ENSG00000204140,107.64445931069292,2.803432050094786,0.3894092701759779,7.199191865226751,6.057047053221583e-13,4.175512981565852e-12,CLPSL1
ENSG00000204161,653.7929279528183,-1.8252225378943203,0.1812558435187969,-10.069868658910506,7.507827693239416e-24,1.569791667567565e-22,TMEM273
ENSG00000204262,25190.879703560928,1.8552348489987376,0.2129397608613552,8.712486768531118,2.9728001937543388e-18,3.6322834551274265e-17,COL5A2
ENSG00000204290,4.530745922575005,-1.7292704869109303,0.3116106828027514,-5.549458289931455,2.865561046826773e-08,1.1349073743579956e-07,BTNL2
ENSG00000204301,1960.752201941603,-1.5482385091537123,0.1380439601160274,-11.215546901526162,3.420653250149794e-29,1.158010956977462e-27,NOTCH4
ENSG00000204335,150.46919976604426,2.1267576482793165,0.3835154961353569,5.5454282022771375,2.9323564579324996e-08,1.1598061150402765e-07,SP5
ENSG00000204338,139.98904675501942,2.2108576333638457,0.3155448516068684,7.006476645413036,2.4439433332111405e-12,1.571824638917862e-11,CYP21A1P
ENSG00000204361,5.752493359669745,-1.6767569565292266,0.2685765683402312,-6.243124509674727,4.2891519761334614e-10,2.1522698973894776e-09,NXPE2
ENSG00000204385,5878.177026112455,2.6383967962668566,0.2934697956988413,8.990352107561963,2.4643963292680723e-19,3.3176966793464547e-18,SLC44A4
ENSG00000204403,15.959119097687749,-2.196555251772897,0.199778411386966,-10.994958046383806,4.041013988879439e-28,1.2400686692202208e-26,CASP12
ENSG00000204434,545.7133929401925,1.6623773061044378,0.3862431817150026,4.303965441469091,1.6776784459840253e-05,4.564790079044279e-05,POTEKP
ENSG00000204538,12.7123045268175,1.9052513668599091,0.4145272652080177,4.596202775476826,4.302599947515627e-06,1.2797044611665114e-05,PSORS1C2
ENSG00000204544,4.015192408006435,2.7429733852474394,0.5989572361282526,4.5795813453702,4.659075632687462e-06,1.3786319445347878e-05,MUC21
ENSG00000204572,16.741021555137063,1.6068539891752145,0.29766074811424,5.39827303181579,6.728541822542894e-08,2.531299531909363e-07,KRTAP5-10
ENSG00000204624,84.15346924235818,2.332027096051728,0.2996900389065011,7.781463489946979,7.169032119339037e-15,6.137790868925093e-14,DISP3
ENSG00000204677,91.32901080419872,2.7539299188806865,0.2631735560380022,10.46431092979197,1.2598986051826046e-25,3.0438004938843383e-24,FAM153CP
ENSG00000204687,7.272578218037488,-1.8850626412118947,0.3575234818735738,-5.2725561726278,1.3453663999106086e-07,4.885639802900304e-07,MAS1L
ENSG00000204709,6.290818205234262,1.588831647481798,0.3496327069110971,4.54428780853674,5.512130162334281e-06,1.6127365304858913e-05,LINC01556
ENSG00000204710,105.62794864338758,5.915391487562998,0.576984691205474,10.252250324361595,1.1561987268600399e-24,2.6038967090089457e-23,SPDYC
ENSG00000204767,563.1349127032196,-3.647224439783895,0.3444381631206582,-10.588909215922904,3.354781777853544e-26,8.605533373210225e-25,INSYN2B
ENSG00000204832,404.1703895543109,2.4288008144462627,0.3623605383472836,6.702718859851451,2.0457683448531284e-11,1.1969681586189318e-10,ST8SIA6-AS1
ENSG00000204839,581.924181431047,1.7835448456747418,0.2139608755808422,8.335845704654789,7.694620828844311e-17,8.140308460451337e-16,MROH6
ENSG00000204866,82.73791592022056,3.474416056711558,0.3177585937006982,10.934137189643293,7.915534535297738e-28,2.3556028026375967e-26,IGFL2
ENSG00000204872,13.423356033949348,1.7330862175058346,0.2752272802129167,6.296927456337588,3.0360327465094227e-10,1.546828417148925e-09,NAT8B
ENSG00000204936,73.82313722781267,3.2151297924295053,0.3975647731187108,8.087059039985627,6.112264251758141e-16,5.900233290609249e-15,CD177
ENSG00000204949,13.257100934575767,2.628777732622177,0.4437186668424349,5.924424481234772,3.133929863623639e-09,1.4068274683411861e-08,SACK1A-AS1
ENSG00000204950,149.2708804175248,1.5451471795148637,0.2826349481109312,5.466936024162196,4.578812174551683e-08,1.7635062831697242e-07,LRRC10B
ENSG00000204978,4.643164510012477,-2.497430812867625,0.2733892323624547,-9.135073796749149,6.536218155783927e-20,9.35883607165721e-19,ERICH4
ENSG00000204983,8.944409006561242,2.0678519675977576,0.5555056137448138,3.722468173917825,0.0001972847824447,0.0004534546872054,PRSS1
ENSG00000205002,1950.97763271292,1.763159096915213,0.3010614162091543,5.856476459574965,4.72790567846694e-09,2.0760755684940343e-08,AARD
ENSG00000205038,191.72438054093985,-2.995743145862364,0.2812446636702507,-10.65173328719497,1.7114825016091203e-26,4.489896098742584e-25,PKHD1L1
ENSG00000205057,4.952352254435151,2.262601391586857,0.4596418793870296,4.92253098130271,8.543203422307543e-07,2.783322679267169e-06,CLLU1-AS1
ENSG00000205089,65.63184384572372,1.7340399744397077,0.2639702854063843,6.56907262031459,5.062958946586716e-11,2.83080441837875e-10,CCNI2
ENSG00000205106,18.457686481095177,-2.2288126074706422,0.2732132946632694,-8.157775082715558,3.4125221876255854e-16,3.3901972761177546e-15,LINC02716
ENSG00000205221,586.0942848564853,-3.335597536934128,0.2713584672462139,-12.292218373667378,9.973106414906036e-35,5.269091510459801e-33,VIT
ENSG00000205231,7.631587838747122,-1.749587534564553,0.2812688666159756,-6.220338410057003,4.960837397451064e-10,2.472046762371311e-09,TTLL10-AS1
ENSG00000205358,11.306108459121058,1.738231296942256,0.3650201028008127,4.762015252323756,1.9166919194135077e-06,5.969305960203206e-06,MT1H
ENSG00000205364,234.6576739118941,-2.4127157083883435,0.2570857818137704,-9.384866371708112,6.299627143710925e-21,9.970970300423932e-20,MT1M
ENSG00000205436,44.17736323780019,1.7686726420720351,0.2873794862329581,6.154484668534406,7.532200979187072e-10,3.6694452982932445e-09,EXOC3L4
ENSG00000205502,177.90113858690336,-2.3417757715895475,0.332211133047975,-7.049058681761182,1.801321794833292e-12,1.176459245458214e-11,C2CD4B
ENSG00000205562,13.351391031389872,-1.9112676429505329,0.2064030962486602,-9.259878740617191,2.0466450938260732e-20,3.0833102816569103e-19,FLRT2-AS1
ENSG00000205592,144.09323078467483,4.202748321728923,0.497059007959855,8.455230172729026,2.785373529890448e-17,3.0945360182624857e-16,MUC19
ENSG00000205634,9.765877014188783,2.8618439661260906,0.4397893665395583,6.507305960224195,7.651048187105267e-11,4.2012381188572546e-10,LINC00898
ENSG00000205704,9.906865699514022,2.2127388496108304,0.2883397647965298,7.674067609690511,1.6662618327249724e-14,1.3671166472573677e-13,SMIM45
ENSG00000205726,4420.854315431373,-1.655689365287864,0.1473970221651919,-11.232854917735631,2.812417475408208e-29,9.602690480903844e-28,ITSN1
ENSG00000205835,2.9268249420894143,-3.696434678173293,0.4087354669771983,-9.043586810585005,1.5161350447013377e-19,2.089797137600521e-18,GMNC
ENSG00000205846,5.873238633583106,3.1554426469777432,0.4611036837905882,6.84323885907361,7.742239627188428e-12,4.7222863918414606e-11,CLEC6A
ENSG00000205847,36.18103584138662,2.3448744332054696,0.2920988577443164,8.027674094015163,9.933794698620993e-16,9.398611117564086e-15,OR7E91P
ENSG00000206069,5.42619479589307,-2.286006158852965,0.3375741340721776,-6.7718640977516005,1.2713353790154809e-11,7.588889869123179e-11,LHFPL7
ENSG00000206113,70.89629388962125,2.0330771376083128,0.2898110618971197,7.015181285005735,2.296509931660022e-12,1.4805859154261303e-11,CFAP99
ENSG00000206120,9.36892140006274,-3.4334697111372208,0.2677806943418717,-12.821946404970332,1.2355932412530995e-37,8.52880269774055e-36,EGFEM1P
ENSG00000206145,7.573765594797859,-1.7814458601078096,0.5576504311293563,-3.194556590766041,0.0014004582547872,0.0027976530196925,P2RX6P
ENSG00000206172,21.567514186973018,-4.189793155698038,0.4152449050697106,-10.089932722942532,6.121145638974188e-24,1.286941814523252e-22,HBA1
ENSG00000206384,594.9518792998174,-3.28638072441656,0.2735673890179629,-12.013057317298776,3.0341650061629825e-33,1.4170990340734842e-31,COL6A6
ENSG00000206538,1644.6608730150222,-1.675879555016498,0.2206911460599205,-7.593777933263687,3.1071070240255967e-14,2.4840965452310543e-13,VGLL3
ENSG00000207422,22.42919949905101,3.0072479447462444,0.5479096473509331,5.488583673030527,4.0516933220040287e-08,1.5723386394897354e-07,RNU6-813P
ENSG00000207445,22.151603561119373,3.060901241424959,0.438762644029298,6.976212043294574,3.0324493754950976e-12,1.9311608472030248e-11,SNORD15B
ENSG00000207563,3.310041869581504,-2.191112548289994,0.3086208315282342,-7.09969102681761,1.2503610820360697e-12,8.315401840617756e-12,MIR23B
ENSG00000207744,3.847260479403528,-1.6344568486517417,0.3256758615484811,-5.0186613182826605,5.203278955907774e-07,1.746364463920802e-06,MIR10B
ENSG00000207751,5.94935139834192,2.053922822666359,0.260133619222115,7.895645433328698,2.8881667404906107e-15,2.590382420807897e-14,LOC107985532
ENSG00000207864,6.678130946366951,-2.0764344533400774,0.3431352488864085,-6.05135864088233,1.4362928668702627e-09,6.7532701587185484e-09,MIR27B
ENSG00000207870,3.8619549335539447,-2.189396215265204,0.2866447907516657,-7.638011524730565,2.20602119892722e-14,1.7868032112615326e-13,MIR221
ENSG00000210112,3.853236691896997,1.5444501260934729,0.4849149592576342,3.184991711655796,0.0014475815418116,0.0028833367916087,MT-TM
ENSG00000211445,21395.91387878273,-3.9951275899110192,0.2630943846624042,-15.185149599591274,4.435501420302706e-52,1.0619229751760755e-49,GPX3
ENSG00000211452,525.9811396340295,3.3408862941621598,0.4099331819657869,8.149831341150106,3.644321807598197e-16,3.611031023002315e-15,DIO1
ENSG00000211454,103.19000608900532,1.6914340905966745,0.2289400879103736,7.388107980716962,1.4893277734961838e-13,1.1021689106282677e-12,AKR7L
ENSG00000211689,83.1579808213265,1.53713314097587,0.3273701920241899,4.695397377114557,2.660889316213629e-06,8.137518852448302e-06,TARP
ENSG00000211807,8.017244976720308,1.5154261081864848,0.3155176078013635,4.802984273196356,1.563181674217588e-06,4.924318752054576e-06,TRAV26-1
ENSG00000211818,3.843173149692617,1.6628445560176306,0.3431521020046014,4.845794463457295,1.2610601877787498e-06,4.026030092530067e-06,TRAV39
ENSG00000211821,4.033271814386898,1.7853166837082572,0.3893132340233229,4.585810416096214,4.522288227427389e-06,1.3400960040575695e-05,TRDV2
ENSG00000211890,13161.914377038524,-1.7843710892377227,0.3586090373166368,-4.975811827246835,6.49747440320006e-07,2.152010403616813e-06,IGHA2
ENSG00000211891,40.77696232162487,2.857193027826966,0.3976258246525412,7.18563244810288,6.689678765008789e-13,4.5819127108275415e-12,IGHE
ENSG00000211892,7072.078624307557,2.7236895106060564,0.4007516746752603,6.796451974438121,1.0722702735034649e-11,6.445506111367244e-11,IGHG4
ENSG00000211893,17388.276837864738,2.5521086333036678,0.3694999000739182,6.906926450570404,4.9526653859120676e-12,3.0888777899698006e-11,IGHG2
ENSG00000211896,110195.62012515625,3.888124423944442,0.3990878277848148,9.742528218728058,1.9855193537713013e-22,3.654098118176755e-21,IGHG1
ENSG00000211897,10735.712285292033,3.355016807349879,0.3593277645220236,9.336926167708496,9.91713760522838e-21,1.5403152066565994e-19,IGHG3
ENSG00000212206,4.023880845466923,-1.5599783261752578,0.272147239377999,-5.732111520736484,9.91880188324233e-09,4.173403420632757e-08,LOC124900396
ENSG00000212232,32.333191892790126,1.6025208142903271,0.3120077830318583,5.136156536603761,2.804141157952761e-07,9.761599590332016e-07,SNORD17
ENSG00000212901,4.177868800751754,2.933613086922671,0.5684619593264452,5.160614600137233,2.4614043232822456e-07,8.63750427719869e-07,KRTAP3-1
ENSG00000213013,11.89667352334886,1.550838457070632,0.2529554390019952,6.130876106832396,8.739644635915221e-10,4.219001929145268e-09,RPS15AP36
ENSG00000213025,39.66522537552605,1.555134783273984,0.3890874614222922,3.99687714836468,6.418358853681834e-05,0.0001593050215154,COX20P1
ENSG00000213047,3602.9750821686334,1.5907865866076367,0.2215201819831286,7.1812264343877885,6.908881466375206e-13,4.725959458659488e-12,DENND1B
ENSG00000213085,215.2248883446784,2.5143684169765663,0.2334115723150735,10.772252601008637,4.654712224379566e-27,1.2912210580677135e-25,CFAP45
ENSG00000213088,2701.721184092193,-2.6629979632025207,0.3280680930305794,-8.117211090547293,4.770186493951006e-16,4.6657234478008094e-15,ACKR1
ENSG00000213145,125.64005761050362,1.539311905190492,0.2294796896799955,6.707835047785839,1.9753303569089127e-11,1.1570289670455003e-10,CRIP1
ENSG00000213186,626.0663173985332,2.195972303423763,0.143766060416509,15.274622515646218,1.1287977281290611e-52,2.829981096700924e-50,TRIM59
ENSG00000213190,377.070035342782,1.6337624419165506,0.1986800353984247,8.22308310263923,1.9833730273273514e-16,2.0217927963645708e-15,MLLT11
ENSG00000213203,489.7652475506501,-1.5042984605387508,0.1719525639921423,-8.748333991736768,2.1652560598276727e-18,2.6776025960875013e-17,GIMAP1
ENSG00000213347,404.8154271063367,1.7915443041558894,0.1731037874630731,10.349538449804664,4.205080880488957e-25,9.794042453899564e-24,MXD3
ENSG00000213352,4.662267165446751,1.6050754972114891,0.3494739101422256,4.592833543878197,4.372678364886013e-06,1.2988032585989247e-05,GAPDHP44
ENSG00000213373,7.025776349628195,-2.8703206786169804,0.255872860912394,-11.217761306853578,3.3360881975722344e-29,1.1308232633990068e-27,LINC00671
ENSG00000213420,133.48867053819112,1.9755445621459853,0.2781451707151339,7.102566465801651,1.224611010436917e-12,8.164585449664092e-12,GPC2
ENSG00000213538,19.80150186612456,1.8116673557345264,0.3192652932527491,5.674488878126518,1.3910335367679909e-08,5.7312738355983504e-08,KRT8P41
ENSG00000213777,6.365693293514004,-2.248056817039454,0.2336360718320753,-9.622045086664668,6.453510308657822e-22,1.1297894364465188e-20,VN1R103P
ENSG00000213791,9.470113875886378,-3.5332208168753456,0.3120326678318254,-11.323240099910397,1.00680613699061e-29,3.591392361144356e-28,RPS5P5
ENSG00000213904,99.31109313994396,-2.026681555438414,0.1996024714893423,-10.153589483718529,3.193951325895981e-24,6.906367492732766e-23,LIPE-AS1
ENSG00000213937,63.34696950142181,2.590436882850791,0.3205367823148282,8.08155889050664,6.394403517944054e-16,6.161394977859435e-15,CLDN9
ENSG00000213994,6.225618195179743,-1.848499498044406,0.2462422514088101,-7.506833159089082,6.057484825586915e-14,4.682305388015482e-13,PFKFB3-AS1
ENSG00000214121,20.131117339810658,2.12329188214008,0.2762877741651144,7.685073610499909,1.5290904903712854e-14,1.2607998691162553e-13,PRDX1P1
ENSG00000214140,58.96850585281412,-2.049016679220204,0.1561939684362642,-13.118411035547227,2.5829388184014777e-39,2.009699665033884e-37,PRCD
ENSG00000214145,27.479726911726964,2.064853954206643,0.2838594439999859,7.274212635344785,3.484467666404111e-13,2.477253296808166e-12,LINC00887
ENSG00000214207,12.234901421510967,2.21793376808865,0.2725380983952782,8.138068699928509,4.0163293905526007e-16,3.961913643427445e-15,KRT18P10
ENSG00000214313,359.6265967322328,1.5915864821759915,0.337051501739802,4.722086903516215,2.334368908150544e-06,7.19172892813595e-06,AZGP1P1
ENSG00000214338,6.314917833112145,-1.5416293259732168,0.24907595527285,-6.189394412979126,6.03957920345627e-10,2.978875600071462e-09,MTCL3
ENSG00000214530,11737.501970892064,2.190359616866043,0.2316350383014472,9.456080707511676,3.1970215545454736e-21,5.231579298771304e-20,STARD10
ENSG00000214548,1512.888422530166,-1.884841082685028,0.2168258058105137,-8.692881715067669,3.533602120190972e-18,4.284008957302696e-17,MEG3
ENSG00000214725,28.294274831094977,2.88725304611302,0.3099008193087523,9.31670026737318,1.2001466973269539e-20,1.8489216510993504e-19,CDIPTOSP
ENSG00000214796,188.07009941333908,2.4269335453295127,0.2262875468786651,10.724998254680049,7.768854067757458e-27,2.1088590076675634e-25,TUBA5P
ENSG00000214866,3.6797399632605496,-2.403167066917744,0.3122832505886737,-7.695472179143844,1.4097260366854216e-14,1.1681780300877794e-13,DCDC2C
ENSG00000214894,30.84665604562693,1.5282709080718762,0.2534807796242465,6.029139212595709,1.6483525623706382e-09,7.690479168714838e-09,LINC00243
ENSG00000214942,9.045174548321214,-3.197963988293607,0.3791755437510458,-8.43399328094136,3.340659018149365e-17,3.6806804895240208e-16,LOC102724637
ENSG00000214988,10.722329595611546,1.863304234374172,0.3887534889740631,4.793022537988046,1.6428716011037016e-06,5.157627028863658e-06,RPL7AP26
ENSG00000215023,5.503597046508675,3.221596527367556,0.4115521997698219,7.827917161345199,4.960185687405511e-15,4.3218667096000476e-14,GAL3ST2-AS1
ENSG00000215089,11.965945938530105,2.036642894570423,0.27996823950345,7.274549778155554,3.475776949234419e-13,2.4723975488732512e-12,KRT18P11
ENSG00000215110,3.4786598205935864,-2.496599471684598,0.8496054365184051,-2.938539896725948,0.0032976221247634,0.0061875526347234,UGT2B25P
ENSG00000215160,6.189467342815263,1.5666628353271157,0.3586986736418156,4.367629295701082,1.2560244221138231e-05,3.4820414164067234e-05,OR7E122P
ENSG00000215182,14.523837192484,3.269115391585972,0.502376921705136,6.5072961164102585,7.651549386742847e-11,4.2012381188572546e-10,MUC5AC
ENSG00000215187,79.2769271738556,-1.583076731910993,0.2541512346789638,-6.228876809946203,4.697910008073088e-10,2.348513138911632e-09,CIMIP2B
ENSG00000215217,156.73029533650325,1.561869573031343,0.2436561167702632,6.410138984953075,1.4538703543533828e-10,7.733507739579893e-10,CFAP90
ENSG00000215262,3.949222705222239,-2.2187299180580733,0.3486821447858507,-6.363187651666951,1.9760901917883718e-10,1.032329405283585e-09,KCNU1
ENSG00000215386,548.8648687496183,-1.8716423175780093,0.2094833815728258,-8.93456227183989,4.0879336028264647e-19,5.402130059428806e-18,MIR99AHG
ENSG00000215483,127.436314417218,-3.450195812535972,0.2653848760342862,-13.000725075569964,1.2118878687503154e-38,8.971008387754774e-37,LINC00598
ENSG00000215784,31.416342183663136,3.0603286288644598,0.2537682613402181,12.059540514255191,1.7274394971428415e-33,8.241778211233574e-32,FAM72D
ENSG00000215834,5.394858931925406,3.2952499429230184,0.5994728089950795,5.496913110115835,3.8649701519499705e-08,1.5042703835394037e-07,FMO9P
ENSG00000215910,12.253135254172898,1.5443755888261297,0.4146926026455822,3.724145497107005,0.000195977882705,0.0004506846861272,C1orf167
ENSG00000216331,4.76483180819698,3.668337951139685,0.5046838994566134,7.268585257206218,3.632718494197811e-13,2.578590365458552e-12,H1-12P
ENSG00000217159,3.491964421996092,2.7149840778057834,0.4250037345381356,6.38814169658118,1.6791371609780516e-10,8.84346254412443e-10,LARP1P1
ENSG00000217275,55.94719274808247,3.1131818980687536,0.3714881941869211,8.380298342677074,5.27937115304488e-17,5.693964626305507e-16,RPS10P1
ENSG00000217442,50.16060818167374,2.089686245798699,0.2723576552676062,7.6725812745944975,1.6856907920706654e-14,1.3822040357691433e-13,SYCE3
ENSG00000217801,178.82401508316178,1.5812880540434942,0.2271146980347086,6.962508669526247,3.342660192830174e-12,2.1221021171634465e-11,PTPN11BP
ENSG00000218014,29.984528987879692,1.840704253980561,0.2797472502186316,6.579883278716735,4.7081772519771936e-11,2.64579848744542e-10,KRT19P1
ENSG00000218281,8.219166203944221,2.935088521117525,0.5158164567111065,5.690180068763066,1.2690547352802496e-08,5.2588694199395967e-08,H2AC9P
ENSG00000218357,58.92303371257914,4.019450138434066,0.5072329688139534,7.924268305809494,2.294936227604978e-15,2.0822099777604063e-14,LINC01644
ENSG00000218358,12.85044457366375,2.9830835634337936,0.3716691958612168,8.026179184749257,1.0055532056269126e-15,9.507993794953914e-15,RAET1K
ENSG00000218416,440.5974400533496,3.317132363983133,0.3487114523111164,9.51254208027451,1.8605921088341626e-21,3.1215426320876184e-20,GPC1-AS1
ENSG00000218502,6.526452344546041,1.5033696986802354,0.2689996678627866,5.588741839811808,2.2872068168053682e-08,9.188589744006448e-08,H2AZP3
ENSG00000218549,18.84634509431441,2.024489170169541,0.6056794210829961,3.34250941950383,0.000830245373984,0.0017272405521861,OR4K12P
ENSG00000219438,385.5857705544384,1.62390349957645,0.2837288722604839,5.723434089166601,1.0439207846167485e-08,4.376430801575972e-08,TAFA5
ENSG00000220323,143.8930040308214,1.82180827692123,0.1970219255411493,9.246728616205376,2.3146852748053342e-20,3.473334905587338e-19,H2BC19P
ENSG00000220884,3.4077215160217005,-1.9240834247385796,0.2721922497761133,-7.068839859772637,1.56234314911778e-12,1.0289781707014869e-11,MESTP1
ENSG00000221340,4.127446213383947,-1.895427291809614,0.2779476230092991,-6.819368596457469,9.144150946404586e-12,5.5341792621430615e-11,RNU6ATAC18P
ENSG00000221818,502.2618156008566,-2.3474778919384742,0.2121507767513739,-11.06513927445836,1.851749888860521e-28,5.9075934329493815e-27,EBF2
ENSG00000221866,2126.6725261034426,-3.393148210404644,0.2422043880382011,-14.009441521222428,1.3647394552932798e-44,1.5906996063341626e-42,PLXNA4
ENSG00000221867,21.484242777132497,6.227258331059944,1.2229101024627715,5.09216361735757,3.540004048743173e-07,1.2151331386637794e-06,MAGEA3
ENSG00000221955,1118.1099597367513,1.579492541949829,0.1599461550153025,9.87515168338191,5.335218056071345e-23,1.0296544650696878e-21,SLC12A8
ENSG00000223403,12.301388216069,-1.8770963103350955,0.2340599232966835,-8.019725392953218,1.0598182967814925e-15,9.983931668545963e-15,MEG9
ENSG00000223485,39.54994498662883,1.843959238562624,0.2150038858656644,8.57639958988806,9.788904987714654e-18,1.145487230508661e-16,LINC01615
ENSG00000223486,12.25823972692624,3.105106623681583,0.3810858542348269,8.148050076317453,3.6983921122067183e-16,3.661876690830608e-15,LINC03053
ENSG00000223511,18.092062316464293,2.1246641146180067,0.2766518182429095,7.67992102170997,1.5918669961632273e-14,1.31093478224474e-13,LINC02968
ENSG00000223561,14.102817224591346,-1.8122493617754267,0.281942991709186,-6.427715584591286,1.29535812827443e-10,6.929175172885058e-10,LINC03007
ENSG00000223573,608.9150860845114,2.076926106402646,0.2781804560210917,7.466110797680096,8.259980346028182e-14,6.282454999876901e-13,TINCR
ENSG00000223656,11.935498798899564,-2.686956977119678,0.2356997544356457,-11.399914198270034,4.185313651275697e-30,1.546936165266365e-28,HMGB3P10
ENSG00000223715,36.589486763215376,2.3950109094704213,0.395509404565156,6.055509380626797,1.3997401695942992e-09,6.5942377250431675e-09,LINC01208
ENSG00000223756,116.57241369235057,-1.6832791134051486,0.2200194866622265,-7.650591040553217,2.000576410006172e-14,1.627841950272934e-13,TSSC2
ENSG00000223764,217.138089204638,2.134541483023448,0.3097291999961976,6.891637866399594,5.515363249922623e-12,3.420554921043027e-11,LINC02593
ENSG00000223776,19.31643617122855,2.366101348047624,0.2387221491210431,9.91152834690635,3.709279773928378e-23,7.2855957126494195e-22,LGALS8-AS1
ENSG00000223783,9.052246348178864,2.550504262489391,0.5250318802404816,4.857808370267303,1.186921971439182e-06,3.801669445702816e-06,LOC107984010
ENSG00000223813,70.29323837475243,1.9311721323554665,0.2525149853940703,7.647752585224651,2.0452224025025995e-14,1.6606106124811054e-13,PRR15-DT
ENSG00000223940,14.26736832997829,1.6996788889644612,0.2849505012024486,5.964821545468669,2.4490154808844583e-09,1.1173562117944544e-08,KRT8P8
ENSG00000223979,3.565017853364345,4.002296205355112,0.5197609454821002,7.700263438690673,1.3578599780282471e-14,1.1280127826227153e-13,SMCR2
ENSG00000224090,8.25376193034212,1.540428213147795,0.3719516481125273,4.141474358198747,3.450804562117296e-05,8.932027976844953e-05,CFAP65-AS1
ENSG00000224126,6.156403131910387,2.349684651715518,0.3265346866342006,7.195819457758693,6.208673806300046e-13,4.268965236802683e-12,UBE2SP2
ENSG00000224137,20.702659884998106,1.81221796317602,0.2965282297426946,6.1114517317576444,9.872886475499396e-10,4.739377855606873e-09,LINC01857
ENSG00000224209,16.9303989857341,3.8577846010343975,0.3890157377378858,9.916782861966698,3.519165610499247e-23,6.922414959216689e-22,LINC00466
ENSG00000224222,4.0413027542846365,-1.72153725280242,0.2687057952861332,-6.406773813602453,1.4863106277158662e-10,7.895003983919476e-10,LINC02636
ENSG00000224223,10.17991616416984,3.6591719231831568,0.895555903571226,4.085922395901142,4.3902051547583145e-05,0.0001118061351103,VSTM2A-OT1
ENSG00000224237,26.26397846189184,1.7704791660867274,0.4743905588381029,3.7321129881316746,0.0001898802911865,0.0004377228260134,MICOS10P3
ENSG00000224271,146.3785023958757,2.864213971040938,0.3409927900348754,8.399632058930035,4.478797755100519e-17,4.862093559713901e-16,EPIC1
ENSG00000224272,70.31888956397715,4.039932721233607,0.3899920767967336,10.35901230203517,3.8087460173969703e-25,8.90214823327392e-24,LOC124905349
ENSG00000224318,11.293003361828529,-2.9195784368941147,0.3398556530280639,-8.590642559219186,8.648429061864884e-18,1.0174059420941093e-16,CHL1-AS2
ENSG00000224367,10.73210613473978,2.0912739581247832,0.2213246120134318,9.448899239447742,3.4241250691483524e-21,5.57232845760058e-20,OACYLP
ENSG00000224468,15.581401661427142,-1.7315422989364315,0.2335320395364175,-7.414581324145935,1.2200962336563832e-13,9.113000958240128e-13,LAMC1-AS1
ENSG00000224520,68.42425608205674,1.7633231434667769,0.2412098735611276,7.3103273818512,2.664922955218592e-13,1.918840584101263e-12,KRT8P45
ENSG00000224535,6.245968828550377,1.731266589200257,0.3614008784808754,4.790432708624065,1.6642202942216336e-06,5.219100108442284e-06,LINC02771
ENSG00000224559,411.5197618489117,1.651712977322209,0.4361899520509813,3.78668277330964,0.0001526718073513,0.0003576247933328,LINC01087
ENSG00000224577,98.46684698196285,1.510745338767585,0.2502367655368172,6.037263691155368,1.5674946447699946e-09,7.328671742569073e-09,LINC01117
ENSG00000224609,29.837856635401096,-1.6701800385458916,0.2192423209978065,-7.617963680299668,2.5770878212614533e-14,2.0728241177367775e-13,HSD52
ENSG00000224613,7.415610868069818,-2.6223971735065974,0.2471286285236186,-10.61146654344812,2.635790391772261e-26,6.833768747448569e-25,RNPC3-DT
ENSG00000224679,4.823121692034548,3.62662668680821,0.6606260347675936,5.489681750256856,4.026585923443468e-08,1.5628234396890632e-07,MED15P4
ENSG00000224715,18.78030541087765,4.719957854356726,0.5509697248295802,8.566637406105482,1.0655073534893166e-17,1.2413791284076542e-16,LOC339685
ENSG00000224743,9.384587263463304,-2.13134427873749,0.2791516619903497,-7.6350764438979795,2.256864760806617e-14,1.8257589351122025e-13,TEX26-AS1
ENSG00000224786,27.43224521248207,-1.7106493042111897,0.2259797498085302,-7.569922993810733,3.7344553414499487e-14,2.966910334799175e-13,CETN4P
ENSG00000224854,5.376952015177093,2.584342533469489,0.4717107433127287,5.47865947533901,4.285602259985595e-08,1.6573032604644529e-07,CDKN2A-AS1
ENSG00000224875,6.638154224970999,2.100946331262418,0.3294181808067484,6.377748569059484,1.7971022736439643e-10,9.43833852215185e-10,EML4-AS1
ENSG00000224885,10.527863045192706,2.240265043345406,0.3036210841761387,7.378489703454745,1.6009516969027578e-13,1.1795201370998276e-12,EIPR1-IT1
ENSG00000224920,8.908686391914609,2.8430648100427605,0.4875890384410575,5.830862849445386,5.5141493565912235e-09,2.397162099646847e-08,TACC1P1
ENSG00000224940,221.61754799582056,-3.53818097508967,0.3060728071334407,-11.559932449494292,6.576049889631783e-31,2.604448968956254e-29,PRRT4
ENSG00000224957,23.314158405304035,-2.152275502446613,0.3085412343394072,-6.975649485083175,3.0446095316128312e-12,1.9384403043270478e-11,LINC01266
ENSG00000224958,20.776898005064314,-3.5318279247936744,0.3856572413463032,-9.157945310359798,5.289481016971613e-20,7.652039086881908e-19,PGM5-AS1
ENSG00000225039,10.24947355751566,-2.1518947983563503,0.1797822119211116,-11.96945334781286,5.136592953558336e-33,2.3616774695642347e-31,LINC01058
ENSG00000225077,19.43122891391448,2.8307946307819924,0.2648265987373489,10.68923833285165,1.143058136067747e-26,3.0529417051256663e-25,ICMT-DT
ENSG00000225194,38.51469663987168,-1.9420447391021656,0.3358412015710308,-5.782628009956725,7.354256712501982e-09,3.145145995087547e-08,LINC00092
ENSG00000225231,3.443804633282721,2.0709710757849016,0.4877456453632423,4.2460062851869695,2.1761452831862726e-05,5.808080837669499e-05,LINC02470
ENSG00000225386,2.7917636132186208,-3.974002688393535,0.4317101132357378,-9.205257339485833,3.4085350331022105e-20,5.0295290674453785e-19,LRRC3B-AS1
ENSG00000225398,8.422584370325866,-3.3777110667816337,0.2763973815969688,-12.220488657547676,2.416279107640024e-34,1.2277747090924212e-32,PGM5P4
ENSG00000225438,28.21438984693928,1.9264145983169476,0.5023817349175462,3.8345633696916175,0.0001257875407432,0.000298838181231,KRT41P
ENSG00000225670,80.9099401900039,-2.828116305748985,0.3409075803327302,-8.295844589283426,1.078164122063964e-16,1.1240569456198448e-15,CADM3-AS1
ENSG00000225731,25.86589684892996,-2.74980780067677,0.3080370644768826,-8.92687315192596,4.382194367189796e-19,5.762336234936607e-18,PDE9A-AS1
ENSG00000225764,9.032291026125618,-1.50466427911258,0.4432084211646553,-3.394936123187031,0.0006864461405691,0.0014478020782241,P3H2-AS1
ENSG00000225768,26.150076578661423,2.4973287933699098,0.44066213231993,5.667218964839022,1.4513382504229044e-08,5.970482044115898e-08,LINC02620
ENSG00000225783,292.1429699663138,1.873300159433665,0.2231533369770849,8.394676883662418,4.671772104395173e-17,5.059182708814251e-16,MIAT
ENSG00000225914,40.621917722800525,-2.069567159844941,0.2588575124351499,-7.995005207211895,1.295683909526115e-15,1.2124225315372011e-14,HCG23
ENSG00000225938,18.234242783941895,-2.177060337364667,0.1980509575828961,-10.992425201748585,4.156060738101162e-28,1.2709702429808787e-26,S1PR1-DT
ENSG00000225950,44.71377307714842,-2.6714551036368848,0.3189895730593288,-8.374741149109665,5.534538330714492e-17,5.957082063132346e-16,NTF4
ENSG00000225972,522.33743041313,3.530064643104879,0.4584543952223053,7.699925401289139,1.3614568855488431e-14,1.1303549340245495e-13,MTND1P23
ENSG00000226004,5.226913582658515,3.715791553374233,0.4972657132786,7.472446730491569,7.871723919082442e-14,6.004335911297817e-13,SIMALR
ENSG00000226005,30.45288331623988,-4.288276992475231,0.3538403762939671,-12.119241555725038,8.352853155824302e-34,4.095517944945219e-32,LINC02660
ENSG00000226009,15.857449628774818,-2.826220610422006,0.2842564978578863,-9.94250133847414,2.719120918322579e-23,5.400645620659382e-22,KCNIP2-AS1
ENSG00000226031,20.798723889223385,-2.7939388507343934,0.2890476287263209,-9.666015469650436,4.2042937343906523e-22,7.523845521308523e-21,FGF13-AS1
ENSG00000226080,25.726931525757248,3.700538214534737,0.4513181598053345,8.199400210554074,2.4158936948408577e-16,2.4448733792991547e-15,RPL6P4
ENSG00000226087,22.155641358322345,1.800361694086345,0.3515847040269411,5.120705404602549,3.043948562206044e-07,1.05549234134428e-06,LOC105374588
ENSG00000226145,11.155392868666114,-1.508253543662636,0.3787314352263026,-3.982382774119112,6.822777932369441e-05,0.0001687439027945,KRT16P6
ENSG00000226191,3.4543345265067,-2.578970216665905,0.3887391886859903,-6.634191488085616,3.262860223596917e-11,1.8655445447953538e-10,CLK3P2
ENSG00000226197,64.11308691291285,-1.7539923881697264,0.3029210192306985,-5.790263061388689,7.027627020919726e-09,3.0117592014343134e-08,LOC105375977
ENSG00000226237,135.57088322636363,-1.80500504096992,0.2042717251323819,-8.836294106784258,9.894608386820858e-19,1.260542751101459e-17,GAS1RR
ENSG00000226320,7.029083035616405,2.516979973467058,0.4713784173438459,5.339616496762628,9.31434018544932e-08,3.447168669217697e-07,LINC01811
ENSG00000226363,46.81797838307502,2.1918556078333133,0.270325343580201,8.108213528203754,5.13694072121955e-16,5.0023524978530425e-15,HAGLROS
ENSG00000226409,13.884475883606106,-3.222231483776765,0.264725460761122,-12.17197422005578,4.3835029383707165e-34,2.1855833130807087e-32,LOC102723341
ENSG00000226413,5.588763863523121,-1.850950802512532,0.1851422229497093,-9.997453703552598,1.5636591704224586e-23,3.181794981162085e-22,OR8T1P
ENSG00000226416,4.360034020863843,-1.84016793934692,0.3135165242606481,-5.869444820130311,4.372568479514813e-09,1.92704821464521e-08,MRPL23-AS1
ENSG00000226482,16.079417432190212,-4.955025153089217,0.4857625373551171,-10.200509038980998,1.972360123675457e-24,4.328279957611501e-23,ADIPOQ-AS1
ENSG00000226491,36.27380047687264,-1.5440823624873596,0.2514216231390174,-6.141406388238921,8.17940239708644e-10,3.9651152627247756e-09,FTOP1
ENSG00000226549,5.993338543338678,-2.1928545195085927,0.3767380714371706,-5.82063424368912,5.86247342955022e-09,2.5394495744139707e-08,SCDP1
ENSG00000226690,5.759810964539595,2.258860969424252,0.4637819544686345,4.870523632193235,1.113028875023195e-06,3.574902387447596e-06,C7orf78
ENSG00000226745,97.70193563758455,1.9111941041040623,0.5890200216925879,3.24470142561898,0.001175738311503,0.0023845871653967,OAZ1P1
ENSG00000226762,4.866602335253506,-1.5633036394688995,0.3454297807721257,-4.525677073860013,6.020244873392621e-06,1.7504158370941893e-05,LOC124902537
ENSG00000226806,8.52076157570929,5.100069350089297,0.4235436124425771,12.04142666838294,2.152013670653248e-33,1.0176114465766916e-31,LCT-AS1
ENSG00000226808,33.55131771957884,-1.5059512428435249,0.2121079032924675,-7.099929891660026,1.2482019243137654e-12,8.305199333660069e-12,LINC00840
ENSG00000226833,114.70395849277108,-1.7547172227426826,0.1745183502943737,-10.054628752694851,8.765117458988021e-24,1.81978903494224e-22,PPP1CB-DT
ENSG00000226835,21.556153318747352,2.278026218453548,0.3066632138957113,7.428430001481198,1.0989421033185269e-13,8.259087462323843e-13,ARHGAP29-AS1
ENSG00000226876,4.09998334220123,2.1777456178906136,0.3699064967345469,5.8872867525044095,3.92587224856162e-09,1.739704102143156e-08,SMYD3-AS1
ENSG00000226913,5.41059884342928,1.612831196897235,0.3281077792457887,4.915553055781246,8.853216920563636e-07,2.877972350629708e-06,BSN-DT
ENSG00000226915,5.277889733840071,2.0627873705995445,0.3442018248399031,5.9929588448840985,2.060570126462173e-09,9.496991174251169e-09,RPL19P4
ENSG00000226979,40.60699647628905,2.007159816679081,0.2429856576787821,8.26040448581731,1.4517965372851455e-16,1.5012254077180056e-15,LTA
ENSG00000227036,356.49193528297,3.2268108396085378,0.3078939882421902,10.480265814967192,1.064441394507927e-25,2.6095507434546277e-24,LINC00511
ENSG00000227066,22.883141001520386,2.7307422584747503,0.3924968290952964,6.957361323833112,3.4670494399921614e-12,2.1973965864009463e-11,LOC117779438
ENSG00000227117,4.658718139697743,-1.988350124877483,0.3042236858912514,-6.5358162992879,6.32635281424415e-11,3.5054801092272367e-10,HORMAD2-AS1
ENSG00000227145,3.484267672911954,2.1890855700693628,0.4476103029086549,4.8906058592581045,1.0052607731884738e-06,3.246816364545903e-06,IL21-AS1
ENSG00000227158,4.7229240763042135,-1.8744010588605164,0.2452543804525127,-7.642681265884448,2.127441828497281e-14,1.725786526016949e-13,LOC644909
ENSG00000227170,7.010314314162845,1.941240905099356,0.3951976493975797,4.912076041085999,9.01170879533633e-07,2.925915225852937e-06,TRPS1-AS1
ENSG00000227188,4.389685635777839,-2.082915164351013,0.3344282746641652,-6.228286667575247,4.715636379166034e-10,2.3560450606568412e-09,MGAT3-AS1
ENSG00000227260,4.306301813394891,-3.2826590901277912,0.302135513816218,-10.864856794440117,1.6948888078948744e-27,4.906500007604171e-26,LINC01985
ENSG00000227392,40.76535587464617,1.588032478586817,0.2523686309615575,6.292511365363459,3.12370448898257e-10,1.5893633313174767e-09,HPN-AS1
ENSG00000227440,14.154288860466869,2.91655526974212,0.2859895782568079,10.198117314342005,2.021530705254292e-24,4.4252206336188473e-23,ATP5MC1P4
ENSG00000227467,60.10700302997398,-3.706364939876303,0.2164185528633448,-17.12591129937297,9.510841327213513e-66,1.0531275344612464e-62,LINC01537
ENSG00000227507,317.278891310324,1.8737331770176169,0.2705310484276708,6.926129876432938,4.325094195444552e-12,2.7095562999514135e-11,LTB
ENSG00000227508,6.4932953321916695,-1.6797321211481615,0.2108571678239139,-7.96620830339,1.6361705539922669e-15,1.5139704899841397e-14,LINC01624
ENSG00000227591,119.52516399272548,-4.406923959267489,0.3257990213473775,-13.526510733648532,1.0907951078522775e-41,1.020699999689235e-39,HSD11B1-AS1
ENSG00000227617,6.926434070393448,1.5781652016802152,0.2825184816712631,5.586060042318079,2.322789570908848e-08,9.324491366601609e-08,CERS6-AS1
ENSG00000227619,26.487178897648413,1.541590973124224,0.2532929033001013,6.08619883557396,1.1562283666837846e-09,5.495755472119759e-09,LOC105376292
ENSG00000227863,6.347896783944845,2.593427271317365,0.6131921929239559,4.229387296910652,2.343286342403316e-05,6.221062392544267e-05,LOC105375387
ENSG00000227874,7.271192153683229,2.234959083603244,0.8105859712163094,2.7572141178925387,0.0058296164306246,0.010462757928267,GRAMD4P1
ENSG00000227964,5.454886822932254,3.713722828809024,0.4024631669834576,9.227484981157714,2.770606759207279e-20,4.12949380964293e-19,LINC01429
ENSG00000228035,21.33516274390795,-4.979509086629481,0.396874990070252,-12.546794862906436,4.139278888379007e-36,2.44991840665194e-34,NGF-AS1
ENSG00000228044,12.749365596168628,2.115324712544303,0.4069403306964431,5.198120100124035,2.01314051192749e-07,7.136082313521815e-07,LOC101927787
ENSG00000228063,33.03440981544525,-1.5085595556524467,0.1635873148263352,-9.221739211588243,2.9231969557860715e-20,4.339885983241053e-19,LYPLAL1-DT
ENSG00000228067,5.763583840181672,1.663251427675676,0.3732631450654584,4.455975495207262,8.351257171876636e-06,2.3761740828974475e-05,LINC01740
ENSG00000228127,6.249772320488515,2.6123863148578166,0.4274135488928363,6.112081195425112,9.834012369203051e-10,4.721569624418628e-09,LINC01649
ENSG00000228133,8.699817029619552,1.624638194466065,0.3510580572913975,4.627833376054736,3.695111165428837e-06,1.1085750645887482e-05,RTN4RL1-AS1
ENSG00000228168,56.36079440707153,3.1737157749433647,0.255047522030536,12.44362521022018,1.5146997372114073e-35,8.582760238036917e-34,HNRNPA1P21
ENSG00000228184,5.564034376962973,3.110423478288035,0.6487682688017216,4.794352048124986,1.6320145748802817e-06,5.125358937301286e-06,SNX19P1
ENSG00000228221,211.90424734803207,2.166467042600309,0.3145986151022343,6.886448123416812,5.720260653102803e-12,3.5410185617565104e-11,LINC00578
ENSG00000228278,39.05051674986084,2.7749922454766143,0.421880398314396,6.577675228723519,4.778605525476408e-11,2.6827660459490867e-10,ORM2
ENSG00000228288,267.8229891169572,1.5958424419504726,0.1677227075864293,9.51476675350067,1.8212099096590265e-21,3.059333334335564e-20,PCAT6
ENSG00000228290,5.0540261546502165,-1.7837717629335288,0.2570457833758011,-6.939509917288365,3.934625011658835e-12,2.4777881441903683e-11,TBX18-AS1
ENSG00000228307,31.5860187300865,-1.8039593961693583,0.3436376840960339,-5.249597118298641,1.5243221945842328e-07,5.495707817267125e-07,OR2S1P
ENSG00000228401,17.85290476043561,-1.6893517201981436,0.2169111839548408,-7.788218612784177,6.796052259313203e-15,5.837268545289216e-14,LNCEGFL7OS
ENSG00000228436,43.57936301149181,-1.6927964805419704,0.1900065173502801,-8.909149560492558,5.142550083147498e-19,6.7156397277466716e-18,RRAGC-DT
ENSG00000228536,69.54656637203819,-1.8898438702399067,0.2480093522714566,-7.620050828451798,2.5357584611210668e-14,2.0414353560827734e-13,LYPLAL1-AS1
ENSG00000228559,9.304320191867513,2.08455510608362,0.3850287364082119,5.414024744048067,6.162364480613256e-08,2.327527516661417e-07,LINC03135
ENSG00000228594,854.6053756296625,1.7430995857932603,0.1898276208849675,9.182539283098064,4.210434310425449e-20,6.15469151812741e-19,FNDC10
ENSG00000228607,6.26782122725412,4.239109658946472,0.5897263719868774,7.1882653724035945,6.561962988683693e-13,4.499075501142135e-12,CLDN25
ENSG00000228613,73.70074143828337,1.68668371291503,0.3097126577642939,5.445963123014096,5.1525811707113716e-08,1.9682312003975089e-07,LALTOP
ENSG00000228630,347.1682826136282,3.080456858046273,0.3710026619206612,8.3030586414095,1.0146476308359707e-16,1.060749834361366e-15,HOTAIR
ENSG00000228695,15.562081023178084,-3.191135551760893,0.3683681653782469,-8.662897209057626,4.5992308495854696e-18,5.518038818407848e-17,LOC107987423
ENSG00000228723,11.234709590265243,4.667968066665221,0.6727905468898127,6.938218868033123,3.970742195969665e-12,2.499940152994405e-11,SRGAP3-AS2
ENSG00000228834,8.088493295920426,1.542786430001611,0.4103535268208528,3.759651932210984,0.000170149920243,0.0003955330764923,ATP5MFP2
ENSG00000228868,3.919733385276146,-3.225393291975096,0.3214581005741003,-10.033635133831694,1.0844881472633813e-23,2.22550366899802e-22,MYLKP1
ENSG00000228918,38.64749642036861,3.7332667281354888,0.3969812279193792,9.404139202505712,5.245782074317735e-21,8.362726972105207e-20,LINC01344
ENSG00000228971,474.41301362160624,-2.4042846047354742,0.405924094999994,-5.922990614133191,3.16138894401035e-09,1.4184351036143014e-08,LINC02607
ENSG00000229051,8.793571856046489,1.7887103968521891,0.3719453347213625,4.809067972830404,1.5163564171201692e-06,4.78531905770912e-06,LINC01788
ENSG00000229108,97.4172283862316,-4.392433789249893,0.2814553829211718,-15.60614596765448,6.611188128952706e-55,2.0194520060565304e-52,LINC02587
ENSG00000229205,5.307131206255015,1.9596844735851893,0.4254417839558865,4.606234148802804,4.100266791783781e-06,1.223633801141538e-05,LINC00200
ENSG00000229221,5.520975798617518,-3.239452016976412,0.3940497250243294,-8.220921907194331,2.0194473748115564e-16,2.0538390350408386e-15,HNRNPA1P66
ENSG00000229246,9.144921536973357,-4.211741011188301,0.2795132775250956,-15.068125022469308,2.624562152589261e-51,5.579819136404769e-49,LINC00377
ENSG00000229312,12.978526103245986,-3.410930059097578,0.4590823832392319,-7.429886625207553,1.0869080035611837e-13,8.171026929176366e-13,LOC124902178
ENSG00000229314,65.86950212915988,3.4430517445622875,0.5069393958387916,6.791840943561604,1.1071157410907517e-11,6.645945520552681e-11,ORM1
ENSG00000229404,8.91129573575141,2.2561391371139186,0.6058179345400398,3.7241207440101056,0.0001959971099981,0.000450689902068,LINC00858
ENSG00000229558,7.1820482363303135,-3.0402037189151767,0.4107018549580797,-7.402459185935475,1.3368528965372733e-13,9.934805851643746e-13,SACS-AS1
ENSG00000229619,307.07773856732723,-1.9470744998699332,0.2048071221076448,-9.506869096312814,1.9648722129358817e-21,3.2819911413432464e-20,MBNL1-AS1
ENSG00000229637,3.2565341090194195,4.537380001168432,0.8212851451290274,5.5247316088440765,3.2998966287593354e-08,1.296492503094017e-07,PRAC2
ENSG00000229720,3.9022646539037935,2.045842455361509,0.3433515315491536,5.958448608430424,2.546436985959712e-09,1.15975257758148e-08,LOC101929460
ENSG00000229754,109.67163395641556,3.195252295682317,0.3568325597650719,8.954486378109603,3.413209086667262e-19,4.530770803106018e-18,CXCR2P1
ENSG00000229771,7.5660013238331025,-1.5549145801082,0.2962190963785592,-5.249204386610731,1.527575175272236e-07,5.506688860941356e-07,LOC101927098
ENSG00000229847,277.64857657898284,-2.3695265140265827,0.2320490481575017,-10.21131753325824,1.7645235004311476e-24,3.8947019953453284e-23,EMX2OS
ENSG00000229920,6.540872482979938,-1.576713024883565,0.3578393589809231,-4.406203468991854,1.0519815292123584e-05,2.9539739157669502e-05,RPS4XP5
ENSG00000229989,4.343574517921365,1.6715252389827382,0.32908857173617,5.079256414661517,3.7891500831050804e-07,1.2951339351577811e-06,MIR181A1HG
ENSG00000230061,220.8929631194791,1.862310557262437,0.2684590821420818,6.937036893677563,4.0040928846802e-12,2.519743509599249e-11,TRPM2-AS
ENSG00000230107,20.47355121893416,2.457992134253071,0.2982184705927322,8.242253168851754,1.6899750129698383e-16,1.7360296084141265e-15,LOC101927344
ENSG00000230257,14.490221083528676,1.9085183206258136,0.5228175660038616,3.650447966416868,0.0002617833402166,0.0005912205546236,NFE4
ENSG00000230316,12.232348537467438,2.594424174406243,0.4877526698016796,5.3191388485093,1.0425954847686366e-07,3.8311635796082026e-07,FEZF1-AS1
ENSG00000230373,29.499486186610188,-1.6255469694332731,0.2017172931022371,-8.058540467372776,7.721076261671514e-16,7.3781949533952e-15,GOLGA6L3P
ENSG00000230461,9.877580113758407,-2.1291053105605826,0.3715855151373354,-5.729785537452072,1.0055768744613415e-08,4.2259766591410296e-08,PROX1-AS1
ENSG00000230524,4.298487774599231,1.7491443609007769,0.4563742189710954,3.832697571839743,0.0001267457332104,0.0003009531683405,COL6A4P1
ENSG00000230533,12.583634600587295,1.858178735549383,0.4720142781306402,3.936700268704778,8.260968188159872e-05,0.0002019086081121,LINC03004
ENSG00000230587,61.2565989918572,-2.498681998243168,0.2270937616130028,-11.002864986230865,3.701804685651533e-28,1.1439006921068545e-26,LOC107985876
ENSG00000230716,9.38853130394834,1.747337664668834,0.2754770520492073,6.342951805498174,2.254039615447865e-10,1.1685739910364226e-09,KRT8P7
ENSG00000230749,6.12435762590043,-1.963965876762076,0.290743002299205,-6.754989324699031,1.4284577348316724e-11,8.479174514887579e-11,MEIS1-AS2
ENSG00000230787,8.123496829578437,-2.556515086741721,0.258802230588632,-9.878257544098682,5.1724463799128086e-23,9.996928185176936e-22,PSAT1P3
ENSG00000230798,115.63218722483532,4.132501567259598,0.4035464340798024,10.2404611173999,1.3061236522167082e-24,2.9168265594671445e-23,FOXD3-AS1
ENSG00000230838,218.10968642435432,5.605831200728341,0.2849629447258025,19.67214090281946,3.736658586262502e-86,1.98603403859852e-82,LINC01614
ENSG00000230873,435.9730115196637,2.3133499093418863,0.3391711188603837,6.820598160346761,9.06622137139566e-12,5.492018074876674e-11,STMND1
ENSG00000230910,9.752406573494206,-2.6123206730617765,0.2728686851925822,-9.573545132956834,1.033014057943025e-21,1.7699773429939323e-20,ADGRB3-DT
ENSG00000230918,8.335193206395118,-1.5722648248625564,0.2388832063427496,-6.581730247737345,4.650046908848371e-11,2.6147904486382875e-10,DPP4-DT
ENSG00000230943,52.93615136313103,-1.729295949041011,0.2408934374422296,-7.178676046148935,7.038971171063598e-13,4.8075214307636876e-12,LINC02541
ENSG00000230978,63.534053250773866,1.9732407627042172,0.339687350371719,5.808991004654442,6.285046576399665e-09,2.7105665817562656e-08,LINC00160
ENSG00000231007,39.70726350679881,-1.981865202727434,0.2244240592263768,-8.830894555419853,1.0384184752524473e-18,1.3210134504468065e-17,CDC20P1
ENSG00000231013,13.188325585433024,-3.2601037040112884,0.3366915225915121,-9.68276147530622,3.5694201101330023e-22,6.42664901265478e-21,SCTR-AS1
ENSG00000231057,15.344909167250933,2.27981818053272,0.2558328606745258,8.91135788624565,5.041130592668886e-19,6.589672675857139e-18,NEK2-DT
ENSG00000231107,21.174310162715997,1.817843171653004,0.4698866593387833,3.8686843636102433,0.0001094241825201,0.000262379107685,LINC01508
ENSG00000231123,10.217086183113766,5.207162041436951,0.4538498208924177,11.473315184300308,1.7964263815252507e-30,6.8459808191079e-29,SPATA20P1
ENSG00000231131,21.317797901353767,2.286544760446865,0.2586072840849047,8.841764718801027,9.421846615810116e-19,1.2026204313888273e-17,LOC105378305
ENSG00000231147,3.673227003938236,1.608437444801604,0.4443618708466388,3.619656748984926,0.0002949940704403,0.000660443759221,ARHGAP42P2
ENSG00000231165,3.2136468266247,-3.830022773104884,0.3348623689039651,-11.43760281467546,2.712776465267158e-30,1.019689314914777e-28,TRBV26OR9-2
ENSG00000231170,27.87919147562278,-2.328465750974321,0.2230995316567656,-10.436892151600842,1.682282739767056e-25,4.0458519284443e-24,PDK4-AS1
ENSG00000231246,328.6753468298153,-4.038293976943048,0.2922704592166288,-13.816976193101656,2.0135168573302933e-43,2.106661830061124e-41,LINC02884
ENSG00000231274,6.521617077186693,-1.6620156222809912,0.2595025379293131,-6.404621841246555,1.5074253338366996e-10,7.997570023300119e-10,SBK3
ENSG00000231290,231.76524450609077,-2.540190236954966,0.3294796629456102,-7.709702669491606,1.2611120239462134e-14,1.0519162597730893e-13,APCDD1L-DT
ENSG00000231324,16.570792796025952,3.1589130892057167,0.5638540716510427,5.602359277030637,2.114536919785865e-08,8.532313793396506e-08,LOC105369308
ENSG00000231367,356.8802582452409,-2.30755714481921,0.3141645470946212,-7.345059034061573,2.056683030510367e-13,1.501135719192887e-12,LINC02613
ENSG00000231381,2.696326157947708,2.077443532166076,0.4389155343345977,4.733128289285795,2.2108565252372853e-06,6.827834068353383e-06,RNF2P1
ENSG00000231402,10.635286494197675,2.6171672146075284,0.4424698762638178,5.9149048443855445,3.320675015993249e-09,1.4861390796567972e-08,WASF5P
ENSG00000231407,49.3089344746232,1.6600293963866433,0.2065027376158247,8.038776703652918,9.073976082666126e-16,8.624496223063387e-15,GORAB-AS1
ENSG00000231426,5.54097670133638,-1.5741593916937549,0.3604880567358323,-4.366744923389537,1.2611185879859126e-05,3.4954345510769325e-05,FILNC1
ENSG00000231439,46.0985169918397,1.7188591738508727,0.3154669714213878,5.448618491204556,5.076256778932392e-08,1.941587851182043e-07,WASIR2
ENSG00000231532,5.733183958914953,-1.6134489421656848,0.7082438153776026,-2.2780981734453536,0.0227207290670756,0.0361949031865205,LINC01249
ENSG00000231638,19.454575503568083,-3.4065459444743187,0.2683111999317091,-12.696249524214258,6.203193114508728e-37,3.962736947549746e-35,LUARIS
ENSG00000231651,9.681382792684635,2.08157635551176,0.3099005116954533,6.716918097758338,1.856082218385087e-11,1.0905457650582288e-10,DLG3-AS1
ENSG00000231682,2.5893637613661227,-1.6968097736275425,0.3962269067320761,-4.282419353148333,1.848721459164833e-05,4.991341336717e-05,LINC01891
ENSG00000231683,6.535717540076038,-3.188389269651407,0.780919161688066,-4.082867249356845,4.448343604930532e-05,0.0001131891337619,KILH
ENSG00000231768,71.09387980202185,-2.238949240962917,0.2595662758149923,-8.625732422029833,6.368375989586885e-18,7.592624132941743e-17,LINC01354
ENSG00000231806,113.60832827332106,2.090077944553373,0.2838068992323401,7.364436700470479,1.778964407384503e-13,1.3059662742056126e-12,PCAT7
ENSG00000231824,3.1476760878933274,-3.4456982865342374,0.5155126773846698,-6.684022406616968,2.324712376923953e-11,1.3503657140274108e-10,AKAIN1
ENSG00000231826,300.681119910607,-1.5530935390748004,0.3814658937552798,-4.071382434182044,4.6734948164315945e-05,0.0001185233920001,LINC01819
ENSG00000231852,101.66673736956444,2.326630179719537,0.3091855626242041,7.525028529703411,5.2708813767595244e-14,4.1161819743574605e-13,CYP21A2
ENSG00000231943,8.516551200486042,-3.7264670395993376,0.3054594417533558,-12.199547731146206,3.125551287379239e-34,1.573134951933774e-32,LOC124906859
ENSG00000232021,17.435249582986792,2.193540217786157,0.2006509610586886,10.932119169589058,8.093587725649473e-28,2.400525600548379e-26,LEF1-AS1
ENSG00000232044,47.53587867264269,2.5473085365332944,0.4645851700173829,5.482974276682108,4.1823385106466e-08,1.6199627739459757e-07,SILC1
ENSG00000232075,9.086405571813565,-1.8753388022579065,0.1833257354858315,-10.22954468060947,1.4620515099248971e-24,3.254105433522122e-23,MRPL35P2
ENSG00000232079,113.96124651118797,-4.026361201343217,0.3822504739102115,-10.53330597646031,6.066567764884331e-26,1.5180700409774111e-24,LINC01697
ENSG00000232284,57.7744398043965,-2.004453875752259,0.1605917248990177,-12.48167598307252,9.398722274810037e-36,5.418026994643747e-34,GNG12-AS1
ENSG00000232316,6.3409552241626415,-1.831410000283813,0.3749168496927284,-4.884843137311077,1.0351122829154217e-06,3.3375526472309303e-06,LINC02518
ENSG00000232434,258.57267789898674,2.0223956667779803,0.210492221779193,9.607935389173091,7.401821618570756e-22,1.2898584230394608e-20,AJM1
ENSG00000232600,9.492478687348584,1.5191012217888862,0.209569935543084,7.248660061149776,4.2091481605852774e-13,2.959209321892956e-12,TONSL-AS1
ENSG00000232679,30.885823945320134,5.390850837688036,0.3601572170533135,14.96804890318229,1.187543348726625e-50,2.3551466039111982e-48,LINC02257
ENSG00000232727,4.954086477622511,1.5165471095268463,0.303721574849417,4.99321495444879,5.938240265955797e-07,1.9775530710247533e-06,YWHAEP1
ENSG00000232742,16.459074203751655,-1.7211904537321472,0.1956319726590833,-8.798104064163212,1.3914697550810645e-18,1.746731636338181e-17,RHOQP2
ENSG00000232756,6.596533284797041,2.605550093767925,0.4854860534733783,5.36688968741056,8.010601604614557e-08,2.984462885779221e-07,DDX3ILA1
ENSG00000232871,21.105658136074084,-1.675545973864318,0.1600100479956108,-10.471504726442426,1.1677187134696995e-25,2.8515035029592725e-24,SEC1P
ENSG00000233017,8.305704947287108,1.6014371108787404,0.2817261449079519,5.684375198482116,1.3129175636813448e-08,5.4287823642184126e-08,LOC105372710
ENSG00000233030,41.33415849631199,2.2713279368538326,0.266096608732335,8.535726733513345,1.3927719010769272e-17,1.5987800870819598e-16,LOC124904411
ENSG00000233080,3.7399860072156015,2.3421913822560927,0.4514204809814774,5.188491619085836,2.1200430136553162e-07,7.494033398229585e-07,LINC01399
ENSG00000233101,104.601908496286,2.476056260546999,0.4127528317885281,5.9988837625118805,1.986785068035005e-09,9.176018975152982e-09,HOXB-AS3
ENSG00000233117,259.42644295438043,-1.7767563122616667,0.2211442881828691,-8.03437577728631,9.405651778463457e-16,8.923784220373665e-15,LINC00702
ENSG00000233198,23.36670182606484,2.124364855540981,0.2415045913047257,8.796374611613489,1.413073026777925e-18,1.7730130163655973e-17,RNF224
ENSG00000233217,4.351472229743565,3.015656083296025,0.5650303163674282,5.337158017792099,9.441475236577085e-08,3.4920974865975775e-07,MROH3P
ENSG00000233221,7.801511976722966,1.7141672513972277,0.4475252722726567,3.830325028779299,0.0001279741056999,0.0003035715307484,ARHGEF4-AS1
ENSG00000233295,2.987246416170708,-1.606795687021984,0.3360567796149029,-4.781322039874502,1.741461259718597e-06,5.4471907929639495e-06,FAM90A20
ENSG00000233332,17.59187944035406,-1.940207389194656,0.4475375577521499,-4.335295117888538,1.4556469833231811e-05,3.995849455822079e-05,LOC124904553
ENSG00000233493,251.48395649127025,2.065568082096397,0.2345981241203378,8.804708434227964,1.31193175756074e-18,1.6515673357260382e-17,TMEM238
ENSG00000233532,17.04748584059972,2.61317992065468,0.3157878574006107,8.275112102678417,1.2833482089540966e-16,1.3322257286310592e-15,LINC00460
ENSG00000233533,4.257787503030396,3.994978244657261,0.8707582245793002,4.587930532137554,4.476615405768059e-06,1.3275979735329334e-05,MKNK2P1
ENSG00000233554,80.96804852508772,-1.5401257798355588,0.1766383463787356,-8.719090794324627,2.8044461887184172e-18,3.4328953231318247e-17,B4GALT1-AS1
ENSG00000233608,505.69505301602817,-2.126483659569218,0.2327859379031477,-9.134931769177385,6.54480334540234e-20,9.366082331936844e-19,TWIST2
ENSG00000233622,2233.690919704309,2.109226480425099,0.3582806439063854,5.887079071389119,3.930806799878486e-09,1.7416003785723703e-08,CYP2T1P
ENSG00000233639,7.59325528548336,-1.848778886176366,0.5039239545389572,-3.668765633234928,0.0002437243757891,0.0005527372663078,PANTR1
ENSG00000233682,28.20110875454853,2.2496567038449222,0.2398266566036916,9.380344686047271,6.575740459450772e-21,1.0389435357307032e-19,FNDC1-AS1
ENSG00000233718,5.301491725611415,2.2148739016004217,0.4113978760537948,5.383775732742972,7.293937356277747e-08,2.733555002722905e-07,MYCNOS
ENSG00000233760,36.50319055631022,-1.9812784547646984,0.3119292941808763,-6.351690885485824,2.1296093572907256e-10,1.107955533868462e-09,LINC03095
ENSG00000233766,8.568609681779883,-4.265252175929614,0.2753169330958198,-15.492153453725848,3.9193925134251426e-54,1.0849776671278456e-51,CAVIN2-AS1
ENSG00000233791,18.120713329914505,2.312348415097615,0.2724339479276875,8.48773962528115,2.106949791138093e-17,2.377587715477487e-16,BTG2-DT
ENSG00000233822,147.95547173437035,1.7142992250526017,0.2051737347190567,8.355354194824118,6.52366682952258e-17,6.959712805883687e-16,H2BC15
ENSG00000233858,8.97778141918431,-1.5608966061746756,0.2361144539146211,-6.610762620822422,3.82345167490707e-11,2.171580001296332e-10,LINC02599
ENSG00000233966,22.18019847616913,2.579588100524326,0.2378110550148978,10.84721692337947,2.0559019298201758e-27,5.893807312294626e-26,UBE2SP1
ENSG00000233996,6.712152444836263,1.884343538185848,0.4331434784640579,4.350391110280124,1.3589492615944286e-05,3.746662166912744e-05,KDM3AP1
ENSG00000234043,9.25105834647766,-1.5914498132480348,0.1717879078928044,-9.264038620466224,1.96842562886571e-20,2.9739005734568645e-19,NUDT9P1
ENSG00000234111,7.428581069689363,1.795769234413101,0.4807038628385643,3.735707934213497,0.0001871878286327,0.0004321157527722,LINC02433
ENSG00000234115,19.202289703959742,3.125583132552457,0.4085476856951389,7.650473229910274,2.00241023205871e-14,1.6288353816027005e-13,IDH1P1
ENSG00000234233,9.5250893993206,3.4695703727289566,0.4437631136345925,7.818519084003682,5.344838376146262e-15,4.637253667844822e-14,KCNH1-IT1
ENSG00000234235,13.377458031331075,-2.4894322666200845,0.4148162277426283,-6.001289487075339,1.957566210579217e-09,9.053658553105238e-09,LOC105373974
ENSG00000234332,5.116603771740148,1.584236260771311,0.3524530378247996,4.494886100425148,6.960719559035645e-06,2.004998073719621e-05,BCAS2P2
ENSG00000234336,7.623264465131977,-1.64651685703639,0.2467001382266025,-6.674162685405581,2.486476716933885e-11,1.4380439336783022e-10,JAZF1-AS1
ENSG00000234380,103.64545581484958,1.5058243000208622,0.2365772981596349,6.36504141240458,1.9523705196527526e-10,1.0211424239278079e-09,LINC01426
ENSG00000234456,1328.6914148445812,-2.1511194069744506,0.1804945862253967,-11.917916497995073,9.546612889108374e-33,4.307321520000935e-31,MAGI2-AS3
ENSG00000234493,7.74407555318106,2.017226107821925,0.4962813683243561,4.064682328560682,4.809792692882367e-05,0.0001217103797499,RHOXF1P1
ENSG00000234602,82.25958293778338,2.351858220728358,0.3400920540318188,6.915357747547724,4.666841360052174e-12,2.9160900339380795e-11,MCIDAS
ENSG00000234688,5.695929031874169,-5.26809675907879,0.5502846595800545,-9.573402905868932,1.0344366249461179e-21,1.7712727646870542e-20,CACNG2-DT
ENSG00000234693,5.264965755018202,2.588059500756278,0.4623366935898323,5.597780874066437,2.1711292644334273e-08,8.743409638175226e-08,RIPOR3-AS1
ENSG00000234703,7.122411802232927,4.0741314663837285,0.4765537873267382,8.549153473814265,1.2399455070967418e-17,1.433299341065503e-16,RUNX1-AS2
ENSG00000234722,5.696658796260165,-1.5014394343920212,0.2493902205983348,-6.020442304392613,1.7394109993851461e-09,8.086922202354838e-09,LINC01287
ENSG00000234754,3.998305690081468,-2.2875236302480064,0.2448417281235962,-9.342866707317404,9.376045433609307e-21,1.4596860421685258e-19,LINC02817
ENSG00000234869,90.59045979773964,1.6006517370313262,0.2239254162530306,7.148146752678698,8.795725377608415e-13,5.937170482853534e-12,LINC02925
ENSG00000234884,8.582899389976818,-2.3777006946819395,0.2947627109127357,-8.066490796340437,7.234753343293139e-16,6.938418264092933e-15,GRK3-AS1
ENSG00000234896,9.843226836536608,2.934511423221289,0.4531101298989917,6.476375674663148,9.395195982010996e-11,5.099618734108298e-10,OR7E62P
ENSG00000234949,121.99760795718232,1.7619138613090528,0.2238828265376927,7.869803542132868,3.5519858931877478e-15,3.1517203710004804e-14,RAB17-DT
ENSG00000234965,5.914495500001759,1.9149424749367008,0.346117488596978,5.532637147863036,3.1545161117569024e-08,1.241944676591699e-07,SHISA8
ENSG00000234996,41.016326408897015,2.2392593027590566,0.2218049704497176,10.09562273658195,5.776327054665283e-24,1.217334587452259e-22,ACTG1P25
ENSG00000235009,4.075080778285261,-2.1996814910464604,0.5433576211707084,-4.048312575991972,5.158822090607521e-05,0.0001298746656478,LOC105374468
ENSG00000235029,9.985496240220913,2.2796636552048413,0.4301883138264773,5.299222647234384,1.16296749241082e-07,4.249980900827495e-07,MNX1-AS2
ENSG00000235033,36.38910510812642,-2.1542892375597065,0.2411578029549888,-8.933110233890282,4.1419660799336937e-19,5.4680948124310946e-18,DAAM2-AS1
ENSG00000235049,59.378312291658375,2.225564470846389,0.3338685487658157,6.66599019007166,2.6288681934447496e-11,1.5164352559321515e-10,LINC00940
ENSG00000235086,5.170800631625058,2.8621031984695167,0.4398342580217168,6.507231181451538,7.654856366901149e-11,4.202185663094362e-10,FNDC1-IT1
ENSG00000235123,453.1417787555448,5.852627046667884,0.6565624214059194,8.9140451171961,4.920378905855004e-19,6.43816196076301e-18,DSCAM-AS1
ENSG00000235142,26.2607922087008,1.6372766269738397,0.3516709983170359,4.655705573701626,3.2287306253402567e-06,9.75039958732015e-06,LINC02532
ENSG00000235172,13.373000640172362,-2.1639453226445933,0.2088415640183947,-10.361660203109729,3.704750199802036e-25,8.666702161948864e-24,LINC01366
ENSG00000235304,6.573512522949833,3.879310004647303,0.4707069207916489,8.24145520980011,1.7012862162499407e-16,1.7462990033542746e-15,LINC01281
ENSG00000235370,12.87929730787694,-1.5079161473273002,0.2202208082010421,-6.847291859680698,7.526107541706543e-12,4.6010192758419905e-11,DNM1P51
ENSG00000235385,4.931343934587885,2.437002348491036,0.4629120010442248,5.264504577530307,1.4056789758054398e-07,5.08797586243933e-07,LINC02154
ENSG00000235387,147.75736047761615,-2.2215844222964503,0.2291041363306142,-9.696832444310562,3.1100399622973303e-22,5.6415912626656336e-21,SPAAR
ENSG00000235436,122.54259857060347,1.5596598306151108,0.4395440252724956,3.548358619249116,0.0003876400414894,0.0008506634271332,DPY19L2P4
ENSG00000235505,179.55426692092794,-1.6628989837912915,0.152194559313665,-10.926139484159506,8.644845072034017e-28,2.561167868331148e-26,CASP4LP
ENSG00000235529,32.98268888453842,2.9137974794132213,0.2637509286517209,11.04753448379644,2.253180580863498e-28,7.094582219958229e-27,AGAP1-IT1
ENSG00000235559,11.427153854277568,1.5525174209503014,0.4593690229838519,3.3796737334743545,0.0007257192424954,0.0015248251794209,NOP56P1
ENSG00000235621,16.57112680534952,1.7140009968416163,0.3702626502808142,4.629149052818818,3.671714198395493e-06,1.101928908214119e-05,LINC00494
ENSG00000235641,11.421120202359337,-1.7716656957463284,0.294524981976053,-6.015332498654995,1.7951784174800586e-09,8.334532921826093e-09,LINC00484
ENSG00000235651,4.369886805126512,1.850771446282392,0.2852589194122314,6.488040584658519,8.695985867276844e-11,4.739454971757222e-10,G3BP1P1
ENSG00000235770,85.84417175138083,2.478010389037485,0.2628055381172147,9.42906457295531,4.137623863289791e-21,6.647965790019722e-20,LINC00607
ENSG00000235875,4.057843857637504,-3.079860891536009,0.3276655876476038,-9.399402951183031,5.4873555211708105e-21,8.737356079994866e-20,ARHGEF7-AS2
ENSG00000235904,39.64953689263262,-2.957388373499012,0.2470679366640581,-11.969939982621929,5.106555120909938e-33,2.3519359157397157e-31,RBMS3-AS3
ENSG00000235978,148.40522219312632,3.2113862013372607,0.3636981512811841,8.82981172718268,1.0485206643041092e-18,1.3332266341570195e-17,LOC124906209
ENSG00000236036,11.129501041471,-3.6736608951494727,0.4052073738933491,-9.066125475091631,1.2332441125823327e-19,1.7176867029284851e-18,LINC00445
ENSG00000236039,37.1527159564932,2.812924910031976,0.377326599869985,7.454881026148759,8.99489614566816e-14,6.816064016855755e-13,LINC02889
ENSG00000236064,5.790613193136459,1.7065702432608298,0.3472126834690219,4.9150573251253045,8.875648492897919e-07,2.8838532668879105e-06,LOC101928335
ENSG00000236081,26.728622742712005,3.7026199164839113,0.5143492396807888,7.198649537776708,6.081182957532664e-13,4.19106424005266e-12,ELFN1-AS1
ENSG00000236272,5.401179535568755,3.03974508076097,0.6011562723799448,5.056497320949152,4.270268663316616e-07,1.4484031873342576e-06,SCUBE1-AS2
ENSG00000236289,5.913862849681915,1.8891565178795835,0.4588677517439629,4.116995606467649,3.83843387309316e-05,9.869993244068768e-05,GACAT3
ENSG00000236304,33.44070674673071,-1.9225047426654664,0.2293240674303214,-8.38335358433151,5.144065324419976e-17,5.55705430879922e-16,LRRC32-AS1
ENSG00000236311,5.642827912208945,5.0815613366632615,0.6716173386829173,7.56615567225902,3.844313255474076e-14,3.0469020210027913e-13,TLX1NB
ENSG00000236319,6.143351241825475,-3.3581969479768308,0.3539045952853407,-9.488989385032529,2.332849159707616e-21,3.867465154038047e-20,LOC100418888
ENSG00000236333,741.8042745563896,-5.705671157573771,0.407678105318313,-13.995530010420383,1.659875974005258e-44,1.926253450182958e-42,TRHDE-AS1
ENSG00000236404,82.46625041972781,-1.9927852512838748,0.2517566485896519,-7.915521844001007,2.4621816013636204e-15,2.2240814431080293e-14,VLDLR-AS1
ENSG00000236466,5.00647363970165,-2.264664625340036,0.3149887084966392,-7.189669230204164,6.494847314754145e-13,4.455357960495389e-12,RCAN2-DT
ENSG00000236481,4.243829636001146,2.8702613891659152,0.4163439741981163,6.8939664485215,5.425782627283226e-12,3.368929283178779e-11,LINC02195
ENSG00000236581,13.493858544181416,-2.3853588652931235,0.2222278063009964,-10.73384516995265,7.059608378576686e-27,1.9301346981550967e-25,STARD13-AS
ENSG00000236616,5.412295127562144,1.788403461113529,0.414997482136419,4.309432076326768,1.636743173901532e-05,4.45980209642502e-05,BAK1P2
ENSG00000236708,5.904469577894499,-1.7031713203998085,0.2793401115462844,-6.097124079216266,1.0799369495663166e-09,5.152481945192974e-09,SDK1-AS1
ENSG00000236719,3.6171402907699775,-1.6595613903417537,0.3544213350642067,-4.682453413932061,2.834616218416573e-06,8.628857503370038e-06,OVAAL
ENSG00000236751,18.653670333964097,-1.8522794835486016,0.4240291542875473,-4.368283323963412,1.2522697214762391e-05,3.4719945590225415e-05,LINC01186
ENSG00000236849,4.340360507588586,-2.8772190409986846,0.3144330865749525,-9.150497081396782,5.667216934634692e-20,8.167369307913068e-19,LINC01474
ENSG00000236915,5.8070484263216935,-1.8645754399828744,0.3052257221400715,-6.108841112438091,1.003571745475288e-09,4.811449936952887e-09,CLCA4-AS1
ENSG00000236924,7.131219080005308,2.1191207623683948,0.4362194957552414,4.857923093738601,1.1862346417198437e-06,3.7999259406587328e-06,MAHAC
ENSG00000236975,30.259549961827663,-2.08651775917214,0.2618404757325997,-7.968660129165673,1.6040392853103559e-15,1.4852733103527077e-14,LINC02815
ENSG00000237101,18.035440493308307,1.5718614515504998,0.259048784704238,6.067820211336372,1.2965793051922796e-09,6.1267060873906166e-09,LOC101927164
ENSG00000237159,12.391488271258476,-2.545437189171297,0.3932643245101037,-6.4725860713203325,9.633960843028062e-11,5.224949171499401e-10,CNTFR-AS1
ENSG00000237238,51.402963527755375,-2.8306377668573224,0.2918784520874436,-9.698001844991609,3.0746075240579753e-22,5.5849415551497384e-21,BMS1P10
ENSG00000237330,179.55420242044073,1.5826348798280876,0.2658890053370502,5.952238896910703,2.64498902209943e-09,1.2021649266682464e-08,RNF223
ENSG00000237423,46.75900600076005,3.765338412755345,0.3447056432466516,10.923344269304824,8.915148792654129e-28,2.6377912152556893e-26,LINC01522
ENSG00000237442,67.54124971301378,5.766164021587851,0.514556068442312,11.206094680883757,3.8061908598766076e-29,1.2852544104348269e-27,HNRNPA1P57
ENSG00000237457,5.539064474333469,2.230409767455048,0.6873310368697123,3.24502990234942,0.0011743829094869,0.0023822018028865,BRINP3-DT
ENSG00000237487,15.16050762334446,3.147718475961915,0.4354612594368635,7.228469600332599,4.884671389210245e-13,3.412464305159365e-12,VN1R48P
ENSG00000237512,18.50612409214385,1.9815009535450696,0.2824666562455735,7.014990653701703,2.299643273751426e-12,1.482246422506528e-11,UNC5B-AS1
ENSG00000237515,414.9064727254708,2.3025886091885,0.3394327017326591,6.783638103915054,1.1718666350257402e-11,7.014044104911948e-11,SHISA9
ENSG00000237560,11.945853824330635,-4.167702876856162,0.4081902244556769,-10.210197665595272,1.7850082650004617e-24,3.9366468582894e-23,LINC01497
ENSG00000237594,32.905419837031594,2.8309055473558837,0.2538520927551917,11.151791252262528,7.017918789912725e-29,2.3139105687584456e-27,TIAM1-AS1
ENSG00000237649,1675.050425223708,3.167769637738497,0.2057678728251849,15.394869929134916,1.771804309109509e-53,4.6619504469886345e-51,KIFC1
ENSG00000237650,3.773674303246292,-2.0484295035114,0.7811992481092769,-2.6221601063610573,0.0087374373224618,0.0151229254164662,OR11Q1P
ENSG00000237803,3.788409511021421,-1.8565369290786424,0.2324881191287882,-7.985513135190371,1.3993896085951688e-15,1.3039543775742148e-14,PIRAT1
ENSG00000237813,17.350989000374593,-1.9302182473051992,0.3620153768767306,-5.331868121067287,9.720752561373175e-08,3.586906405421996e-07,CAV2-DT
ENSG00000237949,16.886910658832143,-2.6889305940543453,0.3454234398603758,-7.784447387650481,7.0018573376090425e-15,6.002398669256784e-14,LOC102724768
ENSG00000237978,28.615657940352804,1.696057000819135,0.4385005334014068,3.867856186315173,0.0001097963835537,0.0002631765935727,KCNMB2-AS1
ENSG00000237988,602.7508808260828,1.8607418778492588,0.3261867148511198,5.704529930651991,1.1666459380987451e-08,4.861787016618183e-08,OR2I1
ENSG00000238018,84.52794642441056,-2.192126550745028,0.2556290844250432,-8.575419169049262,9.87265690071325e-18,1.153763663748701e-16,SPTBN1-AS2
ENSG00000238078,21.836159667426635,-1.843940781074645,0.218548837468353,-8.437202423195947,3.250232870987096e-17,3.585510109858118e-16,LINC01352
ENSG00000238099,28.35768288003977,-3.152652985663402,0.2831690361244825,-11.133466528725547,8.621605982165097e-29,2.807833075686733e-27,LINC01625
ENSG00000238117,109.62970366898598,1.7009367637215085,0.4889651448553834,3.47864624220726,0.0005039533769009,0.0010868820801123,NTM-AS3
ENSG00000238118,40.90036780301022,4.592199790768836,0.7256907520408628,6.3280395648617205,2.4829548535968906e-10,1.27753195032599e-09,SLC25A24P2
ENSG00000238120,14.664986321509785,-2.5215070360029994,0.2615638085890915,-9.64012203983544,5.4123591897822255e-22,9.550693590203364e-21,LINC01589
ENSG00000238141,7.489859894842641,1.545047784693365,0.3069587152463972,5.0334058228421625,4.818415825402542e-07,1.6233443275871268e-06,BRWD1-AS1
ENSG00000238755,10.885752660850734,-1.7659120278967697,0.2948880738674836,-5.988414535510624,2.118964337372532e-09,9.747529386476553e-09,LINC02006
ENSG00000239672,1127.4473521044938,1.931451123699116,0.1631956876453046,11.835184811359731,2.5677728998608204e-32,1.1059734977925656e-30,NME1
ENSG00000240086,29.15350125226648,1.5852822264603916,0.4412676671729839,3.5925637530087515,0.0003274405093441,0.0007276303650656,LOC102724019
ENSG00000240204,155.72716510056935,1.957962908375811,0.2311625435312452,8.470069927705055,2.452457635968562e-17,2.7430160637990123e-16,SMKR1
ENSG00000240280,46.249005496348495,2.9253167943307883,0.4568632315846139,6.403047109272573,1.5230617224360542e-10,8.072470138360219e-10,TCAM1P
ENSG00000240350,4.025772686828831,2.537847514433477,0.3364232051779012,7.543616122114581,4.571154257439911e-14,3.594968883297009e-13,SOCAR
ENSG00000240423,3.692838719678349,-2.405848750646604,0.3156266524282689,-7.622451184452399,2.4890326243506528e-14,2.005033100700776e-13,LINC00636
ENSG00000240498,96.1565811729601,2.1945418464501847,0.2127846618938766,10.31344001450951,6.126818130792821e-25,1.410920206462905e-23,CDKN2B-AS1
ENSG00000240583,12842.5973234611,-2.293016603438186,0.1842212243959123,-12.447081550767637,1.4505279603433256e-35,8.236705244898265e-34,AQP1
ENSG00000240602,8.608593718627574,-2.8282808599921903,0.2713098425573991,-10.424542041425685,1.9158000889746767e-25,4.5825731201171945e-24,AADACP1
ENSG00000240654,30.1266771466767,-3.775352074153507,0.2550501684369675,-14.802390044633666,1.413686830735432e-49,2.5384275355941963e-47,C1QTNF9
ENSG00000240661,10.790333566514306,-1.7414706573234544,0.3237166571970185,-5.379613988363814,7.46457189914895e-08,2.793170912699005e-07,BTNL12P
ENSG00000240666,3.2363895859634284,-2.7817056201372496,0.3653066479928761,-7.614713927110071,2.6427613347158343e-14,2.1237188530412245e-13,MME-AS1
ENSG00000240990,10.499446831695591,1.957824158567568,0.3518104257426795,5.56499755353912,2.6215608831873194e-08,1.0427777349304447e-07,HOXA11-AS
ENSG00000241158,111.21018165613226,-2.933805508168958,0.2788378683681167,-10.521546177852,6.873621890852236e-26,1.7071635677513852e-24,ADAMTS9-AS1
ENSG00000241186,10.027513180435024,-1.803051845198666,0.3128584365159869,-5.76315558332892,8.255562640170705e-09,3.5080201017354734e-08,CRIPTO
ENSG00000241218,12.032870944460072,-1.586532765365452,0.2248269295776555,-7.056684750113359,1.7052187904934184e-12,1.1172630512170263e-11,CSP2
ENSG00000241359,16.86786706261525,2.1164657555582416,0.3733045860435998,5.669541266527731,1.4318036237074096e-08,5.8937703376741656e-08,SYNPR-AS1
ENSG00000241361,238.59834199818985,4.534132752905423,0.5669397601173243,7.997556481075018,1.2691256383406533e-15,1.1892459040515818e-14,SLC25A24P1
ENSG00000241399,439.7127350647575,-1.6652104469539768,0.1981169987387238,-8.405187124553873,4.2717992688743235e-17,4.650678638686405e-16,CD302
ENSG00000241644,501.780617786193,-2.5688709650541592,0.2392299155685675,-10.738084152012648,6.742911130569414e-27,1.8454465838813816e-25,INMT
ENSG00000241657,9.25195562998607,1.5706617714865203,0.3634558544350039,4.321465048150431,1.5499660691337975e-05,4.235511392003154e-05,TRBV11-2
ENSG00000241684,134.85594593607007,-3.402878060146621,0.2465910683212614,-13.799680918342572,2.5598314805452352e-43,2.6265452353470893e-41,ADAMTS9-AS2
ENSG00000241935,63.72819667448467,-2.066765915398977,0.2840578187339174,-7.275863500645118,3.4421150210882413e-13,2.449764506840386e-12,HOGA1
ENSG00000242048,4.660691119131409,2.301981082514918,0.3433934845124882,6.703624810421242,2.033118824295876e-11,1.1898289529985218e-10,PRKAG2-AS2
ENSG00000242268,8.859750733988697,-3.1729506863268746,0.3981598066085717,-7.9690381441394,1.5991409977726745e-15,1.4812538172118793e-14,LINC02082
ENSG00000242353,3.0989337380944977,-1.975698659450137,0.350500549836672,-5.636791897675432,1.7324725952002048e-08,7.06033725156348e-08,RPL12P30
ENSG00000242611,25.14016155179024,-2.2795260916367206,0.3102117650816844,-7.348290259192715,2.007581751542918e-13,1.466909129701761e-12,LOC101929756
ENSG00000243064,99.08156874830108,4.74195141069142,0.5057736174516344,9.375640102747903,6.875728410648998e-21,1.0824791618068548e-19,ABCC13
ENSG00000243083,7.603343843992575,1.5901425446216253,0.2842444402177596,5.594278443593892,2.2154116979271173e-08,8.91228668973859e-08,LINC00870
ENSG00000243422,10.681239374146037,-1.547553923077269,0.2425076821322818,-6.381463504455572,1.7540352711097229e-10,9.223088114313591e-10,RPL23AP49
ENSG00000243449,151.61202198671867,1.995281548320124,0.2202335507183868,9.05984370597328,1.3063760827724156e-19,1.8138424451241876e-18,NICOL1
ENSG00000243479,59.92319037364925,2.783393112699238,0.3646762129555511,7.632505257584469,2.3023506314574943e-14,1.8602909100329253e-13,MNX1-AS1
ENSG00000243537,4.676552312481295,2.393266857218782,0.4317843906961728,5.542735932070355,2.9778177013143053e-08,1.1765611866254485e-07,RPL32P20
ENSG00000243635,2.7634721187916798,2.583847205072629,0.5205324277834434,4.963854444333647,6.910774388668043e-07,2.281697470230504e-06,EZRP1
ENSG00000243649,365.3039367190561,2.219403953657044,0.2742584121056589,8.092382423631955,5.850887047127263e-16,5.662320585484597e-15,CFB
ENSG00000243742,200.26479142450387,2.9293691689394965,0.1930162845457005,15.176798039783574,5.037807358680509e-52,1.18477637661004e-49,RPLP0P2
ENSG00000243836,101.50134517434942,-1.776439658860861,0.2885397466425353,-6.156654947998023,7.429748104936985e-10,3.6241842123476582e-09,WDR86-AS1
ENSG00000243910,11.883647070840215,2.097595580482466,0.4209215986473599,4.9833403351672425,6.24958854496226e-07,2.0737022797149712e-06,TUBA4B
ENSG00000243953,2.852347560625635,-3.742759398153633,0.3770619335960891,-9.926113098870644,3.205064616665877e-23,6.330463351580616e-22,LOC105374171
ENSG00000243955,160.15704502744865,-1.7211976060850802,0.4988905060583138,-3.450050833165974,0.0005604810046371,0.0012002242303167,GSTA1
ENSG00000243967,3.6970830472017937,3.1990469760380043,0.6264266628141039,5.106818029850274,3.27628978497092e-07,1.1311861898869975e-06,NBPF5P
ENSG00000244056,5.729280636948649,-2.396950044645793,0.2870545520984747,-8.350155143415089,6.817335918056698e-17,7.249727972083104e-16,RN7SL417P
ENSG00000244094,6.132250768868309,-3.2855137132851846,0.5798411020393477,-5.666231148033089,1.4597257814885517e-08,6.003127923716848e-08,SPRR2F
ENSG00000244137,10.19416382712011,1.857137245647135,0.308139307577247,6.026940412922073,1.6709257140060734e-09,7.787592221976745e-09,CAPN9-AS1
ENSG00000244176,3.644090852762964,1.7208618645729732,0.3065478978965496,5.613680199345913,1.980681287839985e-08,8.016540545895158e-08,RPS2P37
ENSG00000244227,11.273049398651168,-1.999427636418608,0.2417223385563881,-8.271588171616951,1.3218621751371864e-16,1.3700658074988585e-15,LRRC77P
ENSG00000244265,56.72443461786663,1.753629369412472,0.280469444654416,6.252479201694246,4.0398755857957435e-10,2.0330018001732204e-09,SIAH2-AS1
ENSG00000244437,1758.6738559199157,1.573233313317196,0.3832786553254786,4.10467238772066,4.04888255276818e-05,0.0001037116364328,IGKV3-15
ENSG00000244649,20.818676521176556,4.246036220560885,0.3964038275032129,10.71139057184424,8.999966465121177e-27,2.418342859561125e-25,LINC02086
ENSG00000244731,3237.1128203507446,1.519622401571741,0.2989486670104231,5.083221868049868,3.710858104761565e-07,1.2698436020350065e-06,C4A
ENSG00000244734,5499.859726765545,-4.995119096185613,0.3461307936233448,-14.431305125718568,3.287998680909199e-47,4.723165672711457e-45,HBB
ENSG00000244753,4.329161078692079,-2.0102319608601578,0.2949020938392429,-6.816607961949486,9.321518236284703e-12,5.6376728977984965e-11,RPL15P21
ENSG00000245025,137.81130543763516,-1.895048358826667,0.1265352286372998,-14.976448687334557,1.0466211007683904e-50,2.1071178600696947e-48,RHOBTB2-AS1
ENSG00000245080,24.89329320492451,2.8331232796435133,0.2894836039481031,9.786817771383758,1.2826937048096433e-22,2.403919972166169e-21,MIR3150BHG
ENSG00000245293,35.52271868366879,-2.0289021581285187,0.2409783364678776,-8.419437978811724,3.7829466081362746e-17,4.150776470322936e-16,CYP2U1-AS1
ENSG00000245526,22.12735423623973,3.0986663402461114,0.4863282325945218,6.3715534747283264,1.8712302401155438e-10,9.81214357361298e-10,MIR9-2HG
ENSG00000245614,52.39259647602278,1.6632430270297114,0.1745943083077706,9.526330171644467,1.629416277586771e-21,2.749316671547202e-20,DDX11-AS1
ENSG00000245750,498.2586975605459,1.880322128196038,0.3192169334799689,5.890420998966302,3.852129912898395e-09,1.7095917240359862e-08,DRAIC
ENSG00000245812,91.8858416864062,-3.1712909730708243,0.2145154842108769,-14.78350611722426,1.871640209005382e-49,3.338177084182417e-47,LINC02202
ENSG00000245832,4.253605421085905,1.7523483613295974,0.4899812255806712,3.5763581742400627,0.0003484142020432,0.0007701802877475,MIR4300HG
ENSG00000245848,956.6822837393918,-2.143107475308576,0.2145724298541408,-9.987804475930988,1.7235688354962618e-23,3.4919545004896363e-22,CEBPA
ENSG00000245857,12.986386485948069,-1.690335605778023,0.3459160840650986,-4.886548164843111,1.0261923160092808e-06,3.31041732311198e-06,GS1-24F4.2
ENSG00000246022,53.43970034819278,-5.436960767075473,0.3899040451444349,-13.944355886488484,3.405082017467179e-44,3.8343243480589095e-42,ALDH1L1-AS2
ENSG00000246090,106.24408344873076,-1.7028201396350546,0.1884178272779922,-9.03746829180186,1.6034221001546984e-19,2.2021158817370086e-18,LOC100507053
ENSG00000246095,9.888121700922552,2.5044540957921693,0.3539573416057973,7.075581719622537,1.4882312802451124e-12,9.818705628727374e-12,LINC01096
ENSG00000246363,11.661697178085314,-1.5139763675842683,0.2963228944455798,-5.109211593039135,3.235058976274147e-07,1.118258224433994e-06,LINC02458
ENSG00000246430,120.12126168638818,-4.540103310838158,0.2765288385021033,-16.41819108426778,1.4172934858004334e-60,7.532914877029304e-58,LINC00968
ENSG00000246465,62.292306613893054,2.3548889470264145,0.2591894890603767,9.085588136939675,1.0313953284649126e-19,1.4456398129723129e-18,LOC124903670
ENSG00000246528,5.1237840897583045,2.015195458505347,0.4077982567551866,4.941648045629407,7.746496145749447e-07,2.539012519404188e-06,SLCO5A1-AS1
ENSG00000246548,11.390507113544402,-1.613839695248049,0.1926665762123598,-8.376334530745238,5.4601570682243627e-17,5.881786545928759e-16,LINC02288
ENSG00000246792,10.047301825641195,-1.509875004336472,0.2499295871355465,-6.041201530563917,1.529707674607157e-09,7.165870166170493e-09,LOC124906712
ENSG00000246898,96.6670658553102,-1.8410489161538388,0.1883252747440184,-9.77589927138717,1.4288274484955185e-22,2.664637855703046e-21,LINC00920
ENSG00000247095,185.15408024249655,1.657667676285807,0.2081967088764162,7.962026322278629,1.6924445941841065e-15,1.5622339385356942e-14,MIR210HG
ENSG00000248144,302.6968204460251,-3.529979821642704,0.3369248154995973,-10.477054996404451,1.101195379989223e-25,2.6946839063732594e-24,ADH1C
ENSG00000248309,44.92109282381649,-2.161053856010804,0.2078948770921118,-10.394935585898576,2.6146354905400324e-25,6.203923050098336e-24,MEF2C-AS1
ENSG00000248334,126.71444288091207,-1.612397117334041,0.15045258054934,-10.716978807852785,8.472576043987116e-27,2.281243245886095e-25,WHAMMP2
ENSG00000248441,91.24318408371391,-1.9968005248090464,0.1960218837393029,-10.186620425833006,2.275370231947883e-24,4.952331196889025e-23,LETR1
ENSG00000248517,5.490177605030244,2.0373102316045504,0.5683814319921251,3.5844067327533264,0.0003378452613189,0.0007486231818185,LINC02437
ENSG00000248568,17.787529218728775,2.0268560371667608,0.3293339563849178,6.154409522223148,7.535773001151426e-10,3.670512600909075e-09,KRT8P48
ENSG00000248663,34.62651245120657,2.0474386952914854,0.4522665748644378,4.5270617133383855,5.980947777519666e-06,1.739751392158331e-05,LOC124900192
ENSG00000248668,29.242760944736613,-2.4018670686163057,0.1982908617887709,-12.112847999898706,9.030326479257145e-34,4.4195382354743757e-32,OXCT1-AS1
ENSG00000248713,6.415171175527121,2.3149529223725454,0.4893425885499334,4.730740745931056,2.2370205953240085e-06,6.905427148418576e-06,C4orf54
ENSG00000248746,9.494677844966382,-1.5679291359698888,0.3137244826005407,-4.997790172360575,5.799103609559497e-07,1.9333982991349093e-06,ACTN3
ENSG00000248869,33.979205098590846,-3.7919540488671535,0.3790363479408075,-10.004196350739765,1.4607285328403562e-23,2.9791911558121623e-22,LINC02511
ENSG00000248896,28.205745391225754,-1.6208894006341446,0.1638173748542226,-9.894490142309612,4.3984592571298193e-23,8.550772111062539e-22,SOX7-AS1
ENSG00000248988,6.831529296551269,1.7362796404860452,0.2712380811644367,6.401312208935124,1.540472029100117e-10,8.153364702914877e-10,PSME2P3
ENSG00000248994,173.96685436500923,-2.1897848591450377,0.2500695569824999,-8.756703077209355,2.0104434790847098e-18,2.4931187800595504e-17,LOC124901165
ENSG00000249001,23.492052714429978,4.906096249483396,0.4291854380438527,11.431180591411648,2.9210999216225558e-30,1.0964439324451895e-28,DMP1-AS1
ENSG00000249064,6.646419143672636,1.6622680892390085,0.2983575061595343,5.571396914512952,2.5270487227863976e-08,1.0074455416748953e-07,KRT18P25
ENSG00000249082,29.7587082007174,5.788831117805651,0.5396669252064678,10.726673893514851,7.629302493285403e-27,2.0752171316178054e-25,EPIST
ENSG00000249231,17.625434103614023,3.168278743535185,0.4340434378796878,7.29945085453267,2.889445793747356e-13,2.0753249180766482e-12,CASC16
ENSG00000249421,12.538724087709053,2.3088229760490515,0.3995097994631413,5.779139783683986,7.508352588722805e-09,3.2069185156751616e-08,ADAMTS19-AS1
ENSG00000249436,7.791234500044266,-2.611733416076704,0.5112145882993251,-5.108878885411401,3.24075997637882e-07,1.120083188610575e-06,LNCBRM
ENSG00000249464,50.39949416889781,-1.558809697666408,0.1853361244928436,-8.410717025253208,4.075117932139718e-17,4.454802922526244e-16,LINC01091
ENSG00000249487,5.295577815616656,-3.594693762303642,0.4252505131351852,-8.453120340294346,2.836190847523183e-17,3.1457333795045323e-16,LINC01586
ENSG00000249574,24.253228660192185,-2.05900520505762,0.3442964161588645,-5.980327149579036,2.226899178277854e-09,1.0208702029107121e-08,LOC442497
ENSG00000249599,45.25311983229711,3.931981482455804,0.5727064456635172,6.865614159275527,6.6205795408215496e-12,4.0708445464445327e-11,BMPR1B-DT
ENSG00000249661,688.8130505610925,1.7816018532822118,0.3617166109152767,4.925407900881579,8.418455520238343e-07,2.74537311879168e-06,TNRC18P1
ENSG00000249669,1688.0575154736453,-3.056872670204533,0.2422245532722675,-12.619995078568763,1.6383152082944815e-36,1.0101676719356343e-34,CARMN
ENSG00000249695,8.765322571804361,-2.107869541682033,0.3247250284777204,-6.491244458622489,8.513021225961265e-11,4.6454525478423135e-10,IQSEC3-AS3
ENSG00000249751,81.69949630260528,-1.5206634350271973,0.1925929187263999,-7.895739080560235,2.8859987806837008e-15,2.5893118702454204e-14,ECSCR
ENSG00000249790,12.16927889405122,-1.9718901400238948,0.2837538961453003,-6.949297143797314,3.671105829960592e-12,2.3211905170402745e-11,LINC02972
ENSG00000249797,3.59286761747334,-2.195887399060293,0.3279147047045806,-6.696520063162692,2.1344115744326423e-11,1.2445981157337226e-10,LOC124901051
ENSG00000249853,9.70787025678028,1.557819106260682,0.45676531078599,3.4105460057376664,0.0006483294537419,0.0013731852421449,HS3ST5
ENSG00000249859,998.321569830588,1.5089916450275067,0.1749636327303974,8.624601704245144,6.4316100721140565e-18,7.65957291063351e-17,PVT1
ENSG00000249896,8.3624318640807,2.1259957318539717,0.3354624463864598,6.337507386459524,2.3351201876830507e-10,1.2073116534567524e-09,JAKMIP1-DT
ENSG00000249906,3.4925146274009338,-2.163637921722558,0.257246643677016,-8.410752773276593,4.073876005199041e-17,4.454802922526244e-16,NGFR-AS1
ENSG00000249917,48.55239022633079,2.7221998062261727,0.2972340089839492,9.158439895662047,5.2652985023865794e-20,7.621204123143973e-19,LINC00536
ENSG00000249931,4.306456478597604,-1.6088395387656225,0.2281682021814511,-7.051111957687207,1.7749360646289717e-12,1.1603671812426796e-11,GOLGA8K
ENSG00000249992,537.3009133712886,1.848604947607556,0.2689767297620333,6.8727318874128525,6.2983878004201966e-12,3.879917844139239e-11,TMEM158
ENSG00000250048,2.964139337123,-1.9970311072889304,0.4293531714335064,-4.651255050990601,3.2992098721796365e-06,9.950800403265672e-06,LINC00603
ENSG00000250244,7.190562380033661,4.592044117108977,0.5220692741840838,8.795852091249108,1.4196649478776248e-18,1.7796035844267866e-17,FSTL4-AS1
ENSG00000250266,18.145379125789823,-5.115041165743422,0.3838813609784389,-13.324536395062726,1.6666487599703083e-40,1.410547477586336e-38,LINC01612
ENSG00000250274,3.9299296146770537,2.0344605762743604,0.295062932132486,6.895005623277914,5.386267249694442e-12,3.345175325090671e-11,LOC100128059
ENSG00000250282,5.025134801919999,-2.808645361471554,0.3306502989082716,-8.49430764389154,1.9911625888747437e-17,2.2536263117268443e-16,PDK2-AS1
ENSG00000250305,568.4832802795835,-2.317331612161498,0.2382761961455136,-9.725401234566965,2.349771683161218e-22,4.306564308966164e-21,TRMT9B
ENSG00000250327,15.373230835148568,-2.009269818063593,0.2079043572430409,-9.664394939615187,4.2713644996347735e-22,7.638728908330692e-21,RPSAP70
ENSG00000250331,4.469387367076409,-1.5155215765958103,0.3703280339533546,-4.09237604946403,4.269754866018894e-05,0.0001089882141887,LINC01340
ENSG00000250334,33.519358609903904,-2.0871827657975586,0.1941274221528439,-10.75161222794294,5.823471261825669e-27,1.6087188023182656e-25,LINC00989
ENSG00000250343,3.3990410086220906,-2.450904980083361,0.3258857533970517,-7.520749080114695,5.4463286895722917e-14,4.241974939196473e-13,STK32A-AS1
ENSG00000250387,3.752004658458334,1.7634150629931231,0.6244336856585346,2.8240229563102552,0.0047424987967685,0.0086465920323592,LINC02197
ENSG00000250420,5.031010496071173,1.77276529495215,0.4638813350354072,3.8215922070174217,0.0001325928188724,0.0003134365914903,AACSP1
ENSG00000250471,6.734281133095495,1.8102510962902327,0.2600756406683503,6.96047923457266,3.391171470119045e-12,2.1508444348070075e-11,GMPSP1
ENSG00000250475,7.008253205560512,4.749294045183406,0.768833243776915,6.177274569778442,6.52175982561701e-10,3.204210896020929e-09,RPL6P11
ENSG00000250535,12.49807002046463,2.070636973306432,0.3659245716601633,5.658644249857718,1.5257344701222534e-08,6.251371190795388e-08,WHR1B
ENSG00000250538,80.88173319165273,-4.779832599602496,0.6229309224486858,-7.673134255100712,1.678436487563576e-14,1.3766805449691986e-13,NPY2R-AS1
ENSG00000250546,4.687437582111646,2.81440130500354,0.6498396530358004,4.330916545113463,1.4848995716467444e-05,4.069843865151839e-05,LINC02994
ENSG00000250620,28.56285260830653,-2.4723366045765114,0.3132877861170386,-7.891583119850357,2.983769975434505e-15,2.6725206301709457e-14,LINC02515
ENSG00000250685,3.015014210939721,-2.116810544836241,0.3956139108974566,-5.350697957092111,8.761565191499266e-08,3.252844299582187e-07,ADAD2-AS1
ENSG00000250722,4261.998248360818,-1.6090883622675276,0.1923903060868892,-8.363666522474448,6.079861295697026e-17,6.507141116921003e-16,SELENOP
ENSG00000250934,23.29358500026438,-3.656968795975855,0.3098025532149351,-11.804191921680902,3.713411982569536e-32,1.586558254610698e-30,LOC105374088
ENSG00000250961,51.29523263536634,-3.3209424262753258,0.4095161941430973,-8.109428818130908,5.085826314857608e-16,4.95620954592376e-15,RMEL3
ENSG00000251002,34.724795079068855,1.5739743495905922,0.2690656713004934,5.8497776471557845,4.922305850720209e-09,2.156094906591224e-08,TRD-AS1
ENSG00000251026,6.031211849899404,3.2861584928892134,0.7029346592077481,4.6749131656033605,2.940780226672095e-06,8.930549025689741e-06,NIHCOLE
ENSG00000251138,10.15334585483052,3.890725108475882,0.7486990203411038,5.196647788724613,2.0291429367375281e-07,7.190823217825044e-07,LINC02882
ENSG00000251141,2842.367772314544,3.089151829122064,0.39020000581558,7.91684208888015,2.4361883148967746e-15,2.2035978375895773e-14,MRPS30-DT
ENSG00000251151,69.97304934120167,3.813768891324624,0.3743438980196697,10.187875137006325,2.2461998363252995e-24,4.892849233634823e-23,HOXC-AS3
ENSG00000251211,15.731112084550892,1.6529296188806473,0.2145935417043022,7.7026065451601085,1.3331837483008951e-14,1.1078598533801217e-13,NAXEP1
ENSG00000251257,19.094236924186465,-2.1679603831326157,0.2822202873228976,-7.681802055045672,1.56866095160369e-14,1.292224574980411e-13,EGFLAM-AS5
ENSG00000251350,16.872389632636644,3.60120963720998,0.5592132613799377,6.439778678215689,1.1964784164038168e-10,6.422220544522608e-10,LINC02475
ENSG00000251365,31.31227730281515,1.5160350460421166,0.2321475529229749,6.530480407627331,6.555906383345992e-11,3.6273831384014107e-10,LINC02236
ENSG00000251381,71.52628633453386,-2.0145140737053704,0.3086007315239931,-6.527897920905433,6.66991265344339e-11,3.68432610195922e-10,LINC00958
ENSG00000251493,33.02571085973091,2.80764850496206,0.3762752791327539,7.461687388640516,8.542136425329042e-14,6.487775807462683e-13,FOXD1
ENSG00000251533,13.943040372656142,2.035627199590498,0.3058478476950242,6.655685874305453,2.819819353746357e-11,1.6209539114386638e-10,LINC00605
ENSG00000251576,4.297619029830565,-2.0837356982729616,0.3154233275729345,-6.606155969206637,3.944273451206174e-11,2.2344716897421464e-10,LINC01267
ENSG00000251635,8.874834080312352,1.6565718585801978,0.3170621548417359,5.224754305372992,1.7438650733457896e-07,6.230601549363317e-07,LINC02278
ENSG00000251791,16.002665526804275,1.5389437711263303,0.339980236834637,4.526568324837237,5.99492227296104e-06,1.7436254722987813e-05,SCARNA6
ENSG00000252010,43.92301474923293,3.1956839927091445,0.4940046514140521,6.468935026343848,9.869601911755856e-11,5.344023447532841e-10,SCARNA5
ENSG00000253125,280.60172870629464,2.8130474624305,0.4048600107747384,6.948197864855716,3.699818562357208e-12,2.3371209482919608e-11,EGR3-AS1
ENSG00000253130,13.21346594941248,2.124630202856422,0.3862612042186644,5.500501162559567,3.7871325563137166e-08,1.4757045114961438e-07,LOC105379224
ENSG00000253161,65.13815042216709,2.3736388953246665,0.2320194935234778,10.230342542681573,1.450055657709382e-24,3.23282123352574e-23,LINC01605
ENSG00000253177,44.36292965541626,-3.413256345171646,0.25536214004776,-13.366336703370632,9.511091584336867e-41,8.260041139011511e-39,LOC101926956
ENSG00000253182,5.7870712215152444,1.9964899425691145,0.4338686700739686,4.601599701192392,4.192583834287614e-06,1.2495397472591136e-05,LINC02948
ENSG00000253187,7.353869047948401,-1.5322823324069157,0.2566811637583938,-5.969593989566007,2.3784471396387982e-09,1.0869687486827353e-08,HOXA10-AS
ENSG00000253250,45.02841491098919,-1.90857328655105,0.2277235370736812,-8.381098023844238,5.2436206663880256e-17,5.660000780229967e-16,C8orf88
ENSG00000253293,258.6967662922208,-1.6373905630808474,0.2446822285285512,-6.691906367404142,2.202818047886977e-11,1.2826443826160476e-10,HOXA10
ENSG00000253301,8.928900327763676,2.000591311494864,0.5814879754890577,3.4404689276889613,0.0005807071109277,0.0012406376294641,LINC01606
ENSG00000253364,13.02197693756587,3.394638725754795,0.4666963342261966,7.273763423454478,3.496080418121408e-13,2.4841801366731656e-12,COPDA1
ENSG00000253395,26.50229425819316,1.6034351680580423,0.2748177914283078,5.83453916765914,5.393943671531518e-09,2.3477913328579193e-08,LINC03044
ENSG00000253434,23.07921608674997,-5.091967459717925,0.3800270701221606,-13.398959863783128,6.131645461299902e-41,5.449781877392806e-39,LINC02237
ENSG00000253474,5.1990131907935,-2.516157693938654,0.5121660826305221,-4.912776888730088,8.979543981123317e-07,2.915828217233042e-06,LOC105375826
ENSG00000253490,9.36155209823825,2.0909570601958967,0.3241838813222232,6.449910623772149,1.1191613256190468e-10,6.02546844171924e-10,LINC02099
ENSG00000253521,3.397050465342069,1.592836437410434,0.4271929647394453,3.728611116950255,0.0001925380081054,0.0004434648609294,HPYR1
ENSG00000253616,9.79659476293918,1.818924866275081,0.3411812452289235,5.331256895597033,9.75353264284224e-08,3.598002914818608e-07,CHILL1
ENSG00000253647,3.617245055025439,-2.563791185039938,0.3537422563184485,-7.247624899898708,4.241432738781214e-13,2.97875462561075e-12,KCNIP1-OT1
ENSG00000253649,44.30081754339563,-1.5484342929937538,0.2931597404644014,-5.281879055223755,1.2786560221242538e-07,4.653558448089844e-07,PRSS51
ENSG00000253686,131.5297375533332,-3.0629833244540285,0.3033095396628349,-10.098539359688136,5.6071086373140174e-24,1.1835497381780782e-22,LINC01484
ENSG00000253755,4631.693966364276,3.003972717596732,0.3826568423460939,7.850304463861617,4.150284797435114e-15,3.649696177757715e-14,IGHGP
ENSG00000253802,103.6808186106748,5.843423955129099,0.7584698922623054,7.704226647282973,1.3163803375208292e-14,1.0949235514746802e-13,SIRLNT
ENSG00000253816,9.122601427963238,1.520012831885091,0.3609567233053616,4.211066684022375,2.541676995163072e-05,6.718896463389898e-05,GUSBP14
ENSG00000253824,5.877228717921806,2.5034564096532304,0.3746332190662076,6.68241971679186,2.3502872621018227e-11,1.3646249506304552e-10,LOC124901990
ENSG00000253959,11.165745441693172,2.035005396322703,0.3885431838106884,5.237526949679363,1.627425425594033e-07,5.840490301844892e-07,LINC01863
ENSG00000253967,2.599253533085504,-2.0649739986696063,0.5056832696435074,-4.083532366268228,4.4356247997804015e-05,0.00011288711842,LINC03020
ENSG00000254101,27.725704877486866,2.764651019266749,0.4569529788750619,6.050187102561044,1.446777052989565e-09,6.796552975640392e-09,LINC02055
ENSG00000254109,70.80247979104549,-2.243963492760536,0.1912395433680963,-11.733783992787377,8.554695248965696e-32,3.5801736415946995e-30,RBPMS-AS1
ENSG00000254122,343.6019790884012,-1.743269840637968,0.1992153781598177,-8.750679072774462,2.1207268527055416e-18,2.6237577332704737e-17,PCDHGB7
ENSG00000254135,9.072580951654633,-3.830295709729633,0.4820259854646942,-7.946243201052864,1.922528131803249e-15,1.7605508305538022e-14,LOC124901122
ENSG00000254211,91.48605941449036,-4.225056785522218,0.3275560252434049,-12.898730171068,4.575749933127102e-38,3.225478898484158e-36,LINC01485
ENSG00000254245,64.20810356303504,-1.758083424069287,0.2217659719668822,-7.927651877682267,2.2332830505090962e-15,2.0297365618084555e-14,PCDHGA3
ENSG00000254254,4.130736509507647,-2.5811839472603206,0.3036113211589644,-8.50160638742739,1.8698490055467526e-17,2.1226500351304976e-16,PENK-AS1
ENSG00000254337,16.915490163888947,3.028638048598752,0.3757922617891945,8.059341174773058,7.670673368730123e-16,7.332667078201548e-15,LOC107986951
ENSG00000254338,5.46894042302133,3.469531412015467,0.5188906439999975,6.686440490176739,2.2866406906021065e-11,1.3297040777407214e-10,MAFA-AS1
ENSG00000254340,15.009703450050033,1.9082436914652183,0.2805953934905592,6.800695006881582,1.0411563303901529e-11,6.266982894704033e-11,PPP1R3B-AS1
ENSG00000254369,21.18362761985649,-2.096582848827326,0.2872161890670983,-7.299668084996179,2.884784773843989e-13,2.0725373172453094e-12,HOXA-AS3
ENSG00000254389,237.8674908132143,1.7312467450865627,0.1714529918515853,10.097500932414055,5.666786271468024e-24,1.195197183843355e-22,RHPN1-AS1
ENSG00000254399,5.592574700715333,-1.5849225982367037,0.6063924683732003,-2.613691100894864,0.0089569977014526,0.0154694247570286,GLYATL1P4
ENSG00000254416,17.822593644783296,3.027544031230996,0.5169799485137576,5.856211715627939,4.735444752653909e-09,2.0786991130125145e-08,LOC124902752
ENSG00000254529,3.597019264482192,-2.3237954508034955,0.4688281188316893,-4.9566042595617965,7.173588068017051e-07,2.3596745006504903e-06,MRGPRX7P
ENSG00000254675,4.080876432962223,-1.9957019034227943,0.3781605461253869,-5.277393223250418,1.3103450953819494e-07,4.763669071104693e-07,LOC124902723
ENSG00000254726,2391.4638448486926,2.0173764102952223,0.2474947521445042,8.151188632546603,3.603644933439215e-16,3.5733904517219084e-15,MEX3A
ENSG00000254815,60.41209792091779,2.162699006218315,0.3123224328712383,6.924571463971449,4.372972439825796e-12,2.7366115606197846e-11,LMNTD2-AS1
ENSG00000254854,29.34309219151042,1.6205955562358172,0.1929962917763429,8.397029504141315,4.579150202852848e-17,4.962924822219186e-16,NECTIN1-DT
ENSG00000254862,14.941047831680104,-2.7346160575436844,0.2524737286692316,-10.831289544292874,2.446848690672001e-27,6.939701596009438e-26,LGR4-AS1
ENSG00000254951,17.321727722944992,-2.919371166585825,0.4346593566754793,-6.716457662190519,1.861953744998848e-11,1.0932704545590891e-10,LOC283299
ENSG00000254965,4.229560736175757,-2.220353570671288,0.2912181992020622,-7.6243640567624436,2.452403534769101e-14,1.9773247553546378e-13,C1DP5
ENSG00000255007,13.265708595086693,3.3955960455953784,0.4529198241091927,7.497123916520703,6.523330474846859e-14,5.020489642891843e-13,LINC02489
ENSG00000255120,6.94221341744737,1.574869116132873,0.2756349345290448,5.713604913048213,1.1060762950823278e-08,4.624603137478424e-08,OVOL1-AS1
ENSG00000255178,7.258381203332913,3.0343140854284965,0.4695998567044718,6.461488524980637,1.0367801903289192e-10,5.600088121542891e-10,LINC02720
ENSG00000255221,7.207423996517544,2.966021914083156,0.4040656765933937,7.34044509568138,2.1288469113134326e-13,1.5508252924384446e-12,CARD17P
ENSG00000255274,21.551348273273035,-2.3892483905383592,0.2894697676949916,-8.253878840486932,1.533348056614458e-16,1.5800203413931454e-15,SMIM35
ENSG00000255345,5.833926247519539,2.8326752301866707,0.4732881112284698,5.985096948313703,2.162610094548789e-09,9.937984309637572e-09,TENM4-AS1
ENSG00000255398,35.24344702559702,-1.93678402927584,0.2041678793569198,-9.486232777537031,2.3953476577078465e-21,3.963659028865879e-20,HCAR3
ENSG00000255471,200.5714745327129,-3.088434775577832,0.2266247965912118,-13.627964909545108,2.7308995407082517e-42,2.610563140083517e-40,PRSS23-AS1
ENSG00000255595,5.603389803343703,-1.6039605652359803,0.49529681125179,-3.2383825794924976,0.0012020949211243,0.0024330291339587,LINC02350
ENSG00000255624,53.55297909537752,2.196367577977586,0.2320971498473227,9.463138946007708,2.9883491155157922e-21,4.8961391951191243e-20,C10orf88B
ENSG00000255642,138.7130368136642,-1.5823137445630764,0.1750486731165076,-9.039278712555172,1.5770897578162718e-19,2.1681924632161112e-18,PABPC1P4
ENSG00000255774,383.05172299578334,3.1057905166803086,0.4010464630563985,7.744216201312181,9.617324566085536e-15,8.126562809021403e-14,LINC02747
ENSG00000255815,53.69942272266279,1.6060193155131297,0.2820631369386957,5.693829165142504,1.24221380149683e-08,5.156487312523938e-08,KRT8P11
ENSG00000255833,33.86298683848289,1.674834022069944,0.2785122971480602,6.013501160344039,1.8155863059745002e-09,8.424865737955711e-09,TIFAB
ENSG00000255836,76.10008652249425,1.7008041379434888,0.3817905994187073,4.45480884163475,8.396797580951434e-06,2.3888758774626307e-05,LOC100419928
ENSG00000255967,13.801726546948624,-1.7802083152279549,0.2325743201037562,-7.654363192091746,1.9427250706223767e-14,1.5836784893187017e-13,HADHAP2
ENSG00000255986,4.028317336116656,-3.291074124618074,0.3792448593751583,-8.67796634090289,4.0290823436505855e-18,4.85811539394348e-17,MT1JP
ENSG00000256037,7.571155902875524,2.7032784902692297,0.3362666237990953,8.039092490738305,9.050624877457251e-16,8.605379467564455e-15,MRPL40P1
ENSG00000256039,38.772415522657965,1.6958407758455585,0.3304349142368963,5.132147671991379,2.864546069989345e-07,9.96535041366237e-07,LINC02446
ENSG00000256124,238.70508462653805,-3.121744145767253,0.3813642449784237,-8.185728439077637,2.706614432723993e-16,2.72249351058441e-15,LINC01152
ENSG00000256166,11.119100178775536,2.2766035782102616,0.4036264179223437,5.640373070546318,1.6968211389134504e-08,6.925667603536316e-08,LINC02571
ENSG00000256235,1964.0944518760489,-1.5796126019249943,0.168999467146608,-9.346849600150934,9.029721659647802e-21,1.4107281193717832e-19,SMIM3
ENSG00000256357,9.18391963300554,2.714480940358166,0.5296639349244303,5.124911781553437,2.976770908161679e-07,1.033276996922631e-06,LOC105370635
ENSG00000256463,4.760895486010598,2.8299492808033557,0.4549925170722486,6.219771039342138,4.978808720488831e-10,2.4800720102528718e-09,SALL3
ENSG00000256508,7.272254642513306,-3.603838929227612,0.2401774702014861,-15.004900027485228,6.819361766384248e-51,1.3940349149358567e-48,MRGPRF-AS1
ENSG00000256612,4697.062916550181,2.973757278659383,0.4438696311100369,6.699618694846411,2.0896407746042486e-11,1.2207562889669795e-10,CYP2B7P
ENSG00000256678,11.658268225513766,3.4243126242422663,0.6108553659823789,5.605766626499678,2.073351758704925e-08,8.373757292945804e-08,SZRD1P1
ENSG00000256870,225.4497795965265,2.803988239289084,0.5979401235667375,4.689413084646633,2.739897801649018e-06,8.35967670250547e-06,SLC5A8
ENSG00000256916,114.47777077154558,-1.6123567106202132,0.4576105835500588,-3.523425306538687,0.0004260071533498,0.0009292571698491,MMP20-AS1
ENSG00000256940,5.409877697394743,1.7365632491555012,0.2695721238010985,6.4419244270108935,1.1796802193452459e-10,6.338455687242199e-10,PPP1R14B-AS1
ENSG00000257084,211.49071759075247,1.6085424487579378,0.2508912534550838,6.411313374246065,1.4427129307713818e-10,7.68338599904799e-10,MIR200CHG
ENSG00000257167,137.93949330062017,1.617081531402878,0.1441501020090214,11.21803945238745,3.3256139306067777e-29,1.128712518593552e-27,TMPO-AS1
ENSG00000257219,30.75989848588592,-1.9528417518720405,0.211824871877949,-9.21913340279155,2.995109774613609e-20,4.439210388196133e-19,LNCOG
ENSG00000257259,6.310683641423756,-1.7773518895356508,0.3146647334519477,-5.648398757743436,1.619491807447601e-08,6.623267895186212e-08,LINC02388
ENSG00000257542,5.376918436844545,1.598365149890849,0.46085825328766,3.468235923927734,0.0005238871387136,0.0011265820287518,OR7E47P
ENSG00000257551,3.643092862724788,-2.079519677520304,0.2569261243107678,-8.093842862802845,5.781125920340451e-16,5.5988856170935656e-15,HLX-AS1
ENSG00000257660,13.436760044548272,1.5758721364151729,0.2220635052413594,7.096493116698159,1.2796231709622961e-12,8.507877350093325e-12,ADCY6-DT
ENSG00000257743,316.4885527215818,-1.9779934219412871,0.4191847181218812,-4.718667776829999,2.3739413759357835e-06,7.302638275899229e-06,MGAM2
ENSG00000257842,7.12027833991607,1.9958723893487045,0.5114981523367793,3.9020129011816778,9.539607184296412e-05,0.0002312038859303,NOVA1-DT
ENSG00000257986,28.845692835383243,1.6250810114125036,0.528444087618165,3.0752184563880105,0.0021034842052125,0.0040814904171673,LINC02306
ENSG00000257989,16.159337789940768,1.5396635363612128,0.4258259687494247,3.615710758277452,0.0002995246684902,0.0006699661699461,SMIM41-AS1
ENSG00000258168,38.4292462001464,-1.570240862745973,0.2521657297537745,-6.227019287193481,4.753926173008177e-10,2.373836678836758e-09,PTPRB-AS1
ENSG00000258227,299.16402056738855,3.7086237092934944,0.2324675211857684,15.953298294645965,2.702396104435279e-57,1.0259453782195363e-54,CLEC5A
ENSG00000258331,5.289089451979291,2.3104547701077065,0.4062338728948417,5.687499059700012,1.2891331276462724e-08,5.3370794309393504e-08,LINC02461
ENSG00000258408,6.5214280601223695,2.2868419457871605,0.4116177207540106,5.55574221051045,2.7643459640364103e-08,1.0971101253624197e-07,NT5CP2
ENSG00000258477,6.166285561666753,1.504463917202388,0.2458463896822694,6.119528210874883,9.385281435239036e-10,4.517548526380681e-09,PPIAP6
ENSG00000258479,21.662986941292733,-2.8160554862393385,0.2334282436111697,-12.063902134011464,1.6383257080806942e-33,7.858936045531488e-32,LINC00640
ENSG00000258498,139.26685697735732,-1.9596430994855052,0.28732477411984,-6.82030676083699,9.084631186890548e-12,5.500662424051408e-11,DIO3OS
ENSG00000258545,179.05247587134434,-3.307855787916143,0.2926150170311239,-11.304463528487686,1.2471401667068138e-29,4.401427613576837e-28,RHOXF1-AS1
ENSG00000258548,10.656246626547832,-4.161271295488679,0.6342613042813434,-6.560815341247489,5.3514357427806606e-11,2.9833103600670455e-10,LINC00645
ENSG00000258551,12.760226151296015,2.05393899641235,0.4318517186158996,4.756120927329638,1.973482815072432e-06,6.135687516249792e-06,CRAT37
ENSG00000258572,32.752826410394654,-2.377502740397637,0.242620309615267,-9.799273375620286,1.1339843214986765e-22,2.1372789605551295e-21,SYNE3-AS1
ENSG00000258592,3.4125522603229155,1.5334227578107815,0.6803624850968112,2.253832025427718,0.0242067372646311,0.038350664290424,LINC03059
ENSG00000258636,28.5349051961453,-1.765962759178774,0.2681897482414496,-6.584751172475423,4.556478329611774e-11,2.5638029136022205e-10,LRFN5-DT
ENSG00000258815,6.361652290679312,2.953155574100105,0.9653737195943156,3.059080140840302,0.0022201774954629,0.0042909975957765,LINC02820
ENSG00000258819,65.64074529485572,-2.459870192740237,0.2319570597908657,-10.604851583125232,2.829128178847682e-26,7.327883172795044e-25,LINC02289
ENSG00000258867,18.08952579892832,1.7995591135048308,0.2413269306364325,7.456934494459425,8.855870349756961e-14,6.71645988997692e-13,HISLA
ENSG00000258884,13.875622132127292,1.8266729652656848,0.2297684751433336,7.950059137251854,1.8642250301169995e-15,1.7112877435357262e-14,LINC02321
ENSG00000258894,4.2552864283522815,4.621875949509537,0.72990066842723,6.332198543493088,2.416921918218576e-10,1.2464525514585419e-09,ARHGAP16P
ENSG00000258910,59.712030491431264,1.920618825251574,0.4409243285881377,4.355892158188445,1.325260162901205e-05,3.660616238343158e-05,LINC01956
ENSG00000258947,18.624597006571012,3.070451828237984,0.3053887280638369,10.054240861162866,8.799701499823808e-24,1.8255430707089595e-22,TUBB3
ENSG00000258952,19.66878549204044,1.7490221811446955,0.3570530719515323,4.898493581318673,9.657419294611123e-07,3.123733176171989e-06,SALRNA1
ENSG00000258986,36.33489363842016,2.361864005599315,0.4797349558430482,4.92326851906958,8.511053955469189e-07,2.7742089889193387e-06,TMEM179
ENSG00000259070,96.04403298692364,-1.6566673233637674,0.2184096392245542,-7.585138317363787,3.3213255798717854e-14,2.649781665718784e-13,LINC00639
ENSG00000259120,11.80524042566021,1.6221796800811603,0.3285212846309273,4.937822162431806,7.899983236365828e-07,2.5851749108043574e-06,ERLN
ENSG00000259134,53.08180394480839,-2.3870928025942586,0.2088757204849295,-11.428292369512082,3.019891221487683e-30,1.1271574327392582e-28,LINC00924
ENSG00000259153,139.64809138228938,1.687282634042122,0.1680456353445864,10.04062158819097,1.0103545414597969e-23,2.0797964321684048e-22,MAP3K9-DT
ENSG00000259225,19.25942698807152,1.674823845248206,0.2723602586944696,6.14929598494398,7.782762287594738e-10,3.7838804938315075e-09,LINC02345
ENSG00000259236,10.389398496922768,-1.853737106328564,0.2286656029891263,-8.10675974915525,5.198751171207597e-16,5.0588360444834104e-15,GOLGA8VP
ENSG00000259278,7.944179483167942,2.3665435398711887,0.3480229980746035,6.79996308566909,1.0464596115054693e-11,6.297478300669802e-11,LOC105370781
ENSG00000259347,48.57451083093415,-3.626361545740504,0.2562989188952586,-14.148953734847726,1.8955650412506178e-45,2.3650066183678485e-43,SMAD3-DT
ENSG00000259351,8.974121326302358,-1.5806793514100388,0.2580723744597204,-6.124945975791565,9.071438066984497e-10,4.372818186651787e-09,LOC101928988
ENSG00000259354,53.07622328538436,1.5267947919788092,0.2596650980578778,5.879861419182701,4.106101070070159e-09,1.8138237356568236e-08,SLC30A4-AS1
ENSG00000259362,9.80318413447157,1.5041365898894878,0.316827156821883,4.747498935942217,2.0594747326661298e-06,6.381826145126213e-06,LOC101929457
ENSG00000259430,20.81074167024388,-1.531267188349017,0.3731102577855614,-4.104060814187227,4.059606740023864e-05,0.0001039746040055,CERS3-AS1
ENSG00000259439,68.87504454038195,2.5463331384318324,0.4528043428191032,5.623473314276716,1.8715568639191104e-08,7.599178557471409e-08,LINC01833
ENSG00000259441,3.995063914742648,-2.549651412596754,0.3462256466910424,-7.364132140308943,1.783030107317033e-13,1.308589480860264e-12,MRPL15P1
ENSG00000259446,4.686830670338053,-3.2692990989493627,0.3565048140681885,-9.17042062249416,4.7117690004051774e-20,6.857352748399101e-19,RYR3-DT
ENSG00000259459,623.2077371249611,1.5858962314122875,0.355702882263371,4.458485748895484,8.254068363087824e-06,2.350786268878565e-05,LINC02568
ENSG00000259517,5.553152903940139,-2.6723523156954627,0.6430128532406196,-4.155985844182575,3.238878785776153e-05,8.42368406067736e-05,LINC02169
ENSG00000259527,46.97593822003436,6.73347265745026,0.7086675371656257,9.501596029615438,2.0669763144297122e-21,3.448204366350885e-20,LINC00052
ENSG00000259660,7.224210857555755,-2.111508986214347,0.2449354796655018,-8.620674265312426,6.656100281792065e-18,7.914356375329938e-17,DNM1P47
ENSG00000259728,58.38605643895175,-1.6536780110668106,0.1509901354000074,-10.952225499274103,6.483478435834729e-28,1.9446776459628436e-26,LINC00933
ENSG00000259807,88.77609504305256,1.9789599945299496,0.2049362312742218,9.656467195797775,4.615049907380927e-22,8.203675671481482e-21,LOC101928188
ENSG00000259916,51.80389619143258,-4.9356650641089885,0.3985783496445249,-12.383174019639798,3.223380346487708e-35,1.7772060727782328e-33,AQP7B
ENSG00000259964,8.149232236496097,1.6330130314130695,0.413919739707987,3.94524076712343,7.971983607628289e-05,0.0001953665292998,THSD4-AS1
ENSG00000260001,13.51963819301792,2.839713957753327,0.3536460107447473,8.029820417804629,9.76154458320861e-16,9.244941101167811e-15,TGFBR3L
ENSG00000260009,8.65080664435078,1.9552912064982864,0.3748484091246288,5.216218500338347,1.8261275055851477e-07,6.502658242117821e-07,LINC02130
ENSG00000260102,10.983296347674376,-4.831531706424997,0.4475750585545729,-10.794908282039328,3.638256044255385e-27,1.01668406284003e-25,LINC01070
ENSG00000260105,26.24546251176501,-3.2221972076555057,0.2484917020519177,-12.967021357446724,1.882028272192972e-38,1.3702712694117324e-36,AOC4P
ENSG00000260132,4.657938153659996,3.0139334723198954,0.440209613110852,6.846587131573925,7.563258786194727e-12,4.6216050182369477e-11,UNKL-AS1
ENSG00000260135,42.84983918753017,1.898289387536751,0.2811965631808176,6.750756005207985,1.4707675795487635e-11,8.716692334190096e-11,LOC105371279
ENSG00000260192,18.537019344731934,-3.0143848743600468,0.300778759438517,-10.02193399556269,1.2209012989176432e-23,2.499649616235468e-22,LINC02240
ENSG00000260219,292.56106168435844,1.9686065523711316,0.2045282529895019,9.625108138346912,6.26410015297899e-22,1.0980769232547271e-20,CD2BP2-DT
ENSG00000260220,19.25737800659214,3.372160350453375,0.3769119852443576,8.946811145491045,3.6589951677977314e-19,4.849765415672055e-18,CCDC187
ENSG00000260265,43.1564019381666,1.9159358478394657,0.686185371994327,2.792154898713442,0.0052358284990736,0.0094706059326763,LINC02562
ENSG00000260284,105.6343712197294,3.593326174861406,0.4009456552905114,8.962127728402008,3.1847265192718725e-19,4.246568351713498e-18,TPSP2
ENSG00000260314,1352.733058088116,-1.9336289474141692,0.2617708875919898,-7.386722661184643,1.5049203884282628e-13,1.1124689658548285e-12,MRC1
ENSG00000260318,102.87037752681417,2.5812937123976103,0.4205594574847664,6.137761656426691,8.369230072656095e-10,4.05048787435505e-09,COX6CP1
ENSG00000260428,64.66324842206284,2.703150746543981,0.259874391553314,10.40175882812763,2.433984631651126e-25,5.785611948669828e-24,SCX
ENSG00000260442,13.071849479203909,1.8928152425713656,0.2578810707768997,7.339876621688508,2.137908415568445e-13,1.5569996202721685e-12,ATP2A1-AS1
ENSG00000260573,25.583595479011265,2.691737571741596,0.4659500512290005,5.776880085412175,7.609847967591432e-09,3.2471372790421056e-08,LOC124903770
ENSG00000260710,86.35034757929685,2.2193526988639887,0.3631742377069874,6.110986045917124,9.90174246898672e-10,4.749797944283792e-09,UBE2I-AS1
ENSG00000260788,6.150062912762657,1.8096089369222232,0.3528081887839959,5.129157980032437,2.910410270951424e-07,1.0115636012363863e-06,CEDORA
ENSG00000260792,7.885858027086243,1.5270797599953136,0.2934318756339389,5.204205428248601,1.9482839498518379e-07,6.916329944872106e-07,LINC02280
ENSG00000260802,5.448121376266569,-1.9634542885816448,0.375492282137881,-5.229013702765436,1.7041673558671857e-07,6.09532267593142e-07,SERTM2
ENSG00000260903,12.272618442138214,3.0618247181909646,0.4655588439803841,6.576665351286875,4.811159222036887e-11,2.6979648939782706e-10,XKR7
ENSG00000260963,3.868951639627731,2.026037064525694,0.5083569645163765,3.9854614098838153,6.734912283266182e-05,0.0001667570054297,LINC03064
ENSG00000261040,62.99301302605157,2.90845219496235,0.3022771539350283,9.621806203678544,6.468518151275153e-22,1.131671296050936e-20,WFDC21P
ENSG00000261054,27.214382604089742,-3.525390957750276,0.3530112863834042,-9.98662392318347,1.7442129557498616e-23,3.5275844215412923e-22,SYNM-AS2
ENSG00000261210,7.1634956580674105,1.75100932916149,0.2554558434099225,6.854450091210857,7.158735810123537e-12,4.3865207321658524e-11,CLEC19A
ENSG00000261220,60.800800660568434,1.995154747897384,0.1999684683238974,9.977346751817626,1.9151953412190082e-23,3.8645646311993263e-22,ST3GAL1-DT
ENSG00000261327,57.53038474614919,3.77502240217504,0.2497814107307235,15.113304033039904,1.3233447522881748e-51,2.9064369249634908e-49,LOC105371401
ENSG00000261371,15098.16289429566,-1.6705204851333968,0.154865197706366,-10.786932828515845,3.968125636999617e-27,1.1053767170153546e-25,PECAM1
ENSG00000261390,23.2215633002534,-2.037127676915931,0.2249442402475765,-9.056145090329242,1.351422747698351e-19,1.8724744275330386e-18,MAFTRR
ENSG00000261399,6.439530115444742,-2.6530820061114584,0.4325193565580389,-6.134019127431691,8.568620948756762e-10,4.1409547501947805e-09,MAPK8IP3-AS1
ENSG00000261437,155.13522096016405,1.7474236060548736,0.202832450078781,8.615108703642667,6.987526750724237e-18,8.286190245448307e-17,LINC02894
ENSG00000261456,23.253851551694947,1.9359570172973632,0.2399083177511873,8.069570223510025,7.054604953174498e-16,6.768091214101526e-15,TUBB8
ENSG00000261488,126.31892822047338,1.6225569339707313,0.254499282092643,6.375487273005692,1.8238213584326423e-10,9.571100434507791e-10,TBILA
ENSG00000261587,5.197572122238521,2.081948721881453,0.3277437680409581,6.352367077262844,2.120266186427528e-10,1.1035267117961524e-09,CATSPERQ
ENSG00000261616,131.29299770505617,-2.444988693058689,0.2878492322965115,-8.493990668490381,1.9966034615993762e-17,2.2588223495957184e-16,TTC23-AS1
ENSG00000261634,9.48904281250723,1.52140452187325,0.3701025180583327,4.110765119499829,3.9435019553831696e-05,0.0001012155345415,PAQR5-DT
ENSG00000261678,6.725001955325612,1.5463964845846356,0.3206979526393604,4.821971801995348,1.4214604362047354e-06,4.505643021486265e-06,SCRT1
ENSG00000261706,7.650627475920543,-2.387679462281499,0.362263923265646,-6.590994324683631,4.368905898654336e-11,2.4666172563573176e-10,LINC00165
ENSG00000261716,498.9174593012437,2.0438464691613194,0.2121884515434116,9.632222933410532,5.845108688967916e-22,1.0280196122390623e-20,H2BC20P
ENSG00000261742,47.04531178028208,4.582796399604501,0.3232603042225995,14.176799129808256,1.2753225522954691e-45,1.6294085013101965e-43,LINC00922
ENSG00000261787,6.17520826609652,2.7255252339834244,0.4580799303698919,5.949890080935456,2.683226245685757e-09,1.2182938233230648e-08,TCF24
ENSG00000261924,5.436823432304232,2.194232778604729,0.3161895522709602,6.93961189686739,3.9317858912164686e-12,2.4765871073495537e-11,LOC400627
ENSG00000262097,78.33494599267291,-2.880230231889804,0.1941547218269721,-14.83471637870658,8.737242266988835e-50,1.5795388656137979e-47,LINC02185
ENSG00000262152,59.4061172942172,2.544465922855149,0.3109505957820735,8.182862349742566,2.771797235112785e-16,2.7859497550348813e-15,GREP1
ENSG00000262179,91.18586889504704,-3.317214876930952,0.2747551289749311,-12.073350147482117,1.4606445474371889e-33,7.044760226523285e-32,MYMX
ENSG00000262188,9.420279997009905,1.9153642934364568,0.2738399577173184,6.994466072090415,2.662710071815524e-12,1.7050968712890972e-11,LINC01978
ENSG00000262406,255.87171145526267,2.976008236318435,0.3672544627797459,8.103395704964493,5.344604575510207e-16,5.195057300445638e-15,MMP12
ENSG00000262772,215.57519357957,1.802377248738184,0.2670746217346508,6.748590476443384,1.4928829643794774e-11,8.843817382609143e-11,LINC01977
ENSG00000262814,249.09839042368955,1.6065849154813154,0.2444227824354163,6.572975315448847,4.931963728561869e-11,2.7604662191771623e-10,MRPL12
ENSG00000263011,30.40254705262374,1.677541620351943,0.2444417060552827,6.862747145008681,6.754873175799427e-12,4.148619243052225e-11,LOC124903629
ENSG00000263080,6.397697977664593,1.7188546864219918,0.2416526594390838,7.112914421929973,1.13617735539339e-12,7.595953011214926e-12,LOC105371083
ENSG00000263155,384.6810449036313,-2.938903945140964,0.244445723669753,-12.02272594922312,2.699174398950734e-33,1.2673243754790771e-31,MYZAP
ENSG00000263257,12.114745698626626,-3.6619428374205145,0.3470504965185726,-10.551613883729289,4.9931949019122215e-26,1.2625514226290891e-24,LINC03107
ENSG00000263400,29.7175399409034,-1.9600714970199973,0.1784871774525083,-10.981581562303155,4.686462481085644e-28,1.4266064196431956e-26,TMEM220-AS1
ENSG00000263513,13.56768519331442,2.789143462350507,0.293791076660598,9.49362892179555,2.2312825028335677e-21,3.706020782050128e-20,FAM72C
ENSG00000263586,20.78849809459389,-2.1651294293148897,0.1955826977686816,-11.07014809600192,1.7511098132076306e-28,5.6134792866095045e-27,HID1-AS1
ENSG00000263639,489.500974312596,3.0816114761932965,0.4495057354466171,6.855555409390912,7.103598093708518e-12,4.353738914674905e-11,MSMB
ENSG00000263718,5.601718714811191,2.011777156841751,0.3441579823366293,5.845504855598503,5.050342046971967e-09,2.206722129205525e-08,SEPTIN9-DT
ENSG00000263740,8.769934920228627,1.9867447930758837,0.3218764024106875,6.172384114511639,6.726783052551786e-10,3.300669490796967e-09,RN7SL4P
ENSG00000263745,9.984355539838182,3.839183873110704,0.4389954973549635,8.74538325846748,2.2225992167770952e-18,2.7446828153276626e-17,LOC105371956
ENSG00000263934,118.9187680950835,2.231478880030002,0.3334116582960309,6.692863985124081,2.1884453554267027e-11,1.2745547955394396e-10,SNORD3A
ENSG00000264061,5.237099872719246,2.2041043780846867,0.541693428028934,4.068914747784159,4.7232624237133465e-05,0.0001197031269408,FGF7P1
ENSG00000264176,23.55451121077414,-1.7034290856253904,0.1763029731595431,-9.661941912255182,4.374910375438391e-22,7.811794993895734e-21,MAGOH2P
ENSG00000264269,11.726068422505609,2.60991351985216,0.2832910927532256,9.212832971510512,3.1762903818811984e-20,4.697268608708562e-19,DYM-AS1
ENSG00000264345,19.144099597893263,-2.262168636787506,0.2556180198368264,-8.849801114301565,8.767539893219289e-19,1.1217976536461368e-17,LINC01894
ENSG00000264425,12.467401013226665,2.297568408368863,0.2602215778413178,8.829277062373022,1.0535445258780102e-18,1.338333928069222e-17,MIR4653
ENSG00000264570,7.904226709427445,2.540579059678493,0.4502106264174499,5.643089946354988,1.6702503012285162e-08,6.820359827158546e-08,SNX19P3
ENSG00000264589,112.05469044221115,1.607377743037088,0.3851178401277202,4.173729636892485,2.99653331271936e-05,7.830174315193411e-05,MAPT-AS1
ENSG00000264644,4.809811232332652,1.9114572250487012,0.3269697421718776,5.8459758763974845,5.036070304221831e-09,2.201572106180213e-08,KRT18P8
ENSG00000264714,10.702406112338991,1.9972472712983536,0.3420280274743109,5.839425751295668,5.2381054094910124e-09,2.28350805868149e-08,KIAA0895LP1
ENSG00000265158,48.00061808144509,-1.7408543392791616,0.2346230463877365,-7.419792582533588,1.173038925326077e-13,8.783744559183008e-13,LRRC37A7P
ENSG00000265374,3.0673155322807,-2.8736263793528805,0.3296888514093545,-8.716176986478906,2.8775336842598705e-18,3.520739302910039e-17,LOC105372040
ENSG00000265480,5.453141881065781,2.746681139539981,0.3547171585787563,7.743299338958105,9.686961632135319e-15,8.182803730896253e-14,KRT18P55
ENSG00000265531,24.558509220229745,1.7357782451441195,0.2191190972774339,7.921620099348955,2.3443566267793826e-15,2.123424586116636e-14,FCGR1CP
ENSG00000265688,404.0246960503107,1.8145201990377344,0.1756420658630336,10.33078374546508,5.114100470567722e-25,1.185926876137323e-23,MILIP
ENSG00000265702,9.949420330034544,1.6803257433525984,0.3011536104652906,5.579630079003366,2.4103063650603943e-08,9.64957692851461e-08,MARCHF10-AS1
ENSG00000265766,103.8250544232871,5.652958704653957,0.6348042210194971,8.905042716280764,5.336549384480994e-19,6.962140397279451e-18,CXADRP3
ENSG00000265888,6.807530349071851,-1.5410544914799271,0.228907953453713,-6.73220160430791,1.671148652864159e-11,9.849362486108898e-11,DSCAS
ENSG00000265939,17.416351751936045,-1.7248512123123667,0.2137447447431149,-8.069677756921443,7.048394705249896e-16,6.7645752723732754e-15,UBE2CP2
ENSG00000265962,7.07603932423127,2.101922178593188,0.5033236979374813,4.176084271824354,2.9656998804004743e-05,7.754178898233236e-05,GACAT2
ENSG00000265972,68461.41920774346,-2.1779149239384585,0.1649407082431594,-13.2042292478078,8.294433665839794e-40,6.699835096343238e-38,TXNIP
ENSG00000265992,5.259331711243244,-1.5610283235580045,0.554051631325712,-2.8174780747831027,0.0048402419257847,0.0088090281590008,ESRG
ENSG00000266088,34.63102458762514,2.4315854700260977,0.2301011432208243,10.56746366397904,4.2174656638077087e-26,1.0725277513463144e-24,LOC105371773
ENSG00000266200,15.783587479971304,2.932937919210721,0.4583036816019458,6.39955129524377,1.5583422242821935e-10,8.234826925889699e-10,PNLIPRP2
ENSG00000266242,28.58367395741615,3.2393905197665425,0.6068444774613043,5.338090136896901,9.393076180384807e-08,3.475163573628376e-07,GRAMD4P7
ENSG00000266265,34.79196985766234,-1.6503459743733024,0.3299643693880044,-5.0015884364552825,5.685987331606946e-07,1.898305443937872e-06,KLF14
ENSG00000266289,12.338860737725843,1.6559193459187969,0.2119681354138819,7.81211450808634,5.6236432422409805e-15,4.8648541394060575e-14,LINC02933
ENSG00000266402,18.349127654523183,1.7300959411176795,0.2691023266901828,6.429137801954186,1.283297512161424e-10,6.868807932666634e-10,SNHG25
ENSG00000266445,4.706889075243917,1.7110459347735951,0.271425164019934,6.303932581018658,2.9018676019698355e-10,1.481028068414603e-09,NARF-AS1
ENSG00000266524,303.9757594135675,-4.292984754747711,0.2976497335438169,-14.422941702770723,3.711787147011206e-47,5.303265775904452e-45,GDF10
ENSG00000266964,7.555312473028836,-3.891231512187936,0.3447827243052723,-11.286039693632157,1.5381207912816437e-29,5.364246722875286e-28,FXYD1
ENSG00000266970,43.17584864989568,2.3502659083880446,0.2367769898774225,9.926073938201334,3.206323112409223e-23,6.330463351580616e-22,SOCS3-DT
ENSG00000267013,97.78056681402914,3.8259941394370034,0.2985541167022106,12.81507748644845,1.3500343723110931e-37,9.270584869293878e-36,LINC01929
ENSG00000267097,8.081438581902791,-2.01159408698779,0.3173680026311803,-6.338364517879592,2.3221690882058514e-10,1.2017846839156862e-09,SLC14A2-AS1
ENSG00000267122,7.303308362990456,-3.5698257679673606,0.3544168176335002,-10.072393832221842,7.317500439765606e-24,1.5312013715493778e-22,DOT1L-AS1
ENSG00000267123,11.280680543661326,2.454241394991344,0.3040149976755146,8.072764218069393,6.872424154390974e-16,6.602844248117864e-15,SCAT1
ENSG00000267147,15.94853224587733,3.0352234254855475,0.3676388370399594,8.255992348152388,1.5064527776804382e-16,1.5541142300798774e-15,LINC01842
ENSG00000267201,4.957947221619857,2.24512744581456,0.276753352577249,8.11237668814829,4.963913672831025e-16,4.844509946951321e-15,LINC01775
ENSG00000267260,24.331040075890208,2.088750155665952,0.3463665163105031,6.030462118322877,1.634914923293203e-09,7.63314548252229e-09,ZNF850-DT
ENSG00000267272,133.66545935597213,-2.0784010798505075,0.2157975015486213,-9.63125645540536,5.90035396067208e-22,1.0370496461961672e-20,LINC01140
ENSG00000267299,4.292178067429441,-1.9631258594639032,0.2771043740105551,-7.084427542775366,1.3962023924112993e-12,9.243666810744962e-12,RFX2-AS2
ENSG00000267339,6.049400268717288,-3.367001533362393,0.3650368099428073,-9.223731529677575,2.869368654178294e-20,4.2671221032338094e-19,LINC00906
ENSG00000267361,12.364010166783997,-2.5208968456302743,0.4094540115620415,-6.156727677458111,7.4263383961874e-10,3.623186026779516e-09,SEC24AP1
ENSG00000267365,42.85855605296179,-2.376047895923235,0.2107246757876152,-11.275603519342944,1.7318689660637744e-29,6.008409630958852e-28,KCNJ2-AS1
ENSG00000267374,95.52647307590894,1.5403255042403745,0.2512722123459315,6.130106826614704,8.782008582496625e-10,4.238682856517396e-09,MIR924HG
ENSG00000267432,9.21984737647221,3.201805063234695,0.4548295889667885,7.039570733531343,1.928329742967984e-12,1.2541694302343164e-11,DNAH17-AS1
ENSG00000267532,25.388921673768127,-1.9950930950744248,0.2017171530864175,-9.890547554077902,4.575185406885371e-23,8.887832762279148e-22,ALOX12-AS1
ENSG00000267594,16.123596561446757,-2.9991008312177816,0.4559577041542786,-6.577585604745042,4.781485845355176e-11,2.683589996627536e-10,CYP4F24P
ENSG00000267603,14.12305931148526,-5.71256464296129,0.3763882697801509,-15.177318480987756,4.998001703417849e-52,1.18477637661004e-49,LINC01028
ENSG00000267714,4.814166269213282,-2.5351354734573994,0.445913584222401,-5.685261815645856,1.3061240540518972e-08,5.403214000066807e-08,SLC7A10-AS1
ENSG00000267750,51.25525042657446,2.144426663624592,0.2734735025314653,7.841442201069766,4.454009333609637e-15,3.9012952551310515e-14,RUNDC3A-AS1
ENSG00000267751,38.93321649437709,2.3057424586665043,0.249778702014143,9.23114116645521,2.6776375994795004e-20,3.993166060952173e-19,BSG-AS1
ENSG00000267778,5.599008861927157,1.562659996264916,0.2749965091952528,5.682472118783868,1.327615621161092e-08,5.4827327323008577e-08,CBARP-DT
ENSG00000267795,900.2189071538926,3.0551986166220533,0.2851519799193199,10.714281617425495,8.723183020677294e-27,2.346341991644728e-25,SMIM22
ENSG00000268041,22.57299537955202,1.827930336734911,0.2420206411076447,7.552786937383133,4.260416566685527e-14,3.3596608385658125e-13,ERFL
ENSG00000268089,50.05700942176808,3.782295064002623,0.4298250023738669,8.799616223145478,1.3728482684788842e-18,1.7249854720958085e-17,GABRQ
ENSG00000268100,5.365345378067096,2.3953155110890614,0.506513724974352,4.72902390001446,2.2560182830570413e-06,6.961644899238374e-06,ZNF725P
ENSG00000268101,6.374071921026088,-1.995071801078056,0.6254183303220702,-3.18997973732343,0.001422827693255,0.0028367853603529,CYP2G2P
ENSG00000268297,8.58418000095522,-2.556055343200936,0.4955578235579264,-5.15793560648358,2.496874540225324e-07,8.757349994257353e-07,CLEC4GP1
ENSG00000268460,64.91419142133692,1.513368185628894,0.3767565059751095,4.016833582507199,5.898534713413773e-05,0.0001471726222974,LOC93429
ENSG00000268621,10.775631439935715,1.5548528867585574,0.3670331530585523,4.236273682095726,2.2725975623126385e-05,6.047289498193489e-05,IGFL2-AS1
ENSG00000268654,6.41911091670936,1.6550231578602463,0.4729146810903119,3.499623132960401,0.000465916362745,0.001010423318096,MIMT1
ENSG00000268747,4.36695970692708,1.8602789643068356,0.3434210708593997,5.416903976367989,6.063988589929983e-08,2.293957249500203e-07,COX16P1
ENSG00000268869,14.168159026036692,2.485520450175246,0.3854370301645923,6.448577214062333,1.1290503784911933e-10,6.075017981049497e-10,ESPNP
ENSG00000268916,8.413049736229333,5.210627044324299,0.7793115096252493,6.686192850956294,2.290511436102112e-11,1.331372296903185e-10,CSAG3
ENSG00000268941,44.046565586416165,1.616791185604889,0.2539254488320067,6.367188452523063,1.9252457394862835e-10,1.007550325459787e-09,LINC01711
ENSG00000268964,6.953191298295828,4.966063714993278,0.7306884119705956,6.796417780323472,1.0725246803374411e-11,6.445577426496496e-11,ERVV-2
ENSG00000269067,32.01272029871012,-1.8287385820727355,0.3065848157425457,-5.964870039775279,2.448288261481397e-09,1.1173494856408746e-08,ZNF728
ENSG00000269113,463.2521894946243,-2.038585809110303,0.2429670940518881,-8.390378199423754,4.8458074484775965e-17,5.239110371980966e-16,TRABD2B
ENSG00000269235,146.34939772536936,2.363917749822064,0.314605339722995,7.513914900184005,5.738489488333127e-14,4.4499666808419273e-13,ZNF350-AS1
ENSG00000269289,31.823863820387714,-2.152823419529888,0.3305284116125294,-6.513277963086548,7.352826295154849e-11,4.048929937707007e-10,ZNF276-AS1
ENSG00000269404,124.25888303287768,2.161980478278334,0.347106522703492,6.228579231065496,4.706840374221707e-10,2.3520925713603212e-09,SPIB
ENSG00000269416,54.64228768490831,3.3164557145178284,0.4087035494584132,8.114575268339546,4.874868059147181e-16,4.761103222044702e-15,LINC01224
ENSG00000269516,287.9721647016082,1.886976516252396,0.3150450308808097,5.9895454023723085,2.1042838344601703e-09,9.681672939885564e-09,CYP4F23P
ENSG00000269526,7.144146248723508,2.564385693563921,0.50996094352541,5.028592338534931,4.94093568097163e-07,1.6623036551692753e-06,ERVV-1
ENSG00000270240,4.459221028587644,1.532295381215914,0.2949478974659854,5.195139190278938,2.0456672565634925e-07,7.243651877838082e-07,CCL5-AS1
ENSG00000270372,4.613281611321996,3.77980263705818,0.9396751563226664,4.022456709242048,5.759424238594166e-05,0.0001438773257573,LINC03131
ENSG00000270412,9.623246857543728,-1.8241918055665816,0.1995314035459064,-9.142379460819496,6.109304511491454e-20,8.761725169610652e-19,COL15A1-AS1
ENSG00000270547,375.5755718965572,-1.7628445895647644,0.2849339327227936,-6.186853818073679,6.137683174047277e-10,3.024456338778164e-09,LINC01235
ENSG00000270607,67.45380975763418,-1.5611666733850875,0.2834937005514252,-5.506883117150235,3.652425842349527e-08,1.4255135373834438e-07,LEISA1
ENSG00000270882,33.895029159469864,3.0116623711204045,0.2843772535053172,10.59037716272231,3.302584815808358e-26,8.488026255329508e-25,H4C14
ENSG00000270930,29.576443835690085,1.8711360207900625,0.4043630302022122,4.627366700299857,3.7034444505973633e-06,1.110737768275047e-05,GRAMD4P8
ENSG00000271013,21.518401014130617,2.861744668034824,0.3366534121176889,8.50056635408288,1.8866792321682116e-17,2.1399274688378241e-16,LRRC37A9P
ENSG00000271216,7.391644888979551,2.989714875598496,0.4216387051044847,7.090703105298708,1.334323287150533e-12,8.858266639027082e-12,LINC01050
ENSG00000271334,13.180619716064934,-2.33057141908044,0.2494404097268508,-9.34319912973414,9.346644831325401e-21,1.4559618194166033e-19,LINC02104
ENSG00000271447,494.2657723450331,-2.0126974136685383,0.2178839288959091,-9.23747531021471,2.5238178118000822e-20,3.778617371751391e-19,MMP28
ENSG00000271474,44.41724272824402,-1.769803527827943,0.1927047306616399,-9.184017028286906,4.1530290093592277e-20,6.077463982583781e-19,UNC5C-AS1
ENSG00000271584,3.874454112222097,-1.5812252363120218,0.310903975420406,-5.085895843479907,3.658948251980304e-07,1.2527254547330144e-06,LINC02550
ENSG00000271615,20.819369814591106,1.87168052733883,0.5692224925315701,3.2881352228628304,0.0010085338577845,0.0020683583323526,ACTG1P22
ENSG00000271824,4.242749860999869,2.136791155164301,0.5488070564447362,3.893519826451926,9.880012341868136e-05,0.0002387789450574,SMIM32
ENSG00000271952,2.901085982105805,2.411960347568741,0.4718531640587228,5.111675689152672,3.193136647126823e-07,1.1046290861415689e-06,LINC01954
ENSG00000272068,206.98312157851484,2.126401470639347,0.3883925530129711,5.474877039077346,4.378155099532556e-08,1.690388954962628e-07,BCAN-AS1
ENSG00000272143,139.7322642704347,-2.0814940874767465,0.2189246457046301,-9.507810693388386,1.947172204158322e-21,3.258570612437494e-20,FGF14-AS2
ENSG00000272205,10.924541708887023,1.543216527484724,0.2111693514145125,7.3079569414194205,2.7123467135838483e-13,1.952345988989457e-12,POU2F1-DT
ENSG00000272398,50457.14372177029,1.5426311118485048,0.2521225838644409,6.118575687285251,9.441543593857612e-10,4.543806972234082e-09,CD24
ENSG00000272595,3.216280733285279,2.4002642247821577,0.4554391620006413,5.2702192192659485,1.3626091948650817e-07,4.942852764610912e-07,OR10AH1P
ENSG00000272620,57.90285640094419,1.984952977718,0.340390016319324,5.831407745683973,5.496169616509516e-09,2.3897367074401243e-08,AFAP1-AS1
ENSG00000272636,951.1556471122811,-1.6903680263927647,0.2208159276757237,-7.655100083519032,1.9316174844458352e-14,1.5760741372167048e-13,DOC2B
ENSG00000272662,4.065373867095705,1.5046873799843308,0.2977188413398793,5.054054937243835,4.325271046880299e-07,1.4650022695748654e-06,TIMMDC1-DT
ENSG00000272666,18.43142474972164,2.9666221984080696,0.3297789116022784,8.995791101360325,2.345369430684968e-19,3.1654744855486564e-18,KLHDC7B-DT
ENSG00000272701,27.506423063713488,-2.8388909012241257,0.2460537876160996,-11.537684214207044,8.518782588035517e-31,3.3390360955316205e-29,MESTIT1
ENSG00000272763,8.853438516952826,3.5083161960693223,0.4451420875205766,7.88134012582477,3.2388833497391364e-15,2.8883666113864955e-14,LINC03057
ENSG00000272789,18.89870527360096,-2.452674981165926,0.2719875692054215,-9.017599548137868,1.922556579946611e-19,2.6200222570090363e-18,MYO7B-AS1
ENSG00000272808,210.0071576739371,-1.5581961694078503,0.2951546783502069,-5.279252824713893,1.2971172594270733e-07,4.718807826047156e-07,GCAWKR
ENSG00000273079,78.44867077129905,-2.292243676033236,0.3516575614822416,-6.518397233864092,7.106259696059639e-11,3.9172132632811646e-10,GRIN2B
ENSG00000273162,29.91396297723661,2.0381114891700745,0.1760579921439716,11.576364494168525,5.430036916659585e-31,2.169973399401932e-29,KAZALD1-DT
ENSG00000273409,12.277687732242992,-1.5052075500780024,0.3353124607644872,-4.488969919716799,7.156840132216974e-06,2.057920650440014e-05,LINC02712
ENSG00000273415,4.208798006098607,2.6545949822130366,0.4327714320624433,6.133942274244231,8.572763623422327e-10,4.142203514408152e-09,LINC02725
ENSG00000273542,19.043764594445115,2.552582973926568,0.296116772483404,8.620190448920379,6.68428455754329e-18,7.940762723143179e-17,H4C12
ENSG00000273703,5.898385544378865,5.016703005882444,0.6626207623611392,7.571001832188678,3.703568291730174e-14,2.9441318382509536e-13,H2BC14
ENSG00000273706,5.821195523196902,3.827755391921384,0.724210358456161,5.2854192807753,1.25417166253141e-07,4.568203389771411e-07,LHX1
ENSG00000273802,657.8090458075011,2.3134430020263186,0.3327956813575603,6.95154153620378,3.6131599174046203e-12,2.28727310159666e-11,H2BC8
ENSG00000273812,65.42809889685331,1.6542921987105397,0.2595203180830573,6.374422669215043,1.8365345315573968e-10,9.635914151261167e-10,LINC02970
ENSG00000273983,61.08307087884928,2.508222555394934,0.3573630949662918,7.018694965218837,2.2395009839261828e-12,1.4452340613850974e-11,H3C8
ENSG00000274180,1779.4289457238733,-1.7460593529798771,0.1463266313106287,-11.932614981569987,8.001966324557343e-33,3.62887807295412e-31,NATD1
ENSG00000274209,27.25815133416591,-2.8933219992082653,0.4092730650970152,-7.0694170859311845,1.5558586107738399e-12,1.0249613926949629e-11,ANTXRL
ENSG00000274210,7.723950188790736,1.7220773973950725,0.3077613720064476,5.595495582073876,2.199924503536532e-08,8.854004798043818e-08,RNVU1-27
ENSG00000274290,125.15069852375012,3.177098758321587,0.2819142976286917,11.26973262812705,1.8513121838439465e-29,6.381144135622942e-28,H2BC6
ENSG00000274419,4.489708147449951,2.017004909159064,0.7436678510797684,2.712238946769683,0.0066830398632405,0.0118290784844557,TBC1D3D
ENSG00000274641,24.252443318179143,4.37013066283993,0.3768824273283269,11.595474731521042,4.344499357770587e-31,1.746672775079476e-29,H2BC17
ENSG00000274736,21.841795084177583,-2.0173521096072147,0.2613649595815387,-7.718525516339751,1.1768310472299864e-14,9.850245594029161e-14,CCL23
ENSG00000274928,15.203748973262211,2.2239034865033296,0.2948828246500536,7.541651464925106,4.6405665819538626e-14,3.645375610860889e-13,KRT89P
ENSG00000275120,16.377513024193387,-1.7423544923106455,0.1696604285110698,-10.2696575011713,9.654680884879634e-25,2.187324335172006e-23,LOC105370947
ENSG00000275152,11.485480594743516,-2.376680202754246,0.2612813826924221,-9.09624780098493,9.350649163918265e-20,1.3175689370685465e-18,CCL16
ENSG00000275465,8.360992410467352,-3.0094851453780214,0.5393170380206509,-5.580178138675429,2.402723783406853e-08,9.62356963738314e-08,LOC158434
ENSG00000275713,203.64286163031096,3.099837293372785,0.3026327860318118,10.24289976647454,1.273608320821044e-24,2.851401948257729e-23,H2BC9
ENSG00000275830,5.878427058739118,-2.043187276108586,0.2362944101978939,-8.646786330651832,5.2970019910134624e-18,6.340893149152376e-17,LINC03082
ENSG00000275896,15.170551257051176,1.5993029152223674,0.421875481717279,3.79093591481608,0.0001500806781719,0.0003518964198358,PRSS2
ENSG00000276043,932.86577398874,3.056255566946955,0.2092363794515918,14.606712154728518,2.5450712752342768e-48,4.1750166135401796e-46,UHRF1
ENSG00000276107,107.38208019149089,1.828084551566353,0.2511853584145667,7.277830854094635,3.392302816495633e-13,2.4162542843305133e-12,THBS1-IT1
ENSG00000276168,2103.392209208175,2.998485154587738,0.2972902798637371,10.086051773916363,6.3679510047902555e-24,1.336716413525285e-22,RN7SL1
ENSG00000276180,703.9956755657535,2.048644148929673,0.2002707525916301,10.229372598938802,1.4646516176847603e-24,3.2571645807508375e-23,H4C9
ENSG00000276289,16.476967394238788,-3.1093841380294576,0.3713485739012561,-8.373222240665617,5.6063731357065e-17,6.027077915914251e-16,LOC102723475
ENSG00000276365,36.97647483416743,-3.725305657993362,0.3027661263514616,-12.304235295030646,8.594656508997156e-35,4.577214363258506e-33,MIR145
ENSG00000276368,3.460008495187178,3.5186396804059625,0.4881404968999004,7.20825193310586,5.667470289810512e-13,3.932454907355467e-12,H2AC14
ENSG00000276386,25.90655805883193,-3.2015678143219755,0.280173363595508,-11.427095614071806,3.0617913243067792e-30,1.1411936107076107e-28,CNTNAP3P2
ENSG00000276404,3.138509267142122,1.7133687633505172,0.3276203058577394,5.229739221641845,1.6974931675537252e-07,6.073903450618048e-07,MIR6835
ENSG00000276409,64.85786376361996,-3.296509022898311,0.3470665846580136,-9.498203424413695,2.135425326006663e-21,3.5534707600893594e-20,CCL14
ENSG00000276509,6.908504519176191,1.5850144850175167,0.2921605394496343,5.425149090987211,5.7906185546918505e-08,2.1977390472855746e-07,LOC105371254
ENSG00000276662,6.507969327638135,1.8000242056614368,0.3476062129679714,5.178343017209799,2.2386533585365386e-07,7.891260512416569e-07,DDX20P1
ENSG00000276778,5.408091181282755,-2.430875685552586,0.3451210182246653,-7.043545762750808,1.8740841058791397e-12,1.2209802675591598e-11,LINC02227
ENSG00000276819,4.783781061711502,1.6101776261460714,0.345402886093745,4.6617376141699545,3.1355078103394684e-06,9.48288608851387e-06,TRBV15
ENSG00000276903,7.700061800121994,3.3072748411368087,0.4302425213257146,7.687001347393648,1.5062354975263035e-14,1.2434982400360834e-13,H2AC16
ENSG00000276966,80.3217226299017,3.210487009125283,0.3218162859451444,9.97614834717386,1.93845957285606e-23,3.9085404513391344e-22,H4C5
ENSG00000277075,240.1057640488681,2.281597907160827,0.3111775056643735,7.332142798334813,2.2650155871519854e-13,1.6459608758152589e-12,H2AC8
ENSG00000277157,18.115365233103656,3.6047727857447063,0.372418944997681,9.679348578164175,3.6905997426265243e-22,6.631351464523318e-21,H4C4
ENSG00000277182,72.17715259494454,1.6172518332086885,0.1936197509608186,8.35272137880169,6.67078783707425e-17,7.108106927435775e-16,LOC100287808
ENSG00000277224,84.39727912749582,3.481121794302096,0.3986713872407698,8.731807462770686,2.5063462241317256e-18,3.073657171495183e-17,H2BC7
ENSG00000277268,3.4466507886973226,3.19203065724456,0.7799767261633906,4.0924691085922085,4.268041169688506e-05,0.0001089559981599,LHX1-DT
ENSG00000277270,12.172614117578858,-3.64181145700264,0.4710246617648295,-7.731678938757781,1.0613735264435012e-14,8.928775392604003e-14,LOC105372703
ENSG00000277301,11.5819635010159,2.197863502097283,0.2863731949698332,7.674822716311866,1.656475852956661e-14,1.361040720613403e-13,LOC101929698
ENSG00000277383,8.718382642772653,1.8415102218844424,0.2559042491579104,7.196090834537509,6.1963358216898e-13,4.262687664028124e-12,BICRA-AS2
ENSG00000277494,833.8037008229868,-3.831575963491757,0.2660921010116002,-14.399435191519345,5.216809571113032e-47,7.413728040231489e-45,GPIHBP1
ENSG00000277531,52.88761324172303,-3.195213035735744,0.3423035934556083,-9.334441988994532,1.0152461126907784e-20,1.5759442432685417e-19,PNMA8C
ENSG00000277561,4.289775537570921,-2.0916335295442336,0.2615594463153665,-7.996780689856322,1.2771442242495258e-15,1.1963379541568963e-14,GOLGA8IP
ENSG00000277586,36.8714623884004,1.8025889869501317,0.3654050074607298,4.933126120730177,8.092386446647448e-07,2.645205040832176e-06,NEFL
ENSG00000277631,17.435466912905813,-4.094543539734756,0.2906741299452131,-14.086370673945098,4.6063373690592463e-45,5.589653679577601e-43,PGM5P3-AS1
ENSG00000277639,313.12684277186764,-2.986158831170819,0.2755188950682403,-10.838308677273147,2.2662190230077937e-27,6.454959328663678e-26,CHD9NB
ENSG00000277775,5.171863278109299,2.4496250089262825,0.416507410402198,5.881347961038234,4.069386475955518e-09,1.7985023382424393e-08,H3C7
ENSG00000277851,18.749915829545976,-1.6329644936383465,0.2194710821348022,-7.440454012229987,1.00339844174859e-13,7.564627968643627e-13,LINC02391
ENSG00000277883,5.676319372431013,1.6376469877768975,0.3579635021668797,4.574899334327776,4.7644901741851e-06,1.4071607732714938e-05,NLRP3P1
ENSG00000277893,37.22596290610717,2.6124110054059253,0.3248432279588089,8.042067005125274,8.83355635977504e-16,8.401995714424542e-15,SRD5A2
ENSG00000277987,9.391192242939846,-2.9957534828452625,0.3454846115221905,-8.671163296235104,4.277277748251238e-18,5.143378106777224e-17,LINC02351
ENSG00000278023,41.86002997917765,2.819181322951047,0.221548423447433,12.724899049529716,4.3003023866959445e-37,2.807875575588323e-35,RDM1
ENSG00000278058,22.94623295045757,-1.565235777914888,0.1685730170656297,-9.285209490588295,1.6138937700949628e-20,2.4564276598094865e-19,LOC101928230
ENSG00000278214,5.064915391668697,-1.898488005638747,0.2140650480418952,-8.868743510464114,7.397584801778873e-19,9.502904183040846e-18,LINC02139
ENSG00000278677,3.5585602922908577,3.265376460213743,0.4258796705903919,7.66736870930465,1.7556057307313917e-14,1.4382004406346097e-13,H2AC17
ENSG00000278705,3.1843863516797826,2.2071741656051485,0.4803392520087057,4.595031857952649,4.3268315760493e-06,1.2863357101858163e-05,H4C2
ENSG00000278771,23.59719706440876,3.131017872582307,0.4161266686942425,7.524194213283853,5.304644557036356e-14,4.1413316422808797e-13,RN7SL3
ENSG00000278828,445.5681115654549,3.95886554817291,0.3049396781045734,12.982454670314468,1.5386895494298098e-38,1.1264648698649363e-36,H3C10
ENSG00000279000,5.276764942278878,-3.337048179060192,0.4339167126270239,-7.690526965087362,1.465302415939624e-14,1.2115871718604706e-13,OR10A6
ENSG00000279685,42.08990550257749,2.0497916772544404,0.4152824893871236,4.935897201636254,7.978312537436156e-07,2.609843127552509e-06,MAPT-IT1
ENSG00000280119,149.5630914716968,1.8353361683755296,0.3091097516404378,5.93749035297478,2.894180693697279e-09,1.3082641934853752e-08,LOC285097
ENSG00000280721,26.80495704527501,2.268290308948847,0.1947379350135068,11.647911891391477,2.35150227939969e-31,9.645738776128229e-30,LINC01943
ENSG00000280832,180.9036100433808,1.5685341844197167,0.1678676135958029,9.34387611059084,9.287051877932671e-21,1.4475272941704443e-19,GSEC
ENSG00000281128,8.773336331861262,-2.803161586393144,0.2974356517408222,-9.424430359934616,4.324464626016128e-21,6.927224076936623e-20,PTENP1-AS
ENSG00000281327,6.708152938663017,2.1194839856830194,0.3104431682913136,6.827284998245278,8.65366765554953e-12,5.254083115061201e-11,LOC124901020
ENSG00000281392,40.552534174190335,-1.5171136673541674,0.1888735826832174,-8.032429129587173,9.556144006538779e-16,9.060097287683486e-15,LINC00506
ENSG00000281560,13.684109763910412,-1.732144828513357,0.3638382361228353,-4.760755348232745,1.9286973758513056e-06,6.003881078042456e-06,LSINCT5
ENSG00000281641,37.70096911754002,1.812386411592316,0.2168762229007106,8.35677783092919,6.445452281166084e-17,6.887329890309156e-16,SAMD12-AS1
ENSG00000281692,8.31259481989735,-1.8439565667458715,0.3094282863410518,-5.9592372389428645,2.5341797859824476e-09,1.154565880550035e-08,PACRG-AS1
ENSG00000281769,119.8636110017797,-5.1711584135150686,0.3943633042257279,-13.11267645367727,2.7859036207252428e-39,2.158466143462779e-37,LINC-ADAIN
ENSG00000282556,24.224469028739414,-1.865895977733791,0.2885040825647743,-6.467485524454801,9.964708299367816e-11,5.39112628370724e-10,LOC101927825
ENSG00000282840,11.7523868553606,-2.928788182781727,0.2353938058895011,-12.442078378887178,1.5443250863387342e-35,8.732008333925927e-34,MSL3-DT
ENSG00000282933,139.3194162609728,4.014428715440494,0.4383833359726871,9.157347887171074,5.318838179874508e-20,7.686140545414087e-19,RHOXF1P3
ENSG00000283051,4.073941955023064,-2.1763929372442656,0.299648214506818,-7.263160038601682,3.78150075488743e-13,2.676968102321083e-12,LINC01668
ENSG00000283064,23.54595789954848,2.224087101359145,0.2348729829522422,9.469318579784796,2.8167515323944705e-21,4.6349951686305303e-20,H2BC6-AS1
ENSG00000283122,5.6421340887275,-1.895497288659608,0.2944709019064571,-6.436959565063376,1.2189038748226326e-10,6.537309883635006e-10,HYMAI
ENSG00000283175,10.97736698681218,-3.327873746555867,0.3178047413946684,-10.471441464188604,1.1684994599144487e-25,2.8515035029592725e-24,LOC101929130
ENSG00000283199,117.23430160118346,-1.6513754532322953,0.2457548851281508,-6.719603772560501,1.8221937443606803e-11,1.0718193615844419e-10,C13orf46
ENSG00000283213,8.12511602679524,-2.3462571622712094,0.2214202639304151,-10.59639764050032,3.096800763182126e-26,7.990046629278154e-25,LOC107984851
ENSG00000283247,6.105884330111136,-2.746825041362943,0.4826893701645977,-5.690668183611071,1.2654320274038883e-08,5.2471299934870244e-08,CCDC201
ENSG00000283304,4.227337754206643,-2.1967775904233653,0.3250272158511996,-6.758749677839501,1.3918762905593076e-11,8.271268430593383e-11,LINC02183
ENSG00000283383,8.461398337708014,-2.5453818115200213,0.2428869006477662,-10.479699830380415,1.0708307219425024e-25,2.6227950631909678e-24,LOC124900824
ENSG00000283390,5.5880321181406405,1.5251802761924662,0.2905997406338236,5.248388291283103,1.5343563437126377e-07,5.527014092169418e-07,PET100P1
ENSG00000283503,4.547301644345013,-2.48443668457267,0.3464288549789241,-7.171563941242185,7.414579167313246e-13,5.051075144100219e-12,LINC01902
ENSG00000283526,72.73505067262528,2.6294689651262018,0.3259774935476612,8.066412611831886,7.239385695860603e-16,6.940356236201136e-15,PRRT1B
ENSG00000283656,4.002046370760618,-1.748046511416546,0.3836215864587947,-4.556694860559694,5.196483026673838e-06,1.5262658757057608e-05,MIR4483
ENSG00000283709,95.58063494948222,1.666761851721691,0.3049038865675177,5.466515597703291,4.5896805621333803e-08,1.767179961441533e-07,FAM238C
ENSG00000283787,119.35348821239036,-1.5487115800341107,0.2232496109790958,-6.937130027873266,4.001455065657149e-12,2.5186799708630683e-11,PRR33
ENSG00000283839,10.184066957559484,1.5145262821528636,0.2332481447631734,6.493197550148257,8.403337836210548e-11,4.5893691532530886e-10,LOC105373780
ENSG00000283945,4.873329607427648,-2.173859537349746,0.2568878816014485,-8.462289165988778,2.6217944448267907e-17,2.926257344446534e-16,REXO6P
ENSG00000284194,10.122859774469603,1.772682171462044,0.2855318678239526,6.208351400394326,5.354331869803517e-10,2.6596517652341772e-09,SCO2
ENSG00000284395,52.82444772738439,3.2799247028254026,0.3862642177016318,8.49140187600542,2.0415926250366285e-17,2.307755168453781e-16,PERCC1
ENSG00000284418,3.765506891435763,-1.622310631723494,0.3516665192348096,-4.613207521868946,3.965020676854467e-06,1.18504009848176e-05,LINC03142
ENSG00000284640,9.369771528308762,-3.161143951590427,0.3213472289214056,-9.837159518072497,7.787855696915847e-23,1.488937159320422e-21,LOC105378644
ENSG00000284731,4.749803260050967,2.2074526248542283,0.380865315292948,5.7958877750690805,6.796070024097563e-09,2.9177758611724998e-08,LOC124906284
ENSG00000284753,238.8238679081644,2.066035519177952,0.1710360205838221,12.079534545563282,1.3548448845982289e-33,6.546364146945079e-32,EEF1AKMT4
ENSG00000284948,8.208299826100076,2.9573422600151327,0.3872260419222748,7.637250442491519,2.2190959628247644e-14,1.7968456798314481e-13,LOC254896
ENSG00000285051,16.545965197917855,-3.416322843350529,0.3021755245924301,-11.305756308219918,1.2289073192501938e-29,4.3428473416321675e-28,SLC7A14-AS1
ENSG00000285094,169.52421760014596,4.776478163411305,0.4727981381948993,10.102573968771257,5.381092511917872e-24,1.1421927596183502e-22,LINC01488
ENSG00000285095,5.627031603374634,-1.8551616290184267,0.3610478942091163,-5.13827018180566,2.772790272320918e-07,9.658789026992844e-07,LOC112268208
ENSG00000285278,115.4662234311784,1.6356743897858277,0.1898908128666616,8.61376264124148,7.07009939655653e-18,8.372900689103822e-17,TFAP2A-AS2
ENSG00000285294,20.27083541596819,-2.402546731348452,0.4481175630852789,-5.361420594200713,8.257001706685509e-08,3.070666391759969e-07,LINC00842
ENSG00000285336,19.545029371609164,-2.775011504498188,0.2985401399060806,-9.295270998972512,1.4683167189873976e-20,2.243184439753744e-19,LINC03184
ENSG00000285373,14.302413999403187,-1.864355495676236,0.3538855173791758,-5.268244683996617,1.3773443925217133e-07,4.992896907824925e-07,LINC02478
ENSG00000285420,12.518694120015873,-1.7167331582983885,0.2903944066590135,-5.911729423611827,3.385343187593429e-09,1.5125335442215092e-08,PDGFRL2P
ENSG00000285572,8.472215280309262,-1.526564120555085,0.2519222735834625,-6.059663160547536,1.3640689861496844e-09,6.43417346590839e-09,LOC124903183
ENSG00000285587,43.46960450412448,1.907184955811291,0.3834747058283198,4.973430911673038,6.577822317254796e-07,2.1771780804713685e-06,LOC107984273
ENSG00000285906,118.91395533121892,1.9855998803041857,0.1759182574598171,11.28705973430718,1.520379014929162e-29,5.309339332686265e-28,LOC102723663
ENSG00000285955,6.12373735183724,-1.5549471196152482,0.2504898303608015,-6.207625744228927,5.37910650526732e-10,2.66996181130891e-09,HTRA1-AS1
ENSG00000286042,30.296382396005782,2.028540434180694,0.4781811456681075,4.24220079055281,2.2133852639680238e-05,5.90332330288541e-05,LCAL1
ENSG00000286081,26.0517461923926,-2.5211133615464547,0.3360271487917043,-7.502707357461872,6.251301203712286e-14,4.826505795719175e-13,LOC105373682
ENSG00000286214,939.8907077562828,-3.912675860792693,0.2824436606480185,-13.85294274906269,1.2210532698857974e-43,1.3031923954704843e-41,COPG2IT1
ENSG00000286250,22.331944582331747,-3.385276248185713,0.3984965620091705,-8.495120337092917,1.9772794830909832e-17,2.2388667346886613e-16,LOC105372668
ENSG00000286288,77.63063279933914,-2.6571719393404,0.2645935077275647,-10.042468396754176,9.916114335979186e-24,2.0443812139538162e-22,LOC100289473
ENSG00000286289,172.9489293905595,-2.999154681327253,0.2239830127930226,-13.390098846909876,6.908873881988188e-41,6.059515624219014e-39,LOC107984270
ENSG00000286322,64.59863574140057,-5.272093985245274,0.3694217653951868,-14.271205649200123,3.3080952099153907e-46,4.3521104061139364e-44,LOC105376020
ENSG00000286502,24.29366846991441,2.834889493449434,0.396926824047968,7.142096028024658,9.191834371267819e-13,6.190395296919472e-12,LOC124902301
ENSG00000286522,13.726255566085529,3.859438019181861,0.4472434707081162,8.629389296776655,6.168041796889713e-18,7.357078579548657e-17,H3C2
ENSG00000286559,8.64978098162988,-3.548574325278967,0.4529318047024661,-7.834676850767963,4.700500404689108e-15,4.110424424304477e-14,LOC101927857
ENSG00000286647,58.99973338548502,-5.273910063977406,0.5409172793276233,-9.749938235533977,1.845805369340116e-22,3.4064081729314986e-21,LOC124900989
ENSG00000286733,30.284627183802613,1.6003572220685496,0.2941659706957453,5.440320708352062,5.318474089894916e-08,2.027520426609631e-07,LINC02348
ENSG00000286848,6.156813658256942,-1.8473293160175677,0.3742244589670431,-4.936420567262432,7.95694233945821e-07,2.6031729985362786e-06,ENAM-AS1
ENSG00000287080,10.873743380053346,3.644893551587248,0.4453494068941271,8.184345808399712,2.7378684214196176e-16,2.7528888875984237e-15,H3C3
ENSG00000287097,11.999820496255092,2.047486517531954,0.4599764679374487,4.451285359690156,8.535782355954091e-06,2.425671558206502e-05,LOC107986639
ENSG00000287115,35.37216277130828,-3.465567690337797,0.27119395956706,-12.778926550835816,2.150166137174873e-37,1.4590578720955222e-35,LINC02993
ENSG00000287148,327.2753431824048,-5.914772250523027,0.4496233227266309,-13.15494982478741,1.5938928142985065e-39,1.2644090011935168e-37,LINCADL
ENSG00000287158,7.905508598838112,3.0809637905404865,0.7188229331456137,4.286123394892255,1.818180215634047e-05,4.916875875697039e-05,LINC03214
ENSG00000287232,16.652708747261524,-1.8614255702328792,0.2139909622538726,-8.698617692202058,3.3595126658609826e-18,4.082261046879543e-17,LOC124909426
ENSG00000287255,16.99639517663757,-1.887105344582825,0.2240697414208141,-8.421955292208542,3.7025236251596755e-17,4.064211703371268e-16,LOC101929667
ENSG00000287258,22.28548669467505,1.64198057815726,0.3784963687480519,4.338167321362739,1.4367575837831042e-05,3.948483225339813e-05,LOC124901391
ENSG00000287342,7.011069951749008,-2.27669222574159,0.3534981641127051,-6.440464072723492,1.1910874858126175e-10,6.397160455834744e-10,LOC105375118
ENSG00000287405,7.24956097732222,1.814609335403906,0.3499998252576565,5.184600689637658,2.1647816820487389e-07,7.646075651308511e-07,HDAC4-AS2
ENSG00000287566,76.73633758354731,3.203561630810953,0.3308834025701909,9.681844438030932,3.6015884106713987e-22,6.480176845876265e-21,LOC105376380
ENSG00000287595,28.952755550932352,1.8878686975940373,0.2511424383601878,7.517123389900598,5.5994566612819155e-14,4.352312394664138e-13,LOC124909396
ENSG00000287616,8.03171771843279,-1.6444251069776297,0.3414768287144122,-4.815627207176958,1.4673824856944326e-06,4.6412389380301765e-06,LOC105377918
ENSG00000287626,12.027022308602955,3.071427258418625,0.3675800478117025,8.355805155104616,6.4987903204903e-17,6.938744586863388e-16,DTNBP1-AS1
ENSG00000287666,9.443785077908473,-4.397236599307297,0.3612836801111769,-12.171146501702337,4.4281854803293665e-34,2.2037271374485563e-32,LOC105369591
ENSG00000287688,10.649569264127926,1.8360217294502168,0.2651464662462572,6.924556662750297,4.37342965115794e-12,2.7366115606197846e-11,LOC101928105
ENSG00000287747,6.115975528207455,4.12252914965104,0.4580295858067592,9.00057393102619,2.245407473281592e-19,3.0320987602875163e-18,LOC124901872
ENSG00000287750,61.88215285620541,2.416116937451553,0.2395621767168513,10.085552613371284,6.4004016874073285e-24,1.342467836170874e-22,LOC124902202
ENSG00000287797,4.768281931626938,-1.787134598898578,0.2691015367567604,-6.641116288064755,3.113162916926006e-11,1.7841773672052749e-10,LOC124904219
ENSG00000287893,3.562812890032431,-3.5198872480072576,0.3764587015930882,-9.349995718286998,8.765127421029167e-21,1.3710021260379644e-19,LOC124901616
ENSG00000288018,16.07989213554569,-1.6217110869489877,0.2506824599294767,-6.469184510975421,9.853322199781992e-11,5.336295852031921e-10,LOC101929174
ENSG00000288022,6.7501118727207805,-1.6078640359229492,0.2915490766808991,-5.5149001129671165,3.489781053792239e-08,1.3662482543389622e-07,DAGARR
ENSG00000288547,20.09596826425009,1.7987510795020134,0.1990203756329544,9.038024743855274,1.5952826622388132e-19,2.19207015248172e-18,C3orf36
ENSG00000288611,4.485635083958685,1.861622056783764,0.4553641528337761,4.088205110566358,4.347237060865255e-05,0.0001108393215892,NPBWR1
