,Gene_set,Term,Overlap,P-value,Adjusted P-value,Old P-value,Old Adjusted P-value,Odds Ratio,Combined Score,Genes
0,GO_Biological_Process_2023,Extracellular Matrix Organization (GO:0030198),64/176,2.479951146320961e-09,1.0904345190373263e-05,0,0,2.690304800296162,53.30846219160521,VIT;PRSS1;ECM2;HPSE2;COL14A1;COL12A1;LOXL4;SCX;DMP1;ADAMTS5;IBSP;MMP27;ADAMTS1;ADAMTSL4;CREB3L1;MMP28;COL10A1;CTSG;ADAMTS8;PRSS2;POSTN;MMP1;APLP1;MMP3;P3H4;NPNT;MMP8;MMP9;MMP10;ADAMTS20;MMP12;MMP11;CCDC80;COL2A1;MMP13;COL4A3;ADAM8;MATN3;DDR2;MATN2;COL17A1;TMPRSS6;COL11A1;DPT;KLK4;NDNF;ADAMTS14;FLRT2;ADAMTS19;ADAMTS18;HAS1;HAS3;ELANE;GPM6B;GSN;COL24A1;CMA1;COL22A1;COL1A1;COL1A2;COL5A1;COL5A2;COL9A1;RECK
4397,KEGG_2021_Human,Systemic lupus erythematosus,50/135,6.772736662617514e-08,2.099548365411429e-05,0,0,2.7628671198906862,45.60879016513403,H2AX;CD80;H2AC16;H2AC17;H2AC11;C4A;H2AC13;FCGR3A;H2AC14;H2BC21;H4C2;CTSG;H4C4;H4C3;H4C5;H3C8;H2AC8;H2AC6;H2BC17;H2BC18;H2BC12;H2BC13;H2BC14;H2BC15;IFNG;H4C14;H4C12;H2BC11;H4C11;C6;C7;H3C13;H3C12;H3C10;H3C3;H3C2;FCGR1A;ELANE;H3C7;H4C8;H2AZ1;H2BC9;H2BC7;H4C9;H2BC8;H2BC5;H2BC6;H2BC4;GRIN2B;H2AC20
1,GO_Biological_Process_2023,Extracellular Structure Organization (GO:0043062),44/109,2.150045710076337e-08,4.726875493602827e-05,0,0,3.177836992666652,56.10532111109908,VIT;COL17A1;ECM2;HPSE2;COL14A1;COL11A1;DMP1;NDNF;ADAMTS5;ADAMTS14;IBSP;MMP27;ADAMTS19;ADAMTS1;ADAMTSL4;ADAMTS18;MMP28;COL10A1;ADAMTS8;POSTN;COL24A1;MMP1;COL22A1;APLP1;MMP3;TEX14;NPNT;MMP8;MMP9;MMP10;ADAMTS20;COL1A1;MMP12;MMP11;CCDC80;COL1A2;MMP13;COL5A1;COL4A3;COL5A2;COL9A1;RECK;MATN3;MATN2
2,GO_Biological_Process_2023,External Encapsulating Structure Organization (GO:0045229),43/110,9.320754867083209e-08,0.00013661119716854958,0,0,3.0116788695332724,48.75437401775874,VIT;COL17A1;ECM2;HPSE2;COL14A1;COL11A1;DMP1;NDNF;ADAMTS5;ADAMTS14;IBSP;MMP27;ADAMTS19;ADAMTS1;ADAMTSL4;ADAMTS18;MMP28;COL10A1;ADAMTS8;POSTN;COL24A1;MMP1;COL22A1;APLP1;MMP3;NPNT;MMP8;MMP9;MMP10;ADAMTS20;COL1A1;MMP12;MMP11;CCDC80;COL1A2;MMP13;COL5A1;COL4A3;COL5A2;COL9A1;RECK;MATN3;MATN2
4398,KEGG_2021_Human,Alcoholism,58/186,4.8698742942328094e-06,0.0007548305156060855,0,0,2.127564494107502,26.02531019767632,H2AX;CALML5;H2AC16;H2AC17;H2AC11;GNGT1;H2AC13;H2AC14;CREB3L3;CREB3L4;CREB3L1;H2BC21;H4C2;H4C4;H4C3;SLC18A1;H4C5;H3C8;H2AC8;H2AC6;H2BC17;H2BC18;H2BC12;H2BC13;H2BC14;H2BC15;H4C14;H4C12;H2BC11;H4C11;CREB5;MAOA;GNAI1;GNG2;H3C13;GNG4;H3C12;H3C10;H3C3;H3C2;H3C7;H4C8;H2AZ1;H2BC9;NTRK2;H2BC7;H4C9;H2BC8;H2BC5;H2BC6;H2BC4;GNG11;GRIN2B;GNG13;GRIN2D;TH;H2AC20;FOSB
4399,KEGG_2021_Human,Neuroactive ligand-receptor interaction,90/341,3.457669596977246e-05,0.0033671035055417,0,0,1.6864136144716175,17.323398226291545,UCN;OXTR;PRSS1;SCT;NPY2R;GRIK4;HTR2C;PTH1R;HTR2A;TRH;HTR4;NR3C1;RXFP1;ADRA1A;GHR;EDNRB;CCKAR;GRM4;GRM8;LEPR;CTSG;PRSS2;LHCGR;EDN2;EDN3;AVPR2;GLP2R;TACR3;AVPR1A;TACR1;SSTR1;SSTR2;GABRG1;UTS2B;GAL;ADRB3;CCKBR;UTS2;OPRD1;GRIA2;ADCYAP1R1;CALCB;CHRNA2;CHRNA6;CHRNA9;ADRB1;ADRB2;NTS;CRHR2;P2RY6;GLRA3;CALCR;NPW;CNR1;GALR1;NPBWR1;PENK;KISS1R;S1PR1;CGA;GABRE;TAC1;GABRD;NTSR1;DRD4;GRIA4;GABRQ;GABBR2;NMB;P2RY10;HTR1E;GABRA5;GABRA4;P2RY14;GABRA3;HTR1D;SCTR;OPRK1;GRIN2B;SLURP1;GRIN2D;KISS1;PYY;P2RX6;P2RX5;LEP;NMU;NMUR1;VIP;F2RL2
4400,KEGG_2021_Human,Tyrosine metabolism,17/36,4.344649684569937e-05,0.0033671035055417,0,0,4.179844497607656,41.98227593506534,PNMT;AOC3;AOC2;ADH1C;ADH1B;MAOA;ADH1A;TAT;TYRP1;ADH4;IL4I1;ALDH3A1;TPO;DCT;TH;AOX1;HPD
6,GO_Biological_Process_2023,Spindle Assembly Checkpoint Signaling (GO:0071173),15/26,5.399682693736759e-06,0.0033917721149086,0,0,6.369831190955552,77.2607677211979,PLK1;BUB1B;TTK;TEX14;HASPIN;NDC80;ZWINT;CDC20;CENPF;NUF2;TRIP13;BUB1;SPC24;MAD2L1;SPC25
5,GO_Biological_Process_2023,Mitotic Spindle Checkpoint Signaling (GO:0071174),15/26,5.399682693736759e-06,0.0033917721149086,0,0,6.369831190955552,77.2607677211979,PLK1;BUB1B;TTK;TEX14;HASPIN;NDC80;ZWINT;CDC20;CENPF;NUF2;TRIP13;BUB1;SPC24;MAD2L1;SPC25
4,GO_Biological_Process_2023,Mitotic Spindle Assembly Checkpoint Signaling (GO:0007094),15/26,5.399682693736759e-06,0.0033917721149086,0,0,6.369831190955552,77.2607677211979,PLK1;BUB1B;TTK;TEX14;HASPIN;NDC80;ZWINT;CDC20;CENPF;NUF2;TRIP13;BUB1;SPC24;MAD2L1;SPC25
3,GO_Biological_Process_2023,Negative Regulation Of Mitotic Metaphase/Anaphase Transition (GO:0045841),16/28,3.1023614497619387e-06,0.0033917721149086,0,0,6.229669601438985,79.01306111631375,USP44;PLK1;BUB1B;TTK;TEX14;HASPIN;NDC80;ZWINT;CDC20;CENPF;NUF2;TRIP13;BUB1;SPC24;MAD2L1;SPC25
4401,KEGG_2021_Human,Cytokine-cytokine receptor interaction,79/295,5.965685044511838e-05,0.0036987247275973,0,0,1.7183891887839255,16.71460250170001,IL21;CNTFR;CSF3;CXCL9;IL20;EPO;IL24;CXCL17;IL27;CXCL13;CXCL2;CX3CL1;GHR;LEPR;IL12B;CCR8;CCR7;AMH;CCR4;IL11;TNFRSF18;IL19;LIFR;TGFBR2;EDAR;IFNG;LTA;LTB;IL9R;CCL14;CCL13;CCL11;CXCR5;IFNL2;ACVR1C;IFNL1;THPO;CCL7;CXCR3;CXCR2;IL21R;IL36RN;CCL17;RELT;IFNL3;CCL16;CCL25;GDF10;NGFR;CCL24;IL33;CCL23;TSLP;CCL21;CCL20;GDF15;TNFRSF9;BMP8A;OSM;PPBP;INHBA;BMP6;BMP5;BMP3;CXCL10;BMP2;CXCL11;IL6;CXCL12;TNFSF4;LEP;ACKR3;IL17D;INHA;BMPR1B;CCL28;IL17C;IL17B;PF4
7,GO_Biological_Process_2023,Neutrophil Migration (GO:1990266),30/77,8.471860894921969e-06,0.0046563465443714,0,0,2.987823744608048,34.894077538655345,CCL14;CCL13;CXCL9;CCL11;UMOD;CXCL13;CXCL2;TREM1;CX3CL1;CCL7;CXCR2;CCL17;CCL16;CD177;CCL25;CCL24;CCL23;EDN2;EDN3;CCL21;CCL20;GP2;PPBP;CXCL10;CXCL11;PECAM1;SAA1;S100A9;S100A8;PF4
8,GO_Biological_Process_2023,Regulation Of Cardiac Muscle Cell Membrane Repolarization (GO:0099623),13/22,1.629025093978902e-05,0.007958692598028,0,0,6.744293101273805,74.35545194650551,KCNH2;KCNE1;CAV3;KCNH6;KCNE4;CACNA2D1;KCNE5;LOC102723475;ANK2;CACNA1D;KCNA5;SCN5A;SCN4B
4402,KEGG_2021_Human,Viral protein interaction with cytokine and cytokine receptor,33/100,0.00015499710008547347,0.0080081835044161,0,0,2.3046922919648334,20.2170008196152,CCL14;CCL13;CXCL9;IL20;CCL11;IL24;CXCR5;CXCL13;CXCL2;CX3CL1;CCL7;CXCR3;CXCR2;CCR8;CCR7;CCR4;CCL17;CCL16;CCL25;CCL24;CCL23;CCL21;CCL20;IL19;PPBP;CXCL10;CXCL11;IL6;CXCL12;LTA;ACKR3;CCL28;PF4
9,GO_Biological_Process_2023,Positive Regulation Of MAPK Cascade (GO:0043410),83/310,3.969434435647462e-05,0.0174536032135418,0,0,1.718735093577261,17.418180221233712,RET;TENM1;CXCL17;HTR2C;HTR2A;FGF1;FGF2;CX3CL1;SOX2;PYCARD;GHR;GRM4;FFAR4;CCR7;CD36;AMH;IL11;FGA;EDN3;EPHA8;FCRL3;NRG1;GPR37L1;NPNT;MMP8;MTURN;ADRB3;KIT;ADAM8;DDR2;S100A7;CCL14;CCL13;SEMA7A;CCL11;PELI2;GATA4;ADRB2;NOD2;RASGRP1;EGFR;INAVA;ART4;P2RY6;CALCR;THPO;CCL7;PDGFD;ERBB2;ALKAL2;IGFBP6;CCL17;ELANE;CCL16;DRD4;CCL25;CCL24;NTRK2;CCL23;CCL21;ANGPT1;CCL20;GDF15;CAV2;EGF;NTRK3;PLA2G2A;OSM;IGF1;MT3;MARCO;NELL1;BMP2;IL6;LEP;ACKR3;SPRY2;TEK;CD24;FGFR4;FGFR3;FERMT2;EZH2
10,GO_Biological_Process_2023,Regulation Of Ventricular Cardiac Muscle Cell Membrane Repolarization (GO:0060307),11/18,4.8643145215971045e-05,0.0194439917740567,0,0,7.333927558544689,72.83323208479547,KCNH2;KCNE1;CAV3;KCNH6;KCNE4;CACNA2D1;KCNE5;LOC102723475;ANK2;SCN5A;SCN4B
11,GO_Biological_Process_2023,Positive Regulation Of ERK1 And ERK2 Cascade (GO:0070374),53/179,5.925811749180879e-05,0.0217131618842902,0,0,1.9724204071219,19.198766626606947,CXCL17;HTR2C;HTR2A;FGF1;FGF2;CX3CL1;PYCARD;FFAR4;CCR7;CD36;AMH;FGA;NRG1;NPNT;MTURN;S100A7;DDR2;CCL14;CCL13;SEMA7A;CCL11;GATA4;NOD2;RASGRP1;EGFR;P2RY6;CALCR;THPO;CCL7;PDGFD;ALKAL2;CCL17;CCL16;CCL25;CCL24;NTRK2;CCL23;ANGPT1;CCL21;CCL20;NTRK3;PLA2G2A;IGF1;MT3;MARCO;NELL1;BMP2;ACKR3;SPRY2;TEK;FGFR4;FGFR3;FERMT2
12,GO_Biological_Process_2023,Granulocyte Chemotaxis (GO:0071621),27/73,6.891318616961051e-05,0.022355247049491,0,0,2.7453177257525083,26.307454640439623,CCL14;CCL13;CXCL9;CCL11;CXCL13;CXCL2;TREM1;CX3CL1;CCL7;CXCR2;CCL17;CCL16;CCL25;CCL24;CCL23;ANXA1;EDN2;EDN3;CCL21;CCL20;PPBP;CXCL10;CXCL11;SAA1;S100A9;S100A8;PF4
15,GO_Biological_Process_2023,Neutrophil Chemotaxis (GO:0030593),26/70,8.593276206719651e-05,0.022355247049491,0,0,2.763354133761425,25.87037053200485,CCL14;CCL13;CXCL9;CCL11;CXCL13;CXCL2;TREM1;CX3CL1;CCL7;CXCR2;CCL17;CCL16;CCL25;CCL24;CCL23;EDN2;EDN3;CCL21;CCL20;PPBP;CXCL10;CXCL11;SAA1;S100A9;S100A8;PF4
16,GO_Biological_Process_2023,Regulation Of Heart Rate By Cardiac Conduction (GO:0086091),18/41,8.643147597028589e-05,0.022355247049491,0,0,3.656177026576226,34.2077722885836,KCNH2;KCNE1;KCNH6;KCNE4;KCNE5;CACNA2D1;CAV1;LOC102723475;CACNA1D;KCNA5;ANK2;SCN5A;SCN3B;SCN4B;HCN2;KCNJ3;HCN1;SCN2B
14,GO_Biological_Process_2023,Cell-Cell Adhesion Via Plasma-Membrane Adhesion Molecules (GO:0098742),51/172,7.762450248427427e-05,0.022355247049491,0,0,1.9758893899091048,18.69908102296621,ROBO2;ROBO3;TENM1;ROBO4;TENM2;PTPRM;CDH7;CDH5;CDH2;MPZ;HMCN2;CD177;TGFBR2;CLDN6;PSG9;CLDN11;CLDN5;CLDN9;CEACAM6;CLDN14;CLDN8;CDH10;CEACAM5;CDH11;CDH12;CLDN19;PECAM1;CDH13;DSG1;CDH15;CRB2;NLGN1;GATA5;UMOD;IGSF9;IGSF21;CDH22;SLITRK3;CDH23;NTNG1;CADM3;CNTN6;SELP;LRFN5;LRFN4;CD209;FAT2;FAT4;NECTIN3;ADGRL3;CBLN1
13,GO_Biological_Process_2023,Extracellular Matrix Disassembly (GO:0022617),19/44,7.28837077339557e-05,0.022355247049491,0,0,3.551131324616259,33.83036901138165,PRSS1;GSN;TMPRSS6;CMA1;MMP1;HPN;MMP3;KLK4;MMP8;MMP9;MMP10;MMP12;ADAMTS5;MMP11;MMP13;CTSG;ADAM8;PRSS2;ELANE
17,GO_Biological_Process_2023,Tyrosine Metabolic Process (GO:0006570),8/11,9.411481147202494e-05,0.0229901570023607,0,0,12.43789553225654,115.31166881192652,IL4I1;SLC45A2;TH;IYD;PAH;TAT;FANCA;HPD
18,GO_Biological_Process_2023,Adenylate Cyclase-Modulating G Protein-Coupled Receptor Signaling Pathway (GO:0007188),48/163,0.0001488966943786327,0.0344578297464656,0,0,1.9557217092227748,17.234323923492482,ADCYAP1R1;CXCL9;CALCB;GPR26;ADCY4;CACNA1D;ADRB2;PTH1R;AKAP5;GNAI1;CRHR2;RIMS2;ADGRG3;AKAP12;ADGRG4;CALCR;CNR1;GRM8;FFAR3;P2RY12;GABBR2;LHCGR;HTR1E;HTR1D;PDE2A;AVPR2;GLP2R;SCTR;OPRK1;GPR37L1;CXCL10;MARCO;ADGRD1;CXCL11;GNAL;ADGRB2;ADRB3;ADGRB3;ADGRF4;ADGRD2;ADM2;ADGRF5;UTS2;ADGRL4;VIP;RAMP1;ADGRL3;PF4
4403,KEGG_2021_Human,Neutrophil extracellular trap formation,51/189,0.0009267776636735156,0.0400346625497966,0,0,1.7306804859188305,12.086720953915732,H2AX;AQP9;H2AC16;H2AC17;H2AC11;H2AC13;FCGR3A;H2AC14;H2BC21;H4C2;CTSG;H4C4;H4C3;CAMP;H4C5;FGA;H3C8;H2AC8;H2AC6;VWF;H2BC17;H2BC18;H2BC12;H2BC13;H2BC14;H2BC15;H4C14;H4C12;H2BC11;H4C11;H3C13;CLEC7A;H3C12;H3C10;H3C3;H3C2;FCGR1A;ELANE;H3C7;H4C8;H2AZ1;H2BC9;H2BC7;H4C9;H2BC8;H2BC5;H2BC6;H2BC4;AZU1;SELP;H2AC20
4404,KEGG_2021_Human,Phenylalanine metabolism,9/17,0.0010331525819302,0.0400346625497966,0,0,5.247130102040816,36.074756107523626,AOC3;ALDH3A1;IL4I1;AOC2;MAOA;TAT;PAH;GLYAT;HPD
4405,KEGG_2021_Human,Protein digestion and absorption,31/103,0.0013955729934279,0.0480697364402946,0,0,2.012902484629524,13.23372714278526,COL17A1;PRSS1;CPB1;COL14A1;COL11A1;COL12A1;ATP1A3;ATP1A2;SLC8A2;DPP4;COL10A1;PRSS2;CPA2;CPA1;SLC36A2;COL24A1;MME;COL25A1;COL22A1;COL1A1;ACE2;COL1A2;COL2A1;COL5A1;XPNPEP2;FXYD2;COL4A3;COL5A2;COL9A1;COL6A6;COL6A5
19,GO_Biological_Process_2023,Cardiac Muscle Cell Action Potential Involved In Contraction (GO:0086002),14/30,0.00024008336659695647,0.0507789812999622,0,0,4.084906329832529,34.04575120857955,KCNH2;KCNE1;CAV3;KCNE4;KCNE5;CACNA2D1;LOC102723475;CACNA1D;KCNA5;SCN5A;SCN3B;SCN4B;SCN1A;SCN2B
20,GO_Biological_Process_2023,Positive Regulation Of Epithelial Cell Proliferation (GO:0050679),38/123,0.00024251958319290604,0.0507789812999622,0,0,2.0925777112788526,17.419512691603913,SEMA5A;CCL11;PTPRN;HPN;NOD2;PTN;FGF2;EGFR;FGF7;HYAL1;ZNF703;ERBB2;SCN5A;PPP1R16B;STAT5A;CCL24;EGR3;EGF;SOX11;VEGFD;IGF1;PROX1;BMP6;PAX2;BMP5;NME1;MMP12;NELL2;NR4A1;NELL1;SFRP1;BMP2;NR4A3;LRG1;CDH13;TEK;VIP;LACRT
21,GO_Biological_Process_2023,Calcium Ion Import Across Plasma Membrane (GO:0098703),16/37,0.0002624662436496198,0.0524574578785171,0,0,3.5578637021408963,29.33596695926469,SLC24A2;CACNA2D1;CACNA1B;CACNA1D;NALF2;CACNA1H;SLC8A2;TRPM1;SCN11A;SCN9A;SCN7A;SCN4A;SCN5A;SCN2A;SCN3A;SCN1A
22,GO_Biological_Process_2023,Heart Contraction (GO:0060047),17/41,0.0003130162043907867,0.0598405326394038,0,0,3.3080374053030304,26.693399349638423,KCNH2;MYLK2;KCNE5;ATP1A2;SGCZ;TRDN;ACTC1;MYL7;MYL2;CASQ2;DMD;TNNI3;SCN5A;SCN3B;SCN4B;SGCG;SCN2B
4406,KEGG_2021_Human,ECM-receptor interaction,27/88,0.0020220842457922,0.0626846116195594,0,0,2.068348045397226,12.831258734617125,TNXB;LAMA2;LAMA3;DMP1;HMMR;COMP;RELN;IBSP;SV2B;SPP1;TNR;CD36;VWF;LAMB3;FN1;NPNT;COL1A1;COL2A1;COL1A2;COL4A3;COL9A1;ITGA7;SDC1;COL6A6;COL6A5;FREM1;FREM2
23,GO_Biological_Process_2023,Antimicrobial Humoral Response (GO:0019730),32/100,0.000362822693655082,0.0664721410000581,0,0,2.201225140555509,17.43721690745115,CST9L;PGLYRP4;CCL13;CXCL9;DEFB1;CST9;CXCL13;CXCL2;WFDC2;JCHAIN;H2BC21;RNASE7;MUC7;IL36RN;CTSG;PRSS2;IGHA2;CAMP;H2BC8;TSLP;SLC11A1;NRG1;AZU1;PPBP;F3;H2BC12;CXCL10;CXCL11;H2BC11;S100A9;S100A7;PF4
24,GO_Biological_Process_2023,Potassium Ion Transport (GO:0006813),37/122,0.00043446576347386647,0.0764138384797836,0,0,2.036927731092437,15.76865891736465,KCNG1;SLC24A2;KCNG3;KCNE1;KCNK9;KCNC2;LRRC38;KCNA1;HPN;KCNA2;KCNA4;ATP1A2;KCNA5;KCNA6;AQP1;KCNMB1;KCNMB2;SLC17A7;KCNH1;KCNJ3;KCNH2;KCNF1;LRRC26;KCNJ6;KCNJ10;KCNH6;KCNB1;KCNIP2;KCNH8;KCNK15;KCNJ16;ABCC9;KCNAB1;SLC9A9;KCNK1;HCN2;HCN1
26,GO_Biological_Process_2023,Cardiac Conduction (GO:0061337),18/46,0.0004919666483143508,0.0764972512182652,0,0,3.002374862988673,22.86938846324239,KCNH2;KCNE1;KCNH6;KCNE4;KCNE5;CACNA2D1;CAV1;LOC102723475;CACNA1D;KCNA5;ANK2;SCN5A;SCN3B;SCN4B;HCN2;KCNJ3;HCN1;SCN2B
27,GO_Biological_Process_2023,Cellular Component Disassembly (GO:0022411),18/46,0.0004919666483143508,0.0764972512182652,0,0,3.002374862988673,22.86938846324239,PRSS1;GSN;TMPRSS6;CMA1;MMP1;MMP3;KLK4;MMP8;MMP9;MMP10;MMP12;ADAMTS5;MMP11;MMP13;CTSG;ADAM8;PRSS2;ELANE
28,GO_Biological_Process_2023,Metal Ion Transport (GO:0030001),48/171,0.0005045304265020904,0.0764972512182652,0,0,1.827625498954904,13.875117877175514,KCNG1;CATSPER1;KCNK9;KCNA1;KCNA2;ATP2A3;KCNA4;SLC5A12;CACNA1D;ATP1A2;KCNA5;CSN2;KCNA6;RYR3;AQP1;SLC5A5;NIPAL4;CACNG6;SCN11A;KCNMB1;SCN9A;KCNMB2;CDH23;SCN7A;SLC17A7;SCN5A;SCN3B;SCN3A;KCNH1;SCN1A;KCNJ3;SLC34A3;KCNF1;KCNJ6;KCNJ10;KCNIP2;CACNA2D1;SLC11A1;CAV1;KCNJ16;KCNAB1;SLC5A8;NMUR1;SCN4A;SCN2A;KCNK1;SCN4B;RAMP1
25,GO_Biological_Process_2023,Chemokine-Mediated Signaling Pathway (GO:0070098),21/57,0.0004545179223577258,0.0764972512182652,0,0,2.725374478574137,20.975226592101965,CCL14;CCL25;CCL13;CCL24;CXCL9;CCL23;CCL11;CCL21;CCL20;PPBP;CXCL13;CXCL2;CX3CL1;CXCL10;CXCL11;CXCL12;CCL7;THPO;CCL17;CCL16;PF4
29,GO_Biological_Process_2023,Regulation Of Secretion (GO:0051046),9/16,0.0005764451687298198,0.0844876468968339,0,0,5.997084548104956,44.73003672242743,PTPRN2;EGF;OAS2;PTPRN;OPRK1;NRG1;LACRT;GPLD1;CES1
30,GO_Biological_Process_2023,Cardiac Muscle Cell Action Potential (GO:0086001),13/29,0.0006473782475967598,0.0918232953123533,0,0,3.792050936435869,27.843436669662,KCNH2;KCNE1;KCNIP2;CACNA2D1;ATP1A2;CACNA1D;DMD;SCN5A;SCN3B;SCN4B;HCN2;SCN1A;SCN2B
31,GO_Biological_Process_2023,Cellular Response To Chemokine (GO:1990869),21/59,0.0007717541906398214,0.1060438492576029,0,0,2.5816193641099336,18.50206444924221,CCL14;CCL25;CCL13;CCL24;CXCL9;CCL23;CCL11;CCL21;DUSP1;CCL20;PPBP;CXCL13;CXCL2;CX3CL1;CXCL10;CXCL11;CXCL12;CCL7;CCL17;CCL16;PF4
38,GO_Biological_Process_2023,Lymphocyte Migration (GO:0072676),16/41,0.0010323867599253,0.1163949893177339,0,0,2.9878784436239703,20.544299354018364,CCL14;RET;CCL25;CCL13;CCL24;CCL23;CCL11;CCL21;CCL20;GATA3;CX3CL1;CCL7;S1PR1;SAA1;CCL17;CCL16
33,GO_Biological_Process_2023,Catecholamine Biosynthetic Process (GO:0042423),7/11,0.0009109058949152044,0.1163949893177339,0,0,8.15956090651558,57.12566494735695,PNMT;MOXD1;TH;PAH;GATA3;INSM1;SNCA
36,GO_Biological_Process_2023,Positive Regulation Of Macromolecule Metabolic Process (GO:0010604),88/364,0.000992943277859614,0.1163949893177339,0,0,1.4963967711708075,10.347339786226671,MYOM1;MYLK2;PID1;RHOXF1;CITED1;SCX;FGF1;FGF2;VSIR;ACTG2;FGF5;CDH5;RIMS1;FGF7;C1QTNF1;LAMP3;DNMT3B;CD36;AMH;CD34;HOXA5;NAT8B;FOXD1;SLC11A1;TESC;AVPR2;ANK2;SOX11;PAX6;MMP8;DKK1;LGALS9C;POU3F3;LGALS9B;ADAM19;ACTA2;CLDN5;CLDN3;MYCN;IFNG;PLA2G10;CLDN19;PPARG;VSTM2A;RBMS3;PRKN;UHRF1;HPN;LEF1;GATA5;NTS;CALCR;CLEC7A;AGR2;E2F1;PPARGC1A;NTSR1;SNCA;EGR1;IL33;NTRK2;GSN;ANGPT1;EGF;NTRK3;PDE2A;FN1;HMGA2;AZU1;IGF1;INHBA;KLF4;POU4F1;MT3;BMP6;KLF2;FGF17;BMP2;IL6;ACTC1;WT1;ADM2;PIP;SPRY2;SLC26A9;BMPR1B;FGFR4;PF4
37,GO_Biological_Process_2023,Calcium Ion-Regulated Exocytosis Of Neurotransmitter (GO:0048791),8/14,0.0010320027914463,0.1163949893177339,0,0,6.217814300557287,42.755269877434735,SYT5;RIMS2;SYT4;UNC13C;RIMS1;RIMS4;UNC13A;SYT1
34,GO_Biological_Process_2023,Regulation Of Potassium Ion Transport (GO:0043266),13/30,0.0009588401908627408,0.1163949893177339,0,0,3.5687721172464446,24.802202991559195,KCNH2;KCNE1;KCNIP2;KCNE5;FHL1;CACNA1D;KCNA5;ANK2;KCNAB1;DPP6;CASQ2;NOS1;VIP
35,GO_Biological_Process_2023,Cellular Response To Estradiol Stimulus (GO:0071392),10/20,0.0009661018993581024,0.1163949893177339,0,0,4.664870995180039,32.38465981805209,H2AZ1;MYOG;CRHBP;SFRP1;ZNF703;SSTR1;SSTR2;ESR1;POU4F1;EGFR
32,GO_Biological_Process_2023,Regulation Of ERK1 And ERK2 Cascade (GO:0070372),63/244,0.0008889676663317192,0.1163949893177339,0,0,1.6313228179658203,11.460776392199008,PSCA;CXCL17;HTR2C;HTR2A;FGF1;FGF2;CX3CL1;PYCARD;FFAR4;CCR7;CD36;AMH;EPHB1;ROS1;FGA;LMO3;ADIPOQ;NRG1;NPNT;MTURN;CCNA2;TGFBR3;DDR2;S100A7;CCL14;CCL13;SEMA7A;CCL11;GATA4;NOD2;RASGRP1;EGFR;P2RY6;CALCR;THPO;CCL7;PDGFD;ERBB2;ALKAL2;CCL17;CCL16;CCL25;CCL24;NTRK2;CCL23;CCL21;ANGPT1;CCL20;NTRK3;PLA2G2A;FN1;IGF1;MT3;MARCO;NELL1;BMP2;ACKR3;SPRY2;SPRY1;TEK;FGFR4;FGFR3;FERMT2
40,GO_Biological_Process_2023,Positive Regulation Of Filopodium Assembly (GO:0051491),12/27,0.0011434606392604,0.1197094388292406,0,0,3.7328794326241135,25.285390355745147,GPM6A;TENM1;DOCK11;NELL1;NLGN1;TENM2;MIEN1;CCL21;MYO3B;PLPPR5;NEURL1;CCR7
39,GO_Biological_Process_2023,Sister Chromatid Segregation (GO:0000819),14/34,0.0011354369709942,0.1197094388292406,0,0,3.267130286687482,22.15355352427885,TOP2A;SPAG5;PLK1;KIF25;SMC4;NDC80;ZWINT;SGO1;KIF18A;KIF18B;ESPL1;CENPI;KIFC1;CENPK
41,GO_Biological_Process_2023,Regulation Of Catecholamine Secretion (GO:0050433),12/27,0.0011434606392604,0.1197094388292406,0,0,3.7328794326241135,25.285390355745147,PRKN;SYT5;SYT4;SYT1;KCNB1;KCNA2;FFAR3;SYT13;SYT9;STX1A;SNCA;SYT17
43,GO_Biological_Process_2023,Endoderm Formation (GO:0001706),14/35,0.0015875624491272,0.1586480020184632,0,0,3.111363421326521,20.054465581524227,LAMB3;DUSP1;COL12A1;LAMA3;FN1;HMGA2;INHBA;MMP8;MMP9;SOX17;LHX1;TBX20;ITGA7;SOX7
42,GO_Biological_Process_2023,Action Potential (GO:0001508),14/35,0.0015875624491272,0.1586480020184632,0,0,3.111363421326521,20.054465581524227,KCNH2;KCNE1;KCNH6;KCNE4;KCNB1;KCNA1;KCNE5;KCNA2;LOC102723475;KCNMB2;DMD;SCN4A;SCN5A;SCN3B
44,GO_Biological_Process_2023,Cardiac Muscle Cell Contraction (GO:0086003),9/18,0.0017435199215802,0.1635711809964373,0,0,4.663832199546485,29.623959132100538,KCNE1;GSN;CACNA2D1;CACNA1D;SCN5A;SCN3B;SCN4B;SCN1A;SCN2B
46,GO_Biological_Process_2023,Calcium Ion Transmembrane Import Into Cytosol (GO:0097553),26/83,0.0017484297263662,0.1635711809964373,0,0,2.1314265441444684,13.532506403091,SLC24A2;CACNA1B;HTR2C;CACNA1D;HTR2A;NALF2;FGF2;CACNA1H;SLC8A2;TRPM1;JPH2;JPH3;SCN11A;SCN9A;SCN7A;CCR7;SCN5A;SCN3A;SCN1A;CCL21;CACNA2D1;GRIN2B;GRIN2D;SCN4A;PLCH2;SCN2A
45,GO_Biological_Process_2023,Negative Regulation Of Peptide Hormone Secretion (GO:0090278),9/18,0.0017435199215802,0.1635711809964373,0,0,4.663832199546485,29.623959132100538,CHGA;PRKN;CRHBP;SFRP1;KCNB1;BMP8A;FFAR4;FAM3D;FOXO1
49,GO_Biological_Process_2023,Regulation Of Hormone Secretion (GO:0046883),8/15,0.0018695687488549,0.1644098757743019,0,0,5.329231267457394,33.478483908943595,IL11;NMB;CCKAR;EDN3;OSM;FFAR3;SOX11;FFAR2
48,GO_Biological_Process_2023,Regulation Of Sensory Perception (GO:0051931),7/12,0.0018524793331779,0.1644098757743019,0,0,6.5272521246458926,41.06444671459685,TMEM100;OPRPN;SMR3B;SCN11A;SPX;VIP;MGLL
47,GO_Biological_Process_2023,Negative Regulation Of Potassium Ion Transport (GO:0043267),7/12,0.0018524793331779,0.1644098757743019,0,0,6.5272521246458926,41.06444671459685,KCNH2;CAV3;CAV1;KCNE5;CASQ2;NOS1;VIP
50,GO_Biological_Process_2023,Positive Regulation Of Cell Adhesion (GO:0045785),27/88,0.0020220842457922,0.1743353809558524,0,0,2.068348045397226,12.831258734617125,RET;VIT;ECM2;LAMA2;SIRPG;NDNF;FUT3;FUT7;IBSP;HYAL1;ERBB2;AGR2;IL12B;RAC3;CCR7;PRSS2;P2RY12;CCL21;TNFRSF18;AZU1;NPNT;CCDC80;CXCL12;SAA1;ADAM8;RELL2;PLPP3
4407,KEGG_2021_Human,Nicotine addiction,14/40,0.0066253393809845,0.186714109827745,0,0,2.5122600930151315,12.603641295532409,GABRQ;GRIA2;GABRA5;GABRA4;CHRNA6;GABRA3;CACNA1B;GRIN2B;GABRG1;GRIN2D;SLC17A7;GABRE;GABRD;GRIA4
51,GO_Biological_Process_2023,Regulation Of Endothelial Cell Proliferation (GO:0001936),28/93,0.0023032727455473,0.1914441659555092,0,0,2.013038998618936,12.226039839427246,SEMA5A;CCL11;PTPRM;FUT2;FGF2;ATOH8;PPP1R16B;STAT5A;CCL24;EGR3;ANGPT1;CAV2;EGF;CAV1;SORD;VEGFD;PROX1;SULF1;NELL2;NELL1;NR4A1;BMP2;LRG1;TNMD;LEP;CDH13;TEK;VIP
52,GO_Biological_Process_2023,Potassium Ion Transmembrane Transport (GO:0071805),38/137,0.0023076053663047,0.1914441659555092,0,0,1.7951218385628216,10.899162897824423,KCNG1;SLC24A2;KCNG3;KCNE1;KCNK9;KCNE4;KCNC2;KCNE5;LRRC38;KCNA1;HPN;KCNA2;ATP1A3;KCNA4;ATP1A2;KCNA5;KCNA6;SLC12A8;KCNH1;KCNJ3;KCNH2;KCNF1;LRRC26;KCNJ6;KCNJ10;KCNH6;KCNB1;KCNIP2;KCNH8;LOC102723475;KCNK15;KCNJ16;ABCC9;FXYD2;SLC9A9;KCNK1;HCN2;HCN1
54,GO_Biological_Process_2023,Lymphocyte Chemotaxis (GO:0048247),16/44,0.0024548397221839,0.1927487546150477,0,0,2.6672617357082,16.029426332456755,CCL14;CCL25;CCL13;CCL24;CCL23;CCL11;CCL21;CCL20;CXCL13;CX3CL1;CXCL10;CXCL11;CCL7;SAA1;CCL17;CCL16
53,GO_Biological_Process_2023,Calcium Ion Homeostasis (GO:0055074),30/102,0.0024466896368102,0.1927487546150477,0,0,1.9474146944206825,11.70984221417557,CCL14;SLC24A2;CCL13;CALCB;CCL11;CIB3;ATP2A3;HTR2C;HTR2A;PTH1R;SLC8A2;CDH5;JPH2;PLN;CCL7;TNNI3;S100A14;DRD4;ELANE;SNCA;CCL23;EDN2;EDN3;TRPA1;CAV1;ANK2;TRDN;CXCL12;CASQ2;RGN
55,GO_Biological_Process_2023,Positive Regulation Of Osteoblast Differentiation (GO:0045669),16/44,0.0024548397221839,0.1927487546150477,0,0,2.6672617357082,16.029426332456755,FBN2;WNT7B;SOX11;IGF1;NPNT;BMP6;CCNA2;SCUBE3;NELL1;IL6;FFAR4;CCN4;BMPR1B;TP63;FERMT2;DDR2
57,GO_Biological_Process_2023,Tryptophan Catabolic Process (GO:0006569),5/7,0.0026380476999298,0.1999913058032996,0,0,11.651330690826727,69.18229433031689,IL4I1;TDO2;IDO2;KMO;IDO1
56,GO_Biological_Process_2023,Ethanol Oxidation (GO:0006069),5/7,0.0026380476999298,0.1999913058032996,0,0,11.651330690826727,69.18229433031689,ADH4;ACSS2;ADH1C;ADH1B;ADH1A
58,GO_Biological_Process_2023,Cellular Response To Hormone Stimulus (GO:0032870),28/94,0.0027365903847309,0.2039455579942696,0,0,1.9824175064984413,11.69832999547806,ROBO2;OXTR;ATP1A3;ATP1A2;NR3C1;TFPI;CACNA1H;SLC5A5;GHR;CRHBP;CCKAR;FFAR4;LHCGR;AKR1C1;CAV1;AVPR2;AKR1C3;AKR1C2;AVPR1A;ESR1;ESR2;SFRP1;NR4A3;WT1;LEP;KLF9;MGARP;RAMP1
59,GO_Biological_Process_2023,Inorganic Cation Import Across Plasma Membrane (GO:0098659),30/103,0.002878656110395,0.2109575152901192,0,0,1.9206205983336653,11.23645967456042,SLC24A2;KCNK9;CACNA1B;ATP1A3;CACNA1D;ATP1A2;NALF2;CACNA1H;SLC8A2;TRPM1;SCN11A;SCN9A;SLC39A6;SCN7A;SCN5A;SCN3A;SLC12A8;SCN1A;KCNJ3;KCNH2;KCNJ6;KCNJ10;CACNA2D1;KCNJ16;ABCC9;FXYD2;SLC9A9;SCN4A;SCN2A;HCN2
60,GO_Biological_Process_2023,Antimicrobial Humoral Immune Response Mediated By Antimicrobial Peptide (GO:0061844),21/65,0.0030776978404955,0.215566359811668,0,0,2.2287659013341607,12.890231217141556,PGLYRP4;CCL13;CXCL9;H2BC8;TSLP;DEFB1;NRG1;PPBP;CXCL13;CXCL2;H2BC12;CXCL10;CXCL11;H2BC21;H2BC11;RNASE7;MUC7;S100A9;CAMP;S100A7;PF4
61,GO_Biological_Process_2023,Membrane Depolarization During Cardiac Muscle Cell Action Potential (GO:0086012),8/16,0.0031626970149078,0.215566359811668,0,0,4.662793992632474,26.84058154821042,CACNA2D1;ATP1A2;CACNA1D;SCN5A;SCN3B;SCN4B;HCN2;SCN2B
67,GO_Biological_Process_2023,Response To Prostaglandin E (GO:0034695),6/10,0.003333753119671,0.215566359811668,0,0,6.991928632115548,39.879559516514256,TGFBR3;SFRP1;GNG2;CCL21;TNFSF4;CCR7
65,GO_Biological_Process_2023,Negative Regulation Of Interleukin-17 Production (GO:0032700),6/10,0.003333753119671,0.215566359811668,0,0,6.991928632115548,39.879559516514256,IFNG;TNFSF4;IL12B;IL36RN;FOXP3;VSIR
62,GO_Biological_Process_2023,Striated Muscle Contraction (GO:0006941),19/57,0.0032099274993568,0.215566359811668,0,0,2.3344229675952244,13.403105641249567,KCNH2;MYLK2;CCDC78;KCNE5;ATP1A2;RYR3;JSRP1;TNNT1;MYL2;TNNT3;STAC2;CASQ2;DMD;TNNI3;NOS1;SCN5A;SCN3B;SCN4B;SCN2B
64,GO_Biological_Process_2023,Aromatic Amino Acid Family Catabolic Process (GO:0009074),6/10,0.003333753119671,0.215566359811668,0,0,6.991928632115548,39.879559516514256,IL4I1;TAT;FANCA;KMO;HPD;IDO1
66,GO_Biological_Process_2023,Regulation Of Mitotic Sister Chromatid Separation (GO:0010965),6/10,0.003333753119671,0.215566359811668,0,0,6.991928632115548,39.879559516514256,CCNB1;DUSP1;USP44;BIRC5;CDCA8;AURKB
63,GO_Biological_Process_2023,Regulation Of Cyclin-Dependent Protein Kinase Activity (GO:1904029),18/53,0.0032400067251769,0.215566359811668,0,0,2.400876872488125,13.762258087247629,CDKN1C;BLM;CDKN2A;CCNF;CDC6;CDC25C;PKMYT1;CDC25A;CCNA2;CCNB2;CCNB1;CCNE2;CCNE1;CCNI2;CCNP;CCNO;CDK5R2;CDKN3
4408,KEGG_2021_Human,ABC transporters,15/45,0.0083597241688287,0.2159595410280757,0,0,2.332907438955139,11.16139868952278,ABCG8;ABCD2;ABCB1;ABCA5;ABCA6;ABCB5;ABCA9;TAP1;DEFB1;ABCC9;ABCA8;ABCB11;ABCC12;ABCA10;ABCG2
68,GO_Biological_Process_2023,Membrane Depolarization During Action Potential (GO:0086010),7/13,0.0034030561444688,0.2168585198149222,0,0,5.4390462700661,30.910542609990078,KCNH2;CACNA1D;SCN5A;SCN3B;SCN4B;HCN2;SCN2B
69,GO_Biological_Process_2023,Monocyte Chemotaxis (GO:0002548),15/42,0.0040438469954465,0.2394747370935314,0,0,2.592592592592593,14.286633960909192,CCL14;CCL25;CCL13;CCL24;CCL23;CCL11;CCL21;CCL20;CX3CL1;IL6;CCL7;CTSG;FOLR2;CCL17;CCL16
73,GO_Biological_Process_2023,Positive Regulation Of Antigen Processing And Presentation (GO:0002579),4/5,0.0041936672176943,0.2394747370935314,0,0,18.6379847155392,102.0276775206775,CCL21;SLC11A1;CCR7;NOD2
70,GO_Biological_Process_2023,Blood Circulation (GO:0008015),17/50,0.0041097520761776,0.2394747370935314,0,0,2.4045282369146004,13.211422089817903,EDN3;EPO;NPR1;AVPR1A;SGCZ;TRDN;ACE2;CXCL10;MYL7;PLN;ACTC1;CXCL12;MYL2;COL4A3;OLR1;TNNI3;SGCG
74,GO_Biological_Process_2023,Positive Regulation Of Dendritic Cell Antigen Processing And Presentation (GO:0002606),4/5,0.0041936672176943,0.2394747370935314,0,0,18.6379847155392,102.0276775206775,CCL21;SLC11A1;CCR7;NOD2
72,GO_Biological_Process_2023,Interleukin-27-Mediated Signaling Pathway (GO:0070106),4/5,0.0041936672176943,0.2394747370935314,0,0,18.6379847155392,102.0276775206775,OAS1;OAS2;MX1;OASL
71,GO_Biological_Process_2023,Hepatocyte Differentiation (GO:0070365),4/5,0.0041936672176943,0.2394747370935314,0,0,18.6379847155392,102.0276775206775,PROX1;PCK1;E2F7;E2F8
76,GO_Biological_Process_2023,Retinal Ganglion Cell Axon Guidance (GO:0031290),4/5,0.0041936672176943,0.2394747370935314,0,0,18.6379847155392,102.0276775206775,ROBO2;NELL1;PTPRM;EPHB1
75,GO_Biological_Process_2023,Regulation Of Ribonuclease Activity (GO:0060700),4/5,0.0041936672176943,0.2394747370935314,0,0,18.6379847155392,102.0276775206775,OAS1;OAS2;OAS3;OASL
77,GO_Biological_Process_2023,DNA Unwinding Involved In DNA Replication (GO:0006268),9/20,0.0042939660823048,0.2420585751781349,0,0,3.815398886827458,20.796001335546165,GINS1;RECQL4;GINS2;CDC45;RAD51;GINS4;HMGA1;MCM4;MCM2
78,GO_Biological_Process_2023,Positive Regulation Of Cell-Substrate Adhesion (GO:0010811),22/71,0.0044101168422719,0.2454592880439232,0,0,2.096600574796064,11.371655613245917,VIT;CCL25;FGA;ECM2;MYOC;CCL21;FN1;NDNF;NPNT;OLFM4;CX3CL1;NELL1;SFRP1;CCDC80;AGR2;RAC3;CDH13;CCR7;CD36;RELL2;FERMT2;LIMS2
79,GO_Biological_Process_2023,Response To Estradiol (GO:0032355),12/31,0.0046403739778993,0.2550465547602915,0,0,2.9462933930571107,15.83031748403869,FOXA1;H2AZ1;MYOG;CRHBP;SFRP1;ZNF703;CSN1S1;SSTR1;SSTR2;ESR1;POU4F1;EGFR
82,GO_Biological_Process_2023,Regulation Of Postsynaptic Membrane Potential (GO:0060078),13/35,0.0049435867977272,0.2555127614086163,0,0,2.7568491383758125,14.637943006201033,GABRA5;GABRA4;GABRA3;FOXM1;MAPK8IP2;GRIN2B;INSYN2A;INSYN2B;GABRG1;GRIN2D;NPAS4;GABRE;DRD4
81,GO_Biological_Process_2023,Microtubule Cytoskeleton Organization Involved In Mitosis (GO:1902850),19/59,0.0049341648404045,0.2555127614086163,0,0,2.2174317794201253,11.77804822407936,STIL;PLK1;CDCA8;TTK;KIF11;WDR62;AURKB;NDC80;CENPE;CCNB1;ESPL1;KIF4A;NUF2;STMN1;CDK1;TACC3;BIRC5;DLGAP5;SPC25
80,GO_Biological_Process_2023,Positive Regulation Of Protein Kinase B Signaling (GO:0051897),27/93,0.0047608426958044,0.2555127614086163,0,0,1.911072261072261,10.2191351603275,RET;SEMA5A;CSF3;GATA3;NTS;FGF2;CX3CL1;EGFR;CALCR;THPO;CCR7;P2RY12;MYOC;ANGPT1;CCL21;F10;EGF;GDF15;AKR1C3;OSM;AKR1C2;IGF1;F7;LEP;SPRY2;TEK;FERMT2
84,GO_Biological_Process_2023,DNA Replication Checkpoint Signaling (GO:0000076),8/17,0.0050556311672844,0.2555127614086163,0,0,4.144453889990869,21.91277449895148,CDT1;CDC45;ORC1;HUS1B;CDC6;CLSPN;DNA2;TICRR
86,GO_Biological_Process_2023,Ventricular Cardiac Muscle Cell Action Potential (GO:0086005),8/17,0.0050556311672844,0.2555127614086163,0,0,4.144453889990869,21.91277449895148,KCNH2;KCNE1;CAV3;KCNE4;KCNE5;LOC102723475;SCN5A;SCN3B
85,GO_Biological_Process_2023,Regulation Of Mitotic Cell Cycle Spindle Assembly Checkpoint (GO:0090266),8/17,0.0050556311672844,0.2555127614086163,0,0,4.144453889990869,21.91277449895148,CCNB1;DUSP1;USP44;CDCA8;BIRC5;AURKB;NDC80;MAD2L1
83,GO_Biological_Process_2023,Mitotic Sister Chromatid Segregation (GO:0000070),31/111,0.0049613467357087,0.2555127614086163,0,0,1.8107280376497432,9.60786430560212,CDCA5;KIF14;CDCA8;NCAPG;KIF11;SMC4;NCAPH;CCNB1;ANKRD53;MISP;CEP55;DLGAP5;SPAG5;PLK1;KIF25;KIF23;TEX14;NDC80;ZWINT;SGO1;TPX2;CENPE;KIF18A;KIF18B;PSRC1;ESPL1;KIFC2;KIFC1;CENPI;CENPK;KIF2C
87,GO_Biological_Process_2023,Retina Homeostasis (GO:0001895),14/39,0.0051263881978277,0.2561446466573723,0,0,2.612909452171445,13.77879630944302,CRB2;PIGR;ZG16B;HSPB1;F3;RPE65;CST4;JCHAIN;IGHG3;OPRPN;POTEI;PIP;ALB;IGHA2
4409,KEGG_2021_Human,IL-17 signaling pathway,26/94,0.010842591856597,0.2585541135034691,0,0,1.7854390403270397,8.077814018933683,CSF3;CCL11;CXCL2;S100A7A;CCL7;CCL17;MMP1;CCL20;MMP3;FOS;MUC5B;MMP9;MAPK15;MUC5AC;MAPK10;CXCL10;IL6;MMP13;IFNG;FOSB;IL17D;S100A9;IL17C;S100A8;IL17B;S100A7
99,GO_Biological_Process_2023,Type B Pancreatic Cell Differentiation (GO:0003309),5/8,0.0060095691491702,0.2642407554890166,0,0,7.767081917704794,39.723981018324814,CDH2;RFX6;INSM1;BMP6;BMP5
88,GO_Biological_Process_2023,Centromere Complex Assembly (GO:0034508),7/14,0.0057741170890558,0.2642407554890166,0,0,4.661756373937677,24.028416824809856,CENPE;CENPF;CENPW;CENPI;HJURP;OIP5;DLGAP5
98,GO_Biological_Process_2023,Regulation Of Mitotic Sister Chromatid Segregation (GO:0033047),5/8,0.0060095691491702,0.2642407554890166,0,0,7.767081917704794,39.723981018324814,CCNB1;DUSP1;USP44;CDK1;AURKB
91,GO_Biological_Process_2023,Synaptonemal Complex Assembly (GO:0007130),7/14,0.0057741170890558,0.2642407554890166,0,0,4.661756373937677,24.028416824809856,SYCE3;SYCE1;TEX11;P3H4;TEX15;HORMAD1;TRIP13
94,GO_Biological_Process_2023,Regulation Of Calcium Ion-Dependent Exocytosis (GO:0017158),11/28,0.0058177176971429,0.2642407554890166,0,0,3.0180174168362752,15.533274619377808,SYT5;SYT4;DOC2A;SYT1;KCNB1;DOC2B;SYT13;SYT9;STX1A;CBARP;SYT17
93,GO_Biological_Process_2023,Mucosal Immune Response (GO:0002385),11/28,0.0058177176971429,0.2642407554890166,0,0,3.0180174168362752,15.533274619377808,H2BC12;PIGR;IFNL2;H2BC8;BPIFB1;H2BC21;H2BC11;FFAR3;DEFB1;FFAR2;CAMP
92,GO_Biological_Process_2023,Synaptonemal Complex Organization (GO:0070193),7/14,0.0057741170890558,0.2642407554890166,0,0,4.661756373937677,24.028416824809856,SYCE3;SYCE1;TEX11;P3H4;TEX15;HORMAD1;TRIP13
89,GO_Biological_Process_2023,Endoderm Development (GO:0007492),7/14,0.0057741170890558,0.2642407554890166,0,0,4.661756373937677,24.028416824809856,SOX17;DUSP1;LHX1;TBX20;GATA4;HOXC11;SOX7
90,GO_Biological_Process_2023,Regulation Of Sensory Perception Of Pain (GO:0051930),7/14,0.0057741170890558,0.2642407554890166,0,0,4.661756373937677,24.028416824809856,TMEM100;OPRPN;SMR3B;SCN11A;SPX;VIP;MGLL
97,GO_Biological_Process_2023,Positive Regulation Of Ubiquitin Protein Ligase Activity (GO:1904668),5/8,0.0060095691491702,0.2642407554890166,0,0,7.767081917704794,39.723981018324814,CDC20;UBE2C;UBE2S;PLK1;CDC14B
96,GO_Biological_Process_2023,Cellular Response To Metal Ion (GO:0071248),36/135,0.0059317730804548,0.2642407554890166,0,0,1.699670224091818,8.714943681552331,PRKN;NLGN1;CPNE7;KCNA1;MT1M;MT1X;CACNA1H;RYR3;EGFR;AQP1;CRHBP;SCN5A;ECT2;KCNH1;SNCA;SYT5;SYT4;SLC13A2;AOC1;SYT1;AKR1C3;FOS;SYT13;SYT9;MT3;F3;MMP9;BMP6;SYT17;TFR2;RASA4;ITPKA;DPEP1;MT1G;MT1H;GPLD1
95,GO_Biological_Process_2023,Regulation Of Chromosome Segregation (GO:0051983),11/28,0.0058177176971429,0.2642407554890166,0,0,3.0180174168362752,15.533274619377808,RMI2;CDCA2;IHO1;NCAPG;KIF2C;HORMAD1;CDC6;MKI67;SMC4;BUB1;NCAPH
4410,KEGG_2021_Human,Retinol metabolism,20/68,0.0119613028878986,0.2648574210891838,0,0,1.9447208795374848,8.60748746648917,ADH1C;RETSAT;ADH1B;ADH1A;UGT2B17;UGT2B28;HSD17B6;CYP3A4;RPE65;SDR16C5;ALDH1A3;CYP2A7;ADH4;CYP26B1;ALDH1A2;ALDH1A1;RDH16;CYP1A1;AOX1;RDH5
100,GO_Biological_Process_2023,Negative Regulation Of Voltage-Gated Potassium Channel Activity (GO:1903817),6/11,0.0062411800464282,0.2717076105360884,0,0,5.59320305862362,28.394376367597214,KCNE1;KCNE4;CAV1;KCNE5;LOC102723475;KCNAB1
4411,KEGG_2021_Human,PPAR signaling pathway,21/74,0.0154531556450276,0.3193652166639048,0,0,1.8492819885375749,7.71139872191885,ACSL1;MMP1;ADIPOQ;AQP7;LPL;SORBS1;FABP4;ACADL;FABP6;SCD;PLIN4;OLR1;SLC27A6;PPARG;CD36;HMGCS2;ANGPTL4;PLIN1;PPARA;PCK1;RXRG
103,GO_Biological_Process_2023,"Protein Localization To Chromosome, Centromeric Region (GO:0071459)",8/18,0.007705326985197,0.3226697405134428,0,0,3.7297818078775857,18.148534092812294,H2AC8;H4C9;H2BC11;CDK1;TTK;KNL1;HASPIN;CENPA
104,GO_Biological_Process_2023,Regulation Of Dendrite Extension (GO:1903859),8/18,0.007705326985197,0.3226697405134428,0,0,3.7297818078775857,18.148534092812294,RIMS2;RNF157;SYT4;RIMS1;UNC13A;SYT1;OSTN;SYT17
101,GO_Biological_Process_2023,Energy Reserve Metabolic Process (GO:0006112),8/18,0.007705326985197,0.3226697405134428,0,0,3.7297818078775857,18.148534092812294,PID1;ADRB3;GBE1;LEP;ADGRF5;LEPR;PYGM;MT3
102,GO_Biological_Process_2023,Membrane Repolarization (GO:0086009),8/18,0.007705326985197,0.3226697405134428,0,0,3.7297818078775857,18.148534092812294,KCNH2;KCNE1;KCNH6;KCNE4;KCNIP2;KCNE5;LOC102723475;ATP1A2
107,GO_Biological_Process_2023,Regulation Of Cyclin-Dependent Protein Serine/Threonine Kinase Activity (GO:0000079),23/79,0.0084233701208898,0.3325383138088052,0,0,1.9176406618424264,9.16008097812116,CEBPA;MYOCD;BLM;CDKN2A;CCNF;PLK1;PROX1;CDC6;CDC25C;PKMYT1;CDC25A;EGFR;CCNA2;CCNB2;CCNB1;PSRC1;CCNE2;CCNE1;CCNI2;CCNP;CCNO;CDK5R2;CDKN3
110,GO_Biological_Process_2023,Regulation Of Dopamine Secretion (GO:0014059),9/22,0.009082827824899,0.3325383138088052,0,0,3.228021978021978,15.17612471967952,PRKN;SYT5;SYT4;SYT1;KCNA2;SYT13;SYT9;SYT17;SNCA
142,GO_Biological_Process_2023,Type B Pancreatic Cell Development (GO:0003323),4/6,0.010814868973086,0.3325383138088052,0,0,9.318426266628927,42.18296265300639,CDH2;NKX6-1;BMP6;BMP5
141,GO_Biological_Process_2023,"Synaptic Transmission, Dopaminergic (GO:0001963)",4/6,0.010814868973086,0.3325383138088052,0,0,9.318426266628927,42.18296265300639,CRHBP;TH;SLC6A2;SNCA
137,GO_Biological_Process_2023,Regulation Of Mitotic Cytokinesis (GO:1902412),4/6,0.010814868973086,0.3325383138088052,0,0,9.318426266628927,42.18296265300639,BIRC5;CDCA8;AURKB;DCDC1
138,GO_Biological_Process_2023,Regulation Of Nuclease Activity (GO:0032069),4/6,0.010814868973086,0.3325383138088052,0,0,9.318426266628927,42.18296265300639,OAS1;OAS2;OAS3;OASL
140,GO_Biological_Process_2023,Spontaneous Synaptic Transmission (GO:0098814),4/6,0.010814868973086,0.3325383138088052,0,0,9.318426266628927,42.18296265300639,RIMS2;DOC2A;DOC2B;NSG1
139,GO_Biological_Process_2023,Regulation Of Skeletal Muscle Satellite Cell Proliferation (GO:0014842),4/6,0.010814868973086,0.3325383138088052,0,0,9.318426266628927,42.18296265300639,MYOG;ANGPT1;EPHB1;FGF2
111,GO_Biological_Process_2023,Membrane Repolarization During Action Potential (GO:0086011),7/15,0.0091906058636011,0.3325383138088052,0,0,4.07878895184136,19.127780247774805,KCNH2;KCNE1;KCNH6;KCNE4;KCNIP2;KCNE5;LOC102723475
112,GO_Biological_Process_2023,Negative Regulation Of Cation Transmembrane Transport (GO:1904063),7/15,0.0091906058636011,0.3325383138088052,0,0,4.07878895184136,19.127780247774805,KCNH2;CAV3;EPO;CAV1;KCNE5;MMP9;CBARP
114,GO_Biological_Process_2023,Regulation Of Systemic Arterial Blood Pressure By Hormone (GO:0001990),7/15,0.0091906058636011,0.3325383138088052,0,0,4.07878895184136,19.127780247774805,ACE2;OXTR;EDN2;EDN3;AVPR2;AVPR1A;CORIN
113,GO_Biological_Process_2023,Positive Regulation Of Mitotic Sister Chromatid Separation (GO:1901970),7/15,0.0091906058636011,0.3325383138088052,0,0,4.07878895184136,19.127780247774805,CDC20;ESPL1;UBE2C;CDCA8;BIRC5;AURKB;DLGAP5
116,GO_Biological_Process_2023,Cell-Cell Adhesion Mediated By Cadherin (GO:0044331),10/26,0.0099862562092206,0.3325383138088052,0,0,2.91448114544939,13.425690035689705,CDH5;CDH2;CDH10;CDH22;CDH11;CDHR2;CDH12;CDH13;CDH15;CDH7
117,GO_Biological_Process_2023,Positive Regulation Of Phosphatidylinositol 3-Kinase Activity (GO:0043552),10/26,0.0099862562092206,0.3325383138088052,0,0,2.91448114544939,13.425690035689705,P2RY12;CCL21;EPHA8;CD19;KIT;CCR7;NOD2;TEK;FGF2;FGFR3
118,GO_Biological_Process_2023,Skeletal System Development (GO:0001501),38/149,0.0103677824290016,0.3325383138088052,0,0,1.599880532146894,7.309937544271154,DLX5;DLX6;NPR3;PRELP;PTH1R;PCSK5;DLL3;COMP;CLEC3A;WNT11;HYAL1;EPYC;SHOX;ALX4;COL10A1;PITX1;NKX3-2;SOX5;GDF10;MYOC;ZBTB16;EN1;IGF1;SULF1;BMP6;BMP5;PAX1;COL1A1;BMP3;BMP2;COL1A2;COL2A1;OGN;CDH11;NOTUM;INHA;FGFR3;MATN3
115,GO_Biological_Process_2023,Calcium-Ion Regulated Exocytosis (GO:0017156),10/26,0.0099862562092206,0.3325383138088052,0,0,2.91448114544939,13.425690035689705,RIMS2;SYT5;RIMS1;SYT4;RIMS4;SYT1;DOC2B;SYT13;SYT9;SYT17
120,GO_Biological_Process_2023,Positive Regulation Of Lipid Kinase Activity (GO:0090218),11/30,0.0105148432385287,0.3325383138088052,0,0,2.700002985341971,12.298425519558428,P2RY12;CCL21;EPHA8;CD19;EEF1A2;KIT;CCR7;NOD2;TEK;FGF2;FGFR3
121,GO_Biological_Process_2023,Positive Regulation Of Cell Motility (GO:2000147),53/221,0.0106031894710907,0.3325383138088052,0,0,1.4755122054562353,6.708564427243309,RET;SEMA5A;FAM107A;FGF1;VSIR;MYLK;CDH5;CCR7;MYOC;SEMA6D;CCNA2;F7;CLDN3;DAAM2;CEACAM6;TMSB15A;KIT;PECAM1;CDH13;SMIM22;LRRC15;CEMIP;SEMA7A;CCL11;SEMA3D;LEF1;TWIST2;SEMA3G;EGFR;MIEN1;CCL7;CLEC7A;PDGFD;ZNF703;CGA;CCL24;CARMIL2;CAVIN1;CCL21;F10;FZD4;EGF;ARHGEF39;CAV1;NTRK3;IGF1;COL1A1;VIL1;BMP2;CXCL12;SPRY2;LGR6;FERMT2
122,GO_Biological_Process_2023,Granulocyte Differentiation (GO:0030851),6/12,0.0106298929105141,0.3325383138088052,0,0,4.6607193429623335,21.17870560570138,STAT5A;CEBPA;CSF3;CEBPE;TAL1;LEF1
123,GO_Biological_Process_2023,Positive Regulation Of Regulated Secretory Pathway (GO:1903307),6/12,0.0106298929105141,0.3325383138088052,0,0,4.6607193429623335,21.17870560570138,SLC4A8;SYT4;NLGN1;KCNB1;STX1A;UNC13D
124,GO_Biological_Process_2023,Secretion (GO:0046903),6/12,0.0106298929105141,0.3325383138088052,0,0,4.6607193429623335,21.17870560570138,TPD52;RIMS1;NPR1;VIP;FBLN5;UNC13D
125,GO_Biological_Process_2023,Regulation Of Blood Circulation (GO:1903522),12/34,0.0107575379732602,0.3325383138088052,0,0,2.5440618955512573,11.53006646493044,ACE2;PLN;DES;CAV3;TH;KCNIP2;CELF2;KCNE5;HSPB7;KCNMB2;FXYD1;CACNA1H
126,GO_Biological_Process_2023,Calcium-Dependent Cell-Cell Adhesion Via Plasma Membrane Cell Adhesion Molecules (GO:0016339),13/38,0.0107867385608687,0.3325383138088052,0,0,2.425584562996595,10.986534431918315,NLGN1;CDH7;SELP;CDH5;CDH2;CDH10;CDH22;CDH11;CDH23;CDH12;CDH13;DSG1;CDH15
119,GO_Biological_Process_2023,Positive Regulation Of Cell Communication (GO:0010647),11/30,0.0105148432385287,0.3325383138088052,0,0,2.700002985341971,12.298425519558428,RIMS2;RIMS1;RIMS4;NMB;TNXB;EDN3;SYT1;CD80;NMU;SOX11;GATA3
127,GO_Biological_Process_2023,Response To cAMP (GO:0051591),13/38,0.0107867385608687,0.3325383138088052,0,0,2.425584562996595,10.986534431918315,KCNE1;CITED1;AQP9;PDE2A;AKAP6;AQP1;SLC5A5;CRHBP;VGF;WT1;SLC26A3;HCN2;HCN1
128,GO_Biological_Process_2023,CENP-A Containing Chromatin Assembly (GO:0034080),4/6,0.010814868973086,0.3325383138088052,0,0,9.318426266628927,42.18296265300639,CENPW;CENPI;HJURP;OIP5
130,GO_Biological_Process_2023,Chromatin Remodeling At Centromere (GO:0031055),4/6,0.010814868973086,0.3325383138088052,0,0,9.318426266628927,42.18296265300639,CENPW;CENPI;HJURP;OIP5
129,GO_Biological_Process_2023,SA Node Cell Action Potential (GO:0086015),4/6,0.010814868973086,0.3325383138088052,0,0,9.318426266628927,42.18296265300639,CACNA1D;KCNA5;SCN5A;SCN3B
132,GO_Biological_Process_2023,Glandular Epithelial Cell Development (GO:0002068),4/6,0.010814868973086,0.3325383138088052,0,0,9.318426266628927,42.18296265300639,CDH2;PAX6;BMP6;BMP5
133,GO_Biological_Process_2023,Hyaluronan Biosynthetic Process (GO:0030213),4/6,0.010814868973086,0.3325383138088052,0,0,9.318426266628927,42.18296265300639,CEMIP;HYAL1;HAS1;HAS3
134,GO_Biological_Process_2023,Negative Regulation Of Lymphocyte Differentiation (GO:0045620),4/6,0.010814868973086,0.3325383138088052,0,0,9.318426266628927,42.18296265300639,SFRP1;IFNL1;INHBA;INHA
131,GO_Biological_Process_2023,Elastic Fiber Assembly (GO:0048251),4/6,0.010814868973086,0.3325383138088052,0,0,9.318426266628927,42.18296265300639,MFAP4;TNXB;MYH11;FBLN5
135,GO_Biological_Process_2023,Norepinephrine Biosynthetic Process (GO:0042421),4/6,0.010814868973086,0.3325383138088052,0,0,9.318426266628927,42.18296265300639,MOXD1;TH;GATA3;INSM1
136,GO_Biological_Process_2023,Positive Regulation Of Hormone Metabolic Process (GO:0032352),4/6,0.010814868973086,0.3325383138088052,0,0,9.318426266628927,42.18296265300639,SLCO1C1;EGR1;HPN;GATA3
106,GO_Biological_Process_2023,Mitotic Nuclear Division (GO:0140014),15/45,0.0083597241688287,0.3325383138088052,0,0,2.332907438955139,11.16139868952278,SPAG5;UBE2C;PLK1;KIF25;SMC4;NDC80;ZWINT;SGO1;KIF18A;KIF18B;ESPL1;CENPI;KIFC1;UBE2S;CENPK
105,GO_Biological_Process_2023,Cardiac Muscle Contraction (GO:0060048),12/33,0.0082656023812045,0.3325383138088052,0,0,2.665369807497467,12.782187825804368,KCNH2;MYLK2;GSN;KCNE5;MYL2;CASQ2;DMD;TNNI3;SCN5A;SCN3B;SCN4B;SCN2B
108,GO_Biological_Process_2023,Synaptic Vesicle Exocytosis (GO:0016079),14/41,0.0084540550539218,0.3325383138088052,0,0,2.4190662419444706,11.546467007497196,SYT5;SYT4;UNC13C;PRRT2;UNC13A;SYT1;DOC2B;CPLX2;STX11;RIMS2;RIMS1;RIMS4;STX1A;SNCA
109,GO_Biological_Process_2023,Placenta Development (GO:0001890),9/22,0.009082827824899,0.3325383138088052,0,0,3.228021978021978,15.17612471967952,CITED1;LEP;ESRRB;PLAC1;PPARG;ASCL2;E2F7;TEX19;E2F8
150,GO_Biological_Process_2023,Regulation Of Attachment Of Spindle Microtubules To Kinetochore (GO:0051988),5/9,0.0115613289232787,0.3366567104348136,0,0,5.824957531143828,25.97983171047895,CCNB1;RACGAP1;SPAG5;NEK2;ECT2
147,GO_Biological_Process_2023,Mesenchymal To Epithelial Transition (GO:0060231),5/9,0.0115613289232787,0.3366567104348136,0,0,5.824957531143828,25.97983171047895,CITED1;WT1;SIX2;GATA3;PAX2
148,GO_Biological_Process_2023,Negative Regulation Of Delayed Rectifier Potassium Channel Activity (GO:1902260),5/9,0.0115613289232787,0.3366567104348136,0,0,5.824957531143828,25.97983171047895,KCNE1;KCNE4;KCNE5;LOC102723475;KCNAB1
149,GO_Biological_Process_2023,Negative Regulation Of Vascular Endothelial Growth Factor Signaling Pathway (GO:1900747),5/9,0.0115613289232787,0.3366567104348136,0,0,5.824957531143828,25.97983171047895,SORD;IL12B;SPRY2;NRG1;DCN
146,GO_Biological_Process_2023,Embryonic Eye Morphogenesis (GO:0048048),5/9,0.0115613289232787,0.3366567104348136,0,0,5.824957531143828,25.97983171047895,FBN2;MFAP5;EFEMP1;TH;MFAP2
143,GO_Biological_Process_2023,Anterior/Posterior Pattern Specification (GO:0009952),18/59,0.0112364960665147,0.3366567104348136,0,0,2.048780487804878,9.196131964917214,HES6;GATA4;PCSK5;HOXA9;BMP2;TIFAB;HOXB9;WT1;SIX2;LHX1;HOXA3;HOXA7;HOXA6;HES2;HOXA5;HOXB6;HOXA4;HOXB5
144,GO_Biological_Process_2023,Regulation Of Nuclear Division (GO:0051783),8/19,0.0112754454906655,0.3366567104348136,0,0,3.390504649784899,15.206846942214176,CDCA2;CAV2;CCDC8;NEK2;CDC25C;FBXO43;MKI67;PKMYT1
145,GO_Biological_Process_2023,Cellular Response To Prostaglandin Stimulus (GO:0071379),5/9,0.0115613289232787,0.3366567104348136,0,0,5.824957531143828,25.97983171047895,SFRP1;GNG2;TNFSF4;AKR1C3;AKR1C2
151,GO_Biological_Process_2023,Positive Regulation Of Cell Population Proliferation (GO:0008284),105/483,0.0120442353781784,0.3484112036700695,0,0,1.3018809893809893,5.7532322731705134,CSF3;PID1;EPO;RTKN2;SIRPG;SCX;IRS2;FGF1;FGF2;AQP1;FGF5;FGF7;TCL1A;CCN4;SOX11;LIFR;NCCRP1;POU3F3;CLDN5;DISP3;SFRP1;DPP4;TERT;THPO;CLEC7A;PDGFD;ZNF703;CGA;NKX2-5;ELANE;TSLP;FN1;HMGA2;CDC7;IGF1;BMP6;BMP5;FGF17;MLXIPL;BMP2;IL6;NR4A3;BAMBI;TNFSF4;FGFR4;LACRT;FGFR3;EZH2;IL21;KIF14;FOXM1;HOXC10;CX3CL1;ESM1;HYAL1;SIX2;RBPMS2;SCN5A;AMH;IL11;EDN2;EDN3;GLP2R;NRG1;AVPR1A;PROX1;PAX2;NME1;TGFBR2;CCNA2;TGFBR3;SAPCD2;CCKBR;IFNG;CEACAM6;BIRC5;CDH13;DDR2;CCL14;TNXB;LEF1;TTK;NOD2;PTN;EGFR;RAB25;FTMT;CXCR2;ERBB2;TBX20;E2F1;PRAME;NTRK2;EGF;NTRK3;AKR1C3;OSM;AKR1C2;VEGFD;S100B;MAPK15;MEIS2;INSM1;FOLR2;VIP
152,GO_Biological_Process_2023,Regulation Of Release Of Sequestered Calcium Ion Into Cytosol (GO:0051279),16/51,0.0123525227620059,0.3549937423826159,0,0,2.132900555848582,9.371741012211231,CXCL9;CEMIP;ANK2;CX3CL1;TRDN;CXCL10;JPH2;CXCL11;JPH3;JSRP1;CD19;CASQ2;DMD;NOS1;LACRT;SNCA
153,GO_Biological_Process_2023,Negative Regulation Of Angiogenesis (GO:0016525),24/86,0.0125132866819959,0.3572787113034825,0,0,1.8072229415167629,7.917379125002912,ANGPT4;NPR1;PDE3B;ECSCR;PTPRM;NRG1;KLK3;ISM1;KLF4;SULF1;DCN;KLF2;CLDN5;CXCL10;EFNA3;CREB3L1;TNMD;COL4A3;E2F2;SPRY2;PPARG;TEK;HOXA5;PF4
154,GO_Biological_Process_2023,Neurotransmitter Secretion (GO:0007269),14/43,0.0132890316736843,0.3654246537285458,0,0,2.251960026231562,9.730305521146004,PTPRN2;UNC13A;DOC2A;SYT1;STXBP2;DOC2B;CPLX2;SYN2;SYN1;RIMS2;RIMS1;GRM4;STX1A;SNCA
161,GO_Biological_Process_2023,Intracellular Monoatomic Cation Homeostasis (GO:0030003),46/190,0.0138359799994907,0.3654246537285458,0,0,1.49327238295299,6.391926800894569,CCL14;SLC24A2;CCL13;ALAS2;CALCB;CCL11;TMPRSS6;TMPRSS4;ATP2A3;HTR2C;ATP1A3;ATP1A2;HTR2A;PTH1R;ERFE;SLC8A2;CDH5;PLN;CCL7;FTMT;SLC39A6;FLVCR1;TNNI3;SLC39A4;DRD4;ELANE;CCL23;SLC30A8;EDN2;SCARA5;EDN3;TRPA1;SLC30A2;SLC11A1;CAV1;ANK2;MT3;F3;BMP6;TRDN;CXCL12;TFR2;FXYD2;CASQ2;RGN;TESMIN
159,GO_Biological_Process_2023,Adherens Junction Organization (GO:0034332),12/35,0.0137909085171723,0.3654246537285458,0,0,2.4333024976873268,10.423649128369952,CDH5;CDH2;CDH10;CDH22;ZNF703;CDH11;CDH12;CDH13;CDH15;INAVA;FERMT2;CDH7
160,GO_Biological_Process_2023,Regulation Of Regulated Secretory Pathway (GO:1903305),12/35,0.0137909085171723,0.3654246537285458,0,0,2.4333024976873268,10.423649128369952,RIMS2;SYT5;RIMS1;SYT4;RIMS4;SYT1;DOC2B;SYT13;SYT9;SYN1;UNC13D;SYT17
158,GO_Biological_Process_2023,Cellular Response To cAMP (GO:0071320),11/31,0.01374580661809,0.3654246537285458,0,0,2.564846851956892,10.99555353343317,CRHBP;KCNE1;WT1;AQP9;PDE2A;AKAP6;SLC26A3;HCN2;AQP1;SLC5A5;HCN1
157,GO_Biological_Process_2023,Regulation Of Filopodium Assembly (GO:0051489),14/43,0.0132890316736843,0.3654246537285458,0,0,2.251960026231562,9.730305521146004,PPP1R16B;GPM6A;TENM1;NLGN1;TENM2;CCL21;PLPPR5;DOCK11;NELL1;MIEN1;MYO3B;DAAM2;NEURL1;CCR7
156,GO_Biological_Process_2023,Positive Regulation Of miRNA Transcription (GO:1902895),14/43,0.0132890316736843,0.3654246537285458,0,0,2.251960026231562,9.730305521146004,FOXA1;EGR1;NGFR;GATA3;FOS;NR3C1;KLF4;FGF2;EGFR;MYCN;TERT;WT1;ATOH8;PPARG
155,GO_Biological_Process_2023,Positive Regulation Of Cell-Matrix Adhesion (GO:0001954),14/43,0.0132890316736843,0.3654246537285458,0,0,2.251960026231562,9.730305521146004,CCL25;CCL21;MYOC;NRG1;CX3CL1;NELL1;SFRP1;CEACAM6;CDH13;CCR7;CD36;TEK;GFUS;FERMT2
166,GO_Biological_Process_2023,Response To UV-B (GO:0010224),7/16,0.0138789895775908,0.3654246537285458,0,0,3.6253698457664463,15.507081293453904,MFAP4;MME;HYAL1;MAP3K20;IL12B;CRIP1;IVL
162,GO_Biological_Process_2023,Autonomic Nervous System Development (GO:0048483),7/16,0.0138789895775908,0.3654246537285458,0,0,3.6253698457664463,15.507081293453904,NELL1;EDNRB;KIF26A;FN1;SOX11;GATA3;SOX10
163,GO_Biological_Process_2023,Cellular Response To Fatty Acid (GO:0071398),7/16,0.0138789895775908,0.3654246537285458,0,0,3.6253698457664463,15.507081293453904,DGAT2;PID1;AKR1C3;PDK4;AKR1C2;FFAR3;FFAR2
164,GO_Biological_Process_2023,Heart Process (GO:0003015),7/16,0.0138789895775908,0.3654246537285458,0,0,3.6253698457664463,15.507081293453904,ACTC1;MYL7;MYL2;TNNI3;SGCZ;SGCG;TRDN
165,GO_Biological_Process_2023,Regulation Of Protein Kinase A Signaling (GO:0010738),7/16,0.0138789895775908,0.3654246537285458,0,0,3.6253698457664463,15.507081293453904,AKAP12;CALCR;ADIPOQ;AKAP6;ADRB2;AKAP5;AMH
167,GO_Biological_Process_2023,Regulation Of Monoatomic Ion Transmembrane Transporter Activity (GO:0032412),20/69,0.0141111146987155,0.3693248293467386,0,0,1.90491664393935,8.11645457937697,NLGN1;CAV3;KCNE5;FHL1;ANK2;CACNA1D;MAPK8IP2;SHISA9;SHISA8;CRHBP;RELN;FXYD2;FXYD1;SCN3B;SCN4B;CACNG4;HCN2;CACNG5;HCN1;SCN2B
168,GO_Biological_Process_2023,Regulation Of Mitotic Nuclear Division (GO:0007088),17/56,0.0142251981307728,0.3701076697101069,0,0,2.033857808857809,8.649469212027947,CDCA2;EDN3;DMRT1;DUSP1;CAV2;EGF;USP44;IGF1;MKI67;CDC25C;FBXO43;PKMYT1;AURKA;CCNB1;CCDC8;CHEK1;NEK2
169,GO_Biological_Process_2023,Cellular Response To Organic Cyclic Compound (GO:0071407),38/152,0.0143329590333529,0.3707177698214883,0,0,1.5574926169381729,6.6118576369074615,BLM;KCNE1;AQP9;ATP1A3;AKAP6;ATP1A2;NR3C1;TFPI;RYR3;EGFR;GNAI1;AQP1;SLC5A5;CRHBP;P2RY6;GNG2;ZNF703;SPP1;MYOG;H2AZ1;P2RY12;EGR1;AOC1;PDE2A;GPBAR1;SSTR1;SSTR2;ESR1;POU4F1;SFRP1;NR4A3;RAD51;WT1;CYP1A1;MGARP;SLC26A3;HCN2;HCN1
171,GO_Biological_Process_2023,Sprouting Angiogenesis (GO:0002040),16/52,0.014982557964651,0.3830134149451773,0,0,2.073527091419736,8.710614760050728,SEMA5A;CCBE1;EGR3;ANGPT1;VEGFD;FGF2;NELL1;NR4A1;ESM1;RSPO3;CDH13;TEK;RECK;GPLD1;E2F7;E2F8
170,GO_Biological_Process_2023,Adenylate Cyclase-Inhibiting G Protein-Coupled Receptor Signaling Pathway (GO:0007193),16/52,0.014982557964651,0.3830134149451773,0,0,2.073527091419736,8.710614760050728,P2RY12;GABBR2;HTR1E;HTR1D;PDE2A;ADCY4;OPRK1;GPR37L1;AKAP5;GNAI1;AKAP12;MARCO;GRM4;GRM8;FFAR3;DRD4
184,GO_Biological_Process_2023,Eosinophil Migration (GO:0072677),9/24,0.0170858250655759,0.4039052301792338,0,0,2.797278911564626,11.383543601764222,CCL14;CCL25;CCL13;CCL24;CCL23;CCL11;CCL7;CX3CL1;CCL16
183,GO_Biological_Process_2023,Eosinophil Chemotaxis (GO:0048245),9/24,0.0170858250655759,0.4039052301792338,0,0,2.797278911564626,11.383543601764222,CCL14;CCL25;CCL13;CCL24;CCL23;CCL11;CCL7;CX3CL1;CCL16
182,GO_Biological_Process_2023,Retinoid Metabolic Process (GO:0001523),13/40,0.0169832381309062,0.4039052301792338,0,0,2.245638373901711,9.15216299958713,LRP1;ADH1B;AKR1C1;AKR1C3;LRP8;RPE65;ADH4;SDR16C5;ALDH1A3;ALDH1A2;ALDH1A1;E2F1;RDH5
176,GO_Biological_Process_2023,Positive Regulation Of Cytoskeleton Organization (GO:0051495),22/79,0.0167248393322581,0.4039052301792338,0,0,1.8014624042324876,7.369530994407907,SEMA5A;PLK4;TENM1;CCL24;CSF3;STIL;CCL11;GSN;CCL21;SPAG5;CRACD;SYNPO2;LMOD1;PROX1;CX3CL1;PYCARD;VIL1;CFL2;CCR7;EVL;TEK;SYNPO
177,GO_Biological_Process_2023,ERBB2 Signaling Pathway (GO:0038128),6/13,0.0168243380427171,0.4039052301792338,0,0,3.994659546061415,16.31789961776911,MYOC;EGF;ERBB2;NRG1;PTK6;EGFR
172,GO_Biological_Process_2023,Regulation Of Calcium Ion Transmembrane Transport (GO:1903169),8/20,0.0159297737191099,0.4039052301792338,0,0,3.10777368470766,12.864832291507334,CACNG6;CAV3;CACNA2D1;ATP1A2;CACNG1;NOS1;CBARP;TRDN
181,GO_Biological_Process_2023,Potassium Ion Export Across Plasma Membrane (GO:0097623),6/13,0.0168243380427171,0.4039052301792338,0,0,3.994659546061415,16.31789961776911,KCNH2;KCNE1;KCNE4;KCNIP2;KCNE5;LOC102723475
185,GO_Biological_Process_2023,Regulation Of Cysteine-Type Endopeptidase Activity (GO:2000116),9/24,0.0170858250655759,0.4039052301792338,0,0,2.797278911564626,11.383543601764222,PYCARD;SOX2;CST2;CST1;CSN2;GRIN2B;MT3;CST5;CST4
178,GO_Biological_Process_2023,Negative Regulation Of Fibroblast Growth Factor Receptor Signaling Pathway (GO:0040037),6/13,0.0168243380427171,0.4039052301792338,0,0,3.994659546061415,16.31789961776911,CREB3L1;SPRY2;SPRY1;GATA3;SULF1;FGF2
179,GO_Biological_Process_2023,Positive Regulation Of Glycoprotein Biosynthetic Process (GO:0010560),6/13,0.0168243380427171,0.4039052301792338,0,0,3.994659546061415,16.31789961776911,IL33;CCL21;CCR7;IGF1;SLC51B;RAMP1
173,GO_Biological_Process_2023,Positive Regulation Of Cell Junction Assembly (GO:1901890),18/61,0.0160168575368844,0.4039052301792338,0,0,1.953250460952834,8.074959129449377,CNTNAP2;NLGN1;MYOC;CAV1;NRG1;ACE2;CLDN5;NELL1;SFRP1;CLDN3;SLITRK3;CLDN19;SLITRK6;SYNDIG1;TEK;EPHB1;FERMT2;CRB3
180,GO_Biological_Process_2023,Positive Regulation Of Potassium Ion Transmembrane Transporter Activity (GO:1901018),6/13,0.0168243380427171,0.4039052301792338,0,0,3.994659546061415,16.31789961776911,LRRC26;GAL;KCNIP2;LRRC38;FXYD2;ANK2
175,GO_Biological_Process_2023,Positive Regulation Of Chemotaxis (GO:0050921),14/44,0.0163930886835698,0.4039052301792338,0,0,2.176762229160753,8.948441953838348,SEMA5A;P2RY12;EDN2;CCL21;EDN3;NTRK3;HSPB1;PTN;FGF2;F7;NELL1;IL6;CDH13;MET
174,GO_Biological_Process_2023,Embryonic Organ Morphogenesis (GO:0048562),14/44,0.0163930886835698,0.4039052301792338,0,0,2.176762229160753,8.948441953838348,FBN2;SOX11;MFAP5;ALDH1A3;HOXA9;EFEMP1;HOXB9;SOX17;SIX2;TBX20;MFAP2;HOXA3;RBPMS2;HOXA4
188,GO_Biological_Process_2023,Protein Depolymerization (GO:0051261),10/28,0.0176032455309911,0.4068527111728705,0,0,2.5903348769807515,10.46410324406956,VIL1;KIF18A;GSN;KIF18B;CFL2;STMN1;KIF14;STMND1;KIF24;KIF2C
187,GO_Biological_Process_2023,Diterpenoid Metabolic Process (GO:0016101),10/28,0.0176032455309911,0.4068527111728705,0,0,2.5903348769807515,10.46410324406956,ADH4;LRP1;ADH1B;AKR1C1;ALDH1A1;E2F1;AKR1C3;RDH5;LRP8;RPE65
190,GO_Biological_Process_2023,Muscle Cell Development (GO:0055001),11/32,0.017673156205144,0.4068527111728705,0,0,2.442562731275153,9.857470905709212,ACTN3;CAV3;ACTN2;SDC1;DMD;MYH11;ANK2;ALPK3;IGF1;NKX2-5;SGCZ
186,GO_Biological_Process_2023,Nervous System Development (GO:0007399),94/433,0.017335483714641,0.4068527111728705,0,0,1.298565684553414,5.265683586350968,SEMA5A;ROBO2;CNTFR;TENM1;DOC2A;ROGDI;SLC2A1;VLDLR;LDB2;CELSR1;FGF2;FGF5;DMBX1;EDNRB;CDH2;ZIC2;DPYSL5;ZIC3;BOC;ZIC1;EPHB1;MNX1;SH3GL2;CHST8;EMX1;MAMDC2;APLP1;SOX11;PAX6;NRG1;PROX1;SOX10;ECRG4;GFRA2;POU3F3;ADGRB2;ALDH1A2;TYRO3;DCX;HOXB2;EVL;TAGLN3;LY6H;PAFAH1B3;MET;PRKN;GPM6A;NLGN1;PLPPR1;DLX5;DLX6;WDR62;PTN;ASCL1;EGFR;SNTG2;RELN;ACVR1C;GBX2;PTPRZ1;ERBB2;IGF2BP1;SLITRK6;IGF2BP3;NDP;ECT2;GPM6B;SPTBN1;ARNT2;MARCKSL1;EGR2;STIL;GSN;CNTN6;ZBTB16;ST8SIA2;FN1;CRIM1;ZIC4;INHBA;ZIC5;S100B;POU4F1;FGF17;NELL1;P2RX5;ARTN;LHX1;NEURL1;FAT4;MDGA2;SCN2A;ADGRL3;CBLN1
189,GO_Biological_Process_2023,Chromosome Condensation (GO:0030261),11/32,0.017673156205144,0.4068527111728705,0,0,2.442562731275153,9.857470905709212,TOP2A;H1-5;H1-4;H1-6;CDCA5;PLK1;NCAPG;SMC4;NCAPH;H1-3;H1-2
195,GO_Biological_Process_2023,Columnar/Cuboidal Epithelial Cell Differentiation (GO:0002065),5/10,0.0197889238125523,0.4131093597285293,0,0,4.659682899207248,18.278225449647863,PYY;GATA5;GATA4;SOX11;ROS1
196,GO_Biological_Process_2023,Kinetochore Organization (GO:0051383),5/10,0.0197889238125523,0.4131093597285293,0,0,4.659682899207248,18.278225449647863,CENPE;CENPF;CENPW;NUF2;DLGAP5
192,GO_Biological_Process_2023,Sodium Ion Transport (GO:0006814),24/89,0.0190508923811381,0.4131093597285293,0,0,1.7234973395519937,6.8261548026759264,SLC34A3;SLC24A2;SLC5A12;ATP1A2;SLC6A2;SLC6A4;SLC8A2;SLC5A5;SLC4A8;SLC5A8;SCN11A;SCN9A;SCN7A;SCN4A;SCN5A;SCN3B;KCNK1;SCN2A;SCN4B;SCN3A;HCN2;SCN1A;HCN1;SCN2B
191,GO_Biological_Process_2023,Heterophilic Cell-Cell Adhesion Via Plasma Membrane Cell Adhesion Molecules (GO:0007157),15/49,0.0190369879796673,0.4131093597285293,0,0,2.0579466880448942,8.152291268974821,CRB2;TENM1;TENM2;NLGN1;CADM3;UMOD;PSG9;SELP;IGSF21;CEACAM6;CD209;CEACAM5;FAT4;NECTIN3;CBLN1
194,GO_Biological_Process_2023,Chemical Synaptic Transmission (GO:0007268),62/273,0.0196600052374244,0.4131093597285293,0,0,1.3742357393705888,5.3996043254668615,DOC2A;GRIK4;HTR2C;HTR2A;HTR4;SLC6A2;CRHBP;GRM4;MPZ;DLGAP2;UNC13C;UNC13A;HTR3A;SYN2;SYN1;GABRG1;UTS2;GRIA2;NLGN1;CHRNA2;KCNA1;STXBP2;CHRNA6;CACNA1B;CHRNA9;SLC1A6;GLRA3;PTCHD1;KCNMB1;NPBWR1;PENK;SNCG;SLC17A7;GABRE;SNCB;GABRD;NTSR1;DRD4;GRIA4;SNCA;GABRQ;SYT5;GABBR2;RIC3;PTPRN2;HTR1E;SYT1;GABRA5;KCNIP2;GABRA4;GAD1;GABRA3;HTR1D;OPRK1;NSG1;GRIN2B;GRIN2D;TH;PLP1;CBLN2;SCN2B;CBLN1
213,GO_Biological_Process_2023,Muscle Contraction (GO:0006936),25/94,0.0201058455724142,0.4131093597285293,0,0,1.6913026971707767,6.607487817317025,MYLK2;OXTR;LMOD1;MYOM2;RYR3;CACNA1H;MYLK;CKMT2;SGCA;SCN7A;MYH11;NOS1;TMOD1;KCNIP2;TRDN;MYH1;P2RX6;DES;FXYD1;CASQ2;SSPN;UTS2;SCN4A;NMUR1;CRYAB
203,GO_Biological_Process_2023,Regulation Of Smooth Muscle Cell Apoptotic Process (GO:0034391),5/10,0.0197889238125523,0.4131093597285293,0,0,4.659682899207248,18.278225449647863,IFNG;CDKN2A;IL12B;IGF1;GRIA4
204,GO_Biological_Process_2023,Triglyceride Metabolic Process (GO:0006641),14/45,0.0200210640887856,0.4131093597285293,0,0,2.106415902868706,8.238130151882524,CETP;PNLIPRP2;DGAT2;CAV3;MOGAT1;CAV1;APOBR;LIPE;GPAM;GPAT3;APOB;PNPLA1;GPIHBP1;PNPLA2
205,GO_Biological_Process_2023,Cellular Response To Glucocorticoid Stimulus (GO:0071385),7/17,0.0200553515526053,0.4131093597285293,0,0,3.262634560906516,12.754484338190249,ZFP36;KLF9;FAM107A;NR3C1;SSTR2;PCK1;AQP1
206,GO_Biological_Process_2023,Extracellular Matrix Assembly (GO:0085029),7/17,0.0200553515526053,0.4131093597285293,0,0,3.262634560906516,12.754484338190249,MFAP4;TNXB;HAS1;HAS3;MYH11;FBLN5;GPM6B
197,GO_Biological_Process_2023,Mitotic Spindle Elongation (GO:0000022),5/10,0.0197889238125523,0.4131093597285293,0,0,4.659682899207248,18.278225449647863,RACGAP1;KIF4A;BIRC5;CDCA8;KIF23
198,GO_Biological_Process_2023,Mitotic Spindle Midzone Assembly (GO:0051256),5/10,0.0197889238125523,0.4131093597285293,0,0,4.659682899207248,18.278225449647863,RACGAP1;KIF4A;BIRC5;CDCA8;KIF23
201,GO_Biological_Process_2023,Positive Regulation Of Dendrite Development (GO:1900006),5/10,0.0197889238125523,0.4131093597285293,0,0,4.659682899207248,18.278225449647863,PTN;VLDLR;LRP8;BMP5;PACSIN1
202,GO_Biological_Process_2023,Regulation Of Phospholipase Activity (GO:0010517),5/10,0.0197889238125523,0.4131093597285293,0,0,4.659682899207248,18.278225449647863,RGS2;LRP1;FGFR3;RASGRP1;SNCA
199,GO_Biological_Process_2023,Monoamine Transport (GO:0015844),5/10,0.0197889238125523,0.4131093597285293,0,0,4.659682899207248,18.278225449647863,SLC22A3;SLC29A4;SLC18A1;SLC6A2;SLC6A4
200,GO_Biological_Process_2023,Positive Regulation Of Actin Filament Depolymerization (GO:0030836),5/10,0.0197889238125523,0.4131093597285293,0,0,4.659682899207248,18.278225449647863,SEMA5A;VIL1;CARMIL2;CRACD;CFL2
193,GO_Biological_Process_2023,Cellular Response To Lipid (GO:0071396),53/228,0.0192233325633917,0.4131093597285293,0,0,1.4158832212563557,5.59504732166159,RET;CXCL9;PID1;CD80;CXCL13;NR3C1;CXCL2;AQP1;PYCARD;CRHBP;ZFP36;CARD17P;PDK4;FFAR3;CTSG;FFAR2;MYOG;TESC;GPBAR1;SSTR1;SSTR2;PAX2;SFRP1;MGARP;GPLD1;ATP1A3;ATP1A2;NOD2;TFPI;PPM1E;EGFR;GNAI1;SLC5A5;STRA8;WNT11;ZNF703;SPP1;IL36RN;H2AZ1;WNT10B;FZD4;WNT7B;AKR1C3;PTK6;PPBP;POU4F1;ESR1;CXCL10;CXCL11;IL6;TNFSF4;TNIP3;PF4
207,GO_Biological_Process_2023,Microtubule Depolymerization (GO:0007019),7/17,0.0200553515526053,0.4131093597285293,0,0,3.262634560906516,12.754484338190249,KIF18A;KIF18B;STMN1;KIF14;KIF24;STMND1;KIF2C
212,GO_Biological_Process_2023,Regulation Of Ubiquitin Protein Ligase Activity (GO:1904666),7/17,0.0200553515526053,0.4131093597285293,0,0,3.262634560906516,12.754484338190249,CDC20;UBE2C;UBE2S;USP44;PLK1;CDC14B;MAD2L1
211,GO_Biological_Process_2023,Regulation Of Cartilage Development (GO:0061035),7/17,0.0200553515526053,0.4131093597285293,0,0,3.262634560906516,12.754484338190249,BMP2;WNT11;ZBTB16;MBOAT2;SCX;BMPR1B;SOX5
208,GO_Biological_Process_2023,Muscle Tissue Morphogenesis (GO:0060415),7/17,0.0200553515526053,0.4131093597285293,0,0,3.262634560906516,12.754484338190249,TGFBR3;MYLK2;BMP2;TBX20;PROX1;NKX2-5;MYLK
209,GO_Biological_Process_2023,Negative Regulation Of Insulin Secretion (GO:0046676),7/17,0.0200553515526053,0.4131093597285293,0,0,3.262634560906516,12.754484338190249,CHGA;PRKN;SFRP1;KCNB1;BMP8A;FAM3D;FOXO1
210,GO_Biological_Process_2023,Positive Regulation Of Dendrite Extension (GO:1903861),7/17,0.0200553515526053,0.4131093597285293,0,0,3.262634560906516,12.754484338190249,RIMS2;RNF157;SYT4;RIMS1;UNC13A;SYT1;SYT17
229,GO_Biological_Process_2023,Positive Regulation Of Cell Cycle Process (GO:0090068),30/118,0.0218214568047383,0.4154412932482907,0,0,1.5917839645384555,6.088353259827347,FEN1;KIF14;CXCR5;CDCA8;NCAPG;SMC4;NCAPH;AURKB;CDC14B;AURKA;RACGAP1;MAP3K20;ECT2;E2F7;E2F8;PLK4;STIL;EDN3;DMRT1;SPAG5;MRGPRX2;EGF;CDC7;KIF23;CDC6;IGF1;NDC80;CIT;BIRC5;MAD2L1
220,GO_Biological_Process_2023,Diacylglycerol Biosynthetic Process (GO:0006651),4/7,0.0217173266267523,0.4154412932482907,0,0,6.211906783658836,23.789396977859337,DGAT2;GPAM;MOGAT1;PNPLA2
219,GO_Biological_Process_2023,Cellular Response To Reactive Nitrogen Species (GO:1902170),4/7,0.0217173266267523,0.4154412932482907,0,0,6.211906783658836,23.789396977859337,KCNC2;MMP3;DPEP1;FOXO1
227,GO_Biological_Process_2023,Negative Regulation Of Endothelial Cell Proliferation (GO:0001937),12/37,0.0217527636372215,0.4154412932482907,0,0,2.2383659574468084,8.568497264724243,NGFR;CAV2;CAV1;TNMD;ATOH8;COL4A3;MMRN2;SORD;PTPRM;IL12B;PPARG;SULF1
230,GO_Biological_Process_2023,Positive Regulation Of Heart Contraction (GO:0045823),8/21,0.0218255489516386,0.4154412932482907,0,0,2.868539791180766,10.971229629436795,CHGA;RGS2;EDN2;EDN3;ADM2;ATP1A2;NKX2-5;SCN3B
226,GO_Biological_Process_2023,Tryptophan Metabolic Process (GO:0006568),4/7,0.0217173266267523,0.4154412932482907,0,0,6.211906783658836,23.789396977859337,IL4I1;IDO2;KMO;IDO1
225,GO_Biological_Process_2023,Regulation Of Protein Localization To Cell Cortex (GO:1904776),4/7,0.0217173266267523,0.4154412932482907,0,0,6.211906783658836,23.789396977859337,SAPCD2;PLK1;MISP;GNAI1
223,GO_Biological_Process_2023,Melanin Biosynthetic Process (GO:0042438),4/7,0.0217173266267523,0.4154412932482907,0,0,6.211906783658836,23.789396977859337,SLC45A2;CITED1;DCT;TYRP1
228,GO_Biological_Process_2023,Positive Regulation Of Signaling (GO:0023056),12/37,0.0217527636372215,0.4154412932482907,0,0,2.2383659574468084,8.568497264724243,RIMS2;RIMS1;RIMS4;NMB;TNXB;EDN3;SYT1;CD80;NMU;SOX11;GATA3;SNCA
215,GO_Biological_Process_2023,Regulation Of Smooth Muscle Cell Proliferation (GO:0048660),16/54,0.021522383433666,0.4154412932482907,0,0,1.96415492010344,7.539726452183248,IGF1;CX3CL1;BMP2;IL6;NR4A3;IFNG;OGN;RBPMS2;CCN4;IL12B;CDH13;PPARG;APOD;VIP;PPARGC1A;ELANE
216,GO_Biological_Process_2023,Atrial Cardiac Muscle Cell To AV Node Cell Signaling (GO:0086026),4/7,0.0217173266267523,0.4154412932482907,0,0,6.211906783658836,23.789396977859337,KCNE5;KCNA5;SCN5A;SCN3B
222,GO_Biological_Process_2023,Inhibitory Postsynaptic Potential (GO:0060080),4/7,0.0217173266267523,0.4154412932482907,0,0,6.211906783658836,23.789396977859337,NPAS4;DRD4;INSYN2A;INSYN2B
221,GO_Biological_Process_2023,Dopamine Uptake (GO:0090494),4/7,0.0217173266267523,0.4154412932482907,0,0,6.211906783658836,23.789396977859337,SLC22A3;SLC29A4;SLC6A2;SNCA
218,GO_Biological_Process_2023,Cellular Response To Nitric Oxide (GO:0071732),4/7,0.0217173266267523,0.4154412932482907,0,0,6.211906783658836,23.789396977859337,KCNC2;MMP3;DPEP1;FOXO1
217,GO_Biological_Process_2023,Cellular Response To Leptin Stimulus (GO:0044320),4/7,0.0217173266267523,0.4154412932482907,0,0,6.211906783658836,23.789396977859337,NR4A3;LEP;LEPR;MT3
214,GO_Biological_Process_2023,Epithelial Cell Differentiation (GO:0030855),33/132,0.0213294748909827,0.4154412932482907,0,0,1.5566971080669711,5.989649546713098,TAGLN;CITED1;UPK2;KRT24;GATA3;ASCL1;UPK1A;MCIDAS;ZNF703;SIX3;PCK1;E2F7;E2F8;ANXA1;AKR1C1;AKR1C2;PROX1;KRT31;ACTL8;PAX2;VIL1;KRT19;KRT16;WT1;KRT37;CDHR2;GSTA1;KRT14;CDK1;ALDOC;PPARG;CCNO;CES1
224,GO_Biological_Process_2023,Norepinephrine Metabolic Process (GO:0042415),4/7,0.0217173266267523,0.4154412932482907,0,0,6.211906783658836,23.789396977859337,MOXD1;TH;GATA3;INSM1
4414,KEGG_2021_Human,Cell cycle,31/124,0.0250532996310992,0.4169226041508965,0,0,1.5563795398364708,5.737981861227193,CDKN1C;BUB1B;TTK;PKMYT1;CDC14B;CDC20;CCNB2;CCNB1;ORC6;CDC45;PTTG1;ORC1;CHEK1;E2F1;E2F2;BUB1;CDKN2A;PLK1;CDC7;CDC6;CDC25C;CDC25A;SMC1B;CCNA2;CCNE2;ESPL1;CCNE1;CDK1;MCM4;MCM2;MAD2L1
4415,KEGG_2021_Human,Tryptophan metabolism,13/42,0.025553320899571,0.4169226041508965,0,0,2.0905123488199147,7.665883685014182,AOC1;MAOA;KMO;INMT;IL4I1;ALDH2;TDO2;CAT;CYP1A1;AOX1;HADH;IDO2;IDO1
4412,KEGG_2021_Human,Malaria,15/50,0.0228679321795443,0.4169226041508965,0,0,1.999026527135556,7.552361582991201,CSF3;GYPC;LRP1;HBB;HBA2;HBA1;COMP;SELP;IL6;IFNG;PECAM1;SDC1;CD36;ACKR1;MET
4413,KEGG_2021_Human,Morphine addiction,24/91,0.0247190484028947,0.4169226041508965,0,0,1.6718457244095493,6.1861320220646006,GABRQ;GABBR2;KCNJ6;PDE1C;PDE1B;GABRA5;GABRA4;PDE3B;GABRA3;PDE2A;ADCY4;CACNA1B;GNG11;GNAI1;GABRG1;GNG13;GNGT1;GRK3;PDE11A;GNG2;GNG4;GABRE;GABRD;KCNJ3
231,GO_Biological_Process_2023,Positive Regulation Of Release Of Sequestered Calcium Ion Into Cytosol (GO:0051281),11/33,0.022376939171455,0.4241008686934829,0,0,2.331395348837209,8.858659680407303,CXCL10;CEMIP;CXCL9;JPH2;P2RY6;CXCL11;CD19;LACRT;CX3CL1;SNCA;TRDN
234,GO_Biological_Process_2023,Regulation Of Muscle Contraction (GO:0006937),10/29,0.022710747589449,0.4249325836204576,0,0,2.453852237625535,9.287627060602269,MYLK2;CNN1;TNNT1;KCNA1;CAV1;MYL2;TNNT3;ATP1A2;CACNG1;PPP1R12B
233,GO_Biological_Process_2023,Maintenance Of Blood-Brain Barrier (GO:0035633),10/29,0.022710747589449,0.4249325836204576,0,0,2.453852237625535,9.287627060602269,CDH5;CLDN5;IL6;CLDN3;LAMA2;PECAM1;DMD;LSR;JAM2;TJP3
232,GO_Biological_Process_2023,Peptide Hormone Secretion (GO:0030072),9/25,0.022601495007894,0.4249325836204576,0,0,2.6222895408163267,9.937793529778792,RIMS2;IL6;ANXA1;SLC30A8;GAL;EDN3;PTPRN;FFAR4;VIP
235,GO_Biological_Process_2023,Positive Regulation Of Transmembrane Receptor Protein Serine/Threonine Kinase Signaling Pathway (GO:0090100),25/95,0.0228304718399145,0.4253626469495942,0,0,1.6670395379108365,6.300841244735279,CDKN1C;CRB2;TNXB;CITED1;TTK;CDH5;SCUBE3;TBX20;KIAA0319;GDF10;FOXD1;GDF15;BMP8A;SOX11;INHBA;SULF1;BMP6;TGFBR2;BMP5;CCNA2;BMP3;BMP2;LRG1;PPARG;INHA
236,GO_Biological_Process_2023,Positive Regulation Of Multicellular Organismal Process (GO:0051240),84/387,0.023446930192671,0.4350048610007369,0,0,1.2974225311323486,4.869247130543526,IL21;UCN;OXTR;IL20;SCX;FGF2;GHR;ACADL;LEPR;FFAR4;IL12B;CD36;AMH;SOX5;FGA;FOXD1;ACSL1;SLC11A1;ELOVL3;ADIPOQ;AVPR2;EBF2;SOX11;AVPR1A;PLAAT4;PAX2;TLE6;TGFBR2;CNKSR2;DCSTAMP;ADRB3;IFNG;MMRN2;PPARG;ADAM8;PLA2R1;CRB2;TNXB;LRP1;EPAS1;NPR1;LEF1;GATA5;ADRB1;PTN;ADRB2;AGPAT2;HCAR2;MUC1;TERT;PRDM16;ZNF703;SPP1;ZBED2;CACNG1;NKX6-1;PPARGC1A;IL33;NMB;EGF;ZBTB16;CAV1;ESRRB;G0S2;FOXJ1;INHBA;BATF;COL1A1;NELL1;BMP2;IL6;FABP4;LRG1;BAMBI;SCD;CLEC6A;LHX1;LEP;MFAP2;SAA1;BMPR1B;VIP;FERMT2;EZH2
237,GO_Biological_Process_2023,Negative Regulation Of Blood Vessel Morphogenesis (GO:2000181),21/77,0.0239853214618161,0.4431237750739724,0,0,1.7498933447098977,6.527650314982217,ANGPT4;NPR1;PDE3B;ECSCR;PTPRM;NRG1;KLK3;ISM1;KLF4;SULF1;DCN;CLDN5;CXCL10;EFNA3;TNMD;COL4A3;SPRY2;PPARG;TEK;HOXA5;PF4
238,GO_Biological_Process_2023,Neuropeptide Signaling Pathway (GO:0007218),19/68,0.024141549545868,0.4441439052434393,0,0,1.8091564084417169,6.736974400624668,OPRD1;PTGDR2;NXPH4;OPRK1;SORCS1;SSTR1;GPR84;SORCS3;SSTR2;NTS;PYY;GAL;GALR1;NPBWR1;PENK;NMU;KISS1R;NMUR1;NTSR1
240,GO_Biological_Process_2023,Detection Of Mechanical Stimulus Involved In Sensory Perception (GO:0050974),6/14,0.0251120183176391,0.4525309202568007,0,0,3.495114698385726,12.877431107101392,COL11A1;KCNA1;HPN;KIT;TMC2;SCN1A
243,GO_Biological_Process_2023,"Synaptic Transmission, GABAergic (GO:0051932)",6/14,0.0251120183176391,0.4525309202568007,0,0,3.495114698385726,12.877431107101392,GABBR2;GABRA5;GABRA4;GABRA3;GABRE;GABRG1
239,GO_Biological_Process_2023,Regulation Of Epithelial Cell Proliferation (GO:0050678),24/91,0.0247190484028947,0.4525309202568007,0,0,1.6718457244095493,6.1861320220646006,CDKN1C;ANGPT1;UHRF1;HPN;NOD2;IGF1;FUT2;PAX2;EGFR;BMP6;NME1;BMP5;SOX2;TGFBR3;NR4A1;FGF7;ZFP36;SFRP1;NR4A3;HYAL1;LEP;ERBB2;SCN5A;LACRT
241,GO_Biological_Process_2023,Positive Regulation Of Acute Inflammatory Response (GO:0002675),6/14,0.0251120183176391,0.4525309202568007,0,0,3.495114698385726,12.877431107101392,IL6;CREB3L3;OSM;FFAR3;C2CD4B;FFAR2
242,GO_Biological_Process_2023,Regulation Of Non-Canonical Wnt Signaling Pathway (GO:2000050),6/14,0.0251120183176391,0.4525309202568007,0,0,3.495114698385726,12.877431107101392,SFRP1;LBX2;SPEF1;DAAM2;GPC3;RSPO3
246,GO_Biological_Process_2023,Positive Regulation Of Calcium Ion Transmembrane Transport (GO:1904427),13/42,0.025553320899571,0.4545688256881868,0,0,2.0905123488199147,7.665883685014182,CEMIP;CXCL9;CAV1;AKAP6;ANK2;CX3CL1;CXCL10;CXCL11;P2RX5;CALCR;CD19;LACRT;SNCA
244,GO_Biological_Process_2023,Cellular Response To Fibroblast Growth Factor Stimulus (GO:0044344),16/55,0.0255084826199236,0.4545688256881868,0,0,1.9136754564189955,7.02078578954241,KL;EGR3;NDNF;FGF1;FGF2;SHCBP1;FGF5;FGF17;NR4A1;FGF7;ZFP36;SFRP1;FLRT2;HYAL1;FGFR4;FGFR3
247,GO_Biological_Process_2023,Adenylate Cyclase-Activating G Protein-Coupled Receptor Signaling Pathway (GO:0007189),28/110,0.0256386328793882,0.4545688256881868,0,0,1.5940473625311915,5.840039539264172,CXCL9;CALCB;GPR26;ADCY4;ADRB1;ADRB2;PTH1R;ADGRG3;ADGRG4;CALCR;GNG2;LHCGR;CXCL10;ADGRD1;CXCL11;ADGRB2;ADRB3;ADGRB3;ADGRF4;ADGRD2;ADM2;ADGRF5;UTS2;ADGRL4;VIP;RAMP1;ADGRL3;PF4
245,GO_Biological_Process_2023,Collagen Fibril Organization (GO:0030199),13/42,0.025553320899571,0.4545688256881868,0,0,2.0905123488199147,7.665883685014182,COL14A1;COL11A1;COL12A1;DPT;LOXL4;SCX;P3H4;COL1A1;COL1A2;COL2A1;COL5A1;COL5A2;DDR2
248,GO_Biological_Process_2023,Glucose Homeostasis (GO:0042593),23/87,0.0267698244895326,0.4716048361174028,0,0,1.677117423164485,6.071970050833052,CEBPA;NGFR;SLC30A8;CAV3;KCNB1;ADIPOQ;PAX6;SLC2A4;FOXO1;MLXIPL;IL6;OBP2A;OAS1;RFX6;HNF4A;LEPR;PDK4;FFAR2;PPARG;PCK1;FGFR4;PPARGC1A;FOXA3
249,GO_Biological_Process_2023,Positive Regulation Of Cation Channel Activity (GO:2001259),12/38,0.0268140116054925,0.4716048361174028,0,0,2.1521440261865794,7.7882448878251935,LRRC26;JPH2;P2RY6;GAL;KCNIP2;LRRC38;ANTKMT;STAC2;AKAP6;ANK2;AKAP5;TRDN
251,GO_Biological_Process_2023,Cellular Response To Inorganic Substance (GO:0071241),7/18,0.0279144697850653,0.4760698437756125,0,0,2.9658511460211177,10.613624849365957,AOC1;BLM;KCNC2;MMP3;DPEP1;FOXO1;AQP1
253,GO_Biological_Process_2023,Myoblast Fusion (GO:0007520),7/18,0.0279144697850653,0.4760698437756125,0,0,2.9658511460211177,10.613624849365957,ADAMTS5;MYMX;ADGRB3;NOS1;CACNA1H;JAM2;KCNH1
256,GO_Biological_Process_2023,Ureteric Bud Morphogenesis (GO:0060675),7/18,0.0279144697850653,0.4760698437756125,0,0,2.9658511460211177,10.613624849365957,WNT11;CITED1;WT1;GATA3;NPNT;FGF2;PAX2
254,GO_Biological_Process_2023,Regulation Of cAMP-mediated Signaling (GO:0043949),7/18,0.0279144697850653,0.4760698437756125,0,0,2.9658511460211177,10.613624849365957,PDE11A;PEX5L;PDE2A;PDE3B;SCTR;FFAR4;GNAI1
255,GO_Biological_Process_2023,Ureteric Bud Development (GO:0001657),7/18,0.0279144697850653,0.4760698437756125,0,0,2.9658511460211177,10.613624849365957,ROBO2;WNT11;WT1;LHX1;GPC3;FOXJ1;NPNT
250,GO_Biological_Process_2023,Branching Involved In Ureteric Bud Morphogenesis (GO:0001658),7/18,0.0279144697850653,0.4760698437756125,0,0,2.9658511460211177,10.613624849365957,FOXD1;CITED1;WT1;FGF1;NPNT;FGF2;PAX2
252,GO_Biological_Process_2023,Epithelial Cell Development (GO:0002064),7/18,0.0279144697850653,0.4760698437756125,0,0,2.9658511460211177,10.613624849365957,CLDN3;RAB25;WNT7B;SIX3;TMEM79;DACT2;ROS1
257,GO_Biological_Process_2023,Regulation Of Interleukin-17 Production (GO:0032660),11/34,0.0279340504194014,0.4760698437756125,0,0,2.2298946953069128,7.978360052213188,IL21;SLC7A5;IL6;IFNG;TNFSF4;OSM;IL12B;IL36RN;NOD2;FOXP3;VSIR
258,GO_Biological_Process_2023,Positive Regulation Of Peptidyl-Tyrosine Phosphorylation (GO:0050731),32/130,0.0284494756435453,0.4829820247284506,0,0,1.5245858685842382,5.426954810046048,IL21;CSF3;IL20;EPO;CD80;LRP8;GHR;FGF7;IFNL1;RELN;ENPP2;IL12B;AMH;FCGR1A;IL11;ANGPT4;TSLP;ANGPT1;TNFRSF18;OSM;PTK6;IGF1;BMP6;NELL1;IL6;IFNG;CLEC6A;DOK7;KIT;PECAM1;FGFR3;LACRT
260,GO_Biological_Process_2023,Positive Regulation Of Interleukin-10 Production (GO:0032733),10/30,0.0288087069577969,0.4834804751657763,0,0,2.3310178622058406,8.268301273619,PYCARD;IL6;TSLP;CLEC7A;TNFSF4;IL12B;ISG15;NOD2;TIGIT;INAVA
259,GO_Biological_Process_2023,Mitotic G2 DNA Damage Checkpoint Signaling (GO:0007095),10/30,0.0288087069577969,0.4834804751657763,0,0,2.3310178622058406,8.268301273619,BLM;DEPDC1B;CHEK1;PLK1;DONSON;CDK1;CLSPN;FOXN3;CDC14B;TICRR
261,GO_Biological_Process_2023,Regulation Of Macrophage Derived Foam Cell Differentiation (GO:0010743),10/30,0.0288087069577969,0.4834804751657763,0,0,2.3310178622058406,8.268301273619,CETP;ABCA5;ADIPOQ;PLA2G2A;PLA2G10;PPARG;CD36;APOB;PPARA;PF4
262,GO_Biological_Process_2023,Regulation Of Regulatory T Cell Differentiation (GO:0045589),8/22,0.0291071136004231,0.4866310969622083,0,0,2.6634821681577137,9.42013096881952,IL4I1;LAG3;TNFSF4;FANCA;CTLA4;SOX12;FOXP3;VSIR
263,GO_Biological_Process_2023,Regulation Of Potassium Ion Transmembrane Transporter Activity (GO:1901016),9/26,0.0292801591284165,0.4876699230592707,0,0,2.4678871548619448,8.713727404300215,KCNG1;KCNE1;NETO1;CAV3;FHL1;CASQ2;CACNA1D;ANK2;KCNAB1
264,GO_Biological_Process_2023,Positive Regulation Of Cellular Metabolic Process (GO:0031325),16/56,0.0300218004663899,0.4962626189876571,0,0,1.865719965918773,6.540899787540459,PID1;ACTN3;AKR1C1;ADIPOQ;HPN;SORD;AKR1C3;GATA3;MT3;KIR2DL4;TGFBR2;SLCO1C1;ACE2;CCNB1;IFNG;CDK1
265,GO_Biological_Process_2023,Regulation Of Cation Channel Activity (GO:2001257),16/56,0.0300218004663899,0.4962626189876571,0,0,1.865719965918773,6.540899787540459,KCNG1;KCNE1;AHNAK;EPO;KCNE5;ANK2;KCNAB1;MMP9;JPH2;JPH3;JSRP1;NETO1;DMD;NOS1;HCN2;HCN1
273,GO_Biological_Process_2023,Phasic Smooth Muscle Contraction (GO:0014821),5/11,0.0310787301183387,0.4969206412012205,0,0,3.882833144582861,13.478213158706492,EDN2;EDNRB;TIFAB;EDN3;HTR1D
268,GO_Biological_Process_2023,Double-Strand Break Repair Via Break-Induced Replication (GO:0000727),5/11,0.0310787301183387,0.4969206412012205,0,0,3.882833144582861,13.478213158706492,GINS2;GINS4;MCM4;CDC7;MCM2
266,GO_Biological_Process_2023,Response To Amyloid-Beta (GO:1904645),13/43,0.0308678514482814,0.4969206412012205,0,0,2.0207056375331063,7.028095122215812,NGFR;LRP1;CACNA2D1;MMP3;CACNA1B;ATP1A3;ADRB2;IGF1;MMP9;MMP12;CALCR;MMP13;CD36
267,GO_Biological_Process_2023,Cellular Response To UV-B (GO:0071493),5/11,0.0310787301183387,0.4969206412012205,0,0,3.882833144582861,13.478213158706492,MFAP4;MME;HYAL1;MAP3K20;CRIP1
274,GO_Biological_Process_2023,Response To Nitric Oxide (GO:0071731),5/11,0.0310787301183387,0.4969206412012205,0,0,3.882833144582861,13.478213158706492,KCNC2;MMP3;DPEP1;CCR7;FOXO1
271,GO_Biological_Process_2023,Negative Regulation Of Potassium Ion Transmembrane Transport (GO:1901380),5/11,0.0310787301183387,0.4969206412012205,0,0,3.882833144582861,13.478213158706492,KCNH2;CAV3;CAV1;KCNE5;CASQ2
270,GO_Biological_Process_2023,Negative Regulation Of Leukocyte Apoptotic Process (GO:2000107),5/11,0.0310787301183387,0.4969206412012205,0,0,3.882833144582861,13.478213158706492,CXCL12;CCL21;IRF7;CCR7;NOD2
272,GO_Biological_Process_2023,Neurotransmitter Biosynthetic Process (GO:0042136),5/11,0.0310787301183387,0.4969206412012205,0,0,3.882833144582861,13.478213158706492,MOXD1;SLC44A4;GAD1;PAH;NOS1
269,GO_Biological_Process_2023,Negative Regulation Of Cellular Response To Vascular Endothelial Growth Factor Stimulus (GO:1902548),5/11,0.0310787301183387,0.4969206412012205,0,0,3.882833144582861,13.478213158706492,SORD;IL12B;SPRY2;NRG1;DCN
4416,KEGG_2021_Human,Calcium signaling pathway,54/240,0.0327410028983888,0.5074855449250272,0,0,1.3567558556305743,4.638920680562916,RET;MYLK2;OXTR;CALML5;ATP2A3;HTR2C;HTR2A;HTR4;FGF1;FGF2;ADRA1A;RYR3;MYLK;SLC8A2;FGF5;FGF7;EDNRB;CCKAR;PLCZ1;NOS1;LHCGR;TACR3;AVPR1A;TACR1;TRDN;ADRB3;CCKBR;ITPKA;CASQ2;MET;PDE1C;PDE1B;ADCY4;CACNA1B;ADRB1;CACNA1D;ADRB2;EGFR;CACNA1H;PLN;PDGFD;ERBB2;NTSR1;NTRK2;EGF;NTRK3;VEGFD;GRIN2D;FGF17;P2RX6;P2RX5;GNAL;FGFR4;FGFR3
275,GO_Biological_Process_2023,Regulation Of Protein Kinase B Signaling (GO:0051896),33/136,0.0319952486411181,0.5097214067934649,0,0,1.4958771113179945,5.149060125816441,SEMA5A;RET;CSF3;GATA4;GATA3;NTS;FGF2;CX3CL1;EGFR;CALCR;THPO;CCR7;P2RY12;NTRK2;MYOC;ANGPT1;CCL21;F10;EGF;GDF15;NTRK3;SORD;AKR1C3;OSM;AKR1C2;IGF1;F7;AIM2;LEP;SPRY2;TEK;PPARA;FERMT2
277,GO_Biological_Process_2023,Positive Regulation Of Protein Serine/Threonine Kinase Activity (GO:0071902),29/117,0.0327567341809758,0.5180984179631323,0,0,1.5382858660723542,5.258855921536204,TENM1;CEMIP;ADRB2;NOD2;FGF1;FGF2;RASGRP1;EGFR;SLC8A2;GHR;TCL1A;PDGFD;ERBB2;DRD4;ELANE;SNCA;EDN3;EGF;NTRK3;ADIPOQ;HMGA2;PROX1;PSRC1;IFNG;KIT;ADAM8;CD24;FERMT2;EZH2
276,GO_Biological_Process_2023,Regulation Of Monoatomic Cation Transmembrane Transport (GO:1904062),12/39,0.0326793923583944,0.5180984179631323,0,0,2.07230890464933,7.089390735180815,KCNH2;KCNE1;DPP6;KCNIP2;KCNE5;CACNA1D;KCNAB1;SCN5A;GRIN2B;HCN2;GRIN2D;HCN1
292,GO_Biological_Process_2023,Integrin Activation (GO:0033622),4/8,0.0374251131097776,0.5353323201080928,0,0,4.65864704217379,15.30558107523834,CXCL12;FN1;CX3CL1;FERMT2
291,GO_Biological_Process_2023,Endothelial Cell Chemotaxis (GO:0035767),4/8,0.0374251131097776,0.5353323201080928,0,0,4.65864704217379,15.30558107523834,NELL1;NR4A1;EGR3;CXCL13
290,GO_Biological_Process_2023,Detection Of Mechanical Stimulus Involved In Sensory Perception Of Sound (GO:0050910),4/8,0.0374251131097776,0.5353323201080928,0,0,4.65864704217379,15.30558107523834,COL11A1;HPN;KIT;TMC2
285,GO_Biological_Process_2023,Microtubule Polymerization Or Depolymerization (GO:0031109),9/27,0.0372231850335901,0.5353323201080928,0,0,2.330640589569161,7.669726724912571,KIF18A;KIF18B;TPPP2;MAP7D3;STMN1;KIF14;STMND1;KIF24;KIF2C
301,GO_Biological_Process_2023,Skeletal Myofibril Assembly (GO:0014866),4/8,0.0374251131097776,0.5353323201080928,0,0,4.65864704217379,15.30558107523834,ACTC1;MYH11;PROX1;ACTL8
302,GO_Biological_Process_2023,Calcium-Independent Cell-Cell Adhesion Via Plasma Membrane Cell-Adhesion Molecules (GO:0016338),7/19,0.0376205792388903,0.5353323201080928,0,0,2.71853163361662,8.917338496738841,CLDN11;CLDN6;CLDN5;CLDN14;CLDN9;CLDN8;CLDN19
303,GO_Biological_Process_2023,Epithelial Structure Maintenance (GO:0010669),7/19,0.0376205792388903,0.5353323201080928,0,0,2.71853163361662,8.917338496738841,MUC2;TFF3;MUC13;LSR;TFF1;NOD2;LACRT
304,GO_Biological_Process_2023,Eye Morphogenesis (GO:0048592),7/19,0.0376205792388903,0.5353323201080928,0,0,2.71853163361662,8.917338496738841,FBN2;MFAP5;ALDH1A3;EFEMP1;COL5A1;COL5A2;MFAP2
308,GO_Biological_Process_2023,Response To Fatty Acid (GO:0070542),7/19,0.0376205792388903,0.5353323201080928,0,0,2.71853163361662,8.917338496738841,PID1;GLDC;SCD;PDK4;FFAR3;FFAR2;FOXO1
307,GO_Biological_Process_2023,Regulation Of Vascular Endothelial Growth Factor Signaling Pathway (GO:1900746),7/19,0.0376205792388903,0.5353323201080928,0,0,2.71853163361662,8.917338496738841,CCBE1;TNXB;SORD;IL12B;SPRY2;NRG1;DCN
306,GO_Biological_Process_2023,Regulation Of Acute Inflammatory Response (GO:0002673),7/19,0.0376205792388903,0.5353323201080928,0,0,2.71853163361662,8.917338496738841,IL6;CREB3L3;F12;OSM;C2CD4B;FFAR2;DNASE1L3
305,GO_Biological_Process_2023,Positive Regulation Of Hormone Secretion (GO:0046887),7/19,0.0376205792388903,0.5353323201080928,0,0,2.71853163361662,8.917338496738841,HCAR2;FGA;NMB;EDN3;TFR2;SOX11;PPARG
297,GO_Biological_Process_2023,Regulation Of Dendritic Cell Antigen Processing And Presentation (GO:0002604),4/8,0.0374251131097776,0.5353323201080928,0,0,4.65864704217379,15.30558107523834,CCL21;SLC11A1;CCR7;NOD2
298,GO_Biological_Process_2023,Regulation Of Endothelial Cell Differentiation (GO:0045601),4/8,0.0374251131097776,0.5353323201080928,0,0,4.65864704217379,15.30558107523834,TMEM100;NOTCH4;ATOH8;SORD
299,GO_Biological_Process_2023,Regulation Of Mitotic Centrosome Separation (GO:0046602),4/8,0.0374251131097776,0.5353323201080928,0,0,4.65864704217379,15.30558107523834,CHEK1;KIF25;NEK2;KIF11
300,GO_Biological_Process_2023,Regulation Of Morphogenesis Of An Epithelium (GO:1905330),4/8,0.0374251131097776,0.5353323201080928,0,0,4.65864704217379,15.30558107523834,CXCL10;SIX2;MMRN2;FGF1
278,GO_Biological_Process_2023,Liver Development (GO:0001889),11/35,0.0344163303015764,0.5353323201080928,0,0,2.136852429570807,7.199534723462718,TGFBR3;CEBPA;IL6;ZIC3;LSR;PROX1;PCK1;MET;E2F7;AURKA;E2F8
279,GO_Biological_Process_2023,Positive Regulation Of Metabolic Process (GO:0009893),27/108,0.0347065320794734,0.5353323201080928,0,0,1.5557454890788225,5.228592013262352,OXTR;EPAS1;ADRB1;ADRB2;JCHAIN;MUC1;CLEC7A;PRDM16;LEPR;FFAR4;CD36;IGHA2;PPARGC1A;ACSL1;CAV1;ADIPOQ;ELOVL3;EBF2;G0S2;CNKSR2;DISP3;FABP4;ADRB3;IFNG;SCD;LEP;MFAP2
280,GO_Biological_Process_2023,Negative Regulation Of Epithelial Cell Differentiation (GO:0030857),6/15,0.0357263082262059,0.5353323201080928,0,0,3.1065798168601906,10.350713683939452,IFNG;NOTCH4;SORD;SPRY2;SPRY1;MMP9
289,GO_Biological_Process_2023,Brown Fat Cell Differentiation (GO:0050873),4/8,0.0374251131097776,0.5353323201080928,0,0,4.65864704217379,15.30558107523834,ADIPOQ;PRDM16;FFAR4;PPARGC1A
281,GO_Biological_Process_2023,Positive Regulation Of Potassium Ion Transport (GO:0043268),6/15,0.0357263082262059,0.5353323201080928,0,0,3.1065798168601906,10.350713683939452,KCNH2;KCNE1;KCNE5;FHL1;AKAP6;ANK2
282,GO_Biological_Process_2023,Endodermal Cell Differentiation (GO:0035987),10/31,0.0359815240234968,0.5353323201080928,0,0,2.219881998730879,7.380551995638812,LAMB3;COL11A1;COL12A1;LAMA3;FN1;HMGA2;ITGA7;INHBA;MMP8;MMP9
283,GO_Biological_Process_2023,Leukocyte Cell-Cell Adhesion (GO:0007159),10/31,0.0359815240234968,0.5353323201080928,0,0,2.219881998730879,7.380551995638812,SELP;LRG1;CLEC4M;CD209;PECAM1;OLR1;UMOD;GFUS;JAM2;CD177
284,GO_Biological_Process_2023,Cellular Response To Ketone (GO:1901655),13/44,0.0369379185950997,0.5353323201080928,0,0,1.9554025850389956,6.449927986856046,POSTN;AKR1C3;AKR1C2;NR3C1;GNAI1;AQP1;SLC5A5;SFRP1;GNG2;TNFSF4;KLF9;SPP1;PCK1
296,GO_Biological_Process_2023,Protein K29-linked Ubiquitination (GO:0035519),4/8,0.0374251131097776,0.5353323201080928,0,0,4.65864704217379,15.30558107523834,PRKN;UBE2S;UBE2T;RNF186
295,GO_Biological_Process_2023,Positive Regulation Of Inositol Phosphate Biosynthetic Process (GO:0060732),4/8,0.0374251131097776,0.5353323201080928,0,0,4.65864704217379,15.30558107523834,LHCGR;P2RY6;PTH1R;SNCA
294,GO_Biological_Process_2023,Positive Regulation Of Calcium Ion-Dependent Exocytosis (GO:0045956),4/8,0.0374251131097776,0.5353323201080928,0,0,4.65864704217379,15.30558107523834,SYT4;SYT1;KCNB1;STX1A
293,GO_Biological_Process_2023,Kynurenine Metabolic Process (GO:0070189),4/8,0.0374251131097776,0.5353323201080928,0,0,4.65864704217379,15.30558107523834,TDO2;IDO2;KMO;IDO1
288,GO_Biological_Process_2023,Transport Across Blood-Brain Barrier (GO:0150104),22/85,0.03724089310491,0.5353323201080928,0,0,1.6292984714037346,5.36095871335201,SLC22A3;ABCB1;LRP1;ATP2A3;SLC2A1;SLC16A12;ABCC9;ATP1A2;SLC2A4;AVPR1A;SLC8A2;SLC5A5;SLC7A3;SLCO1C1;SLC7A5;SLC4A8;LEPR;SLC16A7;SLC29A4;CD36;SLC38A5;ABCG2
287,GO_Biological_Process_2023,Regulation Of Osteoblast Differentiation (GO:0045667),22/85,0.03724089310491,0.5353323201080928,0,0,1.6292984714037346,5.36095871335201,FBN2;GDF10;CITED1;WNT7B;TWIST2;CRIM1;SOX11;IGF1;NPNT;BMP6;CCNA2;SCUBE3;NELL1;IL6;BAMBI;FFAR4;CCN4;PPARG;BMPR1B;TP63;FERMT2;DDR2
286,GO_Biological_Process_2023,Mitotic Spindle Organization (GO:0007052),22/85,0.03724089310491,0.5353323201080928,0,0,1.6292984714037346,5.36095871335201,STIL;PLK1;CDCA8;KIF23;TTK;KIF11;WDR62;AURKB;NDC80;AURKA;CENPE;TPX2;CCNB1;KIFC2;KIFC1;KIF4A;NUF2;STMN1;BIRC5;MISP;DLGAP5;SPC25
315,GO_Biological_Process_2023,Behavioral Fear Response (GO:0001662),3/5,0.0416558657481068,0.5418959813444557,0,0,6.9868421052631575,22.206371692954274,HTR2C;MAPK8IP2;DRD4
316,GO_Biological_Process_2023,Cellular Response To Granulocyte Macrophage Colony-Stimulating Factor Stimulus (GO:0097011),3/5,0.0416558657481068,0.5418959813444557,0,0,6.9868421052631575,22.206371692954274,ZFP36;PDE1B;NPR2
309,GO_Biological_Process_2023,Regulation Of Peptidyl-Tyrosine Phosphorylation (GO:0050730),23/90,0.0386097935330918,0.5418959813444557,0,0,1.6017295423848317,5.212427268072903,IL11;ANGPT4;CSF3;ANGPT1;CD80;OSM;NRG1;IGF1;LRP8;EGFR;BMP6;GHR;NELL1;FGF7;SFRP1;IL6;RELN;CLEC6A;ENPP2;PECAM1;IL12B;AMH;LACRT
337,GO_Biological_Process_2023,Response To Heparin (GO:0071503),3/5,0.0416558657481068,0.5418959813444557,0,0,6.9868421052631575,22.206371692954274,EGR1;SFRP1;GPIHBP1
326,GO_Biological_Process_2023,Positive Regulation Of Endothelial Cell Development (GO:1901552),3/5,0.0416558657481068,0.5418959813444557,0,0,6.9868421052631575,22.206371692954274,CDH5;CLDN5;PROC
330,GO_Biological_Process_2023,Regulation Of Mitotic Spindle Checkpoint (GO:1903504),3/5,0.0416558657481068,0.5418959813444557,0,0,6.9868421052631575,22.206371692954274,CCNB1;DUSP1;USP44
323,GO_Biological_Process_2023,Mesodermal Cell Fate Commitment (GO:0001710),3/5,0.0416558657481068,0.5418959813444557,0,0,6.9868421052631575,22.206371692954274,SIX2;KLF4;PAX2
324,GO_Biological_Process_2023,Negative Regulation Of Myeloid Cell Apoptotic Process (GO:0033033),3/5,0.0416558657481068,0.5418959813444557,0,0,6.9868421052631575,22.206371692954274,EPO;IRF7;NOD2
329,GO_Biological_Process_2023,Positive Regulation Of Vesicle Fusion (GO:0031340),3/5,0.0416558657481068,0.5418959813444557,0,0,6.9868421052631575,22.206371692954274,ANXA1;DOC2B;SNCA
334,GO_Biological_Process_2023,Renal Filtration Cell Differentiation (GO:0061318),3/5,0.0416558657481068,0.5418959813444557,0,0,6.9868421052631575,22.206371692954274,WT1;CD24;KLF15
331,GO_Biological_Process_2023,Regulation Of Renal Sodium Excretion (GO:0035813),3/5,0.0416558657481068,0.5418959813444557,0,0,6.9868421052631575,22.206371692954274,NPR1;SPX;CORIN
332,GO_Biological_Process_2023,Regulation Of Type 2 Immune Response (GO:0002828),3/5,0.0416558657481068,0.5418959813444557,0,0,6.9868421052631575,22.206371692954274,IFNL1;TNFSF4;NOD2
333,GO_Biological_Process_2023,Regulation Of Type B Pancreatic Cell Proliferation (GO:0061469),3/5,0.0416558657481068,0.5418959813444557,0,0,6.9868421052631575,22.206371692954274,NR4A1;NR4A3;PTPRN
325,GO_Biological_Process_2023,Negative Regulation Of Sequestering Of Triglyceride (GO:0010891),3/5,0.0416558657481068,0.5418959813444557,0,0,6.9868421052631575,22.206371692954274,PPARG;PPARA;PNPLA2
327,GO_Biological_Process_2023,Positive Regulation Of Establishment Of Endothelial Barrier (GO:1903142),3/5,0.0416558657481068,0.5418959813444557,0,0,6.9868421052631575,22.206371692954274,CDH5;CLDN5;PROC
328,GO_Biological_Process_2023,Positive Regulation Of Peroxisome Proliferator Activated Receptor Signaling Pathway (GO:0035360),3/5,0.0416558657481068,0.5418959813444557,0,0,6.9868421052631575,22.206371692954274,BMP2;PTGIS;LMO3
319,GO_Biological_Process_2023,Glomerular Epithelial Cell Differentiation (GO:0072311),3/5,0.0416558657481068,0.5418959813444557,0,0,6.9868421052631575,22.206371692954274,WT1;CD24;KLF15
320,GO_Biological_Process_2023,Glomerulus Vasculature Development (GO:0072012),3/5,0.0416558657481068,0.5418959813444557,0,0,6.9868421052631575,22.206371692954274,PECAM1;TEK;CD34
317,GO_Biological_Process_2023,Cellular Response To Iron Ion (GO:0071281),3/5,0.0416558657481068,0.5418959813444557,0,0,6.9868421052631575,22.206371692954274,TFR2;F3;BMP6
310,GO_Biological_Process_2023,Cell Cycle G2/M Phase Transition (GO:0044839),12/40,0.0394063215180904,0.5418959813444557,0,0,1.998176291793313,6.461760501310328,CCNA2;BRSK2;CCNB1;MELK;PLK1;CDK1;FOXM1;PKMYT1;CDC25C;AURKB;CDC25A;AURKA
311,GO_Biological_Process_2023,Positive Regulation Of miRNA Metabolic Process (GO:2000630),14/49,0.0407319264824118,0.5418959813444557,0,0,1.8652284984388303,5.970117170916746,FOXA1;EGR1;NGFR;FOS;GATA3;NR3C1;KLF4;FGF2;EGFR;MYCN;TERT;WT1;ATOH8;PPARG
312,GO_Biological_Process_2023,Eye Development (GO:0001654),16/58,0.0407708784543526,0.5418959813444557,0,0,1.7766597692755035,5.684933216546976,FBN2;PAX6;CHRDL1;MEIS2;PAX2;SOX2;EFEMP1;COL5A1;SCO2;WT1;ADAMTS18;MAB21L1;SIX3;COL5A2;BMPR1B;FREM2
313,GO_Biological_Process_2023,Muscle Organ Development (GO:0007517),16/58,0.0407708784543526,0.5418959813444557,0,0,1.7766597692755035,5.684933216546976,TRIM72;TAGLN;EGR3;LAMA2;CAV3;FHL1;IGF1;CACNA1H;KY;CXCL10;DES;MYMX;SGCA;ITGA7;DMD;SGCG
314,GO_Biological_Process_2023,ERBB2-EGFR Signaling Pathway (GO:0038134),3/5,0.0416558657481068,0.5418959813444557,0,0,6.9868421052631575,22.206371692954274,EGF;ERBB2;EGFR
321,GO_Biological_Process_2023,Histamine Metabolic Process (GO:0001692),3/5,0.0416558657481068,0.5418959813444557,0,0,6.9868421052631575,22.206371692954274,SLC22A3;SLC29A4;TRH
336,GO_Biological_Process_2023,Response To Granulocyte Macrophage Colony-Stimulating Factor (GO:0097012),3/5,0.0416558657481068,0.5418959813444557,0,0,6.9868421052631575,22.206371692954274,ZFP36;PDE1B;NPR2
335,GO_Biological_Process_2023,Response To Gonadotropin (GO:0034698),3/5,0.0416558657481068,0.5418959813444557,0,0,6.9868421052631575,22.206371692954274,TGFBR3;WT1;SLC5A5
318,GO_Biological_Process_2023,Centromeric Sister Chromatid Cohesion (GO:0070601),3/5,0.0416558657481068,0.5418959813444557,0,0,6.9868421052631575,22.206371692954274,SGO1;BUB1B;BUB1
322,GO_Biological_Process_2023,Leukocyte Chemotaxis Involved In Inflammatory Response (GO:0002232),3/5,0.0416558657481068,0.5418959813444557,0,0,6.9868421052631575,22.206371692954274,SLAMF8;FFAR2;PTN
338,GO_Biological_Process_2023,Positive Regulation Of Protein Phosphorylation (GO:0001934),80/377,0.0425448345756154,0.5518278396135138,0,0,1.2596118352554568,3.9768424906660376,TENM1;CSF3;CD80;FGF1;FGF2;CX3CL1;FGF5;GHR;TCL1A;FGF7;ENPP2;LEPR;CCR7;RSPO1;NOS1;AMH;IL11;MMD;ADIPOQ;PLAUR;MMP9;TGFBR2;CCNA2;CLDN3;CLDN19;PECAM1;BIRC5;PPARG;DDR2;OPRD1;CEMIP;TNXB;FAXDC2;PELI2;ITLN1;CDCA8;TTK;RASGRP1;LRP8;EGFR;AURKB;NTF4;RELN;CALCR;THPO;PDGFD;ERBB2;SNCA;GDF10;ANGPT4;NTRK2;CCL21;ANGPT1;GDF15;EGF;CAV1;NTRK3;PLK1;BMP8A;OSM;VEGFD;AZU1;IGF1;INHBA;MT3;BMP6;BMP5;FGF17;MARCO;CENPE;BMP3;NELL1;BMP2;IL6;CLEC6A;LEP;SPRY2;TEK;INHA;LACRT
348,GO_Biological_Process_2023,Positive Regulation Of Vasoconstriction (GO:0045907),5/12,0.0456850619433075,0.5706739129679643,0,0,3.3279404627083,10.26997071022051,FGA;OXTR;CAV1;AVPR2;AVPR1A
340,GO_Biological_Process_2023,Regulation Of Cholesterol Efflux (GO:0010874),10/32,0.0443035168470417,0.5706739129679643,0,0,2.1188493955718224,6.60379930347642,CETP;EEPD1;LRP1;ABCA5;CAV1;ADIPOQ;PLA2G10;PPARG;ABCA8;CES1
339,GO_Biological_Process_2023,Anterograde Trans-Synaptic Signaling (GO:0098916),45/199,0.0442663569392913,0.5706739129679643,0,0,1.3647241933324408,4.25456906136741,GRIA2;NLGN1;CHRNA2;DOC2A;KCNA1;CHRNA6;CACNA1B;CHRNA9;GRIK4;HTR2C;HTR2A;HTR4;SLC1A6;SLC6A2;GLRA3;GRM4;PTCHD1;KCNMB1;NPBWR1;MPZ;PENK;SNCG;SNCB;GABRD;NTSR1;DRD4;SNCA;GABRQ;SYT5;UNC13C;GABBR2;HTR1E;SYT1;KCNIP2;GAD1;HTR1D;OPRK1;HTR3A;GRIN2B;SYN2;SYN1;PLP1;UTS2;SCN2B;CBLN1
342,GO_Biological_Process_2023,Attachment Of Mitotic Spindle Microtubules To Kinetochore (GO:0051315),5/12,0.0456850619433075,0.5706739129679643,0,0,3.3279404627083,10.26997071022051,CDT1;CENPE;NUF2;KIF2C;NDC80
343,GO_Biological_Process_2023,Detection Of Calcium Ion (GO:0005513),5/12,0.0456850619433075,0.5706739129679643,0,0,3.3279404627083,10.26997071022051,SYT1;KCNIP2;KCNMB1;KCNMB2;CASQ2
351,GO_Biological_Process_2023,Triglyceride Catabolic Process (GO:0019433),5/12,0.0456850619433075,0.5706739129679643,0,0,3.3279404627083,10.26997071022051,LIPE;PNLIPRP2;PNPLA1;GPIHBP1;PNPLA2
346,GO_Biological_Process_2023,Positive Regulation Of Fatty Acid Oxidation (GO:0046321),5/12,0.0456850619433075,0.5706739129679643,0,0,3.3279404627083,10.26997071022051,ABCD2;NR4A3;IRS2;PPARA;PPARGC1A
341,GO_Biological_Process_2023,Atrial Cardiac Muscle Cell Action Potential (GO:0086014),5/12,0.0456850619433075,0.5706739129679643,0,0,3.3279404627083,10.26997071022051,KCNE5;KCNA5;SCN5A;SCN3B;KCNJ3
344,GO_Biological_Process_2023,Negative Regulation Of Macrophage Derived Foam Cell Differentiation (GO:0010745),5/12,0.0456850619433075,0.5706739129679643,0,0,3.3279404627083,10.26997071022051,CETP;ABCA5;ADIPOQ;PPARG;PPARA
345,GO_Biological_Process_2023,Positive Regulation Of Alcohol Biosynthetic Process (GO:1902932),5/12,0.0456850619433075,0.5706739129679643,0,0,3.3279404627083,10.26997071022051,SH2D2A;PTH1R;FGF1;BMP6;SNCA
349,GO_Biological_Process_2023,Relaxation Of Cardiac Muscle (GO:0055119),5/12,0.0456850619433075,0.5706739129679643,0,0,3.3279404627083,10.26997071022051,CHGA;RGS2;GSN;PLN;ATP1A2
347,GO_Biological_Process_2023,Positive Regulation Of Sodium Ion Transport (GO:0010765),5/12,0.0456850619433075,0.5706739129679643,0,0,3.3279404627083,10.26997071022051,NOS1;SCN5A;NKX2-5;SCN3B;SCN4B
350,GO_Biological_Process_2023,Steroid Catabolic Process (GO:0006706),5/12,0.0456850619433075,0.5706739129679643,0,0,3.3279404627083,10.26997071022051,HSD11B1;CYP24A1;SPP1;HSD17B6;CYP3A4
4417,KEGG_2021_Human,Metabolism of xenobiotics by cytochrome P450,20/76,0.0387739302762569,0.5723770659828404,0,0,1.6660912303505422,5.414808424979149,ADH1C;ADH1B;ADH1A;AKR1C1;DHDH;UGT2B17;GSTT2;UGT2B28;AKR7L;CYP3A4;HSD11B1;ALDH3A1;CYP2A7;ADH4;AKR7A3;CYP2A13;GSTA3;GSTA1;CYP1A1;GSTM5
352,GO_Biological_Process_2023,Positive Regulation Of Ossification (GO:0045778),12/41,0.0470462312086081,0.5817546508218763,0,0,1.929156272927366,5.896706362874109,FBN2;CCNA2;KL;NELL1;BMP2;ZBTB16;ISG15;SOX11;PTN;BMPR1B;GPM6B;BMP6
355,GO_Biological_Process_2023,Monoatomic Cation Transmembrane Transport (GO:0098655),61/281,0.0471013544900131,0.5817546508218763,0,0,1.295667695365624,3.9588524213630487,KCNG1;KCNG3;KCNK9;KCNC2;LRRC38;ATP2A3;SLC6A2;RYR3;SLC6A4;SLC8A2;SCN9A;SLC39A6;CNGA2;SCN5A;SLC39A4;KCNH1;KCNH2;SLC30A8;SLC36A2;KCNH6;SCARA5;SLC30A2;SLC11A1;KCNH8;KCNK15;ABCC9;SLC9A9;SLC29A4;SCN4A;SCN4B;SLC24A2;KCNE1;KCNA1;HPN;KCNA2;KCNA4;ATP1A3;KCNA5;CACNA1D;ATP1A2;KCNA6;TRPM1;TRPM2;CACNG1;SCN3B;TRPM5;TRPM6;TRPM3;LRRC26;KCNF1;TRPA1;KCNB1;GRIN2B;GRIN2D;SLC4A8;FXYD2;SCN2A;KCNK1;HCN2;SCN2B;HCN1
353,GO_Biological_Process_2023,Mitotic Cytokinesis (GO:0000281),16/59,0.0470716311611301,0.5817546508218763,0,0,1.7352364219995642,5.303029602014005,PLK1;CDCA8;KIF23;CENPA;AURKB;CIT;ANLN;ESPL1;RACGAP1;KIF4A;STMN1;BIRC5;KIF20A;ECT2;CEP55;SPTBN1
354,GO_Biological_Process_2023,Regulation Of miRNA Transcription (GO:1902893),16/59,0.0470716311611301,0.5817546508218763,0,0,1.7352364219995642,5.303029602014005,FOXA1;EGR1;NGFR;FOS;GATA3;NR3C1;KLF4;FGF2;ESR1;EGFR;MYCN;TERT;WT1;ATOH8;PPARG;PPARA
356,GO_Biological_Process_2023,Cell Chemotaxis (GO:0060326),14/50,0.0476790403274128,0.5872401689625609,0,0,1.8133062099851769,5.5183683924449305,SEMA5A;CCL25;EGR3;CCL21;CCL20;LEF1;AZU1;CX3CL1;NELL1;NR4A1;HOXB9;CXCL12;KIT;EPHB1
358,GO_Biological_Process_2023,Positive Regulation Of BMP Signaling Pathway (GO:0030513),8/24,0.04830747634773,0.5915323364492503,0,0,2.330263530745253,7.061092174030714,CRB2;CCNA2;CDH5;SCUBE3;FOXD1;TBX20;SOX11;SULF1
360,GO_Biological_Process_2023,Positive Regulation Of Stem Cell Proliferation (GO:2000648),6/16,0.0488347141530766,0.5915323364492503,0,0,2.795751911639762,8.441252505498776,CITED1;TERT;THPO;HMGA2;SOX11;FERMT2
362,GO_Biological_Process_2023,Regulation Of Steroid Biosynthetic Process (GO:0050810),6/16,0.0488347141530766,0.5915323364492503,0,0,2.795751911639762,8.441252505498776,EGR1;BMP2;CGA;FGFR4;BMP5;CES1
357,GO_Biological_Process_2023,Gliogenesis (GO:0042063),8/24,0.04830747634773,0.5915323364492503,0,0,2.330263530745253,7.061092174030714,VCAN;ANXA1;RELN;CDH2;METRN;AZU1;HAPLN1;PAX2
361,GO_Biological_Process_2023,Regulation Of Blood Vessel Endothelial Cell Proliferation Involved In Sprouting Angiogenesis (GO:1903587),6/16,0.0488347141530766,0.5915323364492503,0,0,2.795751911639762,8.441252505498776,PPP1R16B;NGFR;FGFBP1;MMRN2;IL12B;FGF2
359,GO_Biological_Process_2023,Positive Regulation Of Lymphocyte Migration (GO:2000403),6/16,0.0488347141530766,0.5915323364492503,0,0,2.795751911639762,8.441252505498776,PYCARD;CXCL10;CXCL12;CCL21;CCL20;JAM2
365,GO_Biological_Process_2023,Sensory Perception Of Pain (GO:0019233),7/20,0.0493002556021712,0.5922765679856478,0,0,2.50926127696666,7.552439865627582,MME;TRPA1;MRGPRX2;KCNA2;SCN9A;OPRK1;PROK2
363,GO_Biological_Process_2023,Cellular Response To Copper Ion (GO:0071280),7/20,0.0493002556021712,0.5922765679856478,0,0,2.50926127696666,7.552439865627582,MT1M;MT1G;MT1X;MT1H;MT3;AQP1;SNCA
364,GO_Biological_Process_2023,Regulation Of Membrane Depolarization (GO:0003254),7/20,0.0493002556021712,0.5922765679856478,0,0,2.50926127696666,7.552439865627582,CAV3;FHL1;SCN5A;SCN3B;HCN2;HCN1;SCN2B
366,GO_Biological_Process_2023,Cellular Response To Oxygen-Containing Compound (GO:1901701),85/406,0.0497942075403219,0.5965807372065279,0,0,1.2382275117950494,3.714504993579552,RET;CXCL9;PID1;SPAAR;KCNC2;CPNE7;CD80;AQP9;CXCL13;CXCL2;RYR3;AQP1;PYCARD;CRHBP;ZFP36;CARD17P;PDK4;FFAR3;CTSG;FFAR2;SCN5A;KCNH1;MYOG;SLC13A2;TESC;MMP3;GPBAR1;FOS;SSTR1;SSTR2;MMP9;PAX2;SFRP1;RASA4;ITPKA;DPEP1;GPLD1;KCNE1;NLGN1;AKAP6;NOD2;PPM1E;EGFR;FOXO1;CACNA1H;SLC5A5;STRA8;P2RY6;GNG2;WNT11;ZNF703;IL36RN;ECT2;P2RY12;H2AZ1;SYT5;WNT10B;EGR1;SYT4;AOC1;SYT1;FZD4;WNT7B;PDE2A;AKR1C3;PTK6;SYT13;PPBP;SYT9;POU4F1;ESR1;MT3;SYT17;CXCL10;CXCL11;IL6;NR4A3;WT1;TNFSF4;TNIP3;NEURL1;SLC26A3;HCN2;PF4;HCN1
367,GO_Biological_Process_2023,Regulation Of Ossification (GO:0030278),11/37,0.0504078491472579,0.6022916105991661,0,0,1.972239190191544,5.892278329972539,NELL1;BMP2;SFRP1;ZBTB16;S1PR1;SOX11;PTN;KREMEN2;NOTUM;DKK1;DDR2
368,GO_Biological_Process_2023,Positive Regulation Of Cell Migration (GO:0030335),59/272,0.0507874039856952,0.6051821553525801,0,0,1.2941845051524403,3.856808184265121,RET;SEMA5A;FAM107A;FGF1;VSIR;MYLK;CDH5;HYAL1;ENPP2;CCN4;MYOC;SEMA6D;TNFRSF18;CCNA2;F7;CLDN3;IFNG;DAAM2;CEACAM6;TMSB15A;KIT;PECAM1;CDH13;DDR2;SMIM22;LRRC15;CEMIP;SEMA7A;CCL11;SEMA3D;LEF1;TWIST2;SEMA3G;EGFR;MIEN1;CCL7;RAB25;CLEC7A;PDGFD;ZNF703;CGA;CCL24;CARMIL2;F10;FZD4;EGF;ARHGEF39;CAV1;NTRK3;FN1;IGF1;COL1A1;VIL1;NELL1;BMP2;CXCL12;SPRY2;LGR6;FERMT2
373,GO_Biological_Process_2023,Regulation Of Interleukin-10 Production (GO:0032653),13/46,0.0515269670332386,0.6057862942383697,0,0,1.8366697623224295,5.446919637738518,TSLP;ISG15;NOD2;MMP8;FOXP3;INAVA;VSIR;PYCARD;IL6;CLEC7A;TNFSF4;IL12B;TIGIT
371,GO_Biological_Process_2023,Epithelial Cell Migration (GO:0010631),13/46,0.0515269670332386,0.6057862942383697,0,0,1.8366697623224295,5.446919637738518,KANK1;KRT2;DPP4;ANLN;NELL1;LRG1;DAAM2;KRT16;KIT;CDH13;FAT2;S100P;S100A9
369,GO_Biological_Process_2023,Positive Regulation Of Tyrosine Phosphorylation Of STAT Protein (GO:0042531),15/55,0.0510673208188787,0.6057862942383697,0,0,1.7486158432708687,5.201451049008082,IL21;IL20;TSLP;EPO;TNFRSF18;OSM;PTK6;IGF1;GHR;IL6;IFNL1;IFNG;KIT;IL12B;FGFR3
370,GO_Biological_Process_2023,Vascular Transport (GO:0010232),21/83,0.051255054690378,0.6057862942383697,0,0,1.5799708246174171,4.694000161259532,SLC22A3;ABCB1;LRP1;ATP2A3;SLC2A1;SLC16A12;ABCC9;ATP1A2;SLC2A4;AVPR1A;SLC8A2;SLC5A5;SLC7A3;SLCO1C1;SLC7A5;SLC4A8;LEPR;SLC16A7;SLC29A4;SLC38A5;ABCG2
372,GO_Biological_Process_2023,Mitotic G2/M Transition Checkpoint (GO:0044818),13/46,0.0515269670332386,0.6057862942383697,0,0,1.8366697623224295,5.446919637738518,BLM;PLK1;DONSON;HUS1B;CDC6;FOXN3;CDC14B;TICRR;DEPDC1B;ORC1;CHEK1;CDK1;CLSPN
375,GO_Biological_Process_2023,Regulation Of Heart Contraction (GO:0008016),18/69,0.052005162293128,0.6081561133055423,0,0,1.6460558648011634,4.866419789482396,CAV3;KCNIP2;CELF2;KCNE5;HSPB7;ATP2A3;ANK2;ATP1A2;CACNA1H;SLC8A2;ACE2;PLN;DES;TH;FXYD1;NOS1;NKX2-5;CORIN
374,GO_Biological_Process_2023,Cellular Response To Calcium Ion (GO:0071277),18/69,0.052005162293128,0.6081561133055423,0,0,1.6460558648011634,4.866419789482396,SYT5;SYT4;NLGN1;SYT1;CPNE7;AKR1C3;SYT13;SYT9;RYR3;SYT17;CRHBP;RASA4;ITPKA;DPEP1;SCN5A;ECT2;GPLD1;KCNH1
379,GO_Biological_Process_2023,Regulation Of Potassium Ion Transmembrane Transport (GO:1901379),10/33,0.0538368188783809,0.6213136288930204,0,0,2.026602236165728,5.921321712148345,KCNH2;KCNE1;DPP6;CAV3;KCNIP2;KCNE5;CAV1;FHL1;CACNA1D;KCNAB1
380,GO_Biological_Process_2023,Vasculogenesis (GO:0001570),10/33,0.0538368188783809,0.6213136288930204,0,0,2.026602236165728,5.921321712148345,TGFBR3;NELL1;SOX17;WT1;CAV1;WNT7B;TBX20;TNNI3;NKX2-5;TGFBR2
376,GO_Biological_Process_2023,Positive Regulation Of DNA Binding (GO:0043388),10/33,0.0538368188783809,0.6213136288930204,0,0,2.026602236165728,5.921321712148345,PRKN;EGF;PLAUR;PPARG;GATA3;IGF1;MMP8;MMP9;POU4F1;NME1
378,GO_Biological_Process_2023,Regulation Of Cell Adhesion Mediated By Integrin (GO:0033628),10/33,0.0538368188783809,0.6213136288930204,0,0,2.026602236165728,5.921321712148345,RET;DPP4;P2RY12;MUC1;CCL21;EPHA8;TESC;PDE3B;RAC3;NRG1
377,GO_Biological_Process_2023,Positive Regulation Of Nitrogen Compound Metabolic Process (GO:0051173),10/33,0.0538368188783809,0.6213136288930204,0,0,2.026602236165728,5.921321712148345,SLCO1C1;IFNG;UHRF1;EGF;HPN;PLA2G10;GATA3;INHBA;KLF4;KLF2
381,GO_Biological_Process_2023,Homophilic Cell Adhesion Via Plasma Membrane Adhesion Molecules (GO:0007156),16/60,0.0540285693857785,0.6218942921185031,0,0,1.6956959541452583,4.948451677642535,ROBO2;ROBO3;ROBO4;CADM3;CNTN6;PTPRM;IGSF9;IGSF21;CDH2;CEACAM6;CEACAM5;HMCN2;PECAM1;CDH13;FAT2;NECTIN3
382,GO_Biological_Process_2023,Negative Regulation Of Cell Differentiation (GO:0045596),46/207,0.0547538316051049,0.6285968604899379,0,0,1.3342063264721529,3.875746536796835,FOXA1;CETP;CITED1;NOTCH4;HPN;TWIST2;DTX1;GATA3;ASCL1;EGFR;FOXO1;SOX2;HOXA9;EFEMP1;SIX3;E2F1;SOSTDC1;PRAME;NKX3-2;RUNX1T1;GDF10;WNT10B;MYOCD;ABCA5;CAV1;ZBTB16;ADIPOQ;ESRRB;CRIM1;SORD;MEIS2;BMP5;DISP3;SFRP1;BMP2;IL6;COL5A1;IFNG;BAMBI;COL5A2;SPRY2;TRIB3;PPARG;SPRY1;PPARA;FERMT2
383,GO_Biological_Process_2023,Monoatomic Cation Transport (GO:0006812),12/42,0.0556434012245999,0.6338446507372181,0,0,1.8647375886524824,5.386838626662168,TRPM1;PANX2;CALHM1;TMEM63C;SLC11A1;CNGA2;SLC29A4;ATP1A2;TRPM6;GRIN2B;TRPM3;GRIN2D
384,GO_Biological_Process_2023,Potassium Ion Import Across Plasma Membrane (GO:1990573),12/42,0.0556434012245999,0.6338446507372181,0,0,1.8647375886524824,5.386838626662168,KCNH2;KCNJ6;KCNJ10;KCNK9;FXYD2;ATP1A3;KCNJ16;ATP1A2;ABCC9;SLC12A8;HCN2;KCNJ3
385,GO_Biological_Process_2023,Regulation Of Neurotransmitter Receptor Activity (GO:0099601),12/42,0.0556434012245999,0.6338446507372181,0,0,1.8647375886524824,5.386838626662168,CRHBP;NLGN1;RELN;PSCA;NETO1;DLGAP3;MAPK8IP2;SHISA9;DLGAP2;SHISA8;CACNG4;CACNG5
390,GO_Biological_Process_2023,Granulocyte Migration (GO:0097530),4/9,0.0581161672641032,0.6340863212413448,0,0,3.7266911972827614,10.603596901956523,ANXA1;GP2;UMOD;CD177
386,GO_Biological_Process_2023,Inorganic Cation Transmembrane Transport (GO:0098662),61/284,0.0563487508750729,0.6340863212413448,0,0,1.2780011043052424,3.675780649464118,KCNG1;KCNG3;KCNK9;KCNC2;LRRC38;ATP2A3;SLC6A2;RYR3;AQP1;SLC6A4;SLC8A2;SCN9A;SLC39A6;SCN5A;SLC39A4;KCNH1;KCNH2;SLC30A8;SLC36A2;KCNH6;SCARA5;SLC30A2;SLC11A1;KCNH8;KCNK15;ABCC9;HTR3A;SLC9A9;SCN4A;SCN4B;SLC24A2;KCNE1;KCNA1;HPN;KCNA2;KCNA4;ATP1A3;KCNA5;CACNA1D;ATP1A2;KCNA6;CACNA1H;TRPM1;TRPM2;CACNG1;SCN3B;TRPM5;TRPM6;RHBG;TRPM3;LRRC26;KCNF1;TRPA1;KCNB1;SLC4A8;FXYD2;SCN2A;KCNK1;HCN2;SCN2B;HCN1
399,GO_Biological_Process_2023,Regulation Of Receptor Binding (GO:1900120),4/9,0.0581161672641032,0.6340863212413448,0,0,3.7266911972827614,10.603596901956523,GREM2;ADIPOQ;ATP2A3;MMP9
400,GO_Biological_Process_2023,Response To Interleukin-4 (GO:0070670),4/9,0.0581161672641032,0.6340863212413448,0,0,3.7266911972827614,10.603596901956523,DCSTAMP;RUFY4;LEF1;GATA3
401,GO_Biological_Process_2023,Serine Family Amino Acid Catabolic Process (GO:0009071),4/9,0.0581161672641032,0.6340863212413448,0,0,3.7266911972827614,10.603596901956523,AOC1;SDS;CBS;GLDC
402,GO_Biological_Process_2023,Toxin Transport (GO:1901998),4/9,0.0581161672641032,0.6340863212413448,0,0,3.7266911972827614,10.603596901956523,SLC22A3;ANTXRL;SLC29A4;ANTXR2
395,GO_Biological_Process_2023,Positive Regulation Of Protein Kinase A Signaling (GO:0010739),4/9,0.0581161672641032,0.6340863212413448,0,0,3.7266911972827614,10.603596901956523,CALCR;ADIPOQ;ADRB2;AMH
396,GO_Biological_Process_2023,Positive Regulation Of Smooth Muscle Contraction (GO:0045987),4/9,0.0581161672641032,0.6340863212413448,0,0,3.7266911972827614,10.603596901956523,MYOCD;NMU;PROK2;SPX
397,GO_Biological_Process_2023,"Regulation Of CD4-positive, Alpha-Beta T Cell Proliferation (GO:2000561)",4/9,0.0581161672641032,0.6340863212413448,0,0,3.7266911972827614,10.603596901956523,LGALS9C;VSIR;LGALS9B;TGFBR2
398,GO_Biological_Process_2023,Regulation Of Memory T Cell Differentiation (GO:0043380),4/9,0.0581161672641032,0.6340863212413448,0,0,3.7266911972827614,10.603596901956523,IFNL1;TNFSF4;IL12B;PCK1
394,GO_Biological_Process_2023,Organic Hydroxy Compound Catabolic Process (GO:1901616),4/9,0.0581161672641032,0.6340863212413448,0,0,3.7266911972827614,10.603596901956523,CYP24A1;LDHD;HSD17B6;CYP3A4
393,GO_Biological_Process_2023,Negative Regulation Of Humoral Immune Response Mediated By Circulating Immunoglobulin (GO:0002924),4/9,0.0581161672641032,0.6340863212413448,0,0,3.7266911972827614,10.603596901956523,CR2;SUSD4;FOXJ1;SVEP1
392,GO_Biological_Process_2023,Mitotic DNA Replication Checkpoint Signaling (GO:0033314),4/9,0.0581161672641032,0.6340863212413448,0,0,3.7266911972827614,10.603596901956523,ORC1;HUS1B;CLSPN;TICRR
391,GO_Biological_Process_2023,Kinetochore Assembly (GO:0051382),4/9,0.0581161672641032,0.6340863212413448,0,0,3.7266911972827614,10.603596901956523,CENPE;CENPF;CENPW;DLGAP5
388,GO_Biological_Process_2023,G Protein-Coupled Serotonin Receptor Signaling Pathway (GO:0098664),4/9,0.0581161672641032,0.6340863212413448,0,0,3.7266911972827614,10.603596901956523,HTR1E;HTR1D;HTR2C;HTR2A
389,GO_Biological_Process_2023,Amine Metabolic Process (GO:0009308),4/9,0.0581161672641032,0.6340863212413448,0,0,3.7266911972827614,10.603596901956523,AOC3;AOC2;MAOA;INMT
387,GO_Biological_Process_2023,Chondrocyte Differentiation (GO:0002062),9/29,0.0572296031499051,0.6340863212413448,0,0,2.097321428571429,5.999773805096077,WNT10B;BMP2;SCX;HMGA2;SULF1;BMPR1B;FGFR3;GPLD1;SOX5
406,GO_Biological_Process_2023,"Chemical Synaptic Transmission, Postsynaptic (GO:0099565)",8/25,0.0604044184011801,0.6493844198288241,0,0,2.1930558565165934,6.155234574559623,NPAS4;FOXM1;MAPK8IP2;GRIN2B;INSYN2A;DRD4;INSYN2B;GRIN2D
407,GO_Biological_Process_2023,Myotube Differentiation (GO:0014902),8/25,0.0604044184011801,0.6493844198288241,0,0,2.1930558565165934,6.155234574559623,ADAMTS5;MYMX;ADGRB3;NOS1;IGF1;CACNA1H;JAM2;KCNH1
408,GO_Biological_Process_2023,Regulation Of B Cell Activation (GO:0050864),8/25,0.0604044184011801,0.6493844198288241,0,0,2.1930558565165934,6.155234574559623,IL4I1;IL6;CD19;FCRL3;TNFSF4;SLAMF8;FOXJ1;NOD2
404,GO_Biological_Process_2023,Response To Peptide (GO:1901652),11/38,0.0600201598175658,0.6493844198288241,0,0,1.8990777504674272,5.342247717948919,STAT5A;MMP12;CALCR;ANXA1;MMP13;MMP3;CACNA1B;NOD2;MMP9;GNAI1;INAVA
403,GO_Biological_Process_2023,G2/M Transition Of Mitotic Cell Cycle (GO:0000086),11/38,0.0600201598175658,0.6493844198288241,0,0,1.8990777504674272,5.342247717948919,CCNA2;BRSK2;CCNB1;MELK;PLK1;CDK1;FOXM1;PKMYT1;CDC25C;CDC25A;AURKA
405,GO_Biological_Process_2023,Signal Release From Synapse (GO:0099643),11/38,0.0600201598175658,0.6493844198288241,0,0,1.8990777504674272,5.342247717948919,RIMS1;GRM4;PTPRN2;UNC13A;SYT1;STXBP2;CPLX2;SYN2;SYN1;STX1A;SNCA
409,GO_Biological_Process_2023,Defense Response To Gram-negative Bacterium (GO:0050829),19/75,0.0608146127710791,0.6521996398888663,0,0,1.5823367578981564,4.430424527339602,CHGA;SLC11A1;DEFB1;UMOD;AZU1;DEFB132;TREM1;AQP1;PYCARD;H2BC12;SELP;IL6;PRB3;H2BC11;RNASE7;IL12B;CTSG;CAMP;ELANE
418,GO_Biological_Process_2023,Response To UV-A (GO:0070141),5/13,0.0637230327177167,0.6633168039572602,0,0,2.9117709513023784,8.016714573261233,MME;MMP1;MMP3;MMP9;EGFR
422,GO_Biological_Process_2023,Positive Regulation Of Potassium Ion Transmembrane Transport (GO:1901381),6/17,0.0645325623302674,0.6633168039572602,0,0,2.541438171004866,6.96502819458407,KCNH2;KCNE1;KCNIP2;KCNE5;AKAP6;ANK2
415,GO_Biological_Process_2023,Negative Regulation Of T Cell Differentiation (GO:0045581),5/13,0.0637230327177167,0.6633168039572602,0,0,2.9117709513023784,8.016714573261233,LAG3;IFNL1;TNFSF4;FOXJ1;CTLA4
416,GO_Biological_Process_2023,Positive Regulation Of Chromosome Separation (GO:1905820),5/13,0.0637230327177167,0.6633168039572602,0,0,2.9117709513023784,8.016714573261233,CDCA8;NCAPG;BIRC5;SMC4;NCAPH
417,GO_Biological_Process_2023,Positive Regulation Of Type 2 Immune Response (GO:0002830),5/13,0.0637230327177167,0.6633168039572602,0,0,2.9117709513023784,8.016714573261233,DENND1B;IL6;RSAD2;TNFSF4;NOD2
414,GO_Biological_Process_2023,Heparan Sulfate Proteoglycan Metabolic Process (GO:0030201),5/13,0.0637230327177167,0.6633168039572602,0,0,2.9117709513023784,8.016714573261233,HS3ST3A1;HS3ST6;SULF1;HS3ST4;HS6ST3
411,GO_Biological_Process_2023,Regulation Of MAP Kinase Activity (GO:0043405),27/114,0.0631283346752374,0.6633168039572602,0,0,1.447922192749779,4.000008950734135,TENM1;CBLC;NOD2;FGF1;FGF2;RASGRP1;EGFR;GHR;RGS2;PDGFD;ERBB2;DRD4;ELANE;CAV3;EDN3;DUSP1;EGF;NTRK3;ADIPOQ;BMP2;KIT;SPRY2;TRIB3;PPARG;SPRY1;CD24;EZH2
421,GO_Biological_Process_2023,cGMP-mediated Signaling (GO:0019934),6/17,0.0645325623302674,0.6633168039572602,0,0,2.541438171004866,6.96502819458407,GUCY1B2;KCNC2;PDE2A;HTR2C;CD36;AQP1
420,GO_Biological_Process_2023,Neurotransmitter Transport (GO:0006836),14/52,0.0639517085345012,0.6633168039572602,0,0,1.7176598891494987,4.722924067436578,SLC22A3;UNC13A;PTPRN2;SYT1;STXBP2;SLC1A6;SLC6A2;SYN2;SLC1A7;SYN1;SLC6A4;GRM4;SLC29A4;SLC17A7
419,GO_Biological_Process_2023,Cartilage Development (GO:0051216),14/52,0.0639517085345012,0.6633168039572602,0,0,1.7176598891494987,4.722924067436578,WNT10B;ZBTB16;SCX;HMGA2;SULF1;FGF2;BMP2;COL2A1;HYAL1;EPYC;OGN;FGFR3;GPLD1;SOX5
423,GO_Biological_Process_2023,Regulation Of DNA-templated DNA Replication (GO:0090329),6/17,0.0645325623302674,0.6633168039572602,0,0,2.541438171004866,6.96502819458407,CDT1;BLM;MCIDAS;MCM4;TICRR;MCM2
424,GO_Biological_Process_2023,Regulation Of Delayed Rectifier Potassium Channel Activity (GO:1902259),6/17,0.0645325623302674,0.6633168039572602,0,0,2.541438171004866,6.96502819458407,KCNG1;KCNE1;KCNE4;KCNE5;LOC102723475;KCNAB1
425,GO_Biological_Process_2023,Glial Cell Differentiation (GO:0010001),10/34,0.0646296462610578,0.6633168039572602,0,0,1.942042340043474,5.319413319809407,SOX2;EGR2;VCAN;RELN;CDH2;PTPRZ1;METRN;SOX10;HAPLN1;PAX2
426,GO_Biological_Process_2023,Regulation Of Phosphatidylinositol 3-Kinase Activity (GO:0043551),10/34,0.0646296462610578,0.6633168039572602,0,0,1.942042340043474,5.319413319809407,P2RY12;CCL21;EPHA8;CD19;KIT;CCR7;NOD2;TEK;FGF2;FGFR3
427,GO_Biological_Process_2023,Response To Estrogen (GO:0043627),10/34,0.0646296462610578,0.6633168039572602,0,0,1.942042340043474,5.319413319809407,CRHBP;KRT19;SFRP1;CITED1;CAV1;GATA3;CD24;ESR1;ZNF366;ESR2
428,GO_Biological_Process_2023,Intracellular Calcium Ion Homeostasis (GO:0006874),32/139,0.0648364732818647,0.6633168039572602,0,0,1.3955817457037345,3.81815392017446,CCL14;SLC24A2;CCL13;CALCB;CCL11;ATP2A3;HTR2C;HTR2A;PTH1R;SLC8A2;CDH5;TRPM2;PLN;CCL7;CDH23;TNNI3;DRD4;ELANE;CCL23;EDN2;CAV3;EDN3;TRPA1;TMEM178A;CAV2;CAV1;ANK2;TRDN;CXCL12;CASQ2;RGN;MICU3
429,GO_Biological_Process_2023,Regulation Of Cell Adhesion (GO:0030155),33/144,0.0649569788952978,0.6633168039572602,0,0,1.3873873873873874,3.793158865495824,SEMA5A;RET;ADAMDEC1;TNXB;LAMA2;PDE3B;KIF14;C2CD4B;FUT2;RND1;FUT7;IBSP;HYAL1;CXCR3;ERBB2;DACT2;IL12B;TNR;CCR7;PRSS2;PLXNA4;ANGPT1;EPHA8;DUSP1;TESC;TNFRSF18;PLAUR;NRG1;AZU1;CXCL12;SAA1;CDH13;ADAM8
430,GO_Biological_Process_2023,Axon Guidance (GO:0007411),34/149,0.0650192273153466,0.6633168039572602,0,0,1.3797664113989252,3.771001287684726,SEMA5A;RET;ROBO2;DRAXIN;ROBO3;SEMA7A;ROBO4;SEMA3D;LRTM2;SEMA3G;PTPRM;IGSF9;RELN;DPYSL5;TUBB3;BOC;TNR;RAC3;EPHB1;PLXNA4;UNC5A;CNTN5;EPHA8;UNC5B;CNTN6;SEMA6D;NELL2;NELL1;EFNA3;CXCL12;EFNA2;LHX1;PLA2G10;LGR6
413,GO_Biological_Process_2023,Glomerular Filtration (GO:0003094),5/13,0.0637230327177167,0.6633168039572602,0,0,2.9117709513023784,8.016714573261233,TMEM63C;MCAM;SULF1;IGHA2;JCHAIN
412,GO_Biological_Process_2023,Body Fluid Secretion (GO:0007589),5/13,0.0637230327177167,0.6633168039572602,0,0,2.9117709513023784,8.016714573261233,OXTR;NPR1;CSN3;CSN2;VIP
410,GO_Biological_Process_2023,Innate Immune Response In Mucosa (GO:0002227),7/21,0.06303762034684,0.6633168039572602,0,0,2.329886685552408,6.43986174330359,H2BC12;H2BC8;BPIFB1;H2BC21;H2BC11;DEFB1;CAMP
431,GO_Biological_Process_2023,Myeloid Leukocyte Differentiation (GO:0002573),18/71,0.0663168619832151,0.6749889864356415,0,0,1.5837475269024754,4.297199721490242,CEBPA;IL33;CSF3;CEBPE;PDE1B;GATA3;MMP9;DHRS2;OSCAR;TGFBR2;DCSTAMP;BMP2;EFNA2;IFNG;KIT;MT1G;CCR7;PPARG
437,GO_Biological_Process_2023,Prostaglandin Metabolic Process (GO:0006693),9/30,0.0694099952930795,0.676791687183677,0,0,1.9973275024295432,5.328319307917057,EDN2;PTGIS;AKR1C1;GSTA1;AKR1C3;AKR1C2;PLA2G4A;AMH;CES1
432,GO_Biological_Process_2023,Positive Regulation Of Interleukin-1 Beta Production (GO:0032731),15/57,0.0672200834039775,0.676791687183677,0,0,1.6651456153159732,4.49553218430051,GBP5;EGR1;ORM1;HSPB1;NOD2;AZU1;ORM2;INAVA;PYCARD;IL6;AIM2;IFNG;CLEC7A;PYDC1;CD36
434,GO_Biological_Process_2023,Inflammatory Response (GO:0006954),51/236,0.0689157826823047,0.676791687183677,0,0,1.28727729450621,3.4432994948776603,ORM1;CXCL9;GPR68;CXCL13;CXCL2;CX3CL1;CRHBP;HYAL1;PROK2;OLR1;CCR7;ANXA1;SLC11A1;FOS;TACR1;IFNG;KIT;ADAM8;S100A9;MGLL;S100A8;CCL14;CCL13;CCL11;GATA3;FUT7;NLRP6;CCL7;CXCR2;TAC1;CCL17;CCL16;AOC3;CCL25;CCL24;CCL23;CCL21;CCL20;AZU1;PPBP;CXCL10;BMP2;CXCL11;IL6;KRT16;TNFSF4;ACKR1;IL17D;CDO1;FOLR2;PF4
433,GO_Biological_Process_2023,Regulation Of Angiogenesis (GO:0045765),45/205,0.0674424058368842,0.676791687183677,0,0,1.3130637886597938,3.5406519415692204,SEMA5A;HSPB6;NPR1;PDE3B;ECSCR;PTPRM;HSPB1;GATA4;KLK3;ISM1;CXCL13;FGF1;FGF2;AQP1;CDH5;HYAL1;ADAMTS1;ERBB2;CD34;HOXA5;PPP1R16B;ANGPT4;PTGIS;HMGA2;VEGFD;NRG1;SULF1;KLF4;DCN;CLDN5;CXCL10;SFRP1;EFNA3;IL6;LRG1;ADM2;TNMD;LEP;RHOJ;COL4A3;SPRY2;PPARG;ANGPTL4;TEK;PF4
435,GO_Biological_Process_2023,Homologous Chromosome Pairing At Meiosis (GO:0007129),9/30,0.0694099952930795,0.676791687183677,0,0,1.9973275024295432,5.328319307917057,MAJIN;SYCE3;SYCE1;IHO1;TEX11;P3H4;HORMAD1;TEX15;TRIP13
438,GO_Biological_Process_2023,Regulation Of DNA Binding (GO:0051101),13/48,0.0696280768911825,0.676791687183677,0,0,1.731506405059186,4.613750131548252,PRKN;CDT1;EGF;LEF1;HJURP;PLAUR;HMGA2;IGF1;MMP8;MMP9;NME1;E2F1;PPARG
436,GO_Biological_Process_2023,Negative Regulation Of Axon Extension (GO:0030517),9/30,0.0694099952930795,0.676791687183677,0,0,1.9973275024295432,5.328319307917057,RTN4R;SEMA5A;SEMA7A;SEMA3D;SEMA6D;SEMA3G;TRIM46;KIAA0319;MT3
458,GO_Biological_Process_2023,Positive Regulation Of Membrane Depolarization (GO:1904181),3/6,0.0724969034940895,0.676791687183677,0,0,4.657611771363894,12.222558039742838,MLLT11;MYOC;DCN
459,GO_Biological_Process_2023,Receptor-Mediated Virion Attachment To Host Cell (GO:0046813),3/6,0.0724969034940895,0.676791687183677,0,0,4.657611771363894,12.222558039742838,DPP4;LRRC15;CLEC4M
460,GO_Biological_Process_2023,Regulation Of Atrial Cardiac Muscle Cell Membrane Depolarization (GO:0060371),3/6,0.0724969034940895,0.676791687183677,0,0,4.657611771363894,12.222558039742838,SCN5A;SCN3B;SCN2B
461,GO_Biological_Process_2023,Regulation Of Atrial Cardiac Muscle Cell Membrane Repolarization (GO:0060372),3/6,0.0724969034940895,0.676791687183677,0,0,4.657611771363894,12.222558039742838,KCNE5;KCNA5;SCN5A
462,GO_Biological_Process_2023,Regulation Of Cardiac Muscle Cell Membrane Potential (GO:0086036),3/6,0.0724969034940895,0.676791687183677,0,0,4.657611771363894,12.222558039742838,PLN;FXYD1;TRDN
463,GO_Biological_Process_2023,Regulation Of Cell Adhesion Molecule Production (GO:0060353),3/6,0.0724969034940895,0.676791687183677,0,0,4.657611771363894,12.222558039742838,FUT7;CAV1;NOTCH4
464,GO_Biological_Process_2023,Regulation Of Cellular Response To Insulin Stimulus (GO:1900076),3/6,0.0724969034940895,0.676791687183677,0,0,4.657611771363894,12.222558039742838,ECHDC3;PPARG;GPLD1
465,GO_Biological_Process_2023,Regulation Of Norepinephrine Secretion (GO:0014061),3/6,0.0724969034940895,0.676791687183677,0,0,4.657611771363894,12.222558039742838,KCNB1;FFAR3;STX1A
466,GO_Biological_Process_2023,Regulation Of Potassium Ion Export Across Plasma Membrane (GO:1903764),3/6,0.0724969034940895,0.676791687183677,0,0,4.657611771363894,12.222558039742838,KCNH2;KCNIP2;KCNE5
467,GO_Biological_Process_2023,Regulation Of Skeletal Muscle Contraction (GO:0014819),3/6,0.0724969034940895,0.676791687183677,0,0,4.657611771363894,12.222558039742838,CAV3;DMD;SCN4A
468,GO_Biological_Process_2023,Skeletal Muscle Thin Filament Assembly (GO:0030240),3/6,0.0724969034940895,0.676791687183677,0,0,4.657611771363894,12.222558039742838,ACTC1;PROX1;ACTL8
469,GO_Biological_Process_2023,Vascular Associated Smooth Muscle Contraction (GO:0014829),3/6,0.0724969034940895,0.676791687183677,0,0,4.657611771363894,12.222558039742838,EDN2;EDNRB;EDN3
470,GO_Biological_Process_2023,Vascular Wound Healing (GO:0061042),3/6,0.0724969034940895,0.676791687183677,0,0,4.657611771363894,12.222558039742838,MCAM;NDNF;CD34
439,GO_Biological_Process_2023,Fat Cell Differentiation (GO:0045444),16/62,0.0700065800617425,0.676791687183677,0,0,1.6217724707654693,4.312562279626306,IL11;CEBPA;EGR2;PID1;ADIPOQ;HMGA2;KLF4;FOXO1;NR4A1;NR4A3;ADGRF5;PRDM16;FFAR4;FFAR2;PPARG;PPARGC1A
440,GO_Biological_Process_2023,Positive Regulation Of Cytokinesis (GO:0032467),11/39,0.070761181879331,0.676791687183677,0,0,1.8311421278664612,4.849678676647061,RACGAP1;MRGPRX2;CXCR5;KIF14;CDCA8;BIRC5;KIF23;CDC6;ECT2;CDC14B;CIT
441,GO_Biological_Process_2023,Vitamin Transport (GO:0051180),11/39,0.070761181879331,0.676791687183677,0,0,1.8311421278664612,4.849678676647061,CUBN;SLC35F3;SLC52A2;SLC52A3;SLC2A1;SLC19A3;SLC52A1;SLC2A4;FOLR2;SLC2A6;ABCG2
442,GO_Biological_Process_2023,Positive Regulation Of Cell Differentiation (GO:0045597),60/283,0.0713934150775887,0.676791687183677,0,0,1.2566887335224042,3.317092293776243,CSF3;MEDAG;TMEM100;ZFP36;BOC;FFAR4;CCN4;CD36;CD34;HOXA5;TP63;SOX5;MYOG;EDN3;TCF15;MMD;LMO3;SOX11;NPNT;PAX2;TGFBR2;CCNA2;SFRP1;PLA2G10;PPARG;ADAM8;DDR2;CRB2;FBN2;DLX2;TNXB;LAMA2;LEF1;GATA5;PTN;ASCL1;SCUBE3;ZNF703;SMYD1;APOB;NKX2-5;ECT2;WNT7B;ZBTB16;PLA2G2A;IGF1;BMP6;COL1A1;NELL1;BMP2;IL6;LRG1;BAMBI;VWC2;ASB4;INSM1;BMPR1B;FERMT2;EZH2;PF4
443,GO_Biological_Process_2023,Catecholamine Uptake (GO:0090493),3/6,0.0724969034940895,0.676791687183677,0,0,4.657611771363894,12.222558039742838,SLC22A3;SLC29A4;SLC6A2
444,GO_Biological_Process_2023,Cellular Response To Gonadotropin Stimulus (GO:0071371),3/6,0.0724969034940895,0.676791687183677,0,0,4.657611771363894,12.222558039742838,LHCGR;WT1;SLC5A5
445,GO_Biological_Process_2023,Cellular Response To Prostaglandin E Stimulus (GO:0071380),3/6,0.0724969034940895,0.676791687183677,0,0,4.657611771363894,12.222558039742838,SFRP1;GNG2;TNFSF4
446,GO_Biological_Process_2023,Definitive Hemopoiesis (GO:0060216),3/6,0.0724969034940895,0.676791687183677,0,0,4.657611771363894,12.222558039742838,MFAP5;TGFBR3;TEK
447,GO_Biological_Process_2023,Detection Of Stimulus Involved In Sensory Perception Of Pain (GO:0062149),3/6,0.0724969034940895,0.676791687183677,0,0,4.657611771363894,12.222558039742838,KCNA1;EPHB1;SCN1A
448,GO_Biological_Process_2023,Keratinocyte Proliferation (GO:0043616),3/6,0.0724969034940895,0.676791687183677,0,0,4.657611771363894,12.222558039742838,SDR16C5;KRT2;KLK8
449,GO_Biological_Process_2023,Metanephric Nephron Tubule Development (GO:0072234),3/6,0.0724969034940895,0.676791687183677,0,0,4.657611771363894,12.222558039742838,WNT7B;PAX2;POU3F3
450,GO_Biological_Process_2023,"Negative Regulation Of CD4-positive, Alpha-Beta T Cell Proliferation (GO:2000562)",3/6,0.0724969034940895,0.676791687183677,0,0,4.657611771363894,12.222558039742838,LGALS9C;VSIR;LGALS9B
451,GO_Biological_Process_2023,Negative Regulation Of Blood Vessel Endothelial Cell Proliferation Involved In Sprouting Angiogenesis (GO:1903588),3/6,0.0724969034940895,0.676791687183677,0,0,4.657611771363894,12.222558039742838,NGFR;MMRN2;IL12B
452,GO_Biological_Process_2023,Negative Regulation Of Dendritic Cell Apoptotic Process (GO:2000669),3/6,0.0724969034940895,0.676791687183677,0,0,4.657611771363894,12.222558039742838,CXCL12;CCL21;CCR7
453,GO_Biological_Process_2023,Negative Regulation Of Meiotic Nuclear Division (GO:0045835),3/6,0.0724969034940895,0.676791687183677,0,0,4.657611771363894,12.222558039742838,HORMAD1;TRIP13;FBXO43
454,GO_Biological_Process_2023,Negative Regulation Of Retinoic Acid Receptor Signaling Pathway (GO:0048387),3/6,0.0724969034940895,0.676791687183677,0,0,4.657611771363894,12.222558039742838,CYP26B1;PRAME;EZH2
455,GO_Biological_Process_2023,Norepinephrine Transport (GO:0015874),3/6,0.0724969034940895,0.676791687183677,0,0,4.657611771363894,12.222558039742838,SLC22A3;SLC29A4;SLC6A2
456,GO_Biological_Process_2023,Peptide Transport (GO:0015833),3/6,0.0724969034940895,0.676791687183677,0,0,4.657611771363894,12.222558039742838,CLEC4M;CD209;TAP1
457,GO_Biological_Process_2023,Positive Regulation Of Catecholamine Secretion (GO:0033605),3/6,0.0724969034940895,0.676791687183677,0,0,4.657611771363894,12.222558039742838,KCNB1;VIP;STX1A
471,GO_Biological_Process_2023,Positive Regulation Of Supramolecular Fiber Organization (GO:1902905),23/96,0.0731575970841738,0.6802376720309911,0,0,1.4695425733465357,3.8430585375599504,SEMA5A;TENM1;CCL24;CSF3;CCL11;TNXB;GSN;CAV3;CCL21;CRACD;SYNPO2;LMOD1;PROX1;CX3CL1;PYCARD;VIL1;PSRC1;CFL2;ANKRD53;CCR7;EVL;SYNPO;MET
473,GO_Biological_Process_2023,Positive Regulation Of Chemokine Production (GO:0032722),14/53,0.0733301470417761,0.6802376720309911,0,0,1.673515433379186,4.372533463921416,EGR1;IL33;TSLP;ADIPOQ;AZU1;PYCARD;IL6;IFNG;OAS1;CLEC7A;OAS3;TNFSF4;FFAR3;FFAR2
472,GO_Biological_Process_2023,Negative Regulation Of Cysteine-Type Endopeptidase Activity (GO:2000117),14/53,0.0733301470417761,0.6802376720309911,0,0,1.673515433379186,4.372533463921416,IFI6;CSN2;KLF4;MT3;PAX2;CST5;AQP1;CST4;CST2;CST1;LAMP3;DPEP1;MAGEA3;SNCA
475,GO_Biological_Process_2023,Cholesterol Homeostasis (GO:0042632),18/72,0.074389058640735,0.6871611152170418,0,0,1.554324145116984,4.038827993671314,ABCG8;CETP;DGAT2;ACSM3;ABCA5;CAV3;ACSM1;AKR1C1;CAV1;ABCB11;DISP3;HNF4A;PLA2G10;APOB;CD24;FGFR4;CES1;GPIHBP1
474,GO_Biological_Process_2023,Positive Regulation Of Adenylate Cyclase Activity (GO:0045762),8/26,0.0742374316934596,0.6871611152170418,0,0,2.0710934794244515,5.3858512252939725,LHCGR;CALCR;ADRB3;AVPR2;ADRB1;CACNA1D;ADRB2;AKAP5
476,GO_Biological_Process_2023,Regulation Of Cell Population Proliferation (GO:0042127),151/766,0.0746864125212352,0.6884615426747831,0,0,1.1491833902391002,2.981507002959632,CSF3;EPO;RTKN2;SIRPG;SCX;IRS2;FGF1;FGF2;FGF5;FGF7;TCL1A;SOX7;TNS2;KCNH1;H2AC8;H2AC6;LIFR;NCCRP1;FOXP3;POU3F3;ACE2;CLDN5;SFRP1;CLDN3;COL4A3;NUPR2;GPLD1;PLPP1;NPR3;CDCA7;UMOD;GATA3;FUT3;DPP4;THPO;CLEC7A;PDGFD;ZNF703;IGFBP6;CGA;NKX2-5;STAT5A;TSLP;TNFRSF9;FN1;HMGA1;CDC7;CDC6;IGF1;INHBA;BMP6;BMP5;FGF17;SQLE;CXCL10;MLXIPL;CXCL11;BMP2;IL6;NR4A3;BAMBI;TNFSF4;SCGB3A1;FGFR4;LACRT;FGFR3;EZH2;IL21;TENM1;CXCL9;KIF14;FOXM1;HOXC10;CX3CL1;ESM1;ADAMTS1;HNF4A;SIX3;ADAMTS8;AMH;MYOG;IL11;FGFBP1;MYOCD;EDN2;EDN3;TESC;AVPR2;GLP2R;NRG1;AVPR1A;PROX1;ECRG4;PLAAT4;NME1;TGFBR2;KAT2B;SAPCD2;CCKBR;IFNG;CEACAM6;ALDH1A2;KIT;MMRN2;CLDN19;BIRC5;CDH13;SGK2;IL9R;SMIM22;CCL14;CEBPA;TNXB;UHRF1;TTK;PTN;EGFR;IFNL1;RAB25;FTMT;CXCR2;ERBB2;PRAME;E2F7;NTRK2;CCL23;EGLN3;CDKN2A;EGF;NTRK3;AKR1C3;OSM;AKR1C2;VEGFD;S100B;DHRS2;PTPN14;MAPK15;MEIS2;SHCBP1;MYO16;SLURP1;FABP6;WT1;NEURL1;INSM1;INHA;FOLR2;VIP;CDKN3;PF4
477,GO_Biological_Process_2023,Chloride Transport (GO:0006821),19/77,0.0760886383377788,0.6984587531758115,0,0,1.527587187077297,3.9348451168597305,CLIC5;CLIC3;PACC1;GABRA5;GABRA4;GABRA3;ANO9;SLC4A1;SLC1A7;GABRG1;SLC4A8;SLC5A8;GLRA3;FXYD1;SLC17A7;NMUR1;SLC26A9;GABRE;SLC12A8
478,GO_Biological_Process_2023,Positive Regulation Of Endothelial Cell Proliferation (GO:0001938),19/77,0.0760886383377788,0.6984587531758115,0,0,1.527587187077297,3.9348451168597305,SEMA5A;PPP1R16B;STAT5A;CCL24;FGFBP1;CCL11;EGR3;EGF;VEGFD;PROX1;FGF2;NELL2;NELL1;NR4A1;BMP2;LRG1;CDH13;TEK;VIP
490,GO_Biological_Process_2023,T-helper Cell Differentiation (GO:0042093),6/18,0.0828416214641541,0.7052888416075705,0,0,2.32951005380912,5.802401109181063,IL21;IL6;LEF1;IL12B;GATA3;BATF
491,GO_Biological_Process_2023,Endothelial Cell Proliferation (GO:0001935),6/18,0.0828416214641541,0.7052888416075705,0,0,2.32951005380912,5.802401109181063,SEMA5A;ANGPT4;PROK2;TEK;CD34;PROK1
492,GO_Biological_Process_2023,Maintenance Of Gastrointestinal Epithelium (GO:0030277),6/18,0.0828416214641541,0.7052888416075705,0,0,2.32951005380912,5.802401109181063,MUC2;TFF3;MUC13;TFF1;NOD2;INAVA
493,GO_Biological_Process_2023,Positive Regulation Of Cation Transmembrane Transport (GO:1904064),6/18,0.0828416214641541,0.7052888416075705,0,0,2.32951005380912,5.802401109181063,KCNH2;KCNE1;KCNE5;AKAP6;ANK2;NOS1
494,GO_Biological_Process_2023,Positive Regulation Of Chromosome Segregation (GO:0051984),6/18,0.0828416214641541,0.7052888416075705,0,0,2.32951005380912,5.802401109181063,CCNB1;CDK1;NCAPG;CDC6;SMC4;NCAPH
486,GO_Biological_Process_2023,Antibacterial Humoral Response (GO:0019731),13/49,0.0800628028399636,0.7052888416075705,0,0,1.6833065329801993,4.250254590537693,FGA;H2BC8;DEFB1;F3;WFDC2;JCHAIN;H2BC12;H2BC21;H2BC11;RNASE7;CTSG;IGHA2;CAMP
485,GO_Biological_Process_2023,Positive Regulation Of Mitotic Cell Cycle Phase Transition (GO:1901992),16/63,0.0790654443142066,0.7052888416075705,0,0,1.5871699891834403,4.0274110890245245,STIL;ANXA1;RRM2;UBE2C;CDCA5;CDC7;CDC25C;CDC25A;EGFR;CDC20;CCNB1;ESPL1;ADAMTS1;HYAL1;CDK1;DLGAP5
484,GO_Biological_Process_2023,Positive Regulation Of Excitatory Postsynaptic Potential (GO:2000463),7/22,0.0788718675009793,0.7052888416075705,0,0,2.174428706326723,5.522898168832812,RIMS2;RIMS1;NLGN1;RELN;NETO1;GRIN2B;GRIN2D
483,GO_Biological_Process_2023,Positive Regulation Of Cholesterol Efflux (GO:0010875),7/22,0.0788718675009793,0.7052888416075705,0,0,2.174428706326723,5.522898168832812,EEPD1;LRP1;CAV1;ADIPOQ;PPARG;ABCA8;CES1
482,GO_Biological_Process_2023,Negative Regulation Of Myeloid Cell Differentiation (GO:0045638),7/22,0.0788718675009793,0.7052888416075705,0,0,2.174428706326723,5.522898168832812,HOXA9;ZFP36;H4C9;ZBTB16;MEIS2;HOXA5;PF4
481,GO_Biological_Process_2023,Negative Regulation Of G Protein-Coupled Receptor Signaling Pathway (GO:0045744),7/22,0.0788718675009793,0.7052888416075705,0,0,2.174428706326723,5.522898168832812,GRK3;RGS2;APLP1;STMN1;GPRASP1;MET;SNCA
480,GO_Biological_Process_2023,Mammary Gland Development (GO:0030879),7/22,0.0788718675009793,0.7052888416075705,0,0,2.174428706326723,5.522898168832812,OXTR;CAV1;NOTCH4;WNT7B;CSN3;NRG1;CSN2
479,GO_Biological_Process_2023,Cellular Response To Cadmium Ion (GO:0071276),7/22,0.0788718675009793,0.7052888416075705,0,0,2.174428706326723,5.522898168832812,SLC11A1;MT1G;MT1X;MT1H;FOS;MMP9;EGFR
495,GO_Biological_Process_2023,Positive Regulation Of Focal Adhesion Assembly (GO:0051894),6/18,0.0828416214641541,0.7052888416075705,0,0,2.32951005380912,5.802401109181063,NELL1;SFRP1;MYOC;NRG1;TEK;FERMT2
496,GO_Biological_Process_2023,Regulation Of Nervous System Process (GO:0031644),6/18,0.0828416214641541,0.7052888416075705,0,0,2.32951005380912,5.802401109181063,HTR2C;DLGAP3;DLGAP2;SLC8A2;TYMP;CACNG5
497,GO_Biological_Process_2023,Regulation Of Synaptic Vesicle Exocytosis (GO:2000300),6/18,0.0828416214641541,0.7052888416075705,0,0,2.32951005380912,5.802401109181063,RIMS2;RIMS1;SLC4A8;NLGN1;RIMS4;SYN1
498,GO_Biological_Process_2023,Cardiac Muscle Tissue Morphogenesis (GO:0055008),9/31,0.0830852865845627,0.7052888416075705,0,0,1.9064239332096475,4.742968558222157,TGFBR3;MYLK2;BMP2;MYL2;TBX20;S1PR1;TNNI3;PROX1;NKX2-5
499,GO_Biological_Process_2023,Modulation Of Excitatory Postsynaptic Potential (GO:0098815),9/31,0.0830852865845627,0.7052888416075705,0,0,1.9064239332096475,4.742968558222157,RIMS2;RIMS1;NLGN1;RELN;NETO1;GRIN2B;SLC8A2;GRIN2D;CBLN1
500,GO_Biological_Process_2023,Negative Regulation Of Developmental Growth (GO:0048640),9/31,0.0830852865845627,0.7052888416075705,0,0,1.9064239332096475,4.742968558222157,RTN4R;GDF15;SEMA3G;TRIM46;OSTN;KIAA0319;MT3;FGFR3;SLC6A4
501,GO_Biological_Process_2023,Positive Regulation Of Cholesterol Transport (GO:0032376),9/31,0.0830852865845627,0.7052888416075705,0,0,1.9064239332096475,4.742968558222157,CETP;EEPD1;LRP1;ABCA5;CAV1;ADIPOQ;PPARG;ABCA8;CES1
502,GO_Biological_Process_2023,Positive Regulation Of Leukocyte Migration (GO:0002687),9/31,0.0830852865845627,0.7052888416075705,0,0,1.9064239332096475,4.742968558222157,F7;IL6;FUT7;EDN2;EDN3;TNFRSF18;ADAM8;PTN;LYVE1
487,GO_Biological_Process_2023,Positive Regulation Of Pathway-Restricted SMAD Protein Phosphorylation (GO:0010862),13/49,0.0800628028399636,0.7052888416075705,0,0,1.6833065329801993,4.250254590537693,GDF10;TNXB;GDF15;BMP8A;TTK;INHBA;BMP6;TGFBR2;BMP5;BMP3;BMP2;PPARG;INHA
488,GO_Biological_Process_2023,Regulation Of Protein Serine/Threonine Kinase Activity (GO:0071900),26/112,0.0819919881309806,0.7052888416075705,0,0,1.410192550985938,3.527080172285743,BLM;CCNF;ADRB2;PKMYT1;SLC8A2;PYCARD;CCNB2;TCL1A;CCNB1;SNCA;CDKN2A;HMGA2;CDC6;CDC25C;CDC25A;CCNA2;CCNE2;IFNG;CCNE1;CCNI2;TRIB3;CCNP;CCNO;CDK5R2;EZH2;CDKN3
489,GO_Biological_Process_2023,Negative Regulation Of Secretion By Cell (GO:1903531),11/40,0.0826544107499241,0.7052888416075705,0,0,1.7678917206172864,4.407508024364648,CHGA;IL11;SYT4;ANXA1;RSAD2;OSM;IL12B;TRH;STXBP6;DRD4;SNCA
512,GO_Biological_Process_2023,Positive Regulation Of Nitric-Oxide Synthase Biosynthetic Process (GO:0051770),4/10,0.0836676860708072,0.7052888416075705,0,0,3.105387300688744,7.704162945334161,FCER2;IL33;IFNG;NOD2
511,GO_Biological_Process_2023,Positive Regulation Of Attachment Of Spindle Microtubules To Kinetochore (GO:0051987),4/10,0.0836676860708072,0.7052888416075705,0,0,3.105387300688744,7.704162945334161,KAT2B;CCNB1;BIRC5;CDCA8
516,GO_Biological_Process_2023,Regulation Of Cysteine-Type Endopeptidase Activity Involved In Apoptotic Signaling Pathway (GO:2001267),4/10,0.0836676860708072,0.7052888416075705,0,0,3.105387300688744,7.704162945334161,PRR7;GSN;PLAUR;MMP9
509,GO_Biological_Process_2023,Mitotic DNA Replication (GO:1902969),4/10,0.0836676860708072,0.7052888416075705,0,0,3.105387300688744,7.704162945334161,GINS1;MCM4;TK1;MCM2
510,GO_Biological_Process_2023,Positive Regulation Of DNA-templated DNA Replication (GO:2000105),4/10,0.0836676860708072,0.7052888416075705,0,0,3.105387300688744,7.704162945334161,CDT1;CDC7;E2F7;E2F8
517,GO_Biological_Process_2023,Regulation Of Mitochondrial Depolarization (GO:0051900),4/10,0.0836676860708072,0.7052888416075705,0,0,3.105387300688744,7.704162945334161,MLLT11;MYOC;IFI6;DCN
518,GO_Biological_Process_2023,Regulation Of Synapse Maturation (GO:0090128),4/10,0.0836676860708072,0.7052888416075705,0,0,3.105387300688744,7.704162945334161,CDC20;RELN;ARHGEF15;NEURL1
513,GO_Biological_Process_2023,Positive Regulation Of Non-Canonical Wnt Signaling Pathway (GO:2000052),4/10,0.0836676860708072,0.7052888416075705,0,0,3.105387300688744,7.704162945334161,SFRP1;LBX2;RSPO3;DKK1
514,GO_Biological_Process_2023,Receptor-Mediated Endocytosis Of Virus By Host Cell (GO:0019065),4/10,0.0836676860708072,0.7052888416075705,0,0,3.105387300688744,7.704162945334161,DPP4;CLEC4M;CAV2;CAV1
515,GO_Biological_Process_2023,Regulation Of Calcium Ion Transmembrane Transport Via High Voltage-Gated Calcium Channel (GO:1902514),4/10,0.0836676860708072,0.7052888416075705,0,0,3.105387300688744,7.704162945334161,CACNG6;CACNA2D1;CACNG1;NOS1
505,GO_Biological_Process_2023,Sterol Homeostasis (GO:0055092),18/73,0.0830902766687769,0.7052888416075705,0,0,1.5259707044873283,3.7963520225398,ABCG8;CETP;DGAT2;ACSM3;ABCA5;CAV3;ACSM1;AKR1C1;CAV1;ABCB11;DISP3;HNF4A;PLA2G10;APOB;CD24;FGFR4;CES1;GPIHBP1
508,GO_Biological_Process_2023,Mesonephros Development (GO:0001823),4/10,0.0836676860708072,0.7052888416075705,0,0,3.105387300688744,7.704162945334161,ZBTB16;GATA3;FGF1;PAX2
507,GO_Biological_Process_2023,Cellular Response To UV-A (GO:0071492),4/10,0.0836676860708072,0.7052888416075705,0,0,3.105387300688744,7.704162945334161,MME;MMP1;MMP3;MMP9
527,GO_Biological_Process_2023,Pancreas Development (GO:0031016),5/14,0.085173612666277,0.7052888416075705,0,0,2.588083553542217,6.374614403823114,ZIC3;ILDR2;PROX1;NKX6-1;MET
528,GO_Biological_Process_2023,Regulation Of Endothelial Cell Chemotaxis (GO:2001026),5/14,0.085173612666277,0.7052888416075705,0,0,2.588083553542217,6.374614403823114,SEMA5A;HSPB1;NRG1;FGF2;MET
529,GO_Biological_Process_2023,Regulation Of Extracellular Matrix Disassembly (GO:0010715),5/14,0.085173612666277,0.7052888416075705,0,0,2.588083553542217,6.374614403823114,DPP4;IL6;LRP1;FGFR4;DDR2
530,GO_Biological_Process_2023,Striated Muscle Tissue Development (GO:0014706),5/14,0.085173612666277,0.7052888416075705,0,0,2.588083553542217,6.374614403823114,MYL7;GATA5;PGM5;SGCZ;SGCG
523,GO_Biological_Process_2023,Bone Morphogenesis (GO:0060349),5/14,0.085173612666277,0.7052888416075705,0,0,2.588083553542217,6.374614403823114,CYP26B1;MMP13;ATG9B;BMPR1B;FGFR3
524,GO_Biological_Process_2023,Ethanol Metabolic Process (GO:0006067),5/14,0.085173612666277,0.7052888416075705,0,0,2.588083553542217,6.374614403823114,ADH4;ACSS2;ADH1C;ADH1B;ADH1A
525,GO_Biological_Process_2023,Hyaluronan Metabolic Process (GO:0030212),5/14,0.085173612666277,0.7052888416075705,0,0,2.588083553542217,6.374614403823114,CEMIP;HYAL1;HAS1;HAS3;FGF2
526,GO_Biological_Process_2023,Membrane Repolarization During Cardiac Muscle Cell Action Potential (GO:0086013),5/14,0.085173612666277,0.7052888416075705,0,0,2.588083553542217,6.374614403823114,KCNH2;KCNE1;KCNIP2;KCNA5;KCNJ3
522,GO_Biological_Process_2023,L-glutamate Transmembrane Transport (GO:0015813),5/14,0.085173612666277,0.7052888416075705,0,0,2.588083553542217,6.374614403823114,SLC17A7;SLC7A11;SLC1A6;SLC1A7;SLC25A22
521,GO_Biological_Process_2023,Positive Regulation Of Tumor Necrosis Factor Production (GO:0032760),19/78,0.0846073945611798,0.7052888416075705,0,0,1.5016043399080756,3.7085627072365903,IL33;ORM1;HSPB1;NOD2;AZU1;MMP8;ORM2;RASGRP1;PYCARD;FCGR3A;IL6;IFNG;OAS1;OAS2;CLEC7A;OAS3;IL12B;AMH;PF4
520,GO_Biological_Process_2023,Thyroid Hormone Generation (GO:0006590),4/10,0.0836676860708072,0.7052888416075705,0,0,3.105387300688744,7.704162945334161,TG;THPO;DIO1;SLC5A5
519,GO_Biological_Process_2023,Signal Release (GO:0023061),4/10,0.0836676860708072,0.7052888416075705,0,0,3.105387300688744,7.704162945334161,SLC44A4;LEP;FFAR4;PCSK5
506,GO_Biological_Process_2023,Cardiac Muscle Cell Membrane Repolarization (GO:0099622),4/10,0.0836676860708072,0.7052888416075705,0,0,3.105387300688744,7.704162945334161,KCNH2;KCNE1;KCNIP2;KCNJ3
503,GO_Biological_Process_2023,Protein Localization To Chromatin (GO:0071168),9/31,0.0830852865845627,0.7052888416075705,0,0,1.9064239332096475,4.742968558222157,H1-5;H2AC8;H4C9;LEF1;PLK1;H2BC11;TONSL;CENPA;ESR1
504,GO_Biological_Process_2023,Monocarboxylic Acid Transport (GO:0015718),18/73,0.0830902766687769,0.7052888416075705,0,0,1.5259707044873283,3.7963520225398,SLC10A6;CRABP2;ACSL1;AKR1C1;SLC16A12;SLC5A12;SLC51B;SLCO1C1;RBP7;SLC5A8;FABP4;FABP6;SLCO1A2;SLC16A6;SLC16A7;PMP2;SLC16A3;ABCG2
4418,KEGG_2021_Human,Regulation of lipolysis in adipocytes,15/55,0.0510673208188787,0.7195849751751094,0,0,1.7486158432708687,5.201451049008082,NPR1;PDE3B;ADCY4;AQP7;IRS2;ADRB1;ADRB2;GNAI1;LIPE;FABP4;ADRB3;PLIN1;CGA;MGLL;PNPLA2
531,GO_Biological_Process_2023,Regulation Of Cell Migration (GO:0030334),88/434,0.0874465983559123,0.7227494228777193,0,0,1.18849561823231,2.8960393343203084,RET;SEMA5A;ROBO4;FAM107A;KIF14;LDB2;FGF1;FGF2;VSIR;CX3CL1;MYLK;FGF5;CDH5;FGF7;ENPP2;TNR;AMH;ANXA1;MYOC;SEMA6D;ADIPOQ;KRT5;CCNA2;CLDN5;F7;TMEFF2;SFRP1;CLDN3;DAAM2;TMSB15A;CEACAM6;KIT;CDH11;MMRN2;PECAM1;CLDN19;DPEP1;CDH13;SMIM22;KANK1;LRRC15;CEMIP;SEMA7A;CCL11;TNXB;SEMA3D;LEF1;SEMA3G;TWIST2;EGFR;FUT3;ADGRG3;PARD6B;MIEN1;RELN;WNT11;CCL7;CLEC7A;PDGFD;ZNF703;CGA;PLXNA4;NTNG1;NGFR;CCL24;CARMIL2;F10;FZD4;EGF;NTRK3;ARHGEF39;CAV1;IGF1;SULF1;MAPK15;SLURP1;COL1A1;FGF17;VIL1;IGSF10;BMP2;CXCL12;KIF26A;KRT16;SPRY2;LGR6;RECK;FERMT2
532,GO_Biological_Process_2023,Positive Regulation Of Interleukin-1 Production (GO:0032732),16/64,0.0888553996367721,0.7330153699866546,0,0,1.554009277667329,3.761860116957188,GBP5;EGR1;ORM1;HSPB1;NOD2;AZU1;ORM2;INAVA;PYCARD;IL6;AIM2;IFNG;CLEC7A;SAA1;PYDC1;CD36
533,GO_Biological_Process_2023,Positive Regulation Of Nitric Oxide Biosynthetic Process (GO:0045429),8/27,0.089822386131851,0.7382224893864472,0,0,1.9619692472893768,4.728190980584407,IFNG;CLEC7A;AGXT2;HBB;CD36;KLF4;MMP8;KLF2
534,GO_Biological_Process_2023,"Synaptic Transmission, Glutamatergic (GO:0035249)",8/27,0.089822386131851,0.7382224893864472,0,0,1.9619692472893768,4.728190980584407,GRIA2;UNC13C;UNC13A;GRIK4;SLC17A7;GRIN2B;GRIA4;GRIN2D
535,GO_Biological_Process_2023,Positive Regulation Of Phosphatidylinositol 3-Kinase Signaling (GO:0014068),17/69,0.0908238358895135,0.7450604597130429,0,0,1.5241859702797202,3.6562683932152553,NTRK2;CSF3;MYOC;UNC5B;EGF;NTRK3;FN1;OSM;IGF1;FGF2;DCN;SELP;PDGFD;LEP;KIT;TEK;DDR2
536,GO_Biological_Process_2023,Mitotic Metaphase Plate Congression (GO:0007080),13/50,0.0914408862569507,0.7487254690350327,0,0,1.6377120593919685,3.917509713317915,CDT1;CDCA5;KIF14;CDCA8;NDC80;CENPE;CCNB1;KIF18A;PSRC1;KIFC1;NUF2;KIF2C;CEP55
537,GO_Biological_Process_2023,Central Nervous System Development (GO:0007417),59/283,0.0942387380324389,0.7702002437335208,0,0,1.2297977593855254,2.904688781752616,VIT;ROBO2;CNTNAP2;ROGDI;MAST1;SLC2A1;CELSR1;DMBX1;CDH2;ZIC2;ZIC3;SIX3;ZIC1;MNX1;SH3GL2;CHST8;EMX1;APLP1;SOX11;PAX6;LSR;SOX12;PROX1;SOX10;ECRG4;POU3F3;TGFBR2;AIM2;DCX;TAGLN3;PAFAH1B3;CCL14;PRKN;DLX2;PCDH18;SNTG2;RELN;PTPRZ1;NNAT;APOD;SPTBN1;NKX2-2;ARNT2;EGR2;MARCKSL1;GSN;CNTN5;CNTN6;ZBTB16;SCTR;FOXJ1;ZIC4;ZIC5;S100B;GRIN2B;MEIS2;GRIN2D;CDK5R2;ADGRL3
539,GO_Biological_Process_2023,Regulation Of Interleukin-1 Beta Production (GO:0032651),20/84,0.0947563571205986,0.7715624115912447,0,0,1.4571189934603357,3.4336227244013866,GBP5;EGR1;ORM1;HSPB1;NOD2;AZU1;IGF1;ORM2;CX3CL1;INAVA;PYCARD;IL6;AIM2;IFNG;CARD17P;CLEC7A;FFAR4;PYDC1;CCR7;CD36
538,GO_Biological_Process_2023,"Regulation Of Synaptic Transmission, Glutamatergic (GO:0051966)",14/55,0.0946575459920498,0.7715624115912447,0,0,1.5916866860976302,3.7523849351304057,NLGN1;UNC13A;SYT1;ATP1A2;MAPK8IP2;GRIN2B;GRIN2D;GRM4;RELN;CDH2;GRM8;CACNG4;CACNG5;HCN1
540,GO_Biological_Process_2023,Positive Regulation Of Actin Filament Polymerization (GO:0030838),11/41,0.095710748813304,0.7778930915565581,0,0,1.708858007184723,4.009706583931147,PYCARD;TENM1;CCL24;CSF3;CARMIL2;CCL11;CCL21;CRACD;LMOD1;CCR7;EVL
543,GO_Biological_Process_2023,Neuron Projection Guidance (GO:0097485),28/124,0.0968086711534278,0.7814977778566692,0,0,1.360418447800893,3.176602529969597,SEMA5A;RET;ROBO2;DRAXIN;ROBO3;SEMA7A;ROBO4;SEMA3D;LRTM2;SEMA3G;IGSF9;RELN;DPYSL5;TUBB3;BOC;TNR;EPHB1;CNTN5;EPHA8;CNTN6;SEMA6D;NELL2;NELL1;EFNA3;CXCL12;EFNA2;PLA2G10;LGR6
544,GO_Biological_Process_2023,Positive Regulation Of Inflammatory Response (GO:0050729),24/104,0.0968652010306765,0.7814977778566692,0,0,1.3990606319385142,3.2660160322751914,IL21;CEBPA;IL33;TSLP;PDE2A;PLA2G2A;OSM;C2CD4B;MMP8;CX3CL1;PYCARD;IL6;AIM2;CREB3L3;NLRP6;IFNG;TNFSF4;IGF2BP1;CCN4;IL12B;ADAM8;S100A9;S100A8;SNCA
541,GO_Biological_Process_2023,Long-Chain Fatty Acid Transport (GO:0015909),7/23,0.0967969586510444,0.7814977778566692,0,0,2.0384029745042493,4.759955718694643,ABCD2;FABP4;ACSL1;SLC27A6;PPARG;SPX;CD36
542,GO_Biological_Process_2023,Response To BMP (GO:0071772),7/23,0.0967969586510444,0.7814977778566692,0,0,2.0384029745042493,4.759955718694643,TMEM100;BMP2;SFRP1;DLX5;BMPR1B;VSTM2A;BMP6
545,GO_Biological_Process_2023,Phosphatidylinositol 3-Kinase Signaling (GO:0014065),9/32,0.0982607686807356,0.7898585007115075,0,0,1.823425022182786,4.2305838795971145,FCGR3A;NYAP1;ERBB2;TYRO3;PIK3C2G;GATA3;HTR2A;IGF1;MYO16
546,GO_Biological_Process_2023,Regulation Of Calcium Ion Transmembrane Transporter Activity (GO:1901019),9/32,0.0982607686807356,0.7898585007115075,0,0,1.823425022182786,4.2305838795971145,JPH2;JPH3;PLN;JSRP1;AHNAK;CAV3;DMD;ANK2;NOS1
547,GO_Biological_Process_2023,Regulation Of Tyrosine Phosphorylation Of STAT Protein (GO:0042509),16/65,0.0993839254820629,0.7974290517237786,0,0,1.5222020645804473,3.514406688078508,IL21;IL20;TSLP;EPO;TNFRSF18;OSM;PTK6;IGF1;GHR;SOCS3;IL6;IFNL1;IFNG;KIT;IL12B;FGFR3
548,GO_Biological_Process_2023,Myofibril Assembly (GO:0030239),12/46,0.1001881074466666,0.8009583789872606,0,0,1.644956195244055,3.784560235345343,FHOD3;TMOD1;KRT19;ACTN2;TNNT1;MYL2;TNNT3;LMOD1;PGM5;FLNC;MYOZ2;MYOM2
549,GO_Biological_Process_2023,Regulation Of Nervous System Development (GO:0051960),12/46,0.1001881074466666,0.8009583789872606,0,0,1.644956195244055,3.784560235345343,HES6;GBX2;PTPRZ1;LGI4;LEF1;KIF14;PTN;ASCL1;ASCL2;HES2;CX3CL1;TYMP
613,GO_Biological_Process_2023,Positive Regulation Of Lipid Transport (GO:0032370),4/11,0.1137185367431937,0.8014825728478517,0,0,2.6615988031215885,5.786392610321841,CETP;NMB;LRP1;ADIPOQ
611,GO_Biological_Process_2023,Neurotransmitter Uptake (GO:0001504),4/11,0.1137185367431937,0.8014825728478517,0,0,2.6615988031215885,5.786392610321841,SLC22A3;SLC29A4;SLC1A6;SLC1A7
612,GO_Biological_Process_2023,Podocyte Differentiation (GO:0072112),4/11,0.1137185367431937,0.8014825728478517,0,0,2.6615988031215885,5.786392610321841,NPHS1;WT1;CD24;KLF15
622,GO_Biological_Process_2023,Regulation Of Phospholipase C Activity (GO:1900274),4/11,0.1137185367431937,0.8014825728478517,0,0,2.6615988031215885,5.786392610321841,KIT;ESR1;FGF2;RASGRP1
621,GO_Biological_Process_2023,Regulation Of Muscle System Process (GO:0090257),4/11,0.1137185367431937,0.8014825728478517,0,0,2.6615988031215885,5.786392610321841,KCNA1;ATP1A2;DMD;PPP1R12B
593,GO_Biological_Process_2023,Positive Regulation Of Plasminogen Activation (GO:0010756),3/7,0.1105816166581813,0.8014825728478517,0,0,3.492996604414261,7.691583477291973,CLEC3B;F12;HPN
610,GO_Biological_Process_2023,Negative Regulation Of Vascular Permeability (GO:0043116),4/11,0.1137185367431937,0.8014825728478517,0,0,2.6615988031215885,5.786392610321841,CLDN5;PDE2A;FERMT2;SH3GL2
609,GO_Biological_Process_2023,Negative Regulation Of Cyclase Activity (GO:0031280),4/11,0.1137185367431937,0.8014825728478517,0,0,2.6615988031215885,5.786392610321841,RD3;GABBR2;EDNRB;AKAP5
608,GO_Biological_Process_2023,Negative Regulation Of Cell Division (GO:0051782),4/11,0.1137185367431937,0.8014825728478517,0,0,2.6615988031215885,5.786392610321841,BLM;TXNIP;E2F7;E2F8
607,GO_Biological_Process_2023,Macrophage Chemotaxis (GO:0048246),4/11,0.1137185367431937,0.8014825728478517,0,0,2.6615988031215885,5.786392610321841,EDN2;EDNRB;CXCL17;SAA1
616,GO_Biological_Process_2023,Positive Regulation Of Mitotic Metaphase/Anaphase Transition (GO:0045842),4/11,0.1137185367431937,0.8014825728478517,0,0,2.6615988031215885,5.786392610321841,CDC20;ESPL1;UBE2C;DLGAP5
597,GO_Biological_Process_2023,Regulation Of Chaperone-Mediated Autophagy (GO:1904714),3/7,0.1105816166581813,0.8014825728478517,0,0,3.492996604414261,7.691583477291973,EEF1A2;GFAP;SNCA
596,GO_Biological_Process_2023,Regulation Of Attachment Of Mitotic Spindle Microtubules To Kinetochore (GO:1902423),3/7,0.1105816166581813,0.8014825728478517,0,0,3.492996604414261,7.691583477291973,KAT2B;BIRC5;CDCA8
571,GO_Biological_Process_2023,Positive Regulation Of Secretion (GO:0051047),5/15,0.1098972787889198,0.8014825728478517,0,0,2.329133635334088,5.14321427189719,NPR1;TRH;LACRT;GPLD1;AQP1
591,GO_Biological_Process_2023,Positive Regulation Of Epithelial Tube Formation (GO:1905278),3/7,0.1105816166581813,0.8014825728478517,0,0,3.492996604414261,7.691583477291973,MMRN2;GATA3;FGF2
592,GO_Biological_Process_2023,Positive Regulation Of Myeloid Cell Apoptotic Process (GO:0033034),3/7,0.1105816166581813,0.8014825728478517,0,0,3.492996604414261,7.691583477291973,HCAR2;ANXA1;CDKN2A
615,GO_Biological_Process_2023,Positive Regulation Of Mitotic Cell Cycle Spindle Assembly Checkpoint (GO:0090267),4/11,0.1137185367431937,0.8014825728478517,0,0,2.6615988031215885,5.786392610321841,BIRC5;CDCA8;NDC80;MAD2L1
617,GO_Biological_Process_2023,Positive Regulation Of Muscle Contraction (GO:0045933),4/11,0.1137185367431937,0.8014825728478517,0,0,2.6615988031215885,5.786392610321841,MYOCD;NMU;PROK2;CACNG1
598,GO_Biological_Process_2023,Regulation Of Chromosome Condensation (GO:0060623),3/7,0.1105816166581813,0.8014825728478517,0,0,3.492996604414261,7.691583477291973,NCAPG;SMC4;NCAPH
618,GO_Biological_Process_2023,Positive Regulation Of Spindle Checkpoint (GO:0090232),4/11,0.1137185367431937,0.8014825728478517,0,0,2.6615988031215885,5.786392610321841,BIRC5;CDCA8;NDC80;MAD2L1
624,GO_Biological_Process_2023,Positive Regulation Of Epithelial To Mesenchymal Transition (GO:0010718),12/47,0.1139246322560626,0.8014825728478517,0,0,1.5978601823708207,3.47090092092197,CRB2;COL1A1;BMP2;IL6;TNXB;LRG1;BAMBI;LEF1;ZNF703;FERMT2;TGFBR2;EZH2
620,GO_Biological_Process_2023,Regulation Of Monocyte Chemotactic Protein-1 Production (GO:0071637),4/11,0.1137185367431937,0.8014825728478517,0,0,2.6615988031215885,5.786392610321841,OAS1;CLEC7A;OAS3;APOD
594,GO_Biological_Process_2023,Protein K27-linked Ubiquitination (GO:0044314),3/7,0.1105816166581813,0.8014825728478517,0,0,3.492996604414261,7.691583477291973,PRKN;UBE2S;UBE2T
595,GO_Biological_Process_2023,Proximal/Distal Pattern Formation (GO:0009954),3/7,0.1105816166581813,0.8014825728478517,0,0,3.492996604414261,7.691583477291973,HOXA9;HOXB9;SIX3
588,GO_Biological_Process_2023,Positive Regulation Of T-helper 2 Cell Cytokine Production (GO:2000553),3/7,0.1105816166581813,0.8014825728478517,0,0,3.492996604414261,7.691583477291973,DENND1B;IL6;RSAD2
590,GO_Biological_Process_2023,Positive Regulation Of Chromosome Condensation (GO:1905821),3/7,0.1105816166581813,0.8014825728478517,0,0,3.492996604414261,7.691583477291973,NCAPG;SMC4;NCAPH
589,GO_Biological_Process_2023,Positive Regulation Of Attachment Of Mitotic Spindle Microtubules To Kinetochore (GO:1902425),3/7,0.1105816166581813,0.8014825728478517,0,0,3.492996604414261,7.691583477291973,KAT2B;BIRC5;CDCA8
576,GO_Biological_Process_2023,Aldehyde Catabolic Process (GO:0046185),3/7,0.1105816166581813,0.8014825728478517,0,0,3.492996604414261,7.691583477291973,ALDH2;AGXT2;HOGA1
577,GO_Biological_Process_2023,Axon Ensheathment In Central Nervous System (GO:0032291),3/7,0.1105816166581813,0.8014825728478517,0,0,3.492996604414261,7.691583477291973,PLP1;SOX10;GPM6B
578,GO_Biological_Process_2023,Catecholamine Transport (GO:0051937),3/7,0.1105816166581813,0.8014825728478517,0,0,3.492996604414261,7.691583477291973,SLC22A3;SLC29A4;SLC6A2
579,GO_Biological_Process_2023,Collecting Duct Development (GO:0072044),3/7,0.1105816166581813,0.8014825728478517,0,0,3.492996604414261,7.691583477291973,WNT7B;DACT2;PAX2
580,GO_Biological_Process_2023,Kidney Epithelium Development (GO:0072073),3/7,0.1105816166581813,0.8014825728478517,0,0,3.492996604414261,7.691583477291973,WT1;WNT7B;PAX2
564,GO_Biological_Process_2023,Regulation Of Pathway-Restricted SMAD Protein Phosphorylation (GO:0060393),15/61,0.1088817647713622,0.8014825728478517,0,0,1.5199800014813718,3.370544576222758,GDF10;TNXB;LRP1;GDF15;BMP8A;TTK;INHBA;DKK1;BMP6;TGFBR2;BMP5;BMP3;BMP2;PPARG;INHA
565,GO_Biological_Process_2023,L-glutamate Import (GO:0051938),5/15,0.1098972787889198,0.8014825728478517,0,0,2.329133635334088,5.14321427189719,SLC17A7;SLC7A11;SLC1A6;SLC1A7;SLC25A22
566,GO_Biological_Process_2023,Cellular Response To Corticosteroid Stimulus (GO:0071384),5/15,0.1098972787889198,0.8014825728478517,0,0,2.329133635334088,5.14321427189719,ZFP36;ANXA1;FAM107A;NR3C1;SSTR2
567,GO_Biological_Process_2023,Digestive Tract Morphogenesis (GO:0048546),5/15,0.1098972787889198,0.8014825728478517,0,0,2.329133635334088,5.14321427189719,PERCC1;SOX17;SIX2;RBPMS2;SOX11
568,GO_Biological_Process_2023,Mitotic Chromosome Condensation (GO:0007076),5/15,0.1098972787889198,0.8014825728478517,0,0,2.329133635334088,5.14321427189719,CDCA5;PLK1;NCAPG;SMC4;NCAPH
569,GO_Biological_Process_2023,Oogenesis (GO:0048477),5/15,0.1098972787889198,0.8014825728478517,0,0,2.329133635334088,5.14321427189719,STRA8;IHO1;PTN;HORMAD1;TRIP13
570,GO_Biological_Process_2023,Positive Regulation Of Glucose Metabolic Process (GO:0010907),5/15,0.1098972787889198,0.8014825728478517,0,0,2.329133635334088,5.14321427189719,PMAIP1;IRS2;PPARGC1A;FOXO1;GPLD1
572,GO_Biological_Process_2023,Renal Filtration (GO:0097205),5/15,0.1098972787889198,0.8014825728478517,0,0,2.329133635334088,5.14321427189719,TMEM63C;MCAM;SULF1;IGHA2;JCHAIN
573,GO_Biological_Process_2023,Sympathetic Nervous System Development (GO:0048485),5/15,0.1098972787889198,0.8014825728478517,0,0,2.329133635334088,5.14321427189719,NELL2;NELL1;SOX11;GATA3;INSM1
574,GO_Biological_Process_2023,Vasodilation (GO:0042311),5/15,0.1098972787889198,0.8014825728478517,0,0,2.329133635334088,5.14321427189719,ADRB3;ADRB1;ADRB2;NOS1;KLF2
575,GO_Biological_Process_2023,DNA Integrity Checkpoint Signaling (GO:0031570),11/42,0.1099281997951038,0.8014825728478517,0,0,1.6536329204252282,3.651102187688633,H2AX;CDT1;CDC45;CHEK1;E2F1;MAP3K20;DONSON;HUS1B;CLSPN;CDC6;DNA2
556,GO_Biological_Process_2023,Regulation Of Neuroinflammatory Response (GO:0150077),6/19,0.1037128830196619,0.8014825728478517,0,0,2.150186262335795,4.872599310971222,IL33;IL6;MMP3;IGF1;MMP8;MMP9
557,GO_Biological_Process_2023,Regulated Exocytosis (GO:0045055),13/51,0.1037675216099241,0.8014825728478517,0,0,1.5945172949399606,3.612541972902796,SYT13;SYNGR3;CPLX2;SYT9;SYT17;RIMS2;CRHBP;RIMS1;RAB31;RAB26;TMEM79;STX1A;SNCA
558,GO_Biological_Process_2023,Epidermis Development (GO:0008544),20/85,0.1042298155473958,0.8014825728478517,0,0,1.4346142910260056,3.243888222346757,COL17A1;SPRR2F;CALML5;CRABP2;LAMB3;KRT2;LAMA3;EMP1;KRT5;KRT31;HOXB13;EVPL;EDAR;NTF4;CASP14;FGF7;DCT;KRT14;SVEP1;S100A7
583,GO_Biological_Process_2023,Multi-Ciliated Epithelial Cell Differentiation (GO:1903251),3/7,0.1105816166581813,0.8014825728478517,0,0,3.492996604414261,7.691583477291973,PLK4;MCIDAS;CCNO
584,GO_Biological_Process_2023,Negative Regulation Of Appetite (GO:0032099),3/7,0.1105816166581813,0.8014825728478517,0,0,3.492996604414261,7.691583477291973,LEP;SPX;PPARA
581,GO_Biological_Process_2023,Kidney Mesenchyme Development (GO:0072074),3/7,0.1105816166581813,0.8014825728478517,0,0,3.492996604414261,7.691583477291973,WT1;SIX2;PAX2
582,GO_Biological_Process_2023,Leukocyte Aggregation (GO:0070486),3/7,0.1105816166581813,0.8014825728478517,0,0,3.492996604414261,7.691583477291973,S100A9;JAM2;S100A8
555,GO_Biological_Process_2023,Regulation Of Megakaryocyte Differentiation (GO:0045652),6/19,0.1037128830196619,0.8014825728478517,0,0,2.150186262335795,4.872599310971222,H4C9;THPO;FAXDC2;TESC;MTURN;PF4
586,GO_Biological_Process_2023,Negative Regulation Of Phospholipase Activity (GO:0010519),3/7,0.1105816166581813,0.8014825728478517,0,0,3.492996604414261,7.691583477291973,RGS2;ANXA1;PLA2R1
585,GO_Biological_Process_2023,"Negative Regulation Of Complement Activation, Classical Pathway (GO:0045959)",3/7,0.1105816166581813,0.8014825728478517,0,0,3.492996604414261,7.691583477291973,CR2;SUSD4;SVEP1
587,GO_Biological_Process_2023,Neuron Fate Specification (GO:0048665),3/7,0.1105816166581813,0.8014825728478517,0,0,3.492996604414261,7.691583477291973,ISL2;POU4F1;MNX1
619,GO_Biological_Process_2023,Regulation Of Leukocyte Tethering Or Rolling (GO:1903236),4/11,0.1137185367431937,0.8014825728478517,0,0,2.6615988031215885,5.786392610321841,CCL25;SELP;CXCL12;FUT7
623,GO_Biological_Process_2023,Bicellular Tight Junction Assembly (GO:0070830),12/47,0.1139246322560626,0.8014825728478517,0,0,1.5978601823708207,3.47090092092197,CLDN11;CLDN6;CDH5;CLDN5;CLDN3;CLDN25;CLDN14;CLDN9;CLDN8;CLDN19;PECAM1;ECT2
561,GO_Biological_Process_2023,Negative Regulation Of Type II Interferon Production (GO:0032689),8/28,0.1071446085533366,0.8014825728478517,0,0,1.8637574383678093,4.162843651456447,TNFSF4;IL36RN;INHBA;INHA;FOXP3;VSIR;LGALS9C;LGALS9B
560,GO_Biological_Process_2023,Cell-Substrate Junction Assembly (GO:0007044),8/28,0.1071446085533366,0.8014825728478517,0,0,1.8637574383678093,4.162843651456447,COL17A1;ACTN3;DST;ACTN2;CDH11;FN1;SORBS1;FERMT2
559,GO_Biological_Process_2023,Negative Regulation Of Smooth Muscle Cell Proliferation (GO:0048662),10/37,0.1048140729278282,0.8014825728478517,0,0,1.7259448277310483,3.892984598443184,CNN1;BMP2;TAFA5;IFNG;OGN;IL12B;APOD;PPARG;VIP;PPARGC1A
551,GO_Biological_Process_2023,Dopamine Metabolic Process (GO:0042417),6/19,0.1037128830196619,0.8014825728478517,0,0,2.150186262335795,4.872599310971222,PRKN;MOXD1;TH;MAOA;DRD4;SNCA
550,GO_Biological_Process_2023,Regulation Of Cytokinesis (GO:0032465),19/80,0.1034501915133247,0.8014825728478517,0,0,1.45219433545513,3.294542496212077,MRGPRX2;PLK1;KIF14;CXCR5;KIF23;KLHL13;CDC6;AURKB;DCDC1;CDC14B;CIT;AURKA;RACGAP1;ANKRD53;KIF20A;FSD1;ECT2;E2F7;E2F8
553,GO_Biological_Process_2023,Insulin Secretion (GO:0030073),6/19,0.1037128830196619,0.8014825728478517,0,0,2.150186262335795,4.872599310971222,RIMS2;ANXA1;PTPRN2;SLC30A8;GAL;PTPRN
562,GO_Biological_Process_2023,Positive Regulation Of Nitric Oxide Metabolic Process (GO:1904407),8/28,0.1071446085533366,0.8014825728478517,0,0,1.8637574383678093,4.162843651456447,IFNG;CLEC7A;AGXT2;HBB;CD36;KLF4;MMP8;KLF2
563,GO_Biological_Process_2023,Regulation Of Sodium Ion Transmembrane Transport (GO:1902305),8/28,0.1071446085533366,0.8014825728478517,0,0,1.8637574383678093,4.162843651456447,CAV3;FXYD2;FXYD1;NOS1;SCN5A;SCN3B;SCN4B;SCN2B
606,GO_Biological_Process_2023,Ganglion Development (GO:0061548),4/11,0.1137185367431937,0.8014825728478517,0,0,2.6615988031215885,5.786392610321841,NELL2;NELL1;TUBB3;INSM1
604,GO_Biological_Process_2023,Ventricular Cardiac Muscle Cell Membrane Repolarization (GO:0099625),3/7,0.1105816166581813,0.8014825728478517,0,0,3.492996604414261,7.691583477291973,KCNH2;KCNE1;KCNJ3
605,GO_Biological_Process_2023,Cochlea Morphogenesis (GO:0090103),4/11,0.1137185367431937,0.8014825728478517,0,0,2.6615988031215885,5.786392610321841,TIFAB;MYO3B;HPN;PAX2
614,GO_Biological_Process_2023,Positive Regulation Of Metaphase/Anaphase Transition Of Cell Cycle (GO:1902101),4/11,0.1137185367431937,0.8014825728478517,0,0,2.6615988031215885,5.786392610321841,CDC20;ESPL1;UBE2C;DLGAP5
552,GO_Biological_Process_2023,Establishment Of Skin Barrier (GO:0061436),6/19,0.1037128830196619,0.8014825728478517,0,0,2.150186262335795,4.872599310971222,KRT16;STMN1;TMEM79;LSR;MET;TP63
554,GO_Biological_Process_2023,Regulation Of B Cell Differentiation (GO:0045577),6/19,0.1037128830196619,0.8014825728478517,0,0,2.150186262335795,4.872599310971222,IL4I1;SFRP1;FCRL3;SLAMF8;INHBA;INHA
603,GO_Biological_Process_2023,Taurine Metabolic Process (GO:0019530),3/7,0.1105816166581813,0.8014825728478517,0,0,3.492996604414261,7.691583477291973,GHR;STAT5A;CDO1
602,GO_Biological_Process_2023,Response To Auditory Stimulus (GO:0010996),3/7,0.1105816166581813,0.8014825728478517,0,0,3.492996604414261,7.691583477291973,TIFAB;ATP1A2;PTN
601,GO_Biological_Process_2023,Regulation Of Positive Chemotaxis (GO:0050926),3/7,0.1105816166581813,0.8014825728478517,0,0,3.492996604414261,7.691583477291973,F7;NTRK3;CDH13
600,GO_Biological_Process_2023,Regulation Of Phospholipase A2 Activity (GO:0032429),3/7,0.1105816166581813,0.8014825728478517,0,0,3.492996604414261,7.691583477291973,ANXA1;LRP1;PLA2R1
599,GO_Biological_Process_2023,Regulation Of Oxidative Stress-Induced Cell Death (GO:1903201),3/7,0.1105816166581813,0.8014825728478517,0,0,3.492996604414261,7.691583477291973,PRKN;MMP3;GATA4
625,GO_Biological_Process_2023,Response To Calcium Ion (GO:0051592),24/106,0.1144558247211266,0.8039333247584569,0,0,1.3647705734102602,2.958230757739613,SYT5;SYT4;FGA;NLGN1;SYT1;KCNIP2;CPNE7;CAV1;AKR1C3;SYT13;SYT9;RYR3;SYT17;CRHBP;RASA4;KCNMB1;KCNMB2;ITPKA;CASQ2;DPEP1;SCN5A;ECT2;GPLD1;KCNH1
626,GO_Biological_Process_2023,Positive Regulation Of Cytokine Production Involved In Immune Response (GO:0002720),9/33,0.1149197560710267,0.8059045732764032,0,0,1.74734268707483,3.780412890312744,SLC7A5;CLEC7A;TNFSF4;KIT;FFAR3;FFAR2;NOD2;INAVA;KIR2DL4
634,GO_Biological_Process_2023,Regulation Of Peptide Hormone Secretion (GO:0090276),13/52,0.1170394632692576,0.8104291653463397,0,0,1.5535376466136963,3.3327174831953363,FGA;HTR2C;KCNA5;CRHBP;IL6;IFNG;RFX6;TFR2;HNF4A;FFAR3;FFAR2;SLC25A22;STX1A
633,GO_Biological_Process_2023,Cardiac Muscle Tissue Development (GO:0048738),13/52,0.1170394632692576,0.8104291653463397,0,0,1.5535376466136963,3.3327174831953363,MYLK2;MYOCD;GATA5;NRG1;GATA4;SGCZ;BMP5;BMP2;MYL7;TBX20;SCN5A;NKX2-5;SGCG
630,GO_Biological_Process_2023,Regulation Of Ruffle Assembly (GO:1900027),7/24,0.1167632244574065,0.8104291653463397,0,0,1.9183802699550077,4.11992712137438,P2RY12;KANK1;CARMIL2;NLGN1;CAV1;EPS8L1;EVL
628,GO_Biological_Process_2023,Positive Regulation Of Lipid Metabolic Process (GO:0045834),7/24,0.1167632244574065,0.8104291653463397,0,0,1.9183802699550077,4.11992712137438,DISP3;MLXIPL;EEF1A2;HSD17B13;SORBS1;PCK1;PPARA
627,GO_Biological_Process_2023,Axonogenesis (GO:0007409),40/188,0.1163880249297786,0.8104291653463397,0,0,1.2609263538631568,2.7120327163891105,SEMA5A;RET;ROBO2;DRAXIN;ROBO3;BRSK2;SEMA7A;ROBO4;SEMA3D;LRTM2;SEMA3G;IGSF9;PARD6B;RELN;DPYSL5;TUBB3;BOC;SLITRK3;SLITRK6;TRIM46;TNR;PAK3;EPHB1;NTNG1;CNTN5;EPHA8;CNTN6;SEMA6D;APLP1;S100B;POU4F1;PAX2;NELL2;NELL1;ISL2;EFNA3;CXCL12;EFNA2;PLA2G10;LGR6
629,GO_Biological_Process_2023,Regulation Of AMPA Receptor Activity (GO:2000311),7/24,0.1167632244574065,0.8104291653463397,0,0,1.9183802699550077,4.11992712137438,NLGN1;RELN;MAPK8IP2;SHISA9;SHISA8;CACNG4;CACNG5
632,GO_Biological_Process_2023,Response To Copper Ion (GO:0046688),7/24,0.1167632244574065,0.8104291653463397,0,0,1.9183802699550077,4.11992712137438,MT1M;MT1G;MT1X;MT1H;MT3;AQP1;SNCA
631,GO_Biological_Process_2023,Regulation Of Ryanodine-Sensitive Calcium-Release Channel Activity (GO:0060314),7/24,0.1167632244574065,0.8104291653463397,0,0,1.9183802699550077,4.11992712137438,JPH2;JPH3;JSRP1;CASQ2;DMD;NOS1;TRDN
635,GO_Biological_Process_2023,Regulation Of MAPK Cascade (GO:0043408),43/204,0.119394229782574,0.8245192071232745,0,0,1.2461220121805971,2.6484135253045213,RET;PELI2;ADRB2;FGF2;RASGRP1;CX3CL1;EGFR;INAVA;ART4;SOX2;GRM4;THPO;ERBB2;IGFBP6;PAK3;EPHB1;ROS1;IL11;NTRK2;MYOC;CAV3;EPHA8;DUSP1;GDF15;CAV2;EGF;FCRL3;CAV1;FN1;OSM;GPR37L1;IGF1;MMP8;CCNA2;TGFBR3;BMP2;IL6;ADRB3;LEP;KIT;TEK;CD24;FGFR3
636,GO_Biological_Process_2023,Myeloid Cell Differentiation (GO:0030099),14/57,0.1194493370337789,0.8245192071232745,0,0,1.517469915307382,3.224415608943997,IL11;CEBPA;ALAS2;EPO;CEBPE;ZBTB16;INHBA;KLF1;RACGAP1;THPO;TAL1;KIT;FLVCR1;INHA
638,GO_Biological_Process_2023,Positive Regulation Of Bone Mineralization (GO:0030501),10/38,0.1208119042662806,0.8313144648808078,0,0,1.6642026813560695,3.5173264051266475,FBN2;CCNA2;KL;NELL1;BMP2;ISG15;PTN;BMPR1B;GPM6B;BMP6
637,GO_Biological_Process_2023,Fatty Acid Transport (GO:0015908),10/38,0.1208119042662806,0.8313144648808078,0,0,1.6642026813560695,3.5173264051266475,RBP7;FABP4;CRABP2;ACSL1;FABP6;SLC27A6;PMP2;PPARG;CD36;SLC22A11
639,GO_Biological_Process_2023,Positive Regulation Of Gene Expression (GO:0010628),95/480,0.1230216640808872,0.8451972765057203,0,0,1.1526143815510463,2.4151821911661835,IL21;MYOM1;MYLK2;PID1;RHOXF1;CITED1;SCX;FGF1;FGF2;VSIR;ACTG2;FGF5;CDH5;RIMS1;FGF7;C1QTNF1;LAMP3;DNMT3B;CD36;AMH;CD34;HOXA5;NAT8B;FOXD1;TESC;SLC11A1;AVPR2;SOX11;PAX6;ANK2;MMP8;DKK1;LGALS9C;POU3F3;LGALS9B;ADAM19;ACTA2;CLDN5;KAT2B;CLDN3;MYCN;IFNG;TFR2;CLDN19;PPARG;PLA2R1;VSTM2A;RBMS3;PRKN;HPN;LEF1;GATA5;NTS;AGPAT2;CALCR;CLEC7A;ERBB2;AGR2;E2F1;PPARGC1A;NTSR1;NTRK2;EGR1;IL33;GSN;ANGPT1;EGF;NTRK3;PDE2A;FN1;SAMD4A;HMGA2;AZU1;IGF1;INHBA;KLF4;POU4F1;MT3;LARP6;BMP6;BATF;FGF17;BMP2;IL6;ACTC1;WT1;ADM2;CLEC6A;PIP;SAA1;SPRY2;SLC26A9;BMPR1B;FGFR4;PF4
4421,KEGG_2021_Human,Caffeine metabolism,3/6,0.0724969034940895,0.852355697221203,0,0,4.657611771363894,12.222558039742838,CYP2A7;NAT1;NAT2
4420,KEGG_2021_Human,cAMP signaling pathway,47/216,0.0710322079955305,0.852355697221203,0,0,1.298414743731032,3.4338160289799737,GRIA2;OXTR;ADCYAP1R1;CALML5;NPR1;PDE3B;ADCY4;ATP2A3;ATP1A3;ADRB1;CACNA1D;ATP1A2;ADRB2;HTR4;GNAI1;HCAR2;LIPE;HCAR3;PLN;CREB3L3;CREB3L4;CREB3L1;RAC3;CNGA2;FFAR2;TNNI3;CGA;AMH;GRIA4;GABBR2;LHCGR;EDN2;EDN3;HTR1E;HTR1D;FOS;SSTR1;SSTR2;GRIN2B;GRIN2D;MAPK10;FXYD2;FXYD1;PPARA;VIP;HCN2;CREB5
4419,KEGG_2021_Human,Complement and coagulation cascades,21/85,0.0639676260058976,0.852355697221203,0,0,1.5304100895904438,4.207676087278028,CFD;FGA;CR2;VWF;F10;SERPINC1;PROS1;F12;PLAUR;C4BPA;TFPI;F3;C4A;F7;F8;C6;PROC;C7;MASP1;CFB;F2RL2
4423,KEGG_2021_Human,Maturity onset diabetes of the young,8/26,0.0742374316934596,0.852355697221203,0,0,2.0710934794244515,5.3858512252939725,RFX6;HNF4A;PAX6;NKX6-1;MAFA;MNX1;FOXA3;NKX2-2
4422,KEGG_2021_Human,"Phenylalanine, tyrosine and tryptophan biosynthesis",3/6,0.0724969034940895,0.852355697221203,0,0,4.657611771363894,12.222558039742838,IL4I1;PAH;TAT
640,GO_Biological_Process_2023,Cellular Response To Organic Substance (GO:0071310),19/82,0.1247184403400309,0.8527269853518534,0,0,1.405921474142054,2.926701895792667,ROBO2;CSF3;OXTR;PID1;MME;AVPR2;FOXH1;LEF1;AKAP6;AVPR1A;POU4F1;CACNA1H;GHR;CLEC3B;CCKAR;FFAR4;CYP1A1;CCR7;RAMP1
642,GO_Biological_Process_2023,Sodium Ion Transmembrane Transport (GO:0035725),19/82,0.1247184403400309,0.8527269853518534,0,0,1.405921474142054,2.926701895792667,SLC24A2;ATP1A3;ATP1A2;SLC6A2;SLC6A4;SLC8A2;SLC4A8;FXYD2;SCN9A;SLC9A9;SCN4A;SCN5A;SCN3B;KCNK1;SCN2A;SCN4B;HCN2;HCN1;SCN2B
643,GO_Biological_Process_2023,Regulation Of Insulin Secretion (GO:0050796),20/87,0.1248933769767099,0.8527269853518534,0,0,1.391620232644002,2.894980458600908,PRKN;CHGA;BRSK2;SLC30A8;KCNB1;BMP8A;IRS2;KCNA5;DOC2B;TRH;FOXO1;SFRP1;IL6;IFNG;RFX6;HNF4A;NNAT;FAM3D;SLC25A22;STX1A
641,GO_Biological_Process_2023,Positive Regulation Of Tumor Necrosis Factor Superfamily Cytokine Production (GO:1903557),19/82,0.1247184403400309,0.8527269853518534,0,0,1.405921474142054,2.926701895792667,IL33;ORM1;HSPB1;NOD2;AZU1;MMP8;ORM2;RASGRP1;PYCARD;FCGR3A;IL6;IFNG;OAS1;OAS2;CLEC7A;OAS3;IL12B;AMH;PF4
646,GO_Biological_Process_2023,Defense Response To Fungus (GO:0050832),8/29,0.1261598552714623,0.8540707918925401,0,0,1.7748991350578205,3.674405922074672,CLEC7A;CLEC6A;RNASE7;IGF2BP1;IL36RN;NRG1;S100A9;S100A8
647,GO_Biological_Process_2023,Activation Of Adenylate Cyclase Activity (GO:0007190),6/20,0.1270325899244305,0.8540707918925401,0,0,1.99648015535866,4.119360687409532,LHCGR;CALCR;ADRB3;AVPR2;ADRB1;ADRB2
648,GO_Biological_Process_2023,Gamma-Aminobutyric Acid Signaling Pathway (GO:0007214),6/20,0.1270325899244305,0.8540707918925401,0,0,1.99648015535866,4.119360687409532,GABBR2;GABRA5;GABRA4;GABRA3;GABRE;GABRG1
649,GO_Biological_Process_2023,Positive Regulation Of Epithelial Cell Differentiation (GO:0030858),6/20,0.1270325899244305,0.8540707918925401,0,0,1.99648015535866,4.119360687409532,TMEM100;IL20;ATOH8;FOXJ1;NKX6-1;FGF2
650,GO_Biological_Process_2023,Positive Regulation Of Protein Processing (GO:0010954),6/20,0.1270325899244305,0.8540707918925401,0,0,1.99648015535866,4.119360687409532,CCBE1;CLEC3B;GSN;F12;HPN;ANGPTL8
651,GO_Biological_Process_2023,Regulation Of Spindle Organization (GO:0090224),6/20,0.1270325899244305,0.8540707918925401,0,0,1.99648015535866,4.119360687409532,TPX2;STIL;PSRC1;TACC3;FSD1;GNAI1
652,GO_Biological_Process_2023,Response To Fibroblast Growth Factor (GO:0071774),6/20,0.1270325899244305,0.8540707918925401,0,0,1.99648015535866,4.119360687409532,NR4A1;SFRP1;ZFP36;EGR3;HYAL1;NDNF
653,GO_Biological_Process_2023,Xenobiotic Transport (GO:0042908),6/20,0.1270325899244305,0.8540707918925401,0,0,1.99648015535866,4.119360687409532,SLC22A3;SLC7A5;ABCB1;SLC29A4;ABCA8;ABCG2
645,GO_Biological_Process_2023,Alpha-Amino Acid Catabolic Process (GO:1901606),8/29,0.1261598552714623,0.8540707918925401,0,0,1.7748991350578205,3.674405922074672,IL4I1;CBS;TAT;FANCA;HOGA1;KMO;HPD;IDO1
644,GO_Biological_Process_2023,Positive Regulation Of Cell Division (GO:0051781),11/43,0.1252918552807884,0.8540707918925401,0,0,1.601859401588202,3.32723725406387,RACGAP1;MRGPRX2;TAL1;CXCR5;KIF14;KIF23;CDC6;FGF1;ECT2;CDC14B;CIT
654,GO_Biological_Process_2023,Positive Regulation Of Cellular Process (GO:0048522),116/594,0.1275621193787542,0.8563215861196681,0,0,1.1339389128677293,2.334952378716105,CSF3;EPO;RTKN2;SIRPG;SCX;IRS2;FGF1;FGF2;FGF5;FGF7;ZFP36;TCL1A;IBSP;CHEK1;IL12B;PRSS2;MAGEA4;SLC30A2;LIFR;NCCRP1;POU3F3;CLDN5;SFRP1;ADAM8;S100A9;S100A8;DLX2;HPN;DPP4;FUT7;THPO;CLEC7A;PDGFD;ZNF703;CGA;NKX2-5;EGR2;TSLP;CAV1;FN1;CDC7;PTK6;AZU1;IGF1;BMP6;BMP5;FGF17;MLXIPL;BMP2;IL6;CXCL12;BAMBI;TNFSF4;ECHDC3;FGFR4;LACRT;FGFR3;EZH2;IL21;SLC44A4;KIF14;HBB;FOXM1;HOXC10;CX3CL1;ESM1;HYAL1;CCR7;AMH;IL11;EDN2;EDN3;TNFRSF18;GLP2R;NRG1;AVPR1A;HBA1;PROX1;TGFBR2;SAPCD2;CCKBR;IFNG;TAL1;CEACAM6;BIRC5;CCL14;TNXB;LAMA2;LEF1;TTK;AKAP6;PTN;EGFR;EXOSC4;RAB25;FTMT;CXCR2;ERBB2;PRAME;NTRK2;CCL21;SPAG5;CAVIN1;EGF;NTRK3;AKR1C3;OSM;AKR1C2;VEGFD;S100B;MAPK15;MEIS2;SAA1;INSM1;FOLR2;VIP
655,GO_Biological_Process_2023,Chloride Transmembrane Transport (GO:1902476),12/48,0.1286901546559,0.8625771494237688,0,0,1.5533806146572104,3.184970317215927,SLC4A8;GLRA3;GABRA5;GABRA4;GABRA3;ANO9;SLC4A1;SLC26A9;GABRE;SLC1A7;SLC12A8;GABRG1
656,GO_Biological_Process_2023,Supramolecular Fiber Organization (GO:0097435),64/316,0.1296394086549602,0.867617168730381,0,0,1.1854533156001628,2.421879300732267,COL14A1;COL12A1;KIF14;KRT24;LMOD1;SCX;LOXL4;RND1;SAMD14;STMN1;NEFL;RAC3;PGM5;CD36;CAMP;TMOD1;NAT8B;KRT2;MYO7B;KIF24;P3H4;KRT5;RHOF;KRT31;KRT75;ERMN;TLE6;TRDN;COL2A1;MAP7D3;KRT37;KIF2C;EVL;TAGLN3;INA;DDR2;PRKN;TNXB;COL11A1;DPT;STMND1;FBLN5;CNN1;ADAMTS14;XIRP1;MYH11;FSD1;SNCA;MARCKSL1;GSN;GFAP;COL1A1;MFAP4;KRT19;BFSP2;KIF18A;COL1A2;TPPP2;KIF18B;DES;COL5A1;KRT16;KRT14;COL5A2
658,GO_Biological_Process_2023,Modulation Of Chemical Synaptic Transmission (GO:0050804),27/123,0.1312875415769422,0.8759807592015404,0,0,1.3114583333333334,2.6627396069478797,GRIA2;NLGN1;CACNA1B;GRIK4;ATP1A2;CPLX2;LRP8;SLC8A2;RIMS2;RIMS1;RIMS4;GRM4;RELN;CDH2;GRM8;DLGAP3;DLGAP2;GRIA4;CACNG5;UNC13A;SYT1;ADIPOQ;MAPK8IP2;SYN1;NPAS4;SLC4A8;NMU
657,GO_Biological_Process_2023,Tight Junction Assembly (GO:0120192),13/53,0.1312449945613762,0.8759807592015404,0,0,1.5146069807037457,3.075696514928912,LSR;CLDN11;CLDN6;CDH5;CLDN5;CLDN3;CLDN25;CLDN14;CLDN9;CLDN8;CLDN19;PECAM1;ECT2
661,GO_Biological_Process_2023,Positive Regulation Of Carbohydrate Metabolic Process (GO:0045913),9/34,0.1330242009541073,0.8776335776785003,0,0,1.6773469387755102,3.383584845504165,MLXIPL;IFNG;EGF;PMAIP1;IRS2;PTH1R;IGF1;GPLD1;SNCA
663,GO_Biological_Process_2023,Semaphorin-Plexin Signaling Pathway (GO:0071526),9/34,0.1330242009541073,0.8776335776785003,0,0,1.6773469387755102,3.383584845504165,SEMA5A;NELL2;NELL1;SEMA7A;SEMA3D;SEMA6D;SEMA3G;MET;PLXNA4
664,GO_Biological_Process_2023,Epithelium Development (GO:0060429),33/154,0.133058606167736,0.8776335776785003,0,0,1.2719489414694891,2.5654772598233366,TAGLN;UPK2;KRT24;MEOX1;UPK1A;SOX17;NKX2-5;CD34;STIL;AKR1C1;WNT7B;AKR1C2;FOXJ1;PROX1;KRT31;SOX10;ACTL8;PAX2;VIL1;BMP2;KRT19;KRT16;WT1;LHX1;ALDH1A2;KRT37;CDHR2;GSTA1;KRT14;CDK1;ALDOC;PPARG;CES1
665,GO_Biological_Process_2023,Positive Regulation Of Cellular Component Organization (GO:0051130),25/113,0.1331042063111584,0.8776335776785003,0,0,1.32459813108304,2.6712149925793938,AHNAK;LRP1;FRMPD4;CDC20;CDH5;TCL1A;RELN;CLEC7A;HYAL1;GPC3;HAS3;SNCA;MMP1;BIK;MMP3;NRG1;CLDN3;CALY;IFNG;TFR2;TAL1;NEURL1;CLDN19;TRABD2B;CRB3
666,GO_Biological_Process_2023,Inorganic Anion Transport (GO:0015698),14/58,0.1331320437369933,0.8776335776785003,0,0,1.4828916470982891,2.990123230372044,SLC34A3;CLIC5;CLIC3;PACC1;SLC11A1;ANO9;SLC4A1;SLC5A5;SLC5A8;RACGAP1;FXYD1;SLC17A7;NMUR1;SLC26A9
662,GO_Biological_Process_2023,Regulation Of Metal Ion Transport (GO:0010959),9/34,0.1330242009541073,0.8776335776785003,0,0,1.6773469387755102,3.383584845504165,NKAIN2;NKAIN1;PER1;NKAIN4;PLN;CACNA2D1;KCNA5;NOS1;F3
660,GO_Biological_Process_2023,Negative Regulation Of Cell Cycle Process (GO:0010948),9/34,0.1330242009541073,0.8776335776785003,0,0,1.6773469387755102,3.383584845504165,DMRT1;ESPL1;CHEK1;KIF25;NEK2;FBXO43;AURKB;E2F7;E2F8
659,GO_Biological_Process_2023,Embryonic Skeletal System Development (GO:0048706),9/34,0.1330242009541073,0.8776335776785003,0,0,1.6773469387755102,3.383584845504165,COL1A1;HOXA9;WNT11;HOXB9;HOXA3;SOX11;SULF1;PCSK5;HOXA4
751,GO_Biological_Process_2023,Positive Regulation Of Megakaryocyte Differentiation (GO:0045654),3/8,0.1544755389079447,0.8809713937460867,0,0,2.794227504244482,5.218833251319983,THPO;TESC;MTURN
752,GO_Biological_Process_2023,Positive Regulation Of Memory T Cell Differentiation (GO:0043382),3/8,0.1544755389079447,0.8809713937460867,0,0,2.794227504244482,5.218833251319983,TNFSF4;IL12B;PCK1
753,GO_Biological_Process_2023,Positive Regulation Of Monocyte Chemotactic Protein-1 Production (GO:0071639),3/8,0.1544755389079447,0.8809713937460867,0,0,2.794227504244482,5.218833251319983,OAS1;CLEC7A;OAS3
754,GO_Biological_Process_2023,Positive Regulation Of Respiratory Burst (GO:0060267),3/8,0.1544755389079447,0.8809713937460867,0,0,2.794227504244482,5.218833251319983,CLEC7A;IGHA2;JCHAIN
756,GO_Biological_Process_2023,Positive Regulation Of Synapse Maturation (GO:0090129),3/8,0.1544755389079447,0.8809713937460867,0,0,2.794227504244482,5.218833251319983,CDC20;RELN;NEURL1
755,GO_Biological_Process_2023,Positive Regulation Of Smooth Muscle Cell Apoptotic Process (GO:0034393),3/8,0.1544755389079447,0.8809713937460867,0,0,2.794227504244482,5.218833251319983,IFNG;IL12B;PPARG
757,GO_Biological_Process_2023,"Regulation Of Wnt Signaling Pathway, Planar Cell Polarity Pathway (GO:2000095)",3/8,0.1544755389079447,0.8809713937460867,0,0,2.794227504244482,5.218833251319983,SPEF1;RSPO3;DKK1
726,GO_Biological_Process_2023,Negative Regulation Of Reactive Oxygen Species Metabolic Process (GO:2000378),6/21,0.1526305851215868,0.8809713937460867,0,0,1.8632681959784765,3.50244998301157,PRKN;ABCD2;MMP3;PPARA;MT3;PAX2
730,GO_Biological_Process_2023,Regulation Of Cold-Induced Thermogenesis (GO:0120161),31/146,0.1541365815199234,0.8809713937460867,0,0,1.256945856792083,2.3503833907751286,OXTR;EPAS1;NPR3;ADRB1;ADRB2;HOXC10;ADAMTS5;MUC1;ACADL;PRDM16;LEPR;FFAR4;CD36;PPARGC1A;MAP2K6;WNT10B;ACTN3;ACSL1;CAV1;ADIPOQ;ELOVL3;CIDEA;EBF2;G0S2;CNKSR2;FABP4;ADRB3;SCD;LEP;ALDH1A1;MFAP2
727,GO_Biological_Process_2023,Outer Dynein Arm Assembly (GO:0036158),6/21,0.1526305851215868,0.8809713937460867,0,0,1.8632681959784765,3.50244998301157,CLXN;ODAD3;DNAH8;DNAAF11;ZMYND10;DNAAF8
728,GO_Biological_Process_2023,Response To Cadmium Ion (GO:0046686),6/21,0.1526305851215868,0.8809713937460867,0,0,1.8632681959784765,3.50244998301157,MT1G;MT1X;MT1H;FOS;MMP9;EGFR
729,GO_Biological_Process_2023,Skin Epidermis Development (GO:0098773),6/21,0.1526305851215868,0.8809713937460867,0,0,1.8632681959784765,3.50244998301157,KRT16;STMN1;TMEM79;LSR;MET;TP63
732,GO_Biological_Process_2023,Angiotensin Maturation (GO:0002003),3/8,0.1544755389079447,0.8809713937460867,0,0,2.794227504244482,5.218833251319983,ACE2;CMA1;CTSG
731,GO_Biological_Process_2023,N-acylphosphatidylethanolamine Metabolic Process (GO:0070292),3/8,0.1544755389079447,0.8809713937460867,0,0,2.794227504244482,5.218833251319983,PLAAT2;PLAAT5;PLAAT4
733,GO_Biological_Process_2023,Dehydroascorbic Acid Transport (GO:0070837),3/8,0.1544755389079447,0.8809713937460867,0,0,2.794227504244482,5.218833251319983,SLC2A1;SLC2A4;SLC2A6
734,GO_Biological_Process_2023,Embryonic Digestive Tract Morphogenesis (GO:0048557),3/8,0.1544755389079447,0.8809713937460867,0,0,2.794227504244482,5.218833251319983,SIX2;RBPMS2;SOX11
746,GO_Biological_Process_2023,Neurotransmitter Reuptake (GO:0098810),3/8,0.1544755389079447,0.8809713937460867,0,0,2.794227504244482,5.218833251319983,SLC22A3;SLC29A4;SLC6A4
767,GO_Biological_Process_2023,Response To Vitamin D (GO:0033280),3/8,0.1544755389079447,0.8809713937460867,0,0,2.794227504244482,5.218833251319983,SFRP1;CYP24A1;SPP1
768,GO_Biological_Process_2023,Serotonin Uptake (GO:0051610),3/8,0.1544755389079447,0.8809713937460867,0,0,2.794227504244482,5.218833251319983,SLC22A3;SLC29A4;SLC6A4
769,GO_Biological_Process_2023,Sympathetic Ganglion Development (GO:0061549),3/8,0.1544755389079447,0.8809713937460867,0,0,2.794227504244482,5.218833251319983,NELL2;NELL1;INSM1
770,GO_Biological_Process_2023,Tyrosine Phosphorylation Of STAT Protein (GO:0007260),3/8,0.1544755389079447,0.8809713937460867,0,0,2.794227504244482,5.218833251319983,IL21;LEP;PTK6
744,GO_Biological_Process_2023,Neuronal Action Potential (GO:0019228),3/8,0.1544755389079447,0.8809713937460867,0,0,2.794227504244482,5.218833251319983,KCNA1;KCNA2;KCNMB2
743,GO_Biological_Process_2023,Negative Regulation Of Systemic Arterial Blood Pressure (GO:0003085),3/8,0.1544755389079447,0.8809713937460867,0,0,2.794227504244482,5.218833251319983,ADRB3;ADRB2;GPR37L1
742,GO_Biological_Process_2023,Negative Regulation Of Cholesterol Storage (GO:0010887),3/8,0.1544755389079447,0.8809713937460867,0,0,2.794227504244482,5.218833251319983,PPARG;PPARA;CES1
749,GO_Biological_Process_2023,Positive Regulation Of Epithelial Cell Proliferation Involved In Wound Healing (GO:0060054),3/8,0.1544755389079447,0.8809713937460867,0,0,2.794227504244482,5.218833251319983,MMP12;LRG1;LACRT
747,GO_Biological_Process_2023,p38MAPK Cascade (GO:0038066),3/8,0.1544755389079447,0.8809713937460867,0,0,2.794227504244482,5.218833251319983,ZFP36;MAP3K20;MAP2K6
748,GO_Biological_Process_2023,Positive Regulation Of ATP Biosynthetic Process (GO:2001171),3/8,0.1544755389079447,0.8809713937460867,0,0,2.794227504244482,5.218833251319983,PID1;PPARA;PPARGC1A
745,GO_Biological_Process_2023,Neuronal Ion Channel Clustering (GO:0045161),3/8,0.1544755389079447,0.8809713937460867,0,0,2.794227504244482,5.218833251319983,CNTNAP2;MYOC;KCNIP2
762,GO_Biological_Process_2023,Regulation Of Nephron Tubule Epithelial Cell Differentiation (GO:0072182),3/8,0.1544755389079447,0.8809713937460867,0,0,2.794227504244482,5.218833251319983,LHX1;GATA3;PAX2
763,GO_Biological_Process_2023,Regulation Of Neutrophil Migration (GO:1902622),3/8,0.1544755389079447,0.8809713937460867,0,0,2.794227504244482,5.218833251319983,FUT7;SLAMF8;OLFM4
764,GO_Biological_Process_2023,Regulation Of Sister Chromatid Cohesion (GO:0007063),3/8,0.1544755389079447,0.8809713937460867,0,0,2.794227504244482,5.218833251319983,FEN1;ESPL1;BUB1
750,GO_Biological_Process_2023,Positive Regulation Of Fatty Acid Beta-Oxidation (GO:0032000),3/8,0.1544755389079447,0.8809713937460867,0,0,2.794227504244482,5.218833251319983,ABCD2;IRS2;PPARA
765,GO_Biological_Process_2023,Response To Leptin (GO:0044321),3/8,0.1544755389079447,0.8809713937460867,0,0,2.794227504244482,5.218833251319983,NR4A3;LEP;LEPR
766,GO_Biological_Process_2023,Response To Magnesium Ion (GO:0032026),3/8,0.1544755389079447,0.8809713937460867,0,0,2.794227504244482,5.218833251319983,KCNA1;RYR3;SNCA
759,GO_Biological_Process_2023,"Regulation Of Complement Activation, Classical Pathway (GO:0030450)",3/8,0.1544755389079447,0.8809713937460867,0,0,2.794227504244482,5.218833251319983,CR2;SUSD4;SVEP1
758,GO_Biological_Process_2023,Regulation Of Angiotensin Levels In Blood (GO:0002002),3/8,0.1544755389079447,0.8809713937460867,0,0,2.794227504244482,5.218833251319983,ACE2;CMA1;CTSG
761,GO_Biological_Process_2023,Regulation Of Necrotic Cell Death (GO:0010939),3/8,0.1544755389079447,0.8809713937460867,0,0,2.794227504244482,5.218833251319983,ATG9B;OLFM4;MT3
760,GO_Biological_Process_2023,Regulation Of Gap Junction Assembly (GO:1903596),3/8,0.1544755389079447,0.8809713937460867,0,0,2.794227504244482,5.218833251319983,ACE2;CNTNAP2;CAV1
695,GO_Biological_Process_2023,Monoatomic Anion Transmembrane Transport (GO:0098656),13/54,0.1463640436919339,0.8809713937460867,0,0,1.4775753716674511,2.839394992824018,GABRA5;GABRA4;GABRA3;ANO9;SLC4A1;SLC1A7;GABRG1;SLC5A5;SLC4A8;GLRA3;SLC26A9;GABRE;SLC12A8
696,GO_Biological_Process_2023,Regulation Of Lipid Metabolic Process (GO:0019216),13/54,0.1463640436919339,0.8809713937460867,0,0,1.4775753716674511,2.839394992824018,CAV1;IRS2;DISP3;HNF4A;ADGRF5;ANGPTL8;PPARG;THRSP;CCDC3;PPARA;PCK1;FGFR4;PLPP1
722,GO_Biological_Process_2023,Glutamate Receptor Signaling Pathway (GO:0007215),9/35,0.1525158588926705,0.8809713937460867,0,0,1.6127354788069077,3.0327276114228683,TRPM1;GRIA2;GRM4;KCNB1;GRM8;GRIK4;GRIN2B;GRIA4;GRIN2D
723,GO_Biological_Process_2023,Positive Regulation Of Mitotic Nuclear Division (GO:0045840),9/35,0.1525158588926705,0.8809713937460867,0,0,1.6127354788069077,3.0327276114228683,CDC20;DMRT1;EDN3;ESPL1;EGF;UBE2C;IGF1;DLGAP5;AURKA
724,GO_Biological_Process_2023,Regulation Of Cardiac Muscle Contraction (GO:0055117),9/35,0.1525158588926705,0.8809713937460867,0,0,1.6127354788069077,3.0327276114228683,CHGA;RGS2;PLN;CAV3;TNNI3;ANK2;NOS1;SCN5A;NKX2-5
725,GO_Biological_Process_2023,Regulation Of Sodium Ion Transport (GO:0002028),9/35,0.1525158588926705,0.8809713937460867,0,0,1.6127354788069077,3.0327276114228683,NKAIN2;NKAIN1;PER1;NKAIN4;NOS1;SCN5A;NKX2-5;SCN3B;SCN4B
719,GO_Biological_Process_2023,Spinal Cord Development (GO:0021510),4/12,0.1477352879079101,0.8809713937460867,0,0,2.3287574299462213,4.453360152413492,VIT;RELN;SOX11;SOX12
720,GO_Biological_Process_2023,Synaptic Membrane Adhesion (GO:0099560),4/12,0.1477352879079101,0.8809713937460867,0,0,2.3287574299462213,4.453360152413492,NTNG1;LRFN5;LRFN4;SLITRK3
721,GO_Biological_Process_2023,Transmembrane Receptor Protein Serine/Threonine Kinase Signaling Pathway (GO:0007178),28/130,0.1493816166807619,0.8809713937460867,0,0,1.2799244519694457,2.4334577229551604,CITED1;WFIKKN1;DLX5;SCX;TMEM100;CDH5;ACVR1C;ATOH8;AMH;GDF10;GDF15;FOXH1;BMP8A;INHBA;FOS;BMP6;BMP5;TGFBR2;TGFBR3;CLDN5;BMP3;BMP2;COL1A2;BAMBI;PPARG;BMPR1B;INHA;FERMT2
694,GO_Biological_Process_2023,Regulation Of Wnt Signaling Pathway (GO:0030111),24/109,0.1443253100343443,0.8809713937460867,0,0,1.3163610790174312,2.5480609611012865,PRKN;AMER2;KANK1;CITED1;LRP1;APCDD1;SULF1;DKK1;DKK4;DEPDC1B;SFRP1;BMP2;TERT;DAAM2;WIF1;ZNF703;GPC3;RSPO3;SOSTDC1;RSPO1;NOTUM;LGR6;SOX7;TRABD2B
718,GO_Biological_Process_2023,Response To Iron Ion (GO:0010039),4/12,0.1477352879079101,0.8809713937460867,0,0,2.3287574299462213,4.453360152413492,TFR2;F3;BMP6;SNCA
717,GO_Biological_Process_2023,Regulation Of Retinoic Acid Receptor Signaling Pathway (GO:0048385),4/12,0.1477352879079101,0.8809713937460867,0,0,2.3287574299462213,4.453360152413492,CYP26B1;PRAME;KLF2;EZH2
715,GO_Biological_Process_2023,Regulation Of DNA-templated DNA Replication Initiation (GO:0030174),4/12,0.1477352879079101,0.8809713937460867,0,0,2.3287574299462213,4.453360152413492,MCIDAS;MCM4;MCM2;TICRR
716,GO_Biological_Process_2023,Regulation Of Interleukin-5 Production (GO:0032674),4/12,0.1477352879079101,0.8809713937460867,0,0,2.3287574299462213,4.453360152413492,IFNL1;TSLP;LEF1;GATA3
713,GO_Biological_Process_2023,Positive Regulation Of Sodium Ion Transmembrane Transporter Activity (GO:2000651),4/12,0.1477352879079101,0.8809713937460867,0,0,2.3287574299462213,4.453360152413492,FXYD2;TESC;DMD;DRD4
712,GO_Biological_Process_2023,Positive Regulation Of Purine Nucleotide Biosynthetic Process (GO:1900373),4/12,0.1477352879079101,0.8809713937460867,0,0,2.3287574299462213,4.453360152413492,PID1;NOS1;PPARA;PPARGC1A
711,GO_Biological_Process_2023,Positive Regulation Of Calcium-Mediated Signaling (GO:0050850),4/12,0.1477352879079101,0.8809713937460867,0,0,2.3287574299462213,4.453360152413492,P2RX5;CLEC7A;CDH13;LACRT
714,GO_Biological_Process_2023,Regulation Of DNA-directed DNA Polymerase Activity (GO:1900262),4/12,0.1477352879079101,0.8809713937460867,0,0,2.3287574299462213,4.453360152413492,GINS1;GINS2;DSCC1;GINS4
710,GO_Biological_Process_2023,Positive Regulation Of DNA-directed DNA Polymerase Activity (GO:1900264),4/12,0.1477352879079101,0.8809713937460867,0,0,2.3287574299462213,4.453360152413492,GINS1;GINS2;DSCC1;GINS4
741,GO_Biological_Process_2023,Negative Regulation Of cAMP-mediated Signaling (GO:0043951),3/8,0.1544755389079447,0.8809713937460867,0,0,2.794227504244482,5.218833251319983,PDE11A;PDE2A;PDE3B
739,GO_Biological_Process_2023,Lactation (GO:0007595),3/8,0.1544755389079447,0.8809713937460867,0,0,2.794227504244482,5.218833251319983,OXTR;CSN3;CSN2
740,GO_Biological_Process_2023,Leptin-Mediated Signaling Pathway (GO:0033210),3/8,0.1544755389079447,0.8809713937460867,0,0,2.794227504244482,5.218833251319983,LEP;LEPR;MT3
738,GO_Biological_Process_2023,Intestinal Epithelial Cell Differentiation (GO:0060575),3/8,0.1544755389079447,0.8809713937460867,0,0,2.794227504244482,5.218833251319983,PYY;GATA5;GATA4
737,GO_Biological_Process_2023,Hyaluronan Catabolic Process (GO:0030214),3/8,0.1544755389079447,0.8809713937460867,0,0,2.794227504244482,5.218833251319983,CEMIP;HYAL1;FGF2
736,GO_Biological_Process_2023,Glycerol Transmembrane Transport (GO:0015793),3/8,0.1544755389079447,0.8809713937460867,0,0,2.794227504244482,5.218833251319983,AQP7B;AQP9;AQP7
735,GO_Biological_Process_2023,Endochondral Ossification (GO:0001958),3/8,0.1544755389079447,0.8809713937460867,0,0,2.794227504244482,5.218833251319983,DLX5;SCX;FGFR3
689,GO_Biological_Process_2023,Regulation Of Myelination (GO:0031641),7/25,0.1386805448740547,0.8809713937460867,0,0,1.8116934214667928,3.579149328155113,EGR2;PTPRZ1;LGI4;KIF14;PTN;JAM2;TYMP
682,GO_Biological_Process_2023,Negative Regulation Of Protein Secretion (GO:0050709),10/39,0.1380707785303128,0.8809713937460867,0,0,1.606718614041434,3.1812849206547344,PRKN;CHGA;SFRP1;RSAD2;KCNB1;BMP8A;IL12B;FAM3D;FOXO1;DRD4
683,GO_Biological_Process_2023,Regulation Of Nitric Oxide Biosynthetic Process (GO:0045428),10/39,0.1380707785303128,0.8809713937460867,0,0,1.606718614041434,3.1812849206547344,PTGIS;IFNG;CLEC7A;AGXT2;CAV1;HBB;CD36;KLF4;MMP8;KLF2
684,GO_Biological_Process_2023,Metanephros Development (GO:0001656),7/25,0.1386805448740547,0.8809713937460867,0,0,1.8116934214667928,3.579149328155113,ROBO2;FOXD1;CITED1;SOX17;WT1;WNT7B;PAX2
685,GO_Biological_Process_2023,Negative Regulation Of Signaling Receptor Activity (GO:2000272),7/25,0.1386805448740547,0.8809713937460867,0,0,1.8116934214667928,3.579149328155113,CRHBP;CALCR;GPRC5A;CNRIP1;CBLC;PPARG;PPARA
703,GO_Biological_Process_2023,Histone Monoubiquitination (GO:0010390),4/12,0.1477352879079101,0.8809713937460867,0,0,2.3287574299462213,4.453360152413492,DEPDC1B;RAD51;UHRF1;BRCA2
704,GO_Biological_Process_2023,Low-Density Lipoprotein Particle Remodeling (GO:0034374),4/12,0.1477352879079101,0.8809713937460867,0,0,2.3287574299462213,4.453360152413492,CETP;PLA2G10;PLA2G2A;APOB
705,GO_Biological_Process_2023,Macrophage Migration (GO:1905517),4/12,0.1477352879079101,0.8809713937460867,0,0,2.3287574299462213,4.453360152413492,EDN2;EDNRB;CXCL17;SAA1
709,GO_Biological_Process_2023,Phospholipid Homeostasis (GO:0055091),4/12,0.1477352879079101,0.8809713937460867,0,0,2.3287574299462213,4.453360152413492,CETP;HNF4A;TLCD1;ABCB11
706,GO_Biological_Process_2023,Mitotic DNA Integrity Checkpoint Signaling (GO:0044774),4/12,0.1477352879079101,0.8809713937460867,0,0,2.3287574299462213,4.453360152413492,ORC1;HUS1B;CLSPN;TICRR
707,GO_Biological_Process_2023,Negative Regulation Of Cardiac Muscle Hypertrophy (GO:0010614),4/12,0.1477352879079101,0.8809713937460867,0,0,2.3287574299462213,4.453360152413492,RGS2;CAV3;PPARG;FOXO1
708,GO_Biological_Process_2023,Negative Regulation Of Complement Activation (GO:0045916),4/12,0.1477352879079101,0.8809713937460867,0,0,2.3287574299462213,4.453360152413492,CR2;SUSD4;C4BPA;SVEP1
679,GO_Biological_Process_2023,Regulation Of Osteoblast Proliferation (GO:0033688),5/16,0.1376530009885957,0.8809713937460867,0,0,2.1172655204365283,4.198578276009132,CCNA2;NELL1;BMP2;SFRP1;NPR3
678,GO_Biological_Process_2023,Regulation Of Fatty Acid Oxidation (GO:0046320),5/16,0.1376530009885957,0.8809713937460867,0,0,2.1172655204365283,4.198578276009132,NR4A3;ACADL;PDK4;PPARA;PPARGC1A
680,GO_Biological_Process_2023,Retinal Metabolic Process (GO:0042574),5/16,0.1376530009885957,0.8809713937460867,0,0,2.1172655204365283,4.198578276009132,ALDH1A3;SDR16C5;AKR1C1;AKR1C3;RPE65
681,GO_Biological_Process_2023,Fibroblast Growth Factor Receptor Signaling Pathway (GO:0008543),10/39,0.1380707785303128,0.8809713937460867,0,0,1.606718614041434,3.1812849206547344,FGF5;FGF17;KL;FGF7;FLRT2;FGF1;FGFR4;FGF2;SHCBP1;FGFR3
693,GO_Biological_Process_2023,Regulation Of Transport (GO:0051049),11/44,0.1417741586226542,0.8809713937460867,0,0,1.5532236717716017,3.0342533825486258,PRKN;DISP3;NELL1;PTPRN2;SLC30A8;CLDN3;RAB25;PTPRN;LEPR;CLDN19;SNCA
690,GO_Biological_Process_2023,Response To Zinc Ion (GO:0010043),7/25,0.1386805448740547,0.8809713937460867,0,0,1.8116934214667928,3.579149328155113,SLC30A8;SLC30A2;MT1M;MT1G;MT1X;MT1H;CRIP1
691,GO_Biological_Process_2023,Mitotic Spindle Assembly (GO:0090307),11/44,0.1417741586226542,0.8809713937460867,0,0,1.5532236717716017,3.0342533825486258,TPX2;RACGAP1;KIFC2;KIFC1;KIF4A;CDCA8;BIRC5;KIF23;KIF11;MISP;AURKB
692,GO_Biological_Process_2023,Regulation Of DNA Recombination (GO:0000018),11/44,0.1417741586226542,0.8809713937460867,0,0,1.5532236717716017,3.0342533825486258,RAD51AP1;H1-5;H1-4;BLM;H1-6;RAD51;CHEK1;TEX15;KPNA2;H1-3;H1-2
668,GO_Biological_Process_2023,Cell-Cell Junction Organization (GO:0045216),16/68,0.1354007533358691,0.8809713937460867,0,0,1.434120551416774,2.8675474972251784,CDH7;CDH5;CLDN5;PARD6B;CDH2;CDH10;CDH11;CDH22;CDH12;CDH13;DSG1;CDH15;TLN2;LIMS2;TJP3;CD177
686,GO_Biological_Process_2023,Positive Regulation Of T Cell Migration (GO:2000406),7/25,0.1386805448740547,0.8809713937460867,0,0,1.8116934214667928,3.579149328155113,PYCARD;CXCL10;CXCL12;CCL21;CCL20;CXCL13;S100A7
687,GO_Biological_Process_2023,Positive Regulation Of Release Of Cytochrome C From Mitochondria (GO:0090200),7/25,0.1386805448740547,0.8809713937460867,0,0,1.8116934214667928,3.579149328155113,PYCARD;MLLT11;BIK;PLAUR;PMAIP1;MMP9;BBC3
688,GO_Biological_Process_2023,Regulation Of Monocyte Chemotaxis (GO:0090025),7/25,0.1386805448740547,0.8809713937460867,0,0,1.8116934214667928,3.579149328155113,CXCL10;CXCL12;DUSP1;CXCL17;SLAMF8;S100A14;S100A7
669,GO_Biological_Process_2023,Positive Regulation Of Cellular Component Biogenesis (GO:0044089),21/93,0.1357296992646024,0.8809713937460867,0,0,1.3597008911642017,2.715444884626048,CHGA;MMP1;BIK;SYNPO2;MMP3;NRG1;CX3CL1;VIL1;CDH5;TCL1A;CLDN3;IFNG;HYAL1;TAL1;CLEC7A;CLDN19;HAS3;SDC1;SYNPO;TRABD2B;CRB3
667,GO_Biological_Process_2023,Positive Regulation Of Cold-Induced Thermogenesis (GO:0120162),22/98,0.1352373981155145,0.8809713937460867,0,0,1.3495320805570112,2.7000406020188024,OXTR;ACSL1;EPAS1;CAV1;ADIPOQ;ELOVL3;EBF2;G0S2;ADRB1;ADRB2;CNKSR2;MUC1;FABP4;ADRB3;SCD;LEP;PRDM16;MFAP2;LEPR;FFAR4;CD36;PPARGC1A
697,GO_Biological_Process_2023,Chordate Embryonic Development (GO:0043009),14/59,0.1476520085606784,0.8809713937460867,0,0,1.4498501908096004,2.77341417810855,FOXD3;ARNT2;STIL;WNT7B;PROX1;GATA3;SULF1;PCSK5;BMP5;COL1A1;BMP2;WNT11;ALDH1A2;NKX2-5
702,GO_Biological_Process_2023,Epithelial Cell Morphogenesis (GO:0003382),4/12,0.1477352879079101,0.8809713937460867,0,0,2.3287574299462213,4.453360152413492,CLDN3;RAB25;DACT2;MET
701,GO_Biological_Process_2023,Endochondral Bone Morphogenesis (GO:0060350),4/12,0.1477352879079101,0.8809713937460867,0,0,2.3287574299462213,4.453360152413492,DLX5;SCX;BMPR1B;FGFR3
700,GO_Biological_Process_2023,Dendrite Self-Avoidance (GO:0070593),4/12,0.1477352879079101,0.8809713937460867,0,0,2.3287574299462213,4.453360152413492,ROBO3;ROBO4;CNTN6;IGSF9
699,GO_Biological_Process_2023,Cardiac Right Ventricle Morphogenesis (GO:0003215),4/12,0.1477352879079101,0.8809713937460867,0,0,2.3287574299462213,4.453360152413492,TBX20;GATA4;GATA3;NKX2-5
698,GO_Biological_Process_2023,Biogenic Amine Metabolic Process (GO:0006576),4/12,0.1477352879079101,0.8809713937460867,0,0,2.3287574299462213,4.453360152413492,SLC22A3;MAOA;SLC29A4;TRH
677,GO_Biological_Process_2023,Regulation Of NMDA Receptor Activity (GO:2000310),5/16,0.1376530009885957,0.8809713937460867,0,0,2.1172655204365283,4.198578276009132,CRHBP;NLGN1;RELN;IFNG;MAPK8IP2
676,GO_Biological_Process_2023,Prostanoid Metabolic Process (GO:0006692),5/16,0.1376530009885957,0.8809713937460867,0,0,2.1172655204365283,4.198578276009132,AKR1C1;GSTA1;AKR1C3;AKR1C2;CES1
675,GO_Biological_Process_2023,Positive Regulation Of Positive Chemotaxis (GO:0050927),5/16,0.1376530009885957,0.8809713937460867,0,0,2.1172655204365283,4.198578276009132,F7;CXCL12;NTRK3;CDH13;VEGFD
674,GO_Biological_Process_2023,Negative Regulation Of Chemokine Production (GO:0032682),5/16,0.1376530009885957,0.8809713937460867,0,0,2.1172655204365283,4.198578276009132,IL6;OAS1;OAS3;KLF4;ELANE
673,GO_Biological_Process_2023,Mesonephric Tubule Development (GO:0072164),5/16,0.1376530009885957,0.8809713937460867,0,0,2.1172655204365283,4.198578276009132,ROBO2;WNT11;WT1;LHX1;NPNT
672,GO_Biological_Process_2023,acetyl-CoA Metabolic Process (GO:0006084),5/16,0.1376530009885957,0.8809713937460867,0,0,2.1172655204365283,4.198578276009132,NUDT7;ACSS2;TDO2;HMGCS2;ACACB
671,GO_Biological_Process_2023,Regulation Of Epithelial To Mesenchymal Transition (GO:0010717),19/83,0.1362564588127198,0.8809713937460867,0,0,1.383869563672541,2.7583515684936804,FOXA1;CRB2;TNXB;HPN;LEF1;GATA3;TGFBR2;BMP5;COL1A1;SFRP1;BMP2;IL6;LRG1;BAMBI;ZNF703;SPRY2;SPRY1;FERMT2;EZH2
670,GO_Biological_Process_2023,Phospholipase C-activating G Protein-Coupled Receptor Signaling Pathway (GO:0007200),19/83,0.1362564588127198,0.8809713937460867,0,0,1.383869563672541,2.7583515684936804,OPRD1;P2RY12;GPR17;LHCGR;P2RY10;HTR2C;OPRK1;HTR2A;PTH1R;TACR1;ESR1;P2RY6;CCKAR;CCKBR;CXCR2;NMUR1;GPR139;VIP;F2RL2
771,GO_Biological_Process_2023,Response To Lipid (GO:0033993),24/110,0.155197292882155,0.8839410580347613,0,0,1.300975115683276,2.423792245587161,FOXA1;ANXA1;CITED1;GPX3;SLC11A1;ASCL1;ESR1;FOXO1;SELP;CYP24A1;SCD;ALDH1A2;SPP1;PPARG;S100A14;CD36;CSN1S1;NOS1;FGFR4;S100A9;RXRG;S100A8;S100A7;SNCA
773,GO_Biological_Process_2023,Synaptic Vesicle Endocytosis (GO:0048488),10/40,0.1565429048001114,0.8893012304988243,0,0,1.5530668178811076,2.880046173693886,SYT5;NLGN1;SYT1;ITSN1;SNCG;SNCB;SH3GL2;STX1A;PACSIN1;SNCA
772,GO_Biological_Process_2023,Regulation Of Cytosolic Calcium Ion Concentration (GO:0051480),10/40,0.1565429048001114,0.8893012304988243,0,0,1.5530668178811076,2.880046173693886,CALB2;TRPM2;CALCB;PLN;CAV3;CAV2;TMEM178A;CAV1;CDH23;SLC8A2
774,GO_Biological_Process_2023,Defense Response To Bacterium (GO:0042742),42/204,0.1584750094956353,0.8991156345191077,0,0,1.2092089227997669,2.227554334457367,PGLYRP4;PGLYRP2;STAB2;UMOD;DEFB1;NOD2;CXCL13;WFDC2;AQP1;JCHAIN;PYCARD;NLRP6;H2BC21;PRB3;RNASE7;SLAMF8;IL12B;CTSG;S100A14;IGHA2;ELANE;CAMP;CHGA;GSDMC;H2BC8;SLC11A1;PLA2G2A;ISG15;AZU1;DEFB132;F3;SELP;H2BC12;IL6;OAS1;OAS2;OAS3;H2BC11;LALBA;LACRT;S100A9;S100A8
775,GO_Biological_Process_2023,Positive Regulation Of Epithelial Cell Migration (GO:0010634),21/95,0.1590191553345687,0.9010402396985806,0,0,1.3227907942071764,2.432255924220632,ANGPT4;ANGPT1;EGF;PROX1;GATA3;FGF1;FGF2;MMP9;NELL2;VIL1;NELL1;FGF7;IFNG;RAB25;HYAL1;ATOH8;ENPP2;TEK;GFUS;PLPP3;GPLD1
776,GO_Biological_Process_2023,Regulation Of Kinase Activity (GO:0043549),19/85,0.1610992528172143,0.9099049521686652,0,0,1.3417704618671076,2.449716793469786,CDKN1C;RET;NTRK2;NTRK3;IRS2;LDB2;EGFR;MYCNOS;ERBB2;TYRO3;SLAMF8;TEK;ECT2;FGFR4;ROS1;MET;FGFR3;DRD4;DDR2
777,GO_Biological_Process_2023,Response To Interleukin-1 (GO:0070555),19/85,0.1610992528172143,0.9099049521686652,0,0,1.3417704618671076,2.449716793469786,CCL14;CCL25;CCL13;CCL24;CCL23;ANXA1;PTGIS;CCL11;CITED1;CCL21;CCL20;CX3CL1;PYCARD;SFRP1;CCL7;HYAL1;CCL17;CCL16;SNCA
778,GO_Biological_Process_2023,Positive Regulation Of Transport (GO:0051050),12/50,0.1612044479734797,0.9099049521686652,0,0,1.471444568868981,2.6855067853450625,ANXA1;LRP1;SPAG5;CALY;TFR2;GPC3;DOC2B;SYNGR3;SGK2;LACRT;GPLD1;SNCA
783,GO_Biological_Process_2023,Response To Glucocorticoid (GO:0051384),7/26,0.1624227498260034,0.9109347333991544,0,0,1.7162367675562844,3.1193509010251863,ZFP36;IL6;CALCR;ANXA1;FAM107A;NR3C1;SSTR2
781,GO_Biological_Process_2023,Protein Localization To Cell Surface (GO:0034394),7/26,0.1624227498260034,0.9109347333991544,0,0,1.7162367675562844,3.1193509010251863,RIC3;FGF7;WNT11;ANK2;FBLN5;CD177;GPIHBP1
782,GO_Biological_Process_2023,Regulation Of Vasoconstriction (GO:0019229),7/26,0.1624227498260034,0.9109347333991544,0,0,1.7162367675562844,3.1193509010251863,FGA;ACE2;OXTR;CAV1;KCNMB2;AVPR2;AVPR1A
779,GO_Biological_Process_2023,Cellular Response To Xenobiotic Stimulus (GO:0071466),7/26,0.1624227498260034,0.9109347333991544,0,0,1.7162367675562844,3.1193509010251863,KCNH2;CRHBP;AIM2;ADIPOQ;DPEP1;PPM1E;GPLD1
780,GO_Biological_Process_2023,Negative Regulation Of Endothelial Cell Apoptotic Process (GO:2000352),7/26,0.1624227498260034,0.9109347333991544,0,0,1.7162367675562844,3.1193509010251863,SEMA5A;CDH5;FGA;IL11;NDNF;GATA3;TEK
4424,KEGG_2021_Human,Viral carcinogenesis,44/203,0.0824894225555139,0.9132757497217616,0,0,1.2916686922812382,3.222823444272525,HPN;CDC20;CREB3L3;CREB3L4;CREB3L1;H2BC21;CHEK1;CCR8;PMAIP1;H4C2;H4C4;H4C3;CCR4;H4C5;H4C8;STAT5A;H2BC9;EGR2;H2BC7;EGR3;H4C9;GSN;H2BC8;H2BC5;CDKN2A;H2BC6;H2BC4;H2BC17;H2BC18;CCNA2;H2BC12;KAT2B;H2BC13;H2BC14;H2BC15;CCNE2;CCNE1;H4C14;H4C12;H2BC11;H4C11;CDK1;IRF7;CREB5
797,GO_Biological_Process_2023,acyl-CoA Metabolic Process (GO:0006637),8/31,0.1689564859682801,0.9274677513140174,0,0,1.6203629553882737,2.881190180323268,ACSM3;ACSM1;ACSM2A;ACSM5;GLYAT;HMGCS2;ACACB;ACSM2B
786,GO_Biological_Process_2023,Cell Migration Involved In Sprouting Angiogenesis (GO:0002042),5/17,0.1681198583161439,0.9274677513140174,0,0,1.9407087580218951,3.4604353074190577,NELL1;NR4A1;EGR3;FGF2;GPLD1
785,GO_Biological_Process_2023,Nitrogen Compound Transport (GO:0071705),34/163,0.167146568683223,0.9274677513140174,0,0,1.228970959554048,2.198486725285548,RD3;SLC22A3;SLC35F3;AQP9;SLC7A14;HBB;SLC7A10;SLC6A2;AQP1;SLC6A4;SLC7A3;SLC22A12;RACGAP1;SLC19A3;FLVCR1;SLC18A1;RHBG;SLC38A5;CUBN;SLC36A2;SLC11A1;SLC52A2;SLC52A3;SLC52A1;NRG1;HBA1;SLC7A5;SLC5A8;CENPF;TXNIP;SLC29A4;ZG16;RAMP1;ABCG2
798,GO_Biological_Process_2023,Negative Regulation Of Chemotaxis (GO:0050922),8/31,0.1689564859682801,0.9274677513140174,0,0,1.6203629553882737,2.881190180323268,ROBO2;SEMA5A;SEMA7A;SEMA3D;SEMA6D;SEMA3G;NRG1;ELANE
796,GO_Biological_Process_2023,Triglyceride Biosynthetic Process (GO:0019432),5/17,0.1681198583161439,0.9274677513140174,0,0,1.9407087580218951,3.4604353074190577,DGAT2;GPAM;MOGAT1;GPAT3;PCK1
795,GO_Biological_Process_2023,Regulation Of Leukocyte Chemotaxis (GO:0002688),5/17,0.1681198583161439,0.9274677513140174,0,0,1.9407087580218951,3.4604353074190577,F7;IL6;EDN2;EDN3;PTN
800,GO_Biological_Process_2023,Presynaptic Endocytosis (GO:0140238),8/31,0.1689564859682801,0.9274677513140174,0,0,1.6203629553882737,2.881190180323268,SYT5;NLGN1;SYT1;SNCG;SNCB;STX1A;PACSIN1;SNCA
799,GO_Biological_Process_2023,Positive Regulation Of Extrinsic Apoptotic Signaling Pathway (GO:2001238),8/31,0.1689564859682801,0.9274677513140174,0,0,1.6203629553882737,2.881190180323268,RET;PYCARD;SFRP1;CAV1;PMAIP1;G0S2;INHBA;LTB
787,GO_Biological_Process_2023,Negative Regulation Of Calcium Ion Transport (GO:0051926),5/17,0.1681198583161439,0.9274677513140174,0,0,1.9407087580218951,3.4604353074190577,PLN;CAV3;ATP1A2;NOS1;CBARP
788,GO_Biological_Process_2023,Neuron Maturation (GO:0042551),5/17,0.1681198583161439,0.9274677513140174,0,0,1.9407087580218951,3.4604353074190577,EPHA8;LGI4;ADGRB3;CX3CL1;RND1
794,GO_Biological_Process_2023,Positive Regulation Of Macrophage Derived Foam Cell Differentiation (GO:0010744),5/17,0.1681198583161439,0.9274677513140174,0,0,1.9407087580218951,3.4604353074190577,PLA2G2A;PLA2G10;CD36;APOB;PF4
790,GO_Biological_Process_2023,Positive Regulation Of Cartilage Development (GO:0061036),5/17,0.1681198583161439,0.9274677513140174,0,0,1.9407087580218951,3.4604353074190577,BMP2;ZBTB16;SCX;BMPR1B;SOX5
792,GO_Biological_Process_2023,Positive Regulation Of Fatty Acid Metabolic Process (GO:0045923),5/17,0.1681198583161439,0.9274677513140174,0,0,1.9407087580218951,3.4604353074190577,KAT2B;MLXIPL;NR4A3;PPARA;PPARGC1A
791,GO_Biological_Process_2023,Positive Regulation Of Cell Adhesion Mediated By Integrin (GO:0033630),5/17,0.1681198583161439,0.9274677513140174,0,0,1.9407087580218951,3.4604353074190577,P2RY12;RET;CCL21;RAC3;CXCL13
784,GO_Biological_Process_2023,Mitotic Cell Cycle Phase Transition (GO:0044772),24/111,0.1665156087284796,0.9274677513140174,0,0,1.2859428526556531,2.305266322886137,BRSK2;UBE2C;CCNF;PLK1;CDC7;CDC25C;PKMYT1;FOXM1;CDC25A;AURKA;CCNA2;CCNB2;CCNB1;MELK;CCNE2;CCNE1;UBE2S;CDK1;CCNI2;E2F1;TACC3;CCNP;CCNO;CDKN3
789,GO_Biological_Process_2023,Positive Chemotaxis (GO:0050918),5/17,0.1681198583161439,0.9274677513140174,0,0,1.9407087580218951,3.4604353074190577,SEMA5A;NELL1;FGF7;MET;CX3CL1
793,GO_Biological_Process_2023,Positive Regulation Of Heart Rate (GO:0010460),5/17,0.1681198583161439,0.9274677513140174,0,0,1.9407087580218951,3.4604353074190577,EDN2;EDN3;ADM2;ADRB1;SCN3B
801,GO_Biological_Process_2023,Positive Regulation Of Phospholipase C Activity (GO:0010863),9/36,0.173317920577776,0.9502230633173082,0,0,1.552910052910053,2.721673142926311,P2RY12;P2RY6;KIT;NMUR1;HTR2A;AVPR1A;FGF2;ESR1;EGFR
855,GO_Biological_Process_2023,Negative Regulation Of Monoatomic Ion Transport (GO:0043271),5/18,0.200919184872488,0.9578839139792924,0,0,1.7913145744402823,2.874795703679733,PLN;CAV3;CASQ2;NOS1;VIP
856,GO_Biological_Process_2023,Positive Regulation Of Cytokine Production Involved In Inflammatory Response (GO:1900017),5/18,0.200919184872488,0.9578839139792924,0,0,1.7913145744402823,2.874795703679733,GBP5;IL6;CLEC7A;NOD2;IL17D
857,GO_Biological_Process_2023,Positive Regulation Of Monocyte Chemotaxis (GO:0090026),5/18,0.200919184872488,0.9578839139792924,0,0,1.7913145744402823,2.874795703679733,CXCL10;CXCL12;CXCL17;S100A14;S100A7
858,GO_Biological_Process_2023,Regulation Of Epithelial Cell Differentiation (GO:0030856),5/18,0.200919184872488,0.9578839139792924,0,0,1.7913145744402823,2.874795703679733,IFNG;CAV1;GATA3;CD24;APOLD1
859,GO_Biological_Process_2023,Cytokine-Mediated Signaling Pathway (GO:0019221),51/257,0.2014688444240094,0.9578839139792924,0,0,1.1545585949902244,1.8497420255738688,CNTFR;CSF3;CXCL9;EPO;CXCL13;CXCL2;CX3CL1;OASL;PYCARD;GHR;LEPR;IL12B;CTSG;IL11;EDN2;LIFR;GREM2;AIM2;OAS1;OAS2;KIT;IL9R;CCL14;CCL13;CEBPA;CCL11;LRP8;CCL7;CXCR2;IL21R;CCL17;CCL16;STAT5A;CCL25;EGR1;CCL24;IL33;CCL23;CCL21;CCL20;MX1;OSM;PPBP;MT3;CXCL10;CXCL11;IL6;CXCL12;LEP;PYDC1;PF4
860,GO_Biological_Process_2023,Adrenal Gland Development (GO:0030325),3/9,0.202655235270127,0.9578839139792924,0,0,2.328381437464629,3.716676755829696,WNT11;WT1;INSM1
861,GO_Biological_Process_2023,Calcium Ion Transport Into Cytosol (GO:0060402),3/9,0.202655235270127,0.9578839139792924,0,0,2.328381437464629,3.716676755829696,JPH2;JPH3;CACNA2D1
862,GO_Biological_Process_2023,Cell Differentiation In Spinal Cord (GO:0021515),3/9,0.202655235270127,0.9578839139792924,0,0,2.328381437464629,3.716676755829696,DRAXIN;LHX1;MDGA2
863,GO_Biological_Process_2023,Cell Differentiation Involved In Metanephros Development (GO:0072202),3/9,0.202655235270127,0.9578839139792924,0,0,2.328381437464629,3.716676755829696,SIX2;PAX2;POU3F3
864,GO_Biological_Process_2023,Cellular Response To Purine-Containing Compound (GO:0071415),3/9,0.202655235270127,0.9578839139792924,0,0,2.328381437464629,3.716676755829696,P2RY6;CASQ2;RYR3
865,GO_Biological_Process_2023,Dopamine Transport (GO:0015872),3/9,0.202655235270127,0.9578839139792924,0,0,2.328381437464629,3.716676755829696,SLC22A3;SLC29A4;MAPK15
866,GO_Biological_Process_2023,Hematopoietic Stem Cell Differentiation (GO:0060218),3/9,0.202655235270127,0.9578839139792924,0,0,2.328381437464629,3.716676755829696,SFRP1;MEOX1;BATF
867,GO_Biological_Process_2023,Hormone Transport (GO:0009914),3/9,0.202655235270127,0.9578839139792924,0,0,2.328381437464629,3.716676755829696,SLCO1C1;SLC7A5;FFAR4
868,GO_Biological_Process_2023,Intestinal Cholesterol Absorption (GO:0030299),3/9,0.202655235270127,0.9578839139792924,0,0,2.328381437464629,3.716676755829696,ABCG8;AKR1C1;CD36
869,GO_Biological_Process_2023,Long-Chain Fatty Acid Import Into Cell (GO:0044539),3/9,0.202655235270127,0.9578839139792924,0,0,2.328381437464629,3.716676755829696,SLC2A1;SPX;CD36
838,GO_Biological_Process_2023,Peptide Cross-Linking (GO:0018149),7/27,0.1878328807643206,0.9578839139792924,0,0,1.6303257790368273,2.7262350776204443,ANXA1;EPB42;KRT2;FN1;NDNF;EVPL;IVL
871,GO_Biological_Process_2023,Muscle Cell Fate Commitment (GO:0042693),3/9,0.202655235270127,0.9578839139792924,0,0,2.328381437464629,3.716676755829696,MYOG;WT1;MYL2
872,GO_Biological_Process_2023,Myeloid Dendritic Cell Differentiation (GO:0043011),3/9,0.202655235270127,0.9578839139792924,0,0,2.328381437464629,3.716676755829696,DCSTAMP;DHRS2;TGFBR2
873,GO_Biological_Process_2023,Negative Regulation Of Alpha-Beta T Cell Proliferation (GO:0046642),3/9,0.202655235270127,0.9578839139792924,0,0,2.328381437464629,3.716676755829696,LGALS9C;VSIR;LGALS9B
874,GO_Biological_Process_2023,Negative Regulation Of Cell Adhesion Mediated By Integrin (GO:0033629),3/9,0.202655235270127,0.9578839139792924,0,0,2.328381437464629,3.716676755829696,MUC1;PDE3B;NRG1
875,GO_Biological_Process_2023,Negative Regulation Of Leukocyte Migration (GO:0002686),3/9,0.202655235270127,0.9578839139792924,0,0,2.328381437464629,3.716676755829696,SLAMF8;HOXA7;BMP5
876,GO_Biological_Process_2023,Negative Regulation Of Potassium Ion Transmembrane Transporter Activity (GO:1901017),3/9,0.202655235270127,0.9578839139792924,0,0,2.328381437464629,3.716676755829696,CAV3;CASQ2;KCNAB1
877,GO_Biological_Process_2023,Neuron Remodeling (GO:0016322),3/9,0.202655235270127,0.9578839139792924,0,0,2.328381437464629,3.716676755829696,EPHA8;CX3CL1;RND1
878,GO_Biological_Process_2023,Peptidyl-Cysteine Modification (GO:0018198),3/9,0.202655235270127,0.9578839139792924,0,0,2.328381437464629,3.716676755829696,NOS1;S100A9;S100A8
879,GO_Biological_Process_2023,Phosphatidylcholine Catabolic Process (GO:0034638),3/9,0.202655235270127,0.9578839139792924,0,0,2.328381437464629,3.716676755829696,PNLIPRP2;PLA2G10;PLA2G4A
880,GO_Biological_Process_2023,Phosphatidylethanolamine Acyl-Chain Remodeling (GO:0036152),3/9,0.202655235270127,0.9578839139792924,0,0,2.328381437464629,3.716676755829696,MBOAT2;PLAAT2;PLAAT4
881,GO_Biological_Process_2023,Positive Regulation Of ATP Metabolic Process (GO:1903580),3/9,0.202655235270127,0.9578839139792924,0,0,2.328381437464629,3.716676755829696,PID1;PPARA;PPARGC1A
882,GO_Biological_Process_2023,Positive Regulation Of RNA Biosynthetic Process (GO:1902680),3/9,0.202655235270127,0.9578839139792924,0,0,2.328381437464629,3.716676755829696,TOP2A;GINS2;GINS4
883,GO_Biological_Process_2023,Positive Regulation Of Epidermis Development (GO:0045684),3/9,0.202655235270127,0.9578839139792924,0,0,2.328381437464629,3.716676755829696,IL20;KRT2;TMEM79
884,GO_Biological_Process_2023,Positive Regulation Of Hippo Signaling (GO:0035332),3/9,0.202655235270127,0.9578839139792924,0,0,2.328381437464629,3.716676755829696,SCHIP1;SOX11;FRMD1
885,GO_Biological_Process_2023,Positive Regulation Of Sodium Ion Transmembrane Transport (GO:1902307),3/9,0.202655235270127,0.9578839139792924,0,0,2.328381437464629,3.716676755829696,FXYD1;DMD;NOS1
854,GO_Biological_Process_2023,Negative Regulation Of Lipid Storage (GO:0010888),5/18,0.200919184872488,0.9578839139792924,0,0,1.7913145744402823,2.874795703679733,IL6;PPARG;PPARA;CES1;PNPLA2
887,GO_Biological_Process_2023,Regulation Of Actin Filament-Based Movement (GO:1903115),3/9,0.202655235270127,0.9578839139792924,0,0,2.328381437464629,3.716676755829696,MYLK2;PLN;SCN5A
888,GO_Biological_Process_2023,Regulation Of Animal Organ Morphogenesis (GO:2000027),3/9,0.202655235270127,0.9578839139792924,0,0,2.328381437464629,3.716676755829696,SAPCD2;WT1;SIX2
889,GO_Biological_Process_2023,Regulation Of Cellular Extravasation (GO:0002691),3/9,0.202655235270127,0.9578839139792924,0,0,2.328381437464629,3.716676755829696,FUT7;OLFM4;LYVE1
890,GO_Biological_Process_2023,Regulation Of Cellular Response To Oxidative Stress (GO:1900407),3/9,0.202655235270127,0.9578839139792924,0,0,2.328381437464629,3.716676755829696,PRKN;AIFM2;FBLN5
891,GO_Biological_Process_2023,Regulation Of Dendritic Cell Apoptotic Process (GO:2000668),3/9,0.202655235270127,0.9578839139792924,0,0,2.328381437464629,3.716676755829696,CXCL12;CCL21;CCR7
892,GO_Biological_Process_2023,Regulation Of Myeloid Leukocyte Mediated Immunity (GO:0002886),3/9,0.202655235270127,0.9578839139792924,0,0,2.328381437464629,3.716676755829696,STXBP2;DNASE1L3;UNC13D
893,GO_Biological_Process_2023,Regulation Of Postsynaptic Neurotransmitter Receptor Activity (GO:0098962),3/9,0.202655235270127,0.9578839139792924,0,0,2.328381437464629,3.716676755829696,DLGAP3;DLGAP2;CACNG5
894,GO_Biological_Process_2023,Regulation Of Tau-Protein Kinase Activity (GO:1902947),3/9,0.202655235270127,0.9578839139792924,0,0,2.328381437464629,3.716676755829696,EGR1;IFNG;DKK1
895,GO_Biological_Process_2023,Response To Type I Interferon (GO:0034340),3/9,0.202655235270127,0.9578839139792924,0,0,2.328381437464629,3.716676755829696,MX1;ISG15;IFIT1
896,GO_Biological_Process_2023,Serotonin Transport (GO:0006837),3/9,0.202655235270127,0.9578839139792924,0,0,2.328381437464629,3.716676755829696,SLC22A3;SLC29A4;SLC6A4
897,GO_Biological_Process_2023,Vasoconstriction (GO:0042310),3/9,0.202655235270127,0.9578839139792924,0,0,2.328381437464629,3.716676755829696,EDN2;EDNRB;EDN3
898,GO_Biological_Process_2023,"Wound Healing, Spreading Of Epidermal Cells (GO:0035313)",3/9,0.202655235270127,0.9578839139792924,0,0,2.328381437464629,3.716676755829696,MMP12;LRG1;COL5A1
899,GO_Biological_Process_2023,Generation Of Neurons (GO:0048699),35/172,0.2042809148275527,0.9578839139792924,0,0,1.1909982616815418,1.8916139450022695,GPM6A;BRSK2;NDNF;CELSR1;ASCL1;ASCL2;RELN;WNT11;RACGAP1;SIX3;ERBB2;TRIM46;KIAA0319;IRX1;WNT10B;EMX1;NTRK2;FZD4;IRX6;WNT7B;EN1;SOX11;CIT;NELL1;LMX1A;ARTN;LHX2;LHX1;DCX;LHX6;INSM1;MET;LHX9;ASTN1;ADGRL3
900,GO_Biological_Process_2023,Cellular Response To Salt (GO:1902075),23/109,0.205866207956452,0.9578839139792924,0,0,1.2464130190202645,1.969991669682975,SYT5;P2RY12;EGR1;SYT4;SLC13A2;NLGN1;AOC1;SYT1;CPNE7;AKR1C3;SYT13;SYT9;CACNA1H;RYR3;SYT17;CRHBP;RASA4;ITPKA;DPEP1;SCN5A;ECT2;GPLD1;KCNH1
901,GO_Biological_Process_2023,Endocrine System Development (GO:0035270),6/23,0.2097582830729892,0.9578839139792924,0,0,1.6438602628817032,2.567380044907273,SOX2;TG;WNT11;WT1;SIX3;NKX2-5
870,GO_Biological_Process_2023,Morphogenesis Of An Epithelial Sheet (GO:0002011),3/9,0.202655235270127,0.9578839139792924,0,0,2.328381437464629,3.716676755829696,TBX20;SOX11;BMP5
903,GO_Biological_Process_2023,Positive Regulation Of Cell-Substrate Junction Organization (GO:0150117),6/23,0.2097582830729892,0.9578839139792924,0,0,1.6438602628817032,2.567380044907273,NELL1;SFRP1;MYOC;NRG1;TEK;FERMT2
904,GO_Biological_Process_2023,Positive Regulation Of Morphogenesis Of An Epithelium (GO:1905332),6/23,0.2097582830729892,0.9578839139792924,0,0,1.6438602628817032,2.567380044907273,LBX2;EGF;LHX1;MMRN2;FGF2;PAX2
905,GO_Biological_Process_2023,Regulation Of T Cell Migration (GO:2000404),6/23,0.2097582830729892,0.9578839139792924,0,0,1.6438602628817032,2.567380044907273,PYCARD;CXCL10;CXCL12;CCL21;CCL20;APOD
906,GO_Biological_Process_2023,Regulation Of Axon Extension Involved In Axon Guidance (GO:0048841),6/23,0.2097582830729892,0.9578839139792924,0,0,1.6438602628817032,2.567380044907273,SEMA5A;NELL1;SEMA7A;SEMA3D;SEMA6D;SEMA3G
907,GO_Biological_Process_2023,Inorganic Anion Transmembrane Transport (GO:0098661),14/63,0.2135286893186023,0.9578839139792924,0,0,1.331170674344106,2.0553063278074712,GABRA5;GABRA4;GABRA3;ANO9;SLC4A1;SLC1A7;GABRG1;SLC5A5;SLC4A8;SLC5A8;GLRA3;SLC26A9;GABRE;SLC12A8
908,GO_Biological_Process_2023,Protein Polymerization (GO:0051258),14/63,0.2135286893186023,0.9578839139792924,0,0,1.331170674344106,2.0553063278074712,PRKN;FGA;GSN;UBE2C;FAM107A;KRT5;VIL1;CATIP;DIAPH3;TPPP2;MAP7D3;UBE2S;CASQ2;WASF3
909,GO_Biological_Process_2023,Negative Regulation Of Cation Channel Activity (GO:2001258),7/28,0.2147289733939761,0.9578839139792924,0,0,1.552596789423985,2.388481729511088,EPO;CASQ2;KCNAB1;MMP9;DRD4;CBARP;TRDN
910,GO_Biological_Process_2023,Pyroptosis (GO:0070269),7/28,0.2147289733939761,0.9578839139792924,0,0,1.552596789423985,2.388481729511088,PYCARD;GSDMC;IFI27;IGF2BP1;MAP3K20;GZMB;ELANE
911,GO_Biological_Process_2023,Regulation Of Lipid Biosynthetic Process (GO:0046890),7/28,0.2147289733939761,0.9578839139792924,0,0,1.552596789423985,2.388481729511088,MLXIPL;PDK4;HSD17B13;THRSP;SORBS1;PCK1;PPARA
912,GO_Biological_Process_2023,Regulation Of Bone Mineralization (GO:0030500),13/58,0.2152992719333566,0.9578839139792924,0,0,1.3459074284272925,2.0669453763250503,FBN2;KL;ISG15;PTN;BMP6;CCNA2;NELL1;BMP2;S1PR1;NOTUM;BMPR1B;GPM6B;DDR2
913,GO_Biological_Process_2023,Renal System Development (GO:0072001),13/58,0.2152992719333566,0.9578839139792924,0,0,1.3459074284272925,2.0669453763250503,HELLS;MYOCD;MME;PROX1;GATA3;SULF1;PCSK5;PAX2;CENPF;SOX17;WT1;SIX2;LHX1
914,GO_Biological_Process_2023,"CD4-positive, Alpha-Beta T Cell Activation (GO:0035710)",2/5,0.2161021247223229,0.9578839139792924,0,0,3.104196133899104,4.755641463203077,RSAD2;TNFSF4
915,GO_Biological_Process_2023,L-ascorbic Acid Metabolic Process (GO:0019852),2/5,0.2161021247223229,0.9578839139792924,0,0,3.104196133899104,4.755641463203077,RGN;SLC2A1
916,GO_Biological_Process_2023,L-phenylalanine Catabolic Process (GO:0006559),2/5,0.2161021247223229,0.9578839139792924,0,0,3.104196133899104,4.755641463203077,IL4I1;TAT
917,GO_Biological_Process_2023,L-phenylalanine Metabolic Process (GO:0006558),2/5,0.2161021247223229,0.9578839139792924,0,0,3.104196133899104,4.755641463203077,IL4I1;TAT
886,GO_Biological_Process_2023,Protein K6-linked Ubiquitination (GO:0085020),3/9,0.202655235270127,0.9578839139792924,0,0,2.328381437464629,3.716676755829696,PRKN;UBE2S;UBE2T
919,GO_Biological_Process_2023,Amylin Receptor Signaling Pathway (GO:0097647),2/5,0.2161021247223229,0.9578839139792924,0,0,3.104196133899104,4.755641463203077,CALCR;RAMP1
920,GO_Biological_Process_2023,Cell Junction Disassembly (GO:0150146),2/5,0.2161021247223229,0.9578839139792924,0,0,3.104196133899104,4.755641463203077,DKK1;CX3CL1
921,GO_Biological_Process_2023,Cellular Response To Magnesium Ion (GO:0071286),2/5,0.2161021247223229,0.9578839139792924,0,0,3.104196133899104,4.755641463203077,KCNA1;RYR3
922,GO_Biological_Process_2023,Cerebral Cortex Cell Migration (GO:0021795),2/5,0.2161021247223229,0.9578839139792924,0,0,3.104196133899104,4.755641463203077,RELN;LHX6
923,GO_Biological_Process_2023,Choline Metabolic Process (GO:0019695),2/5,0.2161021247223229,0.9578839139792924,0,0,3.104196133899104,4.755641463203077,DMGDH;BCHE
924,GO_Biological_Process_2023,Epithelial Tube Formation (GO:0072175),2/5,0.2161021247223229,0.9578839139792924,0,0,3.104196133899104,4.755641463203077,GATA3;PAX2
925,GO_Biological_Process_2023,Erythrose 4-Phosphate/Phosphoenolpyruvate Family Amino Acid Catabolic Process (GO:1902222),2/5,0.2161021247223229,0.9578839139792924,0,0,3.104196133899104,4.755641463203077,IL4I1;TAT
926,GO_Biological_Process_2023,Establishment Of Lymphocyte Polarity (GO:0001767),2/5,0.2161021247223229,0.9578839139792924,0,0,3.104196133899104,4.755641463203077,CCL21;CCR7
927,GO_Biological_Process_2023,Establishment Of Protein Localization To Telomere (GO:0070200),2/5,0.2161021247223229,0.9578839139792924,0,0,3.104196133899104,4.755641463203077,TERT;BRCA2
928,GO_Biological_Process_2023,Gamma-Aminobutyric Acid Metabolic Process (GO:0009448),2/5,0.2161021247223229,0.9578839139792924,0,0,3.104196133899104,4.755641463203077,GAD1;ALDH1A1
929,GO_Biological_Process_2023,Gastrulation With Mouth Forming Second (GO:0001702),2/5,0.2161021247223229,0.9578839139792924,0,0,3.104196133899104,4.755641463203077,NAT8B;LHX1
930,GO_Biological_Process_2023,Glyoxylate Metabolic Process (GO:0046487),2/5,0.2161021247223229,0.9578839139792924,0,0,3.104196133899104,4.755641463203077,AGXT2;HOGA1
931,GO_Biological_Process_2023,Heme Transport (GO:0015886),2/5,0.2161021247223229,0.9578839139792924,0,0,3.104196133899104,4.755641463203077,FLVCR1;NRG1
932,GO_Biological_Process_2023,Heterocycle Catabolic Process (GO:0046700),2/5,0.2161021247223229,0.9578839139792924,0,0,3.104196133899104,4.755641463203077,DPEP1;HOGA1
933,GO_Biological_Process_2023,Intracellular Water Homeostasis (GO:0009992),2/5,0.2161021247223229,0.9578839139792924,0,0,3.104196133899104,4.755641463203077,SCTR;AQP4
902,GO_Biological_Process_2023,Negative Regulation Of Lymphocyte Activation (GO:0051250),6/23,0.2097582830729892,0.9578839139792924,0,0,1.6438602628817032,2.567380044907273,IL4I1;FOXJ1;ILDR2;SOX11;CTSG;TIGIT
935,GO_Biological_Process_2023,Leukocyte Apoptotic Process (GO:0071887),2/5,0.2161021247223229,0.9578839139792924,0,0,3.104196133899104,4.755641463203077,HCAR2;IL6
936,GO_Biological_Process_2023,Medium-Chain fatty-acyl-CoA Metabolic Process (GO:0036112),2/5,0.2161021247223229,0.9578839139792924,0,0,3.104196133899104,4.755641463203077,NUDT7;ACSM2A
937,GO_Biological_Process_2023,Mesenchymal Cell Differentiation Involved In Kidney Development (GO:0072161),2/5,0.2161021247223229,0.9578839139792924,0,0,3.104196133899104,4.755641463203077,SIX2;PAX2
938,GO_Biological_Process_2023,Mesenchymal To Epithelial Transition Involved In Metanephros Morphogenesis (GO:0003337),2/5,0.2161021247223229,0.9578839139792924,0,0,3.104196133899104,4.755641463203077,SIX2;PAX2
939,GO_Biological_Process_2023,Metanephric Collecting Duct Development (GO:0072205),2/5,0.2161021247223229,0.9578839139792924,0,0,3.104196133899104,4.755641463203077,WNT7B;PAX2
940,GO_Biological_Process_2023,Negative Regulation Of Actin Filament Depolymerization (GO:0030835),2/5,0.2161021247223229,0.9578839139792924,0,0,3.104196133899104,4.755641463203077,VIL1;PLEKHH2
941,GO_Biological_Process_2023,Negative Regulation Of Cellular Extravasation (GO:0002692),2/5,0.2161021247223229,0.9578839139792924,0,0,3.104196133899104,4.755641463203077,CCL25;CXCL12
942,GO_Biological_Process_2023,Negative Regulation Of Cytokinesis (GO:0032466),2/5,0.2161021247223229,0.9578839139792924,0,0,3.104196133899104,4.755641463203077,E2F7;E2F8
943,GO_Biological_Process_2023,Negative Regulation Of Gene Expression Via CpG Island Methylation (GO:0044027),2/5,0.2161021247223229,0.9578839139792924,0,0,3.104196133899104,4.755641463203077,HELLS;UHRF1
944,GO_Biological_Process_2023,Negative Regulation Of Lamellipodium Organization (GO:1902744),2/5,0.2161021247223229,0.9578839139792924,0,0,3.104196133899104,4.755641463203077,KANK1;NRG1
945,GO_Biological_Process_2023,Negative Regulation Of Lens Fiber Cell Differentiation (GO:1902747),2/5,0.2161021247223229,0.9578839139792924,0,0,3.104196133899104,4.755641463203077,SPRY2;SPRY1
946,GO_Biological_Process_2023,Negative Regulation Of Meiotic Cell Cycle (GO:0051447),2/5,0.2161021247223229,0.9578839139792924,0,0,3.104196133899104,4.755641463203077,DUSP1;FBXO43
947,GO_Biological_Process_2023,Negative Regulation Of Monocyte Chemotaxis (GO:0090027),2/5,0.2161021247223229,0.9578839139792924,0,0,3.104196133899104,4.755641463203077,DUSP1;SLAMF8
948,GO_Biological_Process_2023,Neurotransmitter Loading Into Synaptic Vesicle (GO:0098700),2/5,0.2161021247223229,0.9578839139792924,0,0,3.104196133899104,4.755641463203077,SLC17A7;SLC18A1
949,GO_Biological_Process_2023,Notochord Development (GO:0030903),2/5,0.2161021247223229,0.9578839139792924,0,0,3.104196133899104,4.755641463203077,STIL;COL2A1
918,GO_Biological_Process_2023,Activation Of Transmembrane Receptor Protein Tyrosine Kinase Activity (GO:0007171),2/5,0.2161021247223229,0.9578839139792924,0,0,3.104196133899104,4.755641463203077,ANGPT1;NRG1
951,GO_Biological_Process_2023,Plasma Membrane Raft Assembly (GO:0044854),2/5,0.2161021247223229,0.9578839139792924,0,0,3.104196133899104,4.755641463203077,CAV3;CAV2
952,GO_Biological_Process_2023,Podocyte Cell Migration (GO:0090521),2/5,0.2161021247223229,0.9578839139792924,0,0,3.104196133899104,4.755641463203077,KANK1;DAAM2
953,GO_Biological_Process_2023,"Positive Regulation Of Wnt Signaling Pathway, Planar Cell Polarity Pathway (GO:2000096)",2/5,0.2161021247223229,0.9578839139792924,0,0,3.104196133899104,4.755641463203077,RSPO3;DKK1
954,GO_Biological_Process_2023,Positive Regulation Of Animal Organ Morphogenesis (GO:0110110),2/5,0.2161021247223229,0.9578839139792924,0,0,3.104196133899104,4.755641463203077,GATA3;CD34
955,GO_Biological_Process_2023,Positive Regulation Of Cholesterol Biosynthetic Process (GO:0045542),2/5,0.2161021247223229,0.9578839139792924,0,0,3.104196133899104,4.755641463203077,SH2D2A;FGF1
956,GO_Biological_Process_2023,Positive Regulation Of Epithelial Cell Differentiation Involved In Kidney Development (GO:2000698),2/5,0.2161021247223229,0.9578839139792924,0,0,3.104196133899104,4.755641463203077,LHX1;PAX2
957,GO_Biological_Process_2023,Positive Regulation Of Extrinsic Apoptotic Signaling Pathway Via Death Domain Receptors (GO:1902043),2/5,0.2161021247223229,0.9578839139792924,0,0,3.104196133899104,4.755641463203077,SFRP1;PMAIP1
958,GO_Biological_Process_2023,Positive Regulation Of Gap Junction Assembly (GO:1903598),2/5,0.2161021247223229,0.9578839139792924,0,0,3.104196133899104,4.755641463203077,CNTNAP2;CAV1
959,GO_Biological_Process_2023,Positive Regulation Of Granulocyte Differentiation (GO:0030854),2/5,0.2161021247223229,0.9578839139792924,0,0,3.104196133899104,4.755641463203077,TESC;LEF1
960,GO_Biological_Process_2023,Positive Regulation Of Killing Of Cells Of Another Organism (GO:0051712),2/5,0.2161021247223229,0.9578839139792924,0,0,3.104196133899104,4.755641463203077,FCER2;IFNG
961,GO_Biological_Process_2023,Positive Regulation Of Lipoprotein Particle Clearance (GO:0010986),2/5,0.2161021247223229,0.9578839139792924,0,0,3.104196133899104,4.755641463203077,GPLD1;GPIHBP1
962,GO_Biological_Process_2023,Positive Regulation Of Microglial Cell Migration (GO:1904141),2/5,0.2161021247223229,0.9578839139792924,0,0,3.104196133899104,4.755641463203077,P2RY12;CX3CL1
963,GO_Biological_Process_2023,Positive Regulation Of Mitotic Cytokinesis (GO:1903490),2/5,0.2161021247223229,0.9578839139792924,0,0,3.104196133899104,4.755641463203077,BIRC5;CDCA8
964,GO_Biological_Process_2023,Positive Regulation Of Receptor Binding (GO:1900122),2/5,0.2161021247223229,0.9578839139792924,0,0,3.104196133899104,4.755641463203077,NELL1;MMP9
965,GO_Biological_Process_2023,Positive Regulation Of Sterol Biosynthetic Process (GO:0106120),2/5,0.2161021247223229,0.9578839139792924,0,0,3.104196133899104,4.755641463203077,SH2D2A;FGF1
934,GO_Biological_Process_2023,Iron Coordination Entity Transport (GO:1901678),2/5,0.2161021247223229,0.9578839139792924,0,0,3.104196133899104,4.755641463203077,FLVCR1;NRG1
967,GO_Biological_Process_2023,Positive Regulation Of Urine Volume (GO:0035810),2/5,0.2161021247223229,0.9578839139792924,0,0,3.104196133899104,4.755641463203077,NPR1;NPR3
968,GO_Biological_Process_2023,Proline Metabolic Process (GO:0006560),2/5,0.2161021247223229,0.9578839139792924,0,0,3.104196133899104,4.755641463203077,AOC1;PYCR1
969,GO_Biological_Process_2023,Regulation Of Apoptotic DNA Fragmentation (GO:1902510),2/5,0.2161021247223229,0.9578839139792924,0,0,3.104196133899104,4.755641463203077,IL6;CIDEA
970,GO_Biological_Process_2023,Regulation Of cGMP-mediated Signaling (GO:0010752),2/5,0.2161021247223229,0.9578839139792924,0,0,3.104196133899104,4.755641463203077,PDE11A;PDE2A
971,GO_Biological_Process_2023,Regulation Of Endothelial Cell-Matrix Adhesion Via Fibronectin (GO:1904904),2/5,0.2161021247223229,0.9578839139792924,0,0,3.104196133899104,4.755641463203077,MMP12;GFUS
972,GO_Biological_Process_2023,Regulation Of Glucagon Secretion (GO:0070092),2/5,0.2161021247223229,0.9578839139792924,0,0,3.104196133899104,4.755641463203077,IL6;FFAR4
973,GO_Biological_Process_2023,Regulation Of Guanylate Cyclase Activity (GO:0031282),2/5,0.2161021247223229,0.9578839139792924,0,0,3.104196133899104,4.755641463203077,RD3;NOS1
974,GO_Biological_Process_2023,Regulation Of Hepatocyte Proliferation (GO:2000345),2/5,0.2161021247223229,0.9578839139792924,0,0,3.104196133899104,4.755641463203077,HPN;PTN
975,GO_Biological_Process_2023,Regulation Of Hormone Biosynthetic Process (GO:0046885),2/5,0.2161021247223229,0.9578839139792924,0,0,3.104196133899104,4.755641463203077,EGR1;FFAR3
976,GO_Biological_Process_2023,Regulation Of Macrophage Apoptotic Process (GO:2000109),2/5,0.2161021247223229,0.9578839139792924,0,0,3.104196133899104,4.755641463203077,IRF7;NOD2
977,GO_Biological_Process_2023,Regulation Of Neutrophil Extravasation (GO:2000389),2/5,0.2161021247223229,0.9578839139792924,0,0,3.104196133899104,4.755641463203077,OLFM4;XG
978,GO_Biological_Process_2023,Regulation Of Relaxation Of Cardiac Muscle (GO:1901897),2/5,0.2161021247223229,0.9578839139792924,0,0,3.104196133899104,4.755641463203077,CHGA;PLN
979,GO_Biological_Process_2023,Regulation Of Sarcomere Organization (GO:0060297),2/5,0.2161021247223229,0.9578839139792924,0,0,3.104196133899104,4.755641463203077,CAV3;PROX1
980,GO_Biological_Process_2023,Regulation Of Ventricular Cardiac Muscle Cell Membrane Depolarization (GO:0060373),2/5,0.2161021247223229,0.9578839139792924,0,0,3.104196133899104,4.755641463203077,SCN5A;SCN3B
981,GO_Biological_Process_2023,Reproductive System Development (GO:0061458),2/5,0.2161021247223229,0.9578839139792924,0,0,3.104196133899104,4.755641463203077,LHCGR;WT1
950,GO_Biological_Process_2023,Peripheral Nervous System Neuron Development (GO:0048935),2/5,0.2161021247223229,0.9578839139792924,0,0,3.104196133899104,4.755641463203077,ISL2;POU4F1
983,GO_Biological_Process_2023,Response To Catecholamine (GO:0071869),2/5,0.2161021247223229,0.9578839139792924,0,0,3.104196133899104,4.755641463203077,GNG2;NR4A3
984,GO_Biological_Process_2023,Response To Peptidoglycan (GO:0032494),2/5,0.2161021247223229,0.9578839139792924,0,0,3.104196133899104,4.755641463203077,IL6;INAVA
985,GO_Biological_Process_2023,Thiamine Transmembrane Transport (GO:0071934),2/5,0.2161021247223229,0.9578839139792924,0,0,3.104196133899104,4.755641463203077,SLC44A4;SLC19A3
986,GO_Biological_Process_2023,Thiamine-Containing Compound Metabolic Process (GO:0042723),2/5,0.2161021247223229,0.9578839139792924,0,0,3.104196133899104,4.755641463203077,TKTL1;SLC19A3
987,GO_Biological_Process_2023,Tight Junction Organization (GO:0120193),2/5,0.2161021247223229,0.9578839139792924,0,0,3.104196133899104,4.755641463203077,CLDN11;CLDN5
988,GO_Biological_Process_2023,Trigeminal Nerve Development (GO:0021559),2/5,0.2161021247223229,0.9578839139792924,0,0,3.104196133899104,4.755641463203077,TIFAB;POU4F1
989,GO_Biological_Process_2023,Venous Blood Vessel Morphogenesis (GO:0048845),2/5,0.2161021247223229,0.9578839139792924,0,0,3.104196133899104,4.755641463203077,TBX20;PROX1
990,GO_Biological_Process_2023,Ventricular Cardiac Muscle Cell Development (GO:0055015),2/5,0.2161021247223229,0.9578839139792924,0,0,3.104196133899104,4.755641463203077,PROX1;NKX2-5
991,GO_Biological_Process_2023,Carboxylic Acid Transport (GO:0046942),12/53,0.2167995646375488,0.9578839139792924,0,0,1.3635288012454592,2.084538311752907,SLC7A5;SLC36A2;SLC7A14;SLC16A6;SLC16A12;SLC16A7;SLC5A12;SLC7A10;SLC16A3;SLC1A7;SLC38A5;SLC7A3
992,GO_Biological_Process_2023,Cellular Response To Alcohol (GO:0097306),12/53,0.2167995646375488,0.9578839139792924,0,0,1.3635288012454592,2.084538311752907,SFRP1;BLM;GNG2;RAD51;TNFSF4;KLF9;AKR1C3;AKR1C2;GPLD1;GNAI1;CES1;SLC5A5
993,GO_Biological_Process_2023,Negative Regulation Of Viral Genome Replication (GO:0045071),12/53,0.2167995646375488,0.9578839139792924,0,0,1.3635288012454592,2.084538311752907,RSAD2;OAS1;OAS2;OAS3;MX1;HMGA2;ISG15;PROX1;IFIT1;IFNL3;OASL;APOBEC3B
994,GO_Biological_Process_2023,Lung Development (GO:0030324),8/33,0.2173543601553771,0.9578839139792924,0,0,1.4905525644658544,2.2749204676200487,CEBPA;FGF7;WNT11;ZIC3;WNT7B;FOXJ1;SOX11;PROX1
995,GO_Biological_Process_2023,Regulation Of Sprouting Angiogenesis (GO:1903670),8/33,0.2173543601553771,0.9578839139792924,0,0,1.4905525644658544,2.2749204676200487,PPP1R16B;CREB3L1;RHOJ;E2F2;FGF1;KLF4;FGF2;KLF2
996,GO_Biological_Process_2023,Cellular Response To Peptide Hormone Stimulus (GO:0071375),19/89,0.217413724391934,0.9578839139792924,0,0,1.264789247137172,1.930009169411028,TRARG1;LHCGR;CAV1;PDE3B;ADIPOQ;IRS2;SLC2A4;SORBS1;FOXO1;CRHBP;KAT2B;NR4A1;RAB31;NR4A3;PPARG;TRIB3;MGARP;PCK1;GPLD1
997,GO_Biological_Process_2023,Organic Anion Transport (GO:0015711),19/89,0.217413724391934,0.9578839139792924,0,0,1.264789247137172,1.930009169411028,SLC22A3;SLC44A4;SLC52A2;SLC52A3;SLC2A1;SLC52A1;SLC4A1;SLCO5A1;SLC2A4;SLC2A6;SLC22A12;SLCO1C1;SLC4A8;CALHM1;SLC17A9;CA4;SLCO1A2;SLC22A11;ABCG2
966,GO_Biological_Process_2023,Positive Regulation Of Tau-Protein Kinase Activity (GO:1902949),2/5,0.2161021247223229,0.9578839139792924,0,0,3.104196133899104,4.755641463203077,EGR1;DKK1
839,GO_Biological_Process_2023,Positive Regulation Of Ubiquitin-Protein Transferase Activity (GO:0051443),7/27,0.1878328807643206,0.9578839139792924,0,0,1.6303257790368273,2.7262350776204443,CDC20;UBE2C;UBE2S;PLK1;TRIB3;MAGEC2;CDC14B
840,GO_Biological_Process_2023,Negative Regulation Of Fat Cell Differentiation (GO:0045599),8/32,0.192521727840263,0.9578839139792924,0,0,1.552753376782847,2.5582330181960877,WNT10B;BMP2;IL6;E2F1;TRIB3;FOXO1;FERMT2;RUNX1T1
841,GO_Biological_Process_2023,Regulation Of Transmembrane Transport (GO:0034762),8/32,0.192521727840263,0.9578839139792924,0,0,1.552753376782847,2.5582330181960877,CALHM1;KCNJ6;KCNJ10;FFAR4;KCNJ16;TRIB3;KCNJ3;SNCA
842,GO_Biological_Process_2023,Response To Tumor Necrosis Factor (GO:0034612),23/108,0.1928805135826654,0.9578839139792924,0,0,1.2611537045096923,2.075460955326482,CCL14;CCL25;CCL13;CCL24;CCL23;PID1;CCL11;CCL21;CCL20;ADIPOQ;GATA3;NPNT;CX3CL1;PYCARD;CRHBP;DCSTAMP;TCL1A;ZFP36;SFRP1;CCL7;HYAL1;CCL17;CCL16
843,GO_Biological_Process_2023,Negative Regulation Of Cell Adhesion (GO:0007162),16/72,0.193336944595524,0.9578839139792924,0,0,1.3313587860591554,2.187849565878524,SEMA5A;ADAMDEC1;ANGPT1;DUSP1;FZD4;PDE3B;NRG1;CORO2B;CX3CL1;RND1;MUC1;DACT2;CDH13;B4GALNT2;PLXNA4;MUC21
844,GO_Biological_Process_2023,Regulation Of Inflammatory Response (GO:0050727),48/240,0.1934113167867266,0.9578839139792924,0,0,1.165878475207796,1.9154639316067443,IL21;CEBPA;SEMA7A;IL20;CXCL17;GATA3;NOD2;CX3CL1;PYCARD;CDH5;NLRP6;FFAR4;GGT2P;IGF2BP1;CCN4;IL12B;FFAR2;ELANE;SNCA;IL33;ANXA1;PTGIS;TSLP;CMA1;PDE2A;ADIPOQ;MMP3;PLA2G2A;OSM;MMP8;KLF4;MMP9;ACE2;IL6;LRFN5;PROC;AIM2;IFNG;TNFSF4;TYRO3;SAA1;PPARG;TEK;PPARA;DNASE1L3;S100A9;MGLL;S100A8
845,GO_Biological_Process_2023,Regulation Of Vascular Associated Smooth Muscle Cell Proliferation (GO:1904705),9/37,0.1953370166719531,0.9578839139792924,0,0,1.4973578717201166,2.445228710457454,CNN1;P2RY6;NR4A3;TAFA5;ADIPOQ;PPARG;IGF1;FGF2;MMP9
846,GO_Biological_Process_2023,Ventricular Septum Development (GO:0003281),9/37,0.1953370166719531,0.9578839139792924,0,0,1.4973578717201166,2.445228710457454,ROBO2;TGFBR3;PDE2A;GATA4;SOX11;GATA3;PROX1;NKX2-5;TGFBR2
847,GO_Biological_Process_2023,Positive Regulation Of Smooth Muscle Cell Proliferation (GO:0048661),11/47,0.1974801252434583,0.9578839139792924,0,0,1.4235283922606667,2.3091300768023166,P2RY6;IL6;NR4A3;RBPMS2;CCN4;CDH13;IGF1;FGF2;MMP9;CX3CL1;ELANE
848,GO_Biological_Process_2023,Regulation Of Wound Healing (GO:0061041),11/47,0.1974801252434583,0.9578839139792924,0,0,1.4235283922606667,2.3091300768023166,VIL1;KANK1;ANXA1;CLDN3;MMRN1;CLEC7A;CAV1;CLDN19;NRG1;FGF2;MYLK
849,GO_Biological_Process_2023,Cardiac Atrium Morphogenesis (GO:0003209),5/18,0.200919184872488,0.9578839139792924,0,0,1.7913145744402823,2.874795703679733,BMP2;TBX20;GATA4;PROX1;NKX2-5
850,GO_Biological_Process_2023,Cell Junction Maintenance (GO:0034331),5/18,0.200919184872488,0.9578839139792924,0,0,1.7913145744402823,2.874795703679733,NLGN1;CLDN3;CBLN2;CBLN1;CD177
851,GO_Biological_Process_2023,Excitatory Postsynaptic Potential (GO:0060079),5/18,0.200919184872488,0.9578839139792924,0,0,1.7913145744402823,2.874795703679733,NPAS4;FOXM1;MAPK8IP2;GRIN2B;GRIN2D
852,GO_Biological_Process_2023,Heart Trabecula Morphogenesis (GO:0061384),5/18,0.200919184872488,0.9578839139792924,0,0,1.7913145744402823,2.874795703679733,TGFBR3;S1PR1;NRG1;TEK;BMP5
853,GO_Biological_Process_2023,Negative Regulation Of Lipid Catabolic Process (GO:0050995),5/18,0.200919184872488,0.9578839139792924,0,0,1.7913145744402823,2.874795703679733,HCAR2;PDE3B;CIDEA;CIDEC;GPLD1
822,GO_Biological_Process_2023,Catecholamine Metabolic Process (GO:0006584),4/13,0.1850740767043575,0.9578839139792924,0,0,2.06988080636538,3.491887097663876,PNMT;PRKN;PAH;DRD4
982,GO_Biological_Process_2023,Response To Bile Acid (GO:1903412),2/5,0.2161021247223229,0.9578839139792924,0,0,3.104196133899104,4.755641463203077,GPBAR1;FGFR4
823,GO_Biological_Process_2023,Cellular Response To Interleukin-4 (GO:0071353),4/13,0.1850740767043575,0.9578839139792924,0,0,2.06988080636538,3.491887097663876,STAT5A;RUFY4;LEF1;GATA3
824,GO_Biological_Process_2023,Embryonic Hemopoiesis (GO:0035162),4/13,0.1850740767043575,0.9578839139792924,0,0,2.06988080636538,3.491887097663876,THPO;TAL1;KIT;TGFBR2
825,GO_Biological_Process_2023,Membrane Depolarization (GO:0051899),4/13,0.1850740767043575,0.9578839139792924,0,0,2.06988080636538,3.491887097663876,KCNH2;CAV1;SCN5A;SCN3B
826,GO_Biological_Process_2023,Myeloid Dendritic Cell Activation (GO:0001773),4/13,0.1850740767043575,0.9578839139792924,0,0,2.06988080636538,3.491887097663876,PYCARD;DCSTAMP;DHRS2;TGFBR2
827,GO_Biological_Process_2023,Negative Regulation Of Lyase Activity (GO:0051350),4/13,0.1850740767043575,0.9578839139792924,0,0,2.06988080636538,3.491887097663876,RD3;GABBR2;EDNRB;AKAP5
828,GO_Biological_Process_2023,Negative Regulation Of Secretion (GO:0051048),4/13,0.1850740767043575,0.9578839139792924,0,0,2.06988080636538,3.491887097663876,TIFAB;EGF;NRG1;SPX
829,GO_Biological_Process_2023,Positive Regulation Of Granulocyte Macrophage Colony-Stimulating Factor Production (GO:0032725),4/13,0.1850740767043575,0.9578839139792924,0,0,2.06988080636538,3.491887097663876,CD80;IL12B;IL17D;RASGRP1
830,GO_Biological_Process_2023,Regulation Of T Cell Chemotaxis (GO:0010819),4/13,0.1850740767043575,0.9578839139792924,0,0,2.06988080636538,3.491887097663876,CXCL10;CCL21;CXCL13;S100A7
831,GO_Biological_Process_2023,Regulation Of Cellular Ketone Metabolic Process (GO:0010565),4/13,0.1850740767043575,0.9578839139792924,0,0,2.06988080636538,3.491887097663876,PDK4;FGFR4;PPARA;CES1
832,GO_Biological_Process_2023,Regulation Of Flagellated Sperm Motility (GO:1901317),4/13,0.1850740767043575,0.9578839139792924,0,0,2.06988080636538,3.491887097663876,CLXN;TPPP2;TACR3;TACR1
833,GO_Biological_Process_2023,Regulation Of Nitric-Oxide Synthase Biosynthetic Process (GO:0051769),4/13,0.1850740767043575,0.9578839139792924,0,0,2.06988080636538,3.491887097663876,IL33;FCER2;IFNG;NOD2
834,GO_Biological_Process_2023,Relaxation Of Muscle (GO:0090075),4/13,0.1850740767043575,0.9578839139792924,0,0,2.06988080636538,3.491887097663876,RGS2;GSN;PLN;ATP1A2
835,GO_Biological_Process_2023,Secondary Palate Development (GO:0062009),4/13,0.1850740767043575,0.9578839139792924,0,0,2.06988080636538,3.491887097663876,TGFBR3;WNT11;LEF1;TGFBR2
836,GO_Biological_Process_2023,Cardiac Muscle Cell Differentiation (GO:0055007),7/27,0.1878328807643206,0.9578839139792924,0,0,1.6303257790368273,2.7262350776204443,MYOCD;BMP2;WT1;MYH11;NRG1;ALPK3;NKX2-5
837,GO_Biological_Process_2023,Cell Surface Receptor Signaling Pathway Involved In Cell-Cell Signaling (GO:1905114),7/27,0.1878328807643206,0.9578839139792924,0,0,1.6303257790368273,2.7262350776204443,BMP2;FZD4;WNT7B;RAC3;NDP;CD24;FERMT2
806,GO_Biological_Process_2023,Regulation Of Dendrite Development (GO:0050773),10/41,0.1761661837031582,0.9578839139792924,0,0,1.5028764279246734,2.6094856767061136,ZNF296;SEZ6;PTN;VLDLR;CSMD3;MGARP;LRP8;KIAA0319;PACSIN1;BMP5
809,GO_Biological_Process_2023,Development Of Primary Male Sexual Characteristics (GO:0046546),11/46,0.177924583119141,0.9578839139792924,0,0,1.464289765821246,2.527943275316205,LHCGR;SRD5A2;BIK;WT1;KIT;DNAAF11;AKR1C3;GATA4;GATA3;INHBA;TEX19
808,GO_Biological_Process_2023,Cell-Cell Junction Assembly (GO:0007043),16/71,0.1778509234638397,0.9578839139792924,0,0,1.3556479305982287,2.340945844816376,CDH7;CLDN11;CDH5;CLDN5;PARD6B;GJB2;CDH2;CDH10;CDH11;CDH22;ZNF703;CDH12;CDH13;DSG1;CDH15;TLN2
807,GO_Biological_Process_2023,Visual System Development (GO:0150063),10/41,0.1761661837031582,0.9578839139792924,0,0,1.5028764279246734,2.6094856767061136,SOX2;SCO2;ADAMTS18;MAB21L1;SIX3;PAX6;BMPR1B;CHRDL1;MEIS2;FREM2
813,GO_Biological_Process_2023,Negative Regulation Of Endopeptidase Activity (GO:0010951),15/66,0.178618013937771,0.9578839139792924,0,0,1.370544810769282,2.360771322270689,SERPINA11;CRB2;SERPINA12;NRG1;CSN2;SERPINA9;SERPINB7;MT3;CST5;CST4;CST2;CST1;SPOCK3;RECK;TIMP4
812,GO_Biological_Process_2023,Cellular Response To Type II Interferon (GO:0071346),15/66,0.178618013937771,0.9578839139792924,0,0,1.370544810769282,2.360771322270689,CCL14;CCL25;GBP5;CCL13;CCL24;CCL23;CCL11;CCL21;CCL20;AQP4;CX3CL1;IFNG;CCL7;CCL17;CCL16
811,GO_Biological_Process_2023,Regulation Of Cytokine Production Involved In Inflammatory Response (GO:1900015),11/46,0.177924583119141,0.9578839139792924,0,0,1.464289765821246,2.527943275316205,PYCARD;GBP5;PER1;ABCD2;IL6;CLEC7A;LEP;APOD;NOD2;IL17D;PPARA
810,GO_Biological_Process_2023,Male Gonad Development (GO:0008584),11/46,0.177924583119141,0.9578839139792924,0,0,1.464289765821246,2.527943275316205,LHCGR;SRD5A2;BIK;WT1;KIT;DNAAF11;AKR1C3;GATA4;GATA3;INHBA;TEX19
814,GO_Biological_Process_2023,SMAD Protein Signal Transduction (GO:0060395),12/51,0.1788773505014693,0.9578839139792924,0,0,1.4336279323513366,2.467352378785828,GDF10;BMP3;BMP2;CITED1;GDF15;ATOH8;BMP8A;FOS;INHBA;INHA;BMP6;BMP5
815,GO_Biological_Process_2023,Metaphase Plate Congression (GO:0051310),12/51,0.1788773505014693,0.9578839139792924,0,0,1.4336279323513366,2.467352378785828,CENPE;CCNB1;CENPF;KIF18A;PSRC1;KIFC1;CDCA5;KIF14;CDCA8;KIF2C;CEP55;NDC80
816,GO_Biological_Process_2023,Positive Regulation Of Actin Filament Bundle Assembly (GO:0032233),12/51,0.1788773505014693,0.9578839139792924,0,0,1.4336279323513366,2.467352378785828,VIL1;NELL1;SFRP1;WNT11;ARHGEF15;MYOC;SYNPO2;EVL;SYNPO;PPM1E;CX3CL1;FERMT2
817,GO_Biological_Process_2023,Acylglycerol Biosynthetic Process (GO:0046463),6/22,0.1802901093740971,0.9578839139792924,0,0,1.7467077315208157,2.9924387369769163,DGAT2;GPAM;MOGAT1;PLA2G4A;GPAT3;PNPLA2
821,GO_Biological_Process_2023,Regulation Of Neural Precursor Cell Proliferation (GO:2000177),6/22,0.1802901093740971,0.9578839139792924,0,0,1.7467077315208157,2.9924387369769163,DISP3;PTPRZ1;SIX3;PROX1;INSM1;SHCBP1
820,GO_Biological_Process_2023,"Positive Regulation Of Synaptic Transmission, Glutamatergic (GO:0051968)",6/22,0.1802901093740971,0.9578839139792924,0,0,1.7467077315208157,2.9924387369769163,NLGN1;RELN;GRIN2B;CACNG4;GRIN2D;CACNG5
819,GO_Biological_Process_2023,Negative Regulation Of Cell Development (GO:0010721),6/22,0.1802901093740971,0.9578839139792924,0,0,1.7467077315208157,2.9924387369769163,IL6;CCL11;CAV3;PAX6;IGF1;IL17D
818,GO_Biological_Process_2023,Blood Vessel Endothelial Cell Migration (GO:0043534),6/22,0.1802901093740971,0.9578839139792924,0,0,1.7467077315208157,2.9924387369769163,CDH5;NELL1;NR4A1;EGR3;FGF2;GPLD1
802,GO_Biological_Process_2023,DNA Duplex Unwinding (GO:0032508),10/41,0.1761661837031582,0.9578839139792924,0,0,1.5028764279246734,2.6094856767061136,RECQL4;GINS1;GINS2;BLM;CDC45;RAD51;GINS4;HMGA1;MCM4;MCM2
803,GO_Biological_Process_2023,Cellular Response To Retinoic Acid (GO:0071300),10/41,0.1761661837031582,0.9578839139792924,0,0,1.5028764279246734,2.6094856767061136,RET;STRA8;WNT10B;WNT11;FZD4;TESC;WNT7B;PTK6;PAX2;AQP1
804,GO_Biological_Process_2023,Negative Regulation Of DNA Recombination (GO:0045910),10/41,0.1761661837031582,0.9578839139792924,0,0,1.5028764279246734,2.6094856767061136,H1-5;POLQ;H1-4;BLM;RMI2;PARPBP;H1-6;ZSCAN4;H1-3;H1-2
805,GO_Biological_Process_2023,Regulation Of Chemokine Production (GO:0032642),10/41,0.1761661837031582,0.9578839139792924,0,0,1.5028764279246734,2.6094856767061136,PYCARD;EGR1;IL33;IL6;TSLP;IFNG;TNFSF4;FFAR3;FFAR2;ELANE
1000,GO_Biological_Process_2023,Positive Regulation Of Biomineral Tissue Development (GO:0070169),10/43,0.218554556403641,0.9590662520028042,0,0,1.411621173458429,2.146679999741293,FBN2;CCNA2;KL;NELL1;BMP2;ISG15;PTN;BMPR1B;GPM6B;BMP6
999,GO_Biological_Process_2023,Energy Derivation By Oxidation Of Organic Compounds (GO:0015980),10/43,0.218554556403641,0.9590662520028042,0,0,1.411621173458429,2.146679999741293,PID1;NR4A3;ADRB3;ACSM1;LEP;ADGRF5;LEPR;COX6C;PPARGC1A;MT3
998,GO_Biological_Process_2023,Myelination (GO:0042552),11/48,0.2179311983024093,0.9590662520028042,0,0,1.3849703361898484,2.110107385056234,HYCC1;ABCD2;MYOC;LGI4;MPZ;PLP1;MAL2;SCN2A;SOX10;GPM6B;BCAS1
1001,GO_Biological_Process_2023,Skeletal System Morphogenesis (GO:0048705),10/43,0.218554556403641,0.9590662520028042,0,0,1.411621173458429,2.146679999741293,FBN2;CYP26B1;HOXA9;HOXB9;MMP13;ATG9B;HOXA3;SOX11;FGFR3;HOXA4
1002,GO_Biological_Process_2023,Aorta Development (GO:0035904),4/14,0.2250342661010013,0.9748528749222688,0,0,1.862779507500708,2.7783404685882687,ROBO2;LRP1;PDE2A;TGFBR2
1003,GO_Biological_Process_2023,Establishment Of Spindle Localization (GO:0051293),4/14,0.2250342661010013,0.9748528749222688,0,0,1.862779507500708,2.7783404685882687,ESPL1;KIF25;TLE6;LLGL2
1004,GO_Biological_Process_2023,Pathway-Restricted SMAD Protein Phosphorylation (GO:0060389),4/14,0.2250342661010013,0.9748528749222688,0,0,1.862779507500708,2.7783404685882687,TGFBR3;BMP2;AMH;TGFBR2
1005,GO_Biological_Process_2023,Positive Regulation Of Adaptive Immune Response Based On Somatic Recombination Of Immune Receptors Built From Immunoglobulin Superfamily Domains (GO:0002824),4/14,0.2250342661010013,0.9748528749222688,0,0,1.862779507500708,2.7783404685882687,CLEC7A;SLC11A1;CLEC6A;IL12B
1006,GO_Biological_Process_2023,Positive Regulation Of Endothelial Cell Chemotaxis (GO:2001028),4/14,0.2250342661010013,0.9748528749222688,0,0,1.862779507500708,2.7783404685882687,SEMA5A;HSPB1;FGF2;MET
1007,GO_Biological_Process_2023,Positive Regulation Of Histone Acetylation (GO:0035066),4/14,0.2250342661010013,0.9748528749222688,0,0,1.862779507500708,2.7783404685882687,MUC1;NOS1;FOXP3;PPARGC1A
1014,GO_Biological_Process_2023,Striated Muscle Cell Development (GO:0055002),4/14,0.2250342661010013,0.9748528749222688,0,0,1.862779507500708,2.7783404685882687,TMOD1;LMOD1;SDC1;PGM5
1013,GO_Biological_Process_2023,Serine Family Amino Acid Metabolic Process (GO:0009069),4/14,0.2250342661010013,0.9748528749222688,0,0,1.862779507500708,2.7783404685882687,AOC1;CBS;GLYAT;CDO1
1010,GO_Biological_Process_2023,Regulation Of Sequestering Of Triglyceride (GO:0010889),4/14,0.2250342661010013,0.9748528749222688,0,0,1.862779507500708,2.7783404685882687,CIDEA;PPARG;PPARA;PNPLA2
1009,GO_Biological_Process_2023,Regulation Of Cholesterol Storage (GO:0010885),4/14,0.2250342661010013,0.9748528749222688,0,0,1.862779507500708,2.7783404685882687,PPARG;APOB;PPARA;CES1
1011,GO_Biological_Process_2023,Resolution Of Meiotic Recombination Intermediates (GO:0000712),4/14,0.2250342661010013,0.9748528749222688,0,0,1.862779507500708,2.7783404685882687,TOP2A;HFM1;CENPX;EME1
1012,GO_Biological_Process_2023,Response To Muscle Stretch (GO:0035994),4/14,0.2250342661010013,0.9748528749222688,0,0,1.862779507500708,2.7783404685882687,GSN;CAV3;CDH2;DMD
1008,GO_Biological_Process_2023,Regulation Of Bone Remodeling (GO:0046850),4/14,0.2250342661010013,0.9748528749222688,0,0,1.862779507500708,2.7783404685882687,SFRP1;LEP;LEPR;S1PR1
1015,GO_Biological_Process_2023,Negative Regulation Of Neuron Apoptotic Process (GO:0043524),16/74,0.2261305821945453,0.9786379625092676,0,0,1.28529316710574,1.9107716390083,PRKN;CNTFR;NTRK2;CITED1;UNC5B;KIF14;VSTM2L;NDNF;MT3;POU4F1;CX3CL1;NTF4;TOX3;PTPRZ1;TYRO3;PPARGC1A
1016,GO_Biological_Process_2023,Organic Substance Transport (GO:0071702),40/201,0.2285713002999215,0.9882281292219814,0,0,1.158188829111732,1.7093790940182991,RD3;CATSPER1;SLC47A2;CETP;SLC22A3;AQP9;ATP2A3;AQP7;AQP4;CACNA1D;CSN2;SLC6A2;RYR3;AQP1;SLC6A4;SLC22A12;CACNG6;FLVCR1;CDH23;SLC18A1;SLC22A11;CUBN;ABCA5;ABCA6;CACNA2D1;CAV1;ABCA9;TAP1;NRG1;ABCA8;SLC50A1;AQP7B;CENPF;SLCO1A2;TXNIP;SLC29A4;NMUR1;ZG16;RAMP1;ABCG2
1017,GO_Biological_Process_2023,DNA-templated DNA Replication (GO:0006261),15/69,0.2289757506926167,0.9890042984238075,0,0,1.2941668244053253,1.9077820125205989,GINS1;GINS2;BLM;GINS4;HMGA1;MCM10;RECQL4;CDC45;ORC6;RAD51;ORC1;POLE2;MCM4;DNA2;MCM2
1018,GO_Biological_Process_2023,Brain Development (GO:0007420),34/169,0.2292305946570479,0.9891333902915014,0,0,1.173918651737664,1.7292136567560117,ROBO2;CCL14;CNTNAP2;DLX2;ROGDI;MAST1;PCDH18;SLC6A4;DMBX1;RELN;CDH2;ZIC2;SIX3;ZIC1;NNAT;APOD;NKX2-2;EMX1;ARNT2;EGR2;CNTN5;SCTR;FOXJ1;PROX1;GRIN2B;MEIS2;PAX2;GRIN2D;TGFBR2;CENPF;AIM2;PAFAH1B3;CDK5R2;ADGRL3
4675,KEGG_2021_Human,Amino sugar and nucleotide sugar metabolism,1/48,0.9999104222552097,0.9999960678739984,0,0,0.0987773178010975,8.848645691852715e-06,GFUS
4676,KEGG_2021_Human,Tuberculosis,14/180,0.9999562230311728,0.9999960678739984,0,0,0.3901350505627391,1.7079303789634663e-05,CALML5;CLEC4M;NOD2;MAPK10;IL6;FCGR3A;IFNG;CLEC7A;CD209;MRC1;IL12B;PLA2R1;FCGR1A;CAMP
4677,KEGG_2021_Human,Thermogenesis,20/232,0.999968951264749,0.9999960678739984,0,0,0.4359150433742308,1.353482089425518e-05,KLB;ACSL1;NPR1;ADCY4;BMP8A;COX6C;COX7A1;LIPE;CREB3L3;ADRB3;CREB3L4;CNR1;CREB3L1;PRDM16;PPARG;PLIN1;PPARGC1A;MGLL;PNPLA2;CREB5
4678,KEGG_2021_Human,Prion disease,25/273,0.999973821338397,0.9999960678739984,0,0,0.4654261426262032,1.218439297526478e-05,CACNA1B;CACNA1D;COX7A1;RYR3;TUBB8;TUBA3E;TUBA3D;C6;CASP12;CREB3L3;C7;CREB3L4;TUBB3;CREB3L1;EGR1;CAV3;CAV2;CAV1;HSPA6;COX6C;GRIN2B;GRIN2D;MAPK10;IL6;CREB5
4679,KEGG_2021_Human,Diabetic cardiomyopathy,16/203,0.9999774897923552,0.9999960678739984,0,0,0.3955123347007337,8.903164986557955e-06,CMA1;ATP2A3;SLC2A1;SLC2A4;COX6C;COX7A1;MMP9;TGFBR2;COL1A1;MAPK10;COL1A2;PLN;PDK4;TNNI3;CD36;PPARA
4628,KEGG_2021_Human,Mismatch repair,1/23,0.9886521628928268,0.9999960678739984,0,0,0.2113456396544631,0.0024120275717785,EXO1
4629,KEGG_2021_Human,Leishmaniasis,7/77,0.9889010631053218,0.9999960678739984,0,0,0.4643909348441926,0.0051830624259519,FCGR3A;MARCKSL1;IFNG;EEF1A2;IL12B;FOS;FCGR1A
4630,KEGG_2021_Human,Propanoate metabolism,2/34,0.9889375066885222,0.9999960678739984,0,0,0.290505657708628,0.0032316249504819,ACSS2;ACACB
4631,KEGG_2021_Human,Insulin signaling pathway,15/137,0.9892815030391808,0.9999960678739984,0,0,0.5704541011534058,0.0061474152473149,CALML5;PDE3B;IRS2;PYGM;SLC2A4;SORBS1;ACACB;FOXO1;MAPK10;LIPE;SOCS3;PRKAR2B;EIF4E1B;PCK1;PPARGC1A
4632,KEGG_2021_Human,Phagosome,17/152,0.9899951236914092,0.9999960678739984,0,0,0.5841245791245792,0.0058735253507076,CLEC4M;TAP1;COMP;TUBB8;MARCO;TUBA3E;FCGR3A;TUBA3D;TUBB3;CLEC7A;CD209;MRC1;OLR1;CD36;NOS1;PLA2R1;FCGR1A
4691,KEGG_2021_Human,Olfactory transduction,19/440,0.9999939634619852,0.9999960678739984,0,0,0.2057946981860509,1.2422912684374506e-06,CALML5;PDE1C;OR13J1;PDE1B;PDE2A;NCALD;OR10AC1;SLC8A2;GNG13;RGS2;GRK3;GNAL;OR2L13;CNGA2;OR2B11;OR2B6;OR10A3;OR56A3;OR10A6
4692,KEGG_2021_Human,Ubiquitin mediated proteolysis,7/140,0.9999941046144613,0.9999960678739984,0,0,0.2434769643655882,1.4353948058456088e-06,CDC20;PRKN;SOCS3;UBE2C;UBE2S;CBLC;KLHL13
4693,KEGG_2021_Human,Alzheimer disease,27/369,0.9999942450888588,0.9999960678739984,0,0,0.3625955915429599,2.086711413941005e-06,CALML5;LRP1;ATP2A3;LPL;IRS2;CACNA1D;COX7A1;RYR3;TUBB8;TUBA3E;TUBA3D;CASP12;WNT11;TUBB3;NOS1;SNCA;WNT10B;MME;FZD4;WNT7B;COX6C;DKK1;GRIN2B;GRIN2D;DKK4;MAPK10;IL6
4694,KEGG_2021_Human,Amyotrophic lateral sclerosis,24/364,0.9999942685554636,0.9999960678739984,0,0,0.3239664439644346,1.856801026287404e-06,PRKN;GRIA2;DNAH11;NUP210;GPX3;DNAH8;DNAH14;NRG1;DNAH9;NRG2;COX6C;GRIN2B;COX7A1;GRIN2D;TUBB8;TUBA3E;TUBA3D;CASP12;TUBB3;CAT;NEFL;HAP1;NOS1;MAP2K6
4695,KEGG_2021_Human,Salmonella infection,18/249,0.9999944015054336,0.9999960678739984,0,0,0.3594291471529323,2.012267760135921e-06,AHNAK;LEF1;PIK3C2G;FOS;PYCARD;TUBB8;MAPK10;TUBA3E;TUBA3D;IL6;MYL7;TUBB3;MYL2;RHOJ;FLNC;PAK3;WASF3;MAP2K6
4696,KEGG_2021_Human,Shigellosis,17/246,0.9999946555205697,0.9999960678739984,0,0,0.3423704843191743,1.829796900662069e-06,H3C8;FOXO6;SEPTIN12;EGFR;FOXO1;PYCARD;MAPK10;MYL7;H3C13;PLCZ1;MYL2;H3C12;H3C10;H3C3;TLN2;H3C2;H3C7
4697,KEGG_2021_Human,Parkinson disease,17/249,0.9999947093812956,0.9999960678739984,0,0,0.3378808287617554,1.7876033612585302e-06,PRKN;CALML5;MAOA;DUSP1;COX6C;COX7A1;RYR3;GNAI1;TUBB8;MAPK10;TUBA3E;TUBA3D;GNAL;TH;TUBB3;SLC18A1;SNCA
4698,KEGG_2021_Human,RNA transport,7/186,0.9999952906798378,0.9999960678739984,0,0,0.1803978666497855,8.495533110364405e-07,RNU4-1;NUP210;EIF4E1B;EEF1A2;TACC3;SNORD3A;RNU4-2
4699,KEGG_2021_Human,mTOR signaling pathway,7/154,0.9999953825537904,0.9999960678739984,0,0,0.2200998246324025,1.0163014473205734e-06,WNT10B;SLC7A5;WNT11;FZD4;EIF4E1B;WNT7B;IGF1
4700,KEGG_2021_Human,Protein processing in endoplasmic reticulum,7/171,0.9999954011664896,0.9999960678739984,0,0,0.197079043736613,9.063357945667374e-07,PRKN;MAPK10;DNAJC1;CASP12;HSPA6;SEL1L2;CRYAB
4596,KEGG_2021_Human,Hepatitis B,21/162,0.958452488201996,0.9999960678739984,0,0,0.6913925398784886,0.0293394406054467,STAT5A;EGR2;EGR3;FOS;MMP9;TGFBR2;CCNA2;MAPK10;IL6;CASP12;CREB3L3;CCNE2;CREB3L4;CCNE1;CREB3L1;IRF7;E2F1;BIRC5;E2F2;MAP2K6;CREB5
4597,KEGG_2021_Human,Human papillomavirus infection,47/331,0.9627661618477508,0.9999960678739984,0,0,0.7671950038338916,0.0291109990367667,TNXB;MAML2;LAMA2;NOTCH4;LAMA3;EGFR;FOXO1;OASL;COMP;PARD6B;RELN;WNT11;CREB3L3;TERT;IBSP;CREB3L4;CREB3L1;SPP1;E2F1;TNR;HES2;HES6;WNT10B;VWF;LAMB3;FZD4;EGF;WNT7B;MX1;FN1;ISG15;COL1A1;CCNA2;COL1A2;COL2A1;CCNE2;PPP2R2C;CCNE1;PPP2R2B;COL4A3;COL9A1;ITGA7;COL6A6;COL6A5;LLGL2;CRB3;CREB5
4598,KEGG_2021_Human,Primary bile acid biosynthesis,1/17,0.9634802807195224,0.9999960678739984,0,0,0.290706306561086,0.0108152216198664,AKR1D1
4599,KEGG_2021_Human,Selenocompound metabolism,1/17,0.9634802807195224,0.9999960678739984,0,0,0.290706306561086,0.0108152216198664,INMT
4600,KEGG_2021_Human,Long-term depression,6/60,0.9664640617929742,0.9999960678739984,0,0,0.5163472733566191,0.0176132069828184,GRIA2;PLA2G4D;PLA2G4A;NOS1;IGF1;GNAI1
4633,KEGG_2021_Human,Nicotinate and nicotinamide metabolism,2/35,0.9906607688498308,0.9999960678739984,0,0,0.2816853113882817,0.0026430857302985,AOX1;NMNAT2
4634,KEGG_2021_Human,Platelet activation,13/124,0.990729116311433,0.9999960678739984,0,0,0.5434446932744322,0.0050617122384898,P2RY12;MYLK2;FGA;PLA2G4D;VWF;ADCY4;PLA2G4A;RASGRP1;GNAI1;MYLK;COL1A1;COL1A2;TLN2
4635,KEGG_2021_Human,Chagas disease,10/102,0.9910354549350844,0.9999960678739984,0,0,0.5045241059651632,0.0045432236134431,MAPK10;IL6;GNAL;IFNG;PPP2R2C;PPP2R2B;IL12B;FOS;GNAI1;TGFBR2
4636,KEGG_2021_Human,Phospholipase D signaling pathway,16/148,0.9925364200902312,0.9999960678739984,0,0,0.5622025423218266,0.0042117807057785,PLA2G4D;EGF;AVPR2;ADCY4;PLA2G4A;AVPR1A;AGPAT2;EGFR;GRM4;MRAS;PDGFD;GRM8;KIT;CXCR2;PLPP3;PLPP1
4637,KEGG_2021_Human,PD-L1 expression and PD-1 checkpoint pathway in cancer,8/89,0.9932334142402032,0.9999960678739984,0,0,0.4584798267616818,0.0031128867923947,IFNG;EGF;FOS;PDCD1;RASGRP1;EGFR;MAP2K6;BATF
4638,KEGG_2021_Human,Influenza A,19/172,0.994095579696182,0.9999960678739984,0,0,0.5757319035251015,0.0034094384539347,TPSD1;IL33;PRSS1;RSAD2;TMPRSS4;MX1;PYCARD;SOCS3;CXCL10;IL6;IFNG;OAS1;OAS2;OAS3;IRF7;IL12B;KPNA7;KPNA2;PRSS2
4639,KEGG_2021_Human,Collecting duct acid secretion,1/27,0.9947942870175722,0.9999960678739984,0,0,0.1787874173337974,0.000933146939896122,SLC4A1
4640,KEGG_2021_Human,Endometrial cancer,4/58,0.9950852324858712,0.9999960678739984,0,0,0.344036649159774,0.0016950289038102,EGF;LEF1;ERBB2;EGFR
4641,KEGG_2021_Human,Long-term potentiation,5/67,0.9952121283072768,0.9999960678739984,0,0,0.3744794140211157,0.0017972653654606,GRIA2;CALML5;PPP1R1A;GRIN2B;GRIN2D
4642,KEGG_2021_Human,Th1 and Th2 cell differentiation,8/92,0.9952919606898984,0.9999960678739984,0,0,0.4420245854079801,0.0020859834323248,STAT5A;MAPK10;MAML2;IFNG;IL12B;FOS;GATA3;DLL3
4611,KEGG_2021_Human,Galactose metabolism,2/31,0.981691189366402,0.9999960678739984,0,0,0.3206164951470516,0.0059245090834199,MGAM2;LALBA
4580,KEGG_2021_Human,Thyroid hormone signaling pathway,16/121,0.9250858561585298,0.9999960678739984,0,0,0.7079374095562678,0.0551261858040227,NOTCH4;DIO1;ATP2A3;SLC2A1;ATP1A3;GATA4;ATP1A2;ESR1;FOXO1;SLCO1C1;RCAN1;KAT2B;PLN;PLCZ1;FXYD2;RXRG
4581,KEGG_2021_Human,Autoimmune thyroid disease,6/53,0.925831991493894,0.9999960678739984,0,0,0.5935031363545978,0.045736832756187,TPO;TG;CD80;CTLA4;GZMB;CGA
4582,KEGG_2021_Human,Proteoglycans in cancer,29/205,0.926469036785406,0.9999960678739984,0,0,0.7650095236861201,0.0584273371938341,MIR10B;HPSE2;TWIST2;FGF2;EGFR;WNT11;ERBB2;GPC3;IL12B;FLNC;WNT10B;CAV3;FZD4;CAV2;WNT7B;CAV1;FN1;PLAUR;ANK2;IGF1;ESR1;MMP9;DCN;COL1A1;COL1A2;MRAS;SDC1;PPP1R12B;MET
4583,KEGG_2021_Human,Human T-cell leukemia virus 1 infection,31/219,0.9319425922986694,0.9999960678739984,0,0,0.7654431309244942,0.0539515414341486,ADCY4;SLC2A1;BUB1B;CDC20;CCNB2;ZFP36;CREB3L3;TERT;PTTG1;CREB3L4;CREB3L1;CHEK1;E2F1;E2F2;STAT5A;EGR1;EGR2;CDKN2A;FOS;TGFBR2;CCNA2;MAPK10;KAT2B;IL6;CCNE2;ESPL1;CCNE1;LTA;TLN2;MAD2L1;CREB5
4584,KEGG_2021_Human,Arachidonic acid metabolism,7/61,0.9321703493535018,0.9999960678739984,0,0,0.6025758052670234,0.0423247454295281,PTGIS;PLA2G4D;GPX3;PLA2G10;PLA2G2A;AKR1C3;PLA2G4A
4617,KEGG_2021_Human,Fc gamma R-mediated phagocytosis,10/97,0.9846287930223064,0.9999960678739984,0,0,0.5336826908349057,0.008267048394602,FCGR3A;MARCKSL1;GSN;PLA2G4D;CFL2;PLA2G4A;PLPP3;FCGR1A;PLPP1;WASF3
4618,KEGG_2021_Human,VEGF signaling pathway,5/59,0.9858246394463211,0.9999960678739984,0,0,0.4301675684744767,0.0061414123224937,PLA2G4D;SH2D2A;HSPB1;RAC3;PLA2G4A
4619,KEGG_2021_Human,Glioma,7/75,0.9858818616536906,0.9999960678739984,0,0,0.4781078153641059,0.0067980942207853,CALML5;CDKN2A;EGF;E2F1;E2F2;IGF1;EGFR
4620,KEGG_2021_Human,Osteoclast differentiation,14/127,0.985971955729231,0.9999960678739984,0,0,0.574982604829452,0.0081229904203728,SIRPG;FOS;LILRB5;OSCAR;TGFBR2;MAPK10;SOCS3;FCGR3A;CALCR;IFNG;FOSB;PPARG;FCGR1A;MAP2K6
4621,KEGG_2021_Human,Inflammatory mediator regulation of TRP channels,10/98,0.986177449615934,0.9999960678739984,0,0,0.5275858958166869,0.0073434529883185,MAPK10;CALML5;PLA2G4D;TRPA1;ADCY4;HTR2C;PLA2G4A;IGF1;HTR2A;MAP2K6
4622,KEGG_2021_Human,Arginine biosynthesis,1/22,0.9862113645916082,0.9999960678739984,0,0,0.2214231846584787,0.0030743682845959,NOS1
4623,KEGG_2021_Human,Terpenoid backbone biosynthesis,1/22,0.9862113645916082,0.9999960678739984,0,0,0.2214231846584787,0.0030743682845959,HMGCS2
4624,KEGG_2021_Human,SNARE interactions in vesicular transport,2/33,0.9869050805277836,0.9999960678739984,0,0,0.299895058630287,0.0039530408797616,STX11;STX1A
4625,KEGG_2021_Human,Porphyrin and chlorophyll metabolism,3/43,0.9880143016452414,0.9999960678739984,0,0,0.3485356536502547,0.0042026798528698,ALAS2;UGT2B28;UGT2B17
4626,KEGG_2021_Human,Purine metabolism,14/129,0.9884154207210412,0.9999960678739984,0,0,0.5649137962951536,0.0065824903949756,RRM2;PDE1C;NPR1;PDE1B;NPR2;PDE2A;PDE3B;ADCY4;ENTPD8;AMPD1;NME3;AK5;NME1;PDE11A
4595,KEGG_2021_Human,Glycosylphosphatidylinositol (GPI)-anchor biosynthesis,2/26,0.9582999043775596,0.9999960678739984,0,0,0.3875294672324375,0.0165066228905916,PIGQ;GPLD1
4564,KEGG_2021_Human,One carbon pool by folate,2/20,0.89207342803829,0.9999960678739984,0,0,0.5168945465975169,0.0590328883149557,ALDH1L1;TYMS
4565,KEGG_2021_Human,Steroid biosynthesis,2/20,0.89207342803829,0.9999960678739984,0,0,0.5168945465975169,0.0590328883149557,SQLE;CYP24A1
4566,KEGG_2021_Human,Phototransduction,3/28,0.8949828432330597,0.9999960678739984,0,0,0.5581663837011884,0.0619289679915495,GNGT1;CALML5;SAG
4567,KEGG_2021_Human,Glutathione metabolism,7/57,0.8983152056555126,0.9999960678739984,0,0,0.6509405099150142,0.0698031263218468,NAT8B;RRM2;GPX3;GSTA3;GSTA1;GSTT2;GSTM5
4568,KEGG_2021_Human,C-type lectin receptor signaling pathway,14/104,0.8998391906827944,0.9999960678739984,0,0,0.7229381524584476,0.0762983205072733,EGR2;EGR3;CALML5;CLEC4M;PYCARD;MAPK10;IL6;MRAS;CLEC7A;CD209;CLEC6A;IL12B;IL17D;CCL17
4601,KEGG_2021_Human,Other glycan degradation,1/18,0.9699439249709636,0.9999960678739984,0,0,0.273589299973383,0.0083491297188448,NEU4
4602,KEGG_2021_Human,Renal cell carcinoma,7/69,0.9716020271699828,0.9999960678739984,0,0,0.5245682171251028,0.0151122833708557,ARNT2;EGLN3;EPAS1;SLC2A1;PAK3;MET;PAK5
4603,KEGG_2021_Human,Primary immunodeficiency,3/38,0.9745438066836728,0.9999960678739984,0,0,0.3984477322338103,0.0102742967453599,CD19;TAP1;ICOS
4604,KEGG_2021_Human,Epithelial cell signaling in Helicobacter pylori infection,7/70,0.9746603256934164,0.9999960678739984,0,0,0.5162102612527542,0.013249182953959,MAPK10;PTPRZ1;CXCR2;CXCL2;MET;EGFR;JAM2
4605,KEGG_2021_Human,ErbB signaling pathway,9/85,0.9749564658551992,0.9999960678739984,0,0,0.550046992481203,0.0139505445072359,STAT5A;MAPK10;EGF;ERBB2;NRG1;NRG2;PAK3;EGFR;PAK5
4606,KEGG_2021_Human,Th17 cell differentiation,12/107,0.975797229193345,0.9999960678739984,0,0,0.586535274356103,0.014370390554649,STAT5A;IL21;MAPK10;IL6;IFNG;IL21R;GATA3;FOS;IL17D;FOXP3;RXRG;TGFBR2
4607,KEGG_2021_Human,Basal cell carcinoma,6/63,0.9765602704589598,0.9999960678739984,0,0,0.4890816676355289,0.0116004349877075,WNT10B;BMP2;WNT11;FZD4;WNT7B;LEF1
4608,KEGG_2021_Human,GnRH signaling pathway,10/93,0.9766972158331622,0.9999960678739984,0,0,0.5595389781410872,0.0131931385421551,MAPK10;EGR1;CALML5;PLA2G4D;ADCY4;PLA2G4A;CACNA1D;CGA;EGFR;MAP2K6
4609,KEGG_2021_Human,Regulation of actin cytoskeleton,28/218,0.9791778474980314,0.9999960678739984,0,0,0.6834215775974561,0.0143805503717526,MYLK2;FGF1;IQGAP3;FGF2;EGFR;MYLK;FGD3;FGF5;FGF7;PDGFD;CFL2;RAC3;MYH11;PAK3;PAK5;GSN;EGF;FN1;FGF17;MYL7;MRAS;CXCL12;DIAPH3;MYL2;ITGA7;FGFR4;PPP1R12B;FGFR3
4610,KEGG_2021_Human,Necroptosis,19/159,0.981659923239636,0.9999960678739984,0,0,0.6296942256152035,0.011655854812619,ZBP1;STAT5A;H2AX;H2AZ1;IL33;H2AC8;H2AC6;PLA2G4D;PLA2G4A;PYGM;H2AC16;H2AC17;H2AC11;PYCARD;MAPK10;H2AC13;H2AC14;IFNG;H2AC20
4579,KEGG_2021_Human,Viral myocarditis,7/60,0.9247908108243168,0.9999960678739984,0,0,0.6139825752311722,0.048005896145647,SGCA;LAMA2;CD80;CAV1;RAC3;DMD;SGCG
4548,KEGG_2021_Human,Signaling pathways regulating pluripotency of stem cells,21/143,0.8547803250677201,0.9999960678739984,0,0,0.799998601242097,0.1255283987620846,WNT10B;DLX5;FZD4;WNT7B;ESRRB;LIFR;PAX6;IGF1;INHBA;KLF4;FGF2;SOX2;ACVR1C;WNT11;ZIC3;ID4;HOXB1;OTX1;BMPR1B;FGFR4;FGFR3
4549,KEGG_2021_Human,Synthesis and degradation of ketone bodies,1/10,0.8572476946521755,0.9999960678739984,0,0,0.5170311714429362,0.0796374721332192,HMGCS2
4550,KEGG_2021_Human,FoxO signaling pathway,19/131,0.8593202191195891,0.9999960678739984,0,0,0.7884679809956956,0.1195425047092158,PLK4;EGF;PLK1;FOXO6;IRS2;IGF1;SLC2A4;FOXO1;EGFR;KLF2;TGFBR2;MAPK10;CCNB2;CCNB1;IL6;CAT;S1PR1;PCK1;SGK2
4551,KEGG_2021_Human,Carbohydrate digestion and absorption,6/47,0.861370334366299,0.9999960678739984,0,0,0.6806059224568456,0.1015673294142092,MGAM2;FXYD2;ATP1A3;ATP1A2;CACNA1D;TAS1R3
4552,KEGG_2021_Human,Hippo signaling pathway,24/163,0.8651245847272536,0.9999960678739984,0,0,0.8023149371194761,0.116240795217854,CRB2;WNT10B;FZD4;WNT7B;LEF1;BMP8A;AFP;FGF1;FRMD1;BMP6;BMP5;BBC3;TGFBR2;SOX2;BMP2;PARD6B;WNT11;PPP2R2C;PPP2R2B;BIRC5;FAT4;BMPR1B;AMH;LLGL2
4585,KEGG_2021_Human,Other types of O-glycan biosynthesis,5/47,0.93609782743915,0.9999960678739984,0,0,0.5534770533354905,0.0365490185396271,GALNT6;GALNT14;GALNT5;GALNT15;GALNT8
4586,KEGG_2021_Human,Glycerophospholipid metabolism,12/98,0.944850339525076,0.9999960678739984,0,0,0.6482731321128155,0.0367757146565732,PLPP4;PLA2G4D;GPAM;GPD1;PLA2G10;PLA2G2A;PLA2G4A;MBOAT2;GPAT3;PLPP3;AGPAT2;PLPP1
4587,KEGG_2021_Human,Thiamine metabolism,1/15,0.9460853627316752,0.9999960678739984,0,0,0.3322761797026503,0.018415569444069,AK5
4588,KEGG_2021_Human,Base excision repair,3/33,0.9473898212567328,0.9999960678739984,0,0,0.4649971703452178,0.025130601148148,FEN1;NEIL3;POLE2
4589,KEGG_2021_Human,Small cell lung cancer,11/92,0.949021129093626,0.9999960678739984,0,0,0.6309461285827328,0.0330137615368122,CCNE2;LAMA2;LAMB3;CCNE1;COL4A3;LAMA3;CKS2;E2F1;FN1;E2F2;RXRG
4590,KEGG_2021_Human,Legionellosis,6/57,0.9525153484074288,0.9999960678739984,0,0,0.5468205973978376,0.0266023071210995,PYCARD;IL6;EEF1A2;HSPA6;IL12B;CXCL2
4591,KEGG_2021_Human,Colorectal cancer,10/86,0.953444096899575,0.9999960678739984,0,0,0.6113366063301151,0.0291451578845587,MAPK10;EGF;LEF1;RAC3;BIRC5;PMAIP1;FOS;EGFR;BBC3;TGFBR2
4592,KEGG_2021_Human,AGE-RAGE signaling pathway in diabetic complications,12/100,0.9537721794091234,0.9999960678739984,0,0,0.6334622823984526,0.029982049628283,STAT5A;COL1A1;MAPK10;EGR1;IL6;COL1A2;COL4A3;FN1;VEGFD;F3;FOXO1;TGFBR2
4593,KEGG_2021_Human,Pathways in cancer,80/531,0.9538590080284668,0.9999960678739984,0,0,0.8215985176129669,0.0388118282285918,RET;CALML5;EPO;SLC2A1;FGF1;BRCA2;FGF2;BBC3;FGF5;GNGT1;FGF7;EDNRB;IL12B;RAC3;MMP1;FOS;MMP9;TGFBR2;CCNA2;CCNE2;IFNG;CCNE1;KIT;COL4A3;CKS2;BIRC5;PPARG;MET;CEBPA;LAMA2;EPAS1;NOTCH4;LAMA3;LEF1;ADCY4;GSTT2;KLK3;RASGRP1;EGFR;FOXO1;GNAI1;DLL3;GNG2;WNT11;TERT;GNG4;ERBB2;E2F1;E2F2;PMAIP1;RXRG;RUNX1T1;STAT5A;WNT10B;ARNT2;EGLN3;LAMB3;FZD4;CDKN2A;EGF;WNT7B;ZBTB16;FN1;VEGFD;IGF1;GNG11;ESR1;ESR2;GNG13;FGF17;MAPK10;BMP2;IL6;CXCL12;RAD51;GSTA3;GSTA1;FGFR4;FGFR3;GSTM5
4594,KEGG_2021_Human,Graft-versus-host disease,4/42,0.9540343763254804,0.9999960678739984,0,0,0.4893708939770882,0.0230276284612599,IL6;IFNG;CD80;GZMB
4563,KEGG_2021_Human,Lysine degradation,8/63,0.8898101571429355,0.9999960678739984,0,0,0.6762873850434066,0.0789546218023478,ALDH2;PRDM16;SMYD1;BBOX1;SMYD3;HADH;AASS;EZH2
4532,KEGG_2021_Human,"Growth hormone synthesis, secretion and action",18/119,0.8016468256952562,0.9999960678739984,0,0,0.8286445012787724,0.1832026387785283,STAT5A;ADCY4;IRS2;CACNA1D;IGF1;FOS;SSTR1;SSTR2;GNAI1;GHR;MAPK10;SOCS3;CREB3L3;CREB3L4;CREB3L1;IGFALS;MAP2K6;CREB5
4533,KEGG_2021_Human,Gap junction,13/88,0.8023033159720316,0.9999960678739984,0,0,0.806068861142641,0.1775516137213731,EGF;ADCY4;HTR2C;ADRB1;HTR2A;EGFR;GNAI1;TUBB8;TUBA3E;TUBA3D;TUBB3;PDGFD;CDK1
4534,KEGG_2021_Human,Cholinergic synapse,17/113,0.80367996854029,0.9999960678739984,0,0,0.8233871922348485,0.179954678142031,KCNJ6;CHRNA6;CACNA1B;ADCY4;CACNA1D;FOS;GNG11;GNAI1;GNG13;GNGT1;GNG2;CREB3L3;CREB3L4;GNG4;CREB3L1;CREB5;KCNJ3
4535,KEGG_2021_Human,Aldosterone-regulated sodium reabsorption,5/37,0.8081880004213897,0.9999960678739984,0,0,0.7268810164212911,0.1547969982952782,FXYD2;ATP1A3;ATP1A2;IGF1;NR3C2
4536,KEGG_2021_Human,Melanogenesis,15/101,0.8086433873746833,0.9999960678739984,0,0,0.8110316548472722,0.1722609059779073,WNT10B;CALML5;FZD4;WNT7B;LEF1;TYRP1;ADCY4;GNAI1;EDNRB;WNT11;CREB3L3;DCT;CREB3L4;CREB3L1;KIT
4569,KEGG_2021_Human,Cellular senescence,22/156,0.903154203545344,0.9999960678739984,0,0,0.7626971826500499,0.0776898391387568,CALML5;CDKN2A;CACNA1D;GATA4;FOXM1;CDC25A;FOXO1;KIR2DL4;TGFBR2;CCNA2;CCNB2;CCNB1;IL6;MRAS;CCNE2;CCNE1;CHEK1;CDK1;E2F1;E2F2;MYBL2;MAP2K6
4570,KEGG_2021_Human,Choline metabolism in cancer,13/98,0.9040315188589748,0.9999960678739984,0,0,0.7108032316218201,0.0717136866586516,SLC22A3;SLC44A4;PLA2G4D;EGF;PLA2G4A;FOS;EGFR;MAPK10;PDGFD;RAC3;PLPP3;PLPP1;WASF3
4571,KEGG_2021_Human,Inflammatory bowel disease,8/65,0.9086261649657412,0.9999960678739984,0,0,0.6524784616684812,0.06252148387498,IL21;IL6;IFNG;IL21R;IL12B;GATA3;NOD2;FOXP3
4572,KEGG_2021_Human,"Alanine, aspartate and glutamate metabolism",4/37,0.913108800071556,0.9999960678739984,0,0,0.563689541895033,0.0512395134201401,IL4I1;AGXT2;GAD1;ASPA
4573,KEGG_2021_Human,Thyroid cancer,4/37,0.913108800071556,0.9999960678739984,0,0,0.563689541895033,0.0512395134201401,RET;LEF1;PPARG;RXRG
4574,KEGG_2021_Human,Notch signaling pathway,7/59,0.9167205333062864,0.9999960678739984,0,0,0.625828067117019,0.0544173870446138,PTCRA;KAT2B;MAML2;NOTCH4;DTX1;TLE6;DLL3
4575,KEGG_2021_Human,Citrate cycle (TCA cycle),3/30,0.91996992012721,0.9999960678739984,0,0,0.5167578444318682,0.0431049964401038,PC;ACO1;PCK1
4576,KEGG_2021_Human,Pentose phosphate pathway,3/30,0.91996992012721,0.9999960678739984,0,0,0.5167578444318682,0.0431049964401038,TKTL1;RGN;ALDOC
4577,KEGG_2021_Human,Non-homologous end-joining,1/13,0.9204078893355632,0.9999960678739984,0,0,0.387702677224736,0.0321554200370851,FEN1
4578,KEGG_2021_Human,Allograft rejection,4/38,0.9232678484855176,0.9999960678739984,0,0,0.5470771382427865,0.0436763919819045,IFNG;CD80;IL12B;GZMB
4547,KEGG_2021_Human,Fatty acid biosynthesis,2/18,0.8535973099696994,0.9999960678739984,0,0,0.5815770862800566,0.0920611696531198,ACSL1;ACACB
4516,KEGG_2021_Human,Gastric cancer,24/149,0.7256634883591734,0.9999960678739984,0,0,0.8929393680614859,0.2863378726631391,WNT10B;ABCB1;FZD4;EGF;REG4;WNT7B;LEF1;FGF1;FGF2;EGFR;TGFBR2;FGF5;FGF17;FGF7;MUC2;WNT11;CCNE2;TERT;CCNE1;ERBB2;E2F1;E2F2;MET;RXRG
4517,KEGG_2021_Human,Adherens junction,11/71,0.7324433276713102,0.9999960678739984,0,0,0.8528691624125544,0.2655572821522906,PTPRB;LEF1;ERBB2;PTPRM;RAC3;SORBS1;MET;NECTIN3;EGFR;WASF3;TGFBR2
4518,KEGG_2021_Human,Amoebiasis,16/102,0.740324416708685,0.9999960678739984,0,0,0.8653461292048374,0.2601808410861361,LAMA2;LAMB3;LAMA3;FN1;HSPB1;CXCL2;CD1A;COL1A1;IL6;COL1A2;GNAL;MUC2;IFNG;COL4A3;IL12B;CTSG
4519,KEGG_2021_Human,Longevity regulating pathway,16/102,0.740324416708685,0.9999960678739984,0,0,0.8653461292048374,0.2601808410861361,KL;ADIPOQ;HSPA6;ADCY4;IRS2;IGF1;FOXO1;CREB3L3;CREB3L4;CREB3L1;EIF4E1B;CAT;PPARG;PPARGC1A;CRYAB;CREB5
4520,KEGG_2021_Human,Pentose and glucuronate interconversions,5/34,0.7429537151209169,0.9999960678739984,0,0,0.8022220486585699,0.2383574431333583,KL;DHDH;SORD;UGT2B28;UGT2B17
4553,KEGG_2021_Human,Glucagon signaling pathway,15/107,0.8713671612699924,0.9999960678739984,0,0,0.7578605288497149,0.1043512190421667,PFKFB1;CALML5;PDE3B;SLC2A1;PYGM;ACACB;FOXO1;CREB3L3;CREB3L4;CREB3L1;SIK2;PCK1;PPARA;PPARGC1A;CREB5
4554,KEGG_2021_Human,Fluid shear stress and atherosclerosis,20/139,0.8733069005351709,0.9999960678739984,0,0,0.781032344697902,0.1058050754915699,CALML5;CAV3;CAV2;DUSP1;CAV1;GSTT2;FOS;MMP9;KLF2;MAPK10;CDH5;IFNG;GSTA3;GSTA1;PECAM1;SDC1;RAC3;BMPR1B;MAP2K6;GSTM5
4555,KEGG_2021_Human,Ferroptosis,5/41,0.8738291498068218,0.9999960678739984,0,0,0.6459591669812508,0.0871207733051693,TF;FTMT;MAP1LC3C;ACSL1;SLC7A11
4556,KEGG_2021_Human,Glycosaminoglycan degradation,2/19,0.8741858949349336,0.9999960678739984,0,0,0.547333388801065,0.0735956688377348,HPSE2;HYAL1
4557,KEGG_2021_Human,"Valine, leucine and isoleucine degradation",6/48,0.87459828202003,0.9999960678739984,0,0,0.6643605615568232,0.0890180731219945,IL4I1;ALDH2;AGXT2;AOX1;HMGCS2;HADH
4558,KEGG_2021_Human,Biosynthesis of unsaturated fatty acids,3/27,0.8800197784876675,0.9999960678739984,0,0,0.5814586870401811,0.0743167558987004,SCD;ELOVL2;ELOVL3
4559,KEGG_2021_Human,Fatty acid elongation,3/27,0.8800197784876675,0.9999960678739984,0,0,0.5814586870401811,0.0743167558987004,ELOVL2;ELOVL3;HADH
4560,KEGG_2021_Human,Pertussis,10/76,0.8857254635987831,0.9999960678739984,0,0,0.7043929513450353,0.08547684272468,PYCARD;MAPK10;C4A;IL6;CALML5;CFL2;IL12B;C4BPA;FOS;GNAI1
4561,KEGG_2021_Human,Rap1 signaling pathway,31/210,0.8882417343596095,0.9999960678739984,0,0,0.8043736674878181,0.0953274089634082,CALML5;ADCY4;FGF1;FGF2;EGFR;GNAI1;FGF5;FGF7;PARD6B;CNR1;PDGFD;RAC3;MAP2K6;NGFR;ANGPT4;ANGPT1;EGF;VEGFD;IGF1;GRIN2B;FGF17;EFNA3;MRAS;EFNA2;KIT;EVL;TLN2;TEK;FGFR4;FGFR3;MET
4562,KEGG_2021_Human,Cytosolic DNA-sensing pathway,8/63,0.8898101571429355,0.9999960678739984,0,0,0.6762873850434066,0.0789546218023478,PYCARD;ZBP1;IL33;CXCL10;IL6;AIM2;IRF7;POLR3K
4531,KEGG_2021_Human,TGF-beta signaling pathway,14/94,0.7990928575442366,0.9999960678739984,0,0,0.8138021572523417,0.1825180201320949,BMP8A;INHBA;DCN;BMP6;TGFBR2;BMP5;GREM2;BMP2;ACVR1C;IFNG;BAMBI;ID4;AMH;BMPR1B
4500,KEGG_2021_Human,Retrograde endocannabinoid signaling,25/148,0.633654953531083,0.9999960678739984,0,0,0.9456543882067522,0.4314554860608787,GRIA2;CACNA1B;ADCY4;CACNA1D;GNAI1;GNGT1;RIMS1;GNG2;CNR1;GNG4;SLC17A7;GABRE;GABRD;GRIA4;KCNJ3;GABRQ;KCNJ6;GABRA5;GABRA4;GABRA3;GNG11;GABRG1;GNG13;MAPK10;MGLL
4501,KEGG_2021_Human,Synaptic vesicle cycle,13/78,0.6393765320177346,0.9999960678739984,0,0,0.9306469920544836,0.4162427987261874,UNC13C;UNC13A;SYT1;CACNA1B;CPLX2;SLC1A6;SLC6A2;SLC1A7;SLC6A4;RIMS1;SLC17A7;SLC18A1;STX1A
4502,KEGG_2021_Human,Apelin signaling pathway,23/137,0.6434115449657082,0.9999960678739984,0,0,0.938668883363788,0.4139254939534423,MYLK2;EGR1;CALML5;PDE3B;ADCY4;GNG11;RYR3;GNAI1;KLF2;MYLK;SLC8A2;GNG13;GNGT1;ACTA2;LIPE;MRAS;GNG2;GNG4;MYL2;SPP1;NOS1;PLIN1;PPARGC1A
4503,KEGG_2021_Human,Cushing syndrome,26/155,0.6498189157685317,0.9999960678739984,0,0,0.9376599347786247,0.4041891411374757,LEF1;ADCY4;KCNA4;CACNA1D;CACNA1H;EGFR;GNAI1;CRHR2;PDE11A;RASD1;WNT11;CREB3L3;CREB3L4;CREB3L1;E2F1;E2F2;WNT10B;FZD4;CDKN2A;WNT7B;MRAP;NR4A1;CCNE2;CCNE1;CYP21A2;CREB5
4504,KEGG_2021_Human,Ether lipid metabolism,8/49,0.656405632346217,0.9999960678739984,0,0,0.9079888588628025,0.3822418257853326,PLA2G4D;PLA2G10;PLA2G2A;ENPP2;PLA2G4A;PLPP3;PAFAH1B3;PLPP1
4537,KEGG_2021_Human,Gastric acid secretion,11/76,0.8103509555176028,0.9999960678739984,0,0,0.7870238666608491,0.165501554250618,MYLK2;KCNJ10;CALML5;CCKBR;ADCY4;ATP1A3;KCNJ16;ATP1A2;SSTR2;GNAI1;MYLK
4538,KEGG_2021_Human,Pancreatic cancer,11/76,0.8103509555176028,0.9999960678739984,0,0,0.7870238666608491,0.165501554250618,MAPK10;RAD51;CDKN2A;EGF;ERBB2;E2F1;RAC3;E2F2;BRCA2;EGFR;TGFBR2
4539,KEGG_2021_Human,Tight junction,26/169,0.811667207346654,0.9999960678739984,0,0,0.8451360658708993,0.1763502039352566,CACNA1D;GATA4;CD1A;TUBA3E;PARD6B;TUBA3D;CLDN25;ERBB2;MYH11;SYNPO;JAM2;CLDN6;CLDN11;MAPK10;CLDN5;CLDN3;PPP2R2C;CLDN9;CLDN14;PPP2R2B;CLDN8;MYL2;CLDN19;TJP3;LLGL2;CRB3
4540,KEGG_2021_Human,Vasopressin-regulated water reabsorption,6/44,0.8146566891858115,0.9999960678739984,0,0,0.7344721191253409,0.1505583341358495,CREB3L3;CREB3L4;CREB3L1;AVPR2;AQP4;CREB5
4541,KEGG_2021_Human,Leukocyte transendothelial migration,17/114,0.8150525620401794,0.9999960678739984,0,0,0.8148488753514527,0.1666387743390222,MMP9;GNAI1;CLDN6;CLDN11;CDH5;CLDN5;CLDN3;MYL7;CXCL12;CLDN9;CLDN25;CLDN14;CLDN8;MYL2;CLDN19;PECAM1;JAM2
4542,KEGG_2021_Human,Prolactin signaling pathway,10/70,0.8154082011912999,0.9999960678739984,0,0,0.7751157735563746,0.1581751093451407,STAT5A;MAPK10;SOCS3;LHCGR;TH;CSN2;FOS;CGA;ESR1;ESR2
4543,KEGG_2021_Human,Glycosphingolipid biosynthesis,6/45,0.8314544026591617,0.9999960678739984,0,0,0.7155959305492016,0.1320838519596488,FUT7;B3GALT1;B3GNT4;FUT2;ST6GALNAC3;FUT3
4544,KEGG_2021_Human,Non-small cell lung cancer,10/72,0.8418276131112927,0.9999960678739984,0,0,0.7500205785781574,0.1291385587623413,RET;STAT5A;CDKN2A;EGF;ERBB2;E2F1;E2F2;MET;RXRG;EGFR
4545,KEGG_2021_Human,Various types of N-glycan biosynthesis,5/39,0.8438377485952512,0.9999960678739984,0,0,0.6840400373059756,0.1161466081416565,CHST8;MGAT4C;CHST9;B4GALNT3;B4GALNT4
4546,KEGG_2021_Human,Glycosaminoglycan biosynthesis,7/53,0.8510790920263891,0.9999960678739984,0,0,0.7077164675452642,0.1141194322859659,CHST6;HS3ST3A1;CHPF;NDST4;CHST1;HS3ST5;HS6ST3
4515,KEGG_2021_Human,Fructose and mannose metabolism,5/33,0.7178871810712323,0.9999960678739984,0,0,0.8309233942727714,0.2754036193480663,PFKFB1;PFKFB3;SORD;ALDOC;GFUS
4484,KEGG_2021_Human,Cholesterol metabolism,9/50,0.5346294848628208,0.9999960678739984,0,0,1.0217770034843203,0.6398176765364472,ABCG8;CETP;LRP1;ANGPTL8;LPL;CD36;ANGPTL4;ABCB11;APOB
4485,KEGG_2021_Human,Pancreatic secretion,18/102,0.5447930853820027,0.9999960678739984,0,0,0.9973815613201804,0.6057589095774701,CPA2;PNLIPRP2;PRSS1;CPA1;CPB1;SCT;PLA2G2A;ATP2A3;ADCY4;SCTR;ATP1A3;ATP1A2;CCKAR;FXYD2;PLA2G10;PRSS2;SLC26A3;CLCA4
4486,KEGG_2021_Human,Estrogen signaling pathway,24/137,0.5557133748158288,0.9999960678739984,0,0,0.9884902851356152,0.5807406428151993,GABBR2;KCNJ6;CALML5;HSPA6;KRT24;ADCY4;FOS;KRT31;ESR1;MMP9;ESR2;EGFR;GNAI1;KRT19;KRT18;CREB3L3;CREB3L4;KRT16;CREB3L1;KRT37;KRT14;TFF1;CREB5;KCNJ3
4487,KEGG_2021_Human,Ovarian steroidogenesis,9/51,0.5602738210862297,0.9999960678739984,0,0,0.99738824101069,0.5778165791152337,LHCGR;PLA2G4D;ADCY4;AKR1C3;CYP1A1;PLA2G4A;IGF1;CGA;BMP6
4488,KEGG_2021_Human,Type II diabetes mellitus,8/46,0.5812704677530581,0.9999960678739984,0,0,0.979851158073705,0.5316075746085845,MAPK10;SOCS3;ADIPOQ;CACNA1B;CACNA1D;IRS2;SLC2A4;MAFA
4521,KEGG_2021_Human,Endocrine and other factor-regulated calcium reabsorption,8/53,0.7431267306677145,0.9999960678739984,0,0,0.8270772330846006,0.2455498701675172,KL;FXYD2;ATP1A3;ATP1A2;PTH1R;KLK2;ESR1;SLC8A2
4522,KEGG_2021_Human,HIF-1 signaling pathway,17/109,0.7532787813472589,0.9999960678739984,0,0,0.8593966156126482,0.2434841564466595,ANGPT4;EGLN3;PFKFB3;ANGPT1;EPO;EGF;SLC2A1;IGF1;ENO2;EGFR;IL6;TF;IFNG;EIF4E1B;ERBB2;ALDOC;TEK
4523,KEGG_2021_Human,Axon guidance,29/182,0.7609589385495489,0.9999960678739984,0,0,0.8812536797311095,0.240737249291164,SEMA5A;ROBO2;ROBO3;SEMA7A;SEMA3D;SEMA3G;GNAI1;RND1;PARD6B;ABLIM3;DPYSL5;CFL2;BOC;RAC3;SLIT3;PAK3;EPHB1;PLXNA4;PAK5;NTNG1;UNC5A;EPHA8;UNC5B;SEMA6D;EFNA3;CXCL12;EFNA2;BMPR1B;MET
4524,KEGG_2021_Human,Intestinal immune network for IgA production,7/48,0.7687745091859735,0.9999960678739984,0,0,0.7942651834450356,0.2088580493269091,CCL25;PIGR;IL6;CXCL12;CD80;ICOS;CCL28
4525,KEGG_2021_Human,Acute myeloid leukemia,10/67,0.7697539401930006,0.9999960678739984,0,0,0.8160605653629396,0.2135502976993006,CCNA2;STAT5A;CEBPA;BCL2A1;CEBPE;ZBTB16;KIT;LEF1;FCGR1A;RUNX1T1
4526,KEGG_2021_Human,Glycolysis / Gluconeogenesis,10/67,0.7697539401930006,0.9999960678739984,0,0,0.8160605653629396,0.2135502976993006,ALDH3A1;ADH4;ACSS2;ALDH2;ADH1C;ADH1B;ADH1A;ALDOC;ENO2;PCK1
4527,KEGG_2021_Human,Breast cancer,23/147,0.7730158900029664,0.9999960678739984,0,0,0.8624419373198451,0.2220405705413401,WNT10B;FZD4;EGF;NOTCH4;WNT7B;LEF1;IGF1;FOS;FGF1;BRCA2;FGF2;ESR1;ESR2;EGFR;DLL3;FGF5;FGF17;FGF7;WNT11;KIT;ERBB2;E2F1;E2F2
4528,KEGG_2021_Human,Rheumatoid arthritis,14/93,0.7859282501996492,0.9999960678739984,0,0,0.8241537527351904,0.1985302124350499,IL11;ANGPT1;MMP1;CCL20;CD80;MMP3;FOS;CXCL2;IL6;CXCL12;IFNG;CTLA4;LTB;TEK
4529,KEGG_2021_Human,Starch and sucrose metabolism,5/36,0.7880668318332605,0.9999960678739984,0,0,0.7503744565813028,0.1787184707775414,MGAM2;GBE1;TREH;PYGM;GYG2
4530,KEGG_2021_Human,Pyrimidine metabolism,8/56,0.7973349295015002,0.9999960678739984,0,0,0.7752432228204401,0.1755774345053896,RRM2;ENTPD8;NME3;CMPK2;TK1;TYMS;NME1;TYMP
4499,KEGG_2021_Human,beta-Alanine metabolism,5/30,0.6325733334066181,0.9999960678739984,0,0,0.9308040770101924,0.4262702187518123,AOC3;ALDH3A1;AOC2;ALDH2;GAD1
4468,KEGG_2021_Human,Renin-angiotensin system,5/23,0.385085148748153,0.9999960678739984,0,0,1.293333962501573,1.2342167063577167,ACE2;MME;CMA1;CTSG;KLK2
4469,KEGG_2021_Human,Arginine and proline metabolism,10/50,0.3892459304151685,0.9999960678739984,0,0,1.164091295718741,1.0983712681967157,CKMT2;AOC1;ALDH2;MAOA;P4HA3;PYCR1;NOS1;HOGA1;PYCR3;AGMAT
4470,KEGG_2021_Human,Steroid hormone biosynthesis,12/61,0.3923775220903281,0.9999960678739984,0,0,1.1403560573165437,1.066838255736829,HSD11B1;SRD5A2;CYP21A2;AKR1C1;AKR1D1;AKR1C3;CYP1A1;UGT2B17;UGT2B28;AKR1C2;HSD17B6;CYP3A4
4471,KEGG_2021_Human,Vascular smooth muscle contraction,25/133,0.4027840511968749,0.9999960678739984,0,0,1.0779839492111702,0.9802697855787612,MYLK2;CALCB;CALML5;NPR1;NPR2;ADCY4;CACNA1D;ADRA1A;ACTG2;MYLK;KCNMB1;KCNMB2;MYH11;PPP1R14A;EDN2;EDN3;PLA2G4D;PLA2G2A;PLA2G4A;AVPR1A;ACTA2;KCNU1;PLA2G10;PPP1R12B;RAMP1
4472,KEGG_2021_Human,p53 signaling pathway,14/73,0.4156463191758544,0.9999960678739984,0,0,1.104874986168375,0.9699924827510646,RRM2;CDKN2A;IGF1;BBC3;TP53AIP1;CCNB2;CCNB1;CCNE2;AIFM2;CCNE1;CHEK1;CDK1;PMAIP1;GTSE1
4505,KEGG_2021_Human,alpha-Linolenic acid metabolism,4/25,0.6684623194704897,0.9999960678739984,0,0,0.8864448128529646,0.3570380309459229,PLA2G4D;PLA2G2A;PLA2G10;PLA2G4A
4506,KEGG_2021_Human,Hepatitis C,26/157,0.6765518827259577,0.9999960678739984,0,0,0.9232314579478672,0.3607491298518552,IFIT1;EGFR;SOCS3;CLDN25;E2F1;E2F2;RSAD2;EGF;MX1;CLDN6;CLDN11;CLDN5;CXCL10;CLDN3;IFNG;OAS1;PPP2R2C;CLDN9;CLDN14;OAS2;PPP2R2B;CLDN8;OAS3;CLDN19;IRF7;PPARA
4507,KEGG_2021_Human,Aldosterone synthesis and secretion,16/98,0.678552440821837,0.9999960678739984,0,0,0.9077798020240924,0.3520311187723959,CALML5;KCNK9;NPR1;PDE2A;ADCY4;ATP1A3;CACNA1D;ATP1A2;CACNA1H;LIPE;NR4A1;CREB3L3;CREB3L4;CYP21A2;CREB3L1;CREB5
4508,KEGG_2021_Human,Cysteine and methionine metabolism,8/50,0.6796010704262475,0.9999960678739984,0,0,0.8863161019579269,0.3423389864595476,IL4I1;SDS;CBS;AGXT2;TAT;BHMT2;DNMT3B;CDO1
4509,KEGG_2021_Human,Vitamin B6 metabolism,1/6,0.688968086535127,0.9999960678739984,0,0,0.9308823529411764,0.3468098343389243,AOX1
4510,KEGG_2021_Human,MAPK signaling pathway,49/294,0.7006902739655408,0.9999960678739984,0,0,0.9299311926605504,0.3307665974294517,HSPB1;FGF1;FGF2;FGF5;FGF7;STMN1;RAC3;PLA2G4D;DUSP1;CACNA2D1;PLA2G4A;FOS;MAPK8IP2;TGFBR2;MRAS;KIT;MET;CACNA1B;CACNA1D;RASGRP1;EGFR;CACNA1H;NTF4;CACNG6;PDGFD;ERBB2;MAP3K20;FLNC;CACNG1;CACNG4;MAP2K6;CACNG5;NGFR;ANGPT4;NTRK2;ANGPT1;EGF;HSPA6;VEGFD;IGF1;FGF17;MAPK10;NR4A1;EFNA3;EFNA2;PTPN7;TEK;FGFR4;FGFR3
4511,KEGG_2021_Human,"Parathyroid hormone synthesis, secretion and action",17/106,0.7103507672718955,0.9999960678739984,0,0,0.8885278345250255,0.3038733140722304,SLC34A3;EGR1;KL;ADCY4;GATA3;PTH1R;FOS;EGFR;GNAI1;MMP25;MMP13;CYP24A1;CREB3L3;CREB3L4;CREB3L1;RXRG;CREB5
4512,KEGG_2021_Human,TNF signaling pathway,18/112,0.7104280548390074,0.9999960678739984,0,0,0.8907329814441965,0.3045305581269553,CCL20;MMP3;VEGFD;FOS;NOD2;CXCL2;MMP9;CX3CL1;MAPK10;SOCS3;CXCL10;IL6;CREB3L3;CREB3L4;CREB3L1;LTA;MAP2K6;CREB5
4513,KEGG_2021_Human,Oxytocin signaling pathway,25/154,0.7138010559077758,0.9999960678739984,0,0,0.9013393724285286,0.3038874605237887,MYLK2;OXTR;CALML5;NPR1;NPR2;ADCY4;CACNA1D;RYR3;EGFR;GNAI1;MYLK;CACNG6;TRPM2;RGS2;CACNG1;CACNG4;CACNG5;KCNJ3;KCNJ6;PLA2G4D;CACNA2D1;PLA2G4A;FOS;RCAN1;PPP1R12B
4514,KEGG_2021_Human,Central carbon metabolism in cancer,11/70,0.7146040947588177,0.9999960678739984,0,0,0.8673774479171674,0.291461897575013,RET;SLC7A5;SCO2;NTRK3;KIT;ERBB2;SLC2A1;SLC16A3;MET;FGFR3;EGFR
4483,KEGG_2021_Human,Ras signaling pathway,41/232,0.5292571348475371,0.9999960678739984,0,0,0.9991254028538225,0.6357243985557675,CALML5;FGF1;FGF2;RASGRP1;EGFR;GNGT1;NTF4;FGF5;FGF7;GNG2;GNG4;PDGFD;RAC3;PAK3;PAK5;NGFR;ANGPT4;NTRK2;PLA2G4D;ANGPT1;EGF;PLA2G2A;PLA2G4A;VEGFD;IGF1;GNG11;GRIN2B;GNG13;FGF17;MAPK10;EFNA3;MRAS;EFNA2;RASA4;KIT;PLA2G10;TEK;RGL1;FGFR4;FGFR3;MET
4452,KEGG_2021_Human,Relaxin signaling pathway,26/129,0.2621004377640559,0.9999960678739984,0,0,1.1762200905337732,1.5749910454381726,ADCY4;RXFP1;EGFR;GNAI1;GNGT1;EDNRB;GNG2;CREB3L3;CREB3L4;GNG4;CREB3L1;NOS1;MMP1;VEGFD;FOS;GNG11;MMP9;GNG13;TGFBR2;COL1A1;ACTA2;MAPK10;COL1A2;MMP13;COL4A3;CREB5
4453,KEGG_2021_Human,"Glycine, serine and threonine metabolism",9/40,0.2675635648678467,0.9999960678739984,0,0,1.3522053982883475,1.7827450484671516,DMGDH;AOC3;ALAS2;AOC2;SDS;GLDC;MAOA;CBS;AGXT2
4454,KEGG_2021_Human,Cardiac muscle contraction,18/87,0.269425954193322,0.9999960678739984,0,0,1.2153156158493643,1.59383985797208,CACNA2D1;ATP2A3;ATP1A3;ATP1A2;CACNA1D;COX6C;COX7A1;SLC8A2;TRDN;CACNG6;ACTC1;MYL2;FXYD2;CASQ2;TNNI3;CACNG1;CACNG4;CACNG5
4455,KEGG_2021_Human,Chemical carcinogenesis,46/239,0.2864622445643193,0.9999960678739984,0,0,1.1108060252640766,1.388672523083312,ADCY4;CACNA1B;CHRNA9;GSTT2;UGT2B28;ADRB1;CACNA1D;ADRB2;CYP3A4;FGF2;EGFR;GNAI1;DLL3;HSD11B1;FGF5;FGF7;CREB3L3;CYP2A13;CREB3L4;CREB3L1;E2F1;KPNA7;KPNA2;RXRG;STAT5A;EGF;AKR1C2;UGT2B17;CDC6;FOS;KLF4;ESR1;CDC25A;ESR2;FGF17;CYP2A7;ADRB3;NAT1;GSTA3;NAT2;GSTA1;CYP1A1;BIRC5;PPARA;GSTM5;CREB5
4456,KEGG_2021_Human,Pyruvate metabolism,10/47,0.3131763205135325,0.9999960678739984,0,0,1.2587069632717491,1.4613448413155554,ADH4;ACSS2;PC;ADH1C;ALDH2;ADH1B;ADH1A;LDHD;PCK1;ACACB
4489,KEGG_2021_Human,Hematopoietic cell lineage,17/99,0.5946080275064898,0.9999960678739984,0,0,0.9647900498891352,0.5015488742845068,IL11;CSF3;CR2;MME;EPO;CD1A;FCER2;IL6;THPO;CD19;KIT;CD36;CD24;FCGR1A;CD34;MS4A1;IL9R
4490,KEGG_2021_Human,Linoleic acid metabolism,5/29,0.6008787405884544,0.9999960678739984,0,0,0.969646564741412,0.4939012371899478,PLA2G4D;PLA2G2A;PLA2G10;PLA2G4A;CYP3A4
4491,KEGG_2021_Human,Taurine and hypotaurine metabolism,2/11,0.6046660136297339,0.9999960678739984,0,0,1.0343548640578344,0.5203622282090519,GAD1;CDO1
4492,KEGG_2021_Human,Ubiquinone and other terpenoid-quinone biosynthesis,2/11,0.6046660136297339,0.9999960678739984,0,0,1.0343548640578344,0.5203622282090519,TAT;HPD
4493,KEGG_2021_Human,Oocyte meiosis,22/129,0.6107542575672391,0.9999960678739984,0,0,0.9567328272689808,0.4717272597683341,CALML5;SPDYC;PLK1;ADCY4;IGF1;CDC25C;FBXO43;PKMYT1;SMC1B;AURKA;CDC20;SGO1;CCNB2;CCNB1;PTTG1;CCNE2;PLCZ1;ESPL1;CCNE1;CDK1;BUB1;MAD2L1
4494,KEGG_2021_Human,Progesterone-mediated oocyte maturation,17/100,0.6123229729503633,0.9999960678739984,0,0,0.9531078860898138,0.4674950358258029,SPDYC;PLK1;PDE3B;ADCY4;IGF1;CDC25C;PKMYT1;CDC25A;GNAI1;AURKA;CCNA2;MAPK10;CCNB2;CCNB1;CDK1;BUB1;MAD2L1
4495,KEGG_2021_Human,Cortisol synthesis and secretion,11/65,0.6147498427352192,0.9999960678739984,0,0,0.9479790340539064,0.4612295805439475,MRAP;NR4A1;CREB3L3;CREB3L4;CYP21A2;CREB3L1;ADCY4;KCNA4;CACNA1D;CACNA1H;CREB5
4496,KEGG_2021_Human,DNA replication,6/36,0.6316113089214153,0.9999960678739984,0,0,0.9307844803171906,0.4276778690284114,FEN1;RNASEH2A;POLE2;MCM4;DNA2;MCM2
4497,KEGG_2021_Human,Mucin type O-glycan biosynthesis,6/36,0.6316113089214153,0.9999960678739984,0,0,0.9307844803171906,0.4276778690284114,GALNT6;GALNT14;GALNT5;GALNT15;ST6GALNAC3;GALNT8
4498,KEGG_2021_Human,Glyoxylate and dicarboxylate metabolism,5/30,0.6325733334066181,0.9999960678739984,0,0,0.9308040770101924,0.4262702187518123,ACSS2;GLDC;CAT;ACO1;HOGA1
4467,KEGG_2021_Human,Chemokine signaling pathway,36/192,0.3775821039381515,0.9999960678739984,0,0,1.074879704699756,1.0468976193888666,CCL14;CCL13;CXCL9;CCL11;ADCY4;CXCR5;CXCL13;CXCL2;CX3CL1;GNAI1;GNGT1;GRK3;GNG2;CCL7;GNG4;CXCR3;CXCR2;CCR8;RAC3;CCR7;CCR4;CCL17;CCL16;CCL25;CCL24;CCL23;CCL21;CCL20;PPBP;GNG11;GNG13;CXCL10;CXCL11;CXCL12;CCL28;PF4
4436,KEGG_2021_Human,Amphetamine addiction,16/69,0.1488579382754929,0.9999960678739984,0,0,1.4069759341524974,2.679955507434919,GRIA2;CALML5;MAOA;CACNA1D;FOS;GRIN2B;GRIN2D;CREB3L3;TH;CREB3L4;CREB3L1;FOSB;SLC18A1;STX1A;CREB5;GRIA4
4437,KEGG_2021_Human,Mineral absorption,14/60,0.1629852201782731,0.9999960678739984,0,0,1.4182453195769416,2.572832815267291,SLC34A3;MT1M;ATP1A3;MT1X;ATP1A2;SLC8A2;TF;FXYD2;MT1G;MT1H;SLC26A9;TRPM6;SLC26A3;SLC39A4
4438,KEGG_2021_Human,Nitrogen metabolism,5/17,0.1681198583161439,0.9999960678739984,0,0,1.9407087580218951,3.4604353074190577,CA12;CA3;CA4;CA6;CA9
4439,KEGG_2021_Human,Dilated cardiomyopathy,21/96,0.1714362003730341,0.9999960678739984,0,0,1.3050739476678044,2.301555448826157,LAMA2;CACNA2D1;ATP2A3;ADCY4;ADRB1;CACNA1D;IGF1;SLC8A2;CACNG6;PLN;ACTC1;DES;SGCA;MYL2;ITGA7;DMD;TNNI3;CACNG1;SGCG;CACNG4;CACNG5
4440,KEGG_2021_Human,Cell adhesion molecules,31/148,0.1738846184221085,0.9999960678739984,0,0,1.2353084577842135,2.1610032953481864,CNTNAP2;NLGN1;CD80;PTPRM;VSIR;CDH5;CDH2;CLDN25;MPZ;CTLA4;ICOS;TIGIT;CD34;JAM2;NTNG1;CADM3;CLDN6;SELP;CLDN11;CLDN5;VCAN;CLDN3;CLDN9;CLDN14;CLDN8;CLDN19;PECAM1;SDC1;CDH15;PDCD1;NECTIN3
4473,KEGG_2021_Human,Homologous recombination,8/41,0.4419683085789431,0.9999960678739984,0,0,1.1286569291669886,0.9215676821595707,BLM;BRIP1;RAD51;EME1;XRCC2;RAD54L;BRCA2;RAD54B
4474,KEGG_2021_Human,Ascorbate and aldarate metabolism,6/30,0.4424056591265714,0.9999960678739984,0,0,1.163905409232512,0.9491974936199382,KL;MIOX;ALDH2;RGN;UGT2B28;UGT2B17
4475,KEGG_2021_Human,Insulin resistance,20/108,0.4491058218857266,0.9999960678739984,0,0,1.05817199576085,0.8470632282270755,SLC2A1;IRS2;PYGM;SLC2A4;ACACB;FOXO1;MAPK10;SOCS3;MLXIPL;IL6;CREB3L3;CREB3L4;CREB3L1;SLC27A6;TRIB3;CD36;PCK1;PPARA;PPARGC1A;CREB5
4476,KEGG_2021_Human,GnRH secretion,12/64,0.4622136413529901,0.9999960678739984,0,0,1.0743698854337151,0.829121395590496,KISS1;GABBR2;KCNJ6;KISS1R;SPP1;CACNA1D;CGA;CACNA1H;ESR2;HCN2;KCNJ3;HCN1
4477,KEGG_2021_Human,Fanconi anemia pathway,10/54,0.4916067322712547,0.9999960678739984,0,0,1.058007062401732,0.7512656416082476,FANCI;RMI2;BLM;BRIP1;RAD51;EME1;CENPX;UBE2T;FANCA;BRCA2
4478,KEGG_2021_Human,Folate biosynthesis,5/26,0.497352545340588,0.9999960678739984,0,0,1.1083697352100523,0.7741476664452606,TH;PAH;AKR1C3;GGH;MOCS1
4479,KEGG_2021_Human,Fatty acid degradation,8/43,0.4992207870799504,0.9999960678739984,0,0,1.0640327085779056,0.7391907814894825,ADH4;ADH1C;ACADL;ALDH2;ADH1B;ACSL1;ADH1A;HADH
4480,KEGG_2021_Human,Type I diabetes mellitus,8/43,0.4992207870799504,0.9999960678739984,0,0,1.0640327085779056,0.7391907814894825,PTPRN2;IFNG;CD80;PTPRN;GAD1;LTA;IL12B;GZMB
4481,KEGG_2021_Human,Melanoma,13/72,0.5154378325479821,0.9999960678739984,0,0,1.025664210546567,0.6797472416468657,CDKN2A;EGF;IGF1;FGF1;FGF2;EGFR;FGF5;FGF17;FGF7;PDGFD;E2F1;E2F2;MET
4482,KEGG_2021_Human,Staphylococcus aureus infection,17/95,0.5207792810174944,0.9999960678739984,0,0,1.0145141317016315,0.6618984118953697,CFD;KRT24;DEFB1;KRT31;SELP;C4A;FCGR3A;KRT19;KRT18;KRT16;KRT37;KRT14;DSG1;MASP1;FCGR1A;CAMP;CFB
4451,KEGG_2021_Human,Prostate cancer,20/97,0.2601503399434215,0.9999960678739984,0,0,1.210151804408273,1.6294640612417386,SRD5A2;EGF;MMP3;LEF1;KLK3;IGF1;MMP9;FOXO1;EGFR;CREB3L3;CCNE2;CREB3L4;CCNE1;CREB3L1;PDGFD;ERBB2;E2F1;E2F2;ERG;CREB5
4644,KEGG_2021_Human,Mitophagy,5/68,0.9958349902261202,0.9999960678739984,0,0,0.3685128260439699,0.0015380647777719,PRKN;MAPK10;MRAS;ATG9B;E2F1
4645,KEGG_2021_Human,Bacterial invasion of epithelial cells,6/77,0.9960737322624952,0.9999960678739984,0,0,0.3923079684564481,0.0015433378851121,CAV3;CAV2;CAV1;FN1;SEPTIN12;MET
4646,KEGG_2021_Human,RIG-I-like receptor signaling pathway,5/70,0.9968550985461756,0.9999960678739984,0,0,0.3571304120567993,0.0011249097458418,MAPK10;CXCL10;IRF7;IL12B;ISG15
4647,KEGG_2021_Human,T cell receptor signaling pathway,9/104,0.9970997546494528,0.9999960678739984,0,0,0.4395273899033297,0.0012765893763347,MAPK10;IFNG;CTLA4;FOS;PDCD1;ICOS;PAK3;RASGRP1;PAK5
4648,KEGG_2021_Human,Asthma,1/31,0.9976115533537931,0.9999960678739984,0,0,0.1549113876319758,0.00037044014882847465,CCL11
4457,KEGG_2021_Human,African trypanosomiasis,8/37,0.3261713025984425,0.9999960678739984,0,0,1.2846464271406377,1.43923123008936,IL6;IFNG;HBB;IL12B;HBA2;HBA1;IDO2;IDO1
4458,KEGG_2021_Human,PI3K-Akt signaling pathway,66/354,0.3376073281351887,0.9999960678739984,0,0,1.067925909920292,1.1596306406809254,CSF3;EPO;FGF1;FGF2;GNGT1;COMP;FGF5;GHR;TCL1A;FGF7;CREB3L3;IBSP;CREB3L4;CREB3L1;TNR;VWF;COL2A1;CCNE2;CCNE1;EIF4E1B;KIT;COL4A3;ITGA7;COL6A6;COL6A5;SGK2;MET;CREB5;TNXB;LAMA2;LAMA3;EGFR;NTF4;RELN;GNG2;GNG4;CD19;PDGFD;ERBB2;SPP1;PCK1;NGFR;ANGPT4;NTRK2;ANGPT1;LAMB3;EGF;FN1;OSM;VEGFD;IGF1;GNG11;GNG13;COL1A1;FGF17;NR4A1;EFNA3;IL6;COL1A2;EFNA2;PPP2R2C;PPP2R2B;COL9A1;TEK;FGFR4;FGFR3
4459,KEGG_2021_Human,cGMP-PKG signaling pathway,32/167,0.3378435818401493,0.9999960678739984,0,0,1.10423416283616,1.198284288937548,OPRD1;MYLK2;CALML5;NPR1;NPR2;PDE3B;ATP2A3;ADCY4;ATP1A3;IRS2;ADRB1;CACNA1D;GATA4;ATP1A2;ADRB2;ADRA1A;GNAI1;MYLK;SLC8A2;RGS2;EDNRB;PLN;CREB3L3;CREB3L4;CREB3L1;KCNMB1;KCNMB2;PDE2A;KCNU1;ADRB3;FXYD2;CREB5
4460,KEGG_2021_Human,Thyroid hormone synthesis,15/75,0.3436920328691539,0.9999960678739984,0,0,1.1643242475865985,1.2435090965482507,GPX3;ADCY4;ATP1A3;ATP1A2;SLC5A5;TPO;TG;CREB3L3;CREB3L4;IYD;CREB3L1;FXYD2;ALB;CGA;CREB5
4461,KEGG_2021_Human,JAK-STAT signaling pathway,31/162,0.3441752590063302,0.9999960678739984,0,0,1.1023458150259315,1.1757667615808167,IL21;CNTFR;CSF3;IL20;EPO;FHL1;IL24;EGFR;GHR;SOCS3;IFNL2;IFNL1;THPO;LEPR;IL21R;IL12B;AOX1;IFNL3;STAT5A;IL11;TSLP;EGF;OSM;IL19;LIFR;GFAP;IL6;IFNG;LEP;IL17D;IL9R
4462,KEGG_2021_Human,Serotonergic synapse,22/113,0.3455973670147192,0.9999960678739984,0,0,1.126050052365842,1.1964066287984545,KCNJ6;HTR1E;PLA2G4D;MAOA;DUSP1;HTR1D;CACNA1B;HTR2C;PLA2G4A;CACNA1D;HTR3A;HTR2A;HTR4;GNG11;GNAI1;GNG13;SLC6A4;GNGT1;GNG2;GNG4;SLC18A1;KCNJ3
4463,KEGG_2021_Human,Histidine metabolism,5/22,0.3469706206395538,0.9999960678739984,0,0,1.3694957031510226,1.4496319761648742,ALDH3A1;AOC1;ALDH2;MAOA;ASPA
4464,KEGG_2021_Human,Insulin secretion,17/86,0.3476912426812256,0.9999960678739984,0,0,1.147472002635046,1.212235812098171,ADCYAP1R1;SLC2A1;ADCY4;ATP1A3;ATP1A2;CACNA1D;RIMS2;KCNU1;CCKAR;CREB3L3;CREB3L4;CREB3L1;KCNMB1;FXYD2;KCNMB2;STX1A;CREB5
4465,KEGG_2021_Human,Glutamatergic synapse,22/114,0.3621124712910763,0.9999960678739984,0,0,1.1137423464654586,1.1313399446897237,GRIA2;PLA2G4D;ADCY4;GRIK4;PLA2G4A;CACNA1D;SLC1A6;SLC1A7;GNG11;GRIN2B;GNAI1;GNG13;GRIN2D;GNGT1;GRK3;GRM4;GNG2;GNG4;GRM8;SLC17A7;GRIA4;KCNJ3
4466,KEGG_2021_Human,Salivary secretion,18/93,0.3770170244992494,0.9999960678739984,0,0,1.1176811594202898,1.0902587792237213,CALML5;ADCY4;ATP1A3;ADRB1;ATP1A2;ADRB2;MUC5B;ADRA1A;RYR3;CST5;CST4;CST2;CST1;ADRB3;FXYD2;MUC7;NOS1;CAMP
4435,KEGG_2021_Human,Cocaine addiction,12/49,0.1444611910592496,0.9999960678739984,0,0,1.5113053479010925,2.923989530562189,GRIA2;CREB3L3;TH;CREB3L4;MAOA;CREB3L1;FOSB;SLC18A1;GRIN2B;GNAI1;CREB5;GRIN2D
4446,KEGG_2021_Human,Renin secretion,15/69,0.2289757506926167,0.9999960678739984,0,0,1.2941668244053253,1.9077820125205989,ADCYAP1R1;EDN2;CALML5;EDN3;PDE1C;NPR1;PDE1B;PDE3B;ADRB1;CACNA1D;ADRB2;GNAI1;AQP1;ADRB3;CLCA4
4447,KEGG_2021_Human,Bile secretion,19/90,0.23274603570213,0.9999960678739984,0,0,1.2468992465309194,1.817738942910341,ABCG8;ABCB1;SCT;AQP9;SLC2A1;ADCY4;SCTR;UGT2B17;ATP1A3;UGT2B28;AQP4;ATP1A2;SLC51B;ABCB11;CYP3A4;AQP1;FXYD2;SLCO1A2;ABCG2
4448,KEGG_2021_Human,Hypertrophic cardiomyopathy,19/90,0.23274603570213,0.9999960678739984,0,0,1.2468992465309194,1.817738942910341,LAMA2;CACNA2D1;ATP2A3;CACNA1D;IGF1;SLC8A2;CACNG6;IL6;ACTC1;DES;SGCA;MYL2;ITGA7;DMD;TNNI3;CACNG1;SGCG;CACNG4;CACNG5
4449,KEGG_2021_Human,Vitamin digestion and absorption,6/24,0.240756636460431,0.9999960678739984,0,0,1.5524402907580477,2.21062632507589,CUBN;RBP2;SLC23A1;SLC52A3;SLC19A3;APOB
4450,KEGG_2021_Human,Taste transduction,18/86,0.2526214112683159,0.9999960678739984,0,0,1.233263126222356,1.6968014858666831,GABBR2;PDE1C;HTR1E;PDE1B;GABRA5;GABRA4;GABRA3;HTR1D;ADCY4;HTR3A;GNG13;CALHM1;GRM4;SCN9A;TRPM5;SCN2A;SCN3A;TAS1R3
4665,KEGG_2021_Human,MicroRNAs in cancer,35/310,0.9993282778353012,0.9999960678739984,0,0,0.5883183635325269,0.0003953192719120759,MIR10B;ABCB1;TNXB;CDCA5;NOTCH4;IRS2;EGFR;STMN1;ERBB2;DNMT3B;E2F1;IGF2BP1;TNR;E2F2;TP63;MIR23B;CDKN2A;MIR27B;HMGA2;KIF23;CDC25C;MMP9;CDC25A;EFNA3;EFNA2;CYP24A1;MIR145;MIR221;CCNE2;CCNE1;SPRY2;FGFR3;MET;RECK;EZH2
4666,KEGG_2021_Human,B cell receptor signaling pathway,5/81,0.9993587476381596,0.9999960678739984,0,0,0.3052355903916076,0.0001957958272362338,CR2;CD19;RAC3;FOS;LILRB5
4667,KEGG_2021_Human,Coronavirus disease,24/232,0.9993646634282026,0.9999960678739984,0,0,0.5338960783025685,0.0003393115040059695,CFD;FGA;CSF3;VWF;MMP1;MMP3;MX1;ISG15;FOS;EGFR;SELP;MAPK10;C4A;ACE2;CXCL10;IL6;C6;C7;OAS1;OAS2;OAS3;IL12B;MASP1;CFB
4668,KEGG_2021_Human,Human cytomegalovirus infection,23/225,0.9993845342362978,0.9999960678739984,0,0,0.5268924302788844,0.0003243840858828996,CALML5;CDKN2A;ADCY4;TAP1;GNG11;CX3CL1;EGFR;GNAI1;GNG13;GNGT1;IL6;CXCL12;GNG2;CREB3L3;CREB3L4;GNG4;CREB3L1;CXCR2;E2F1;RAC3;E2F2;MAP2K6;CREB5
4669,KEGG_2021_Human,Peroxisome,5/82,0.9994467676821802,0.9999960678739984,0,0,0.3012531070288715,0.0001667090733286888,ABCD2;NUDT7;PEX5L;ACSL1;CAT
4670,KEGG_2021_Human,Epstein-Barr virus infection,19/202,0.9996942156883322,0.9999960678739984,0,0,0.4804642478805332,0.00014694089657474893,CR2;ENTPD8;TAP1;ISG15;CCNA2;MAPK10;FCER2;CXCL10;IL6;CCNE2;OAS1;CCNE1;OAS2;CD19;OAS3;IRF7;E2F1;E2F2;MAP2K6
4671,KEGG_2021_Human,Antigen processing and presentation,4/78,0.9997684124695744,0.9999960678739984,0,0,0.2507477757973088,5.807678334565839e-05,IFNG;HSPA6;TAP1;KIR2DL4
4672,KEGG_2021_Human,Sphingolipid signaling pathway,8/119,0.9998582629636066,0.9999960678739984,0,0,0.333953675976912,4.7336959105056486e-05,OPRD1;MAPK10;PPP2R2C;PPP2R2B;S1PR1;RAC3;DEGS2;GNAI1
4673,KEGG_2021_Human,Proteasome,1/46,0.999869116851975,0.9999960678739984,0,0,0.1031799899446958,1.35054057314398e-05,IFNG
4674,KEGG_2021_Human,Nucleotide excision repair,1/47,0.999891779684434,0.9999960678739984,0,0,0.100930798740901,1.0923353965126558e-05,POLE2
4643,KEGG_2021_Human,Fc epsilon RI signaling pathway,5/68,0.9958349902261202,0.9999960678739984,0,0,0.3685128260439699,0.0015380647777719,MAPK10;PLA2G4D;RAC3;PLA2G4A;MAP2K6
4664,KEGG_2021_Human,N-Glycan biosynthesis,2/50,0.999306535976534,0.9999960678739984,0,0,0.1934818481848184,0.00013421924439912993,MGAT4C;MGAT5B
4425,KEGG_2021_Human,GABAergic synapse,21/89,0.0955569433685319,0.9999960678739984,0,0,1.4400346316000805,3.381248754852897,GABRQ;GABBR2;KCNJ6;GABRA5;GABRA4;GAD1;GABRA3;ADCY4;CACNA1B;CACNA1D;GNG11;GNAI1;GABRG1;GNG13;GNGT1;GNG2;GNG4;HAP1;GABRE;GABRD;SLC38A5
4426,KEGG_2021_Human,Butanoate metabolism,8/28,0.1071446085533366,0.9999960678739984,0,0,1.8637574383678093,4.162843651456447,ACSM3;ACSM1;GAD1;ACSM2A;ACSM5;HMGCS2;HADH;ACSM2B
4427,KEGG_2021_Human,Transcriptional misregulation in cancer,41/192,0.1084971590742212,0.9999960678739984,0,0,1.266901056268659,2.813826887296798,CEBPA;BCL2A1;CEBPE;FOXO1;HOXA10;HOXA9;H3C13;TSPAN7;H3C12;H3C10;H3C3;H3C2;FCGR1A;RXRG;ELANE;H3C7;RUNX1T1;PTCRA;NGFR;H3C8;ARNT2;ZBTB16;MMP3;HMGA2;GZMB;IGF1;PAX5;MMP9;TGFBR2;CCNA2;ETV7;IL6;MYCN;NR4A3;TLX3;PAX7;WT1;TLX1;PPARG;ERG;MET
4428,KEGG_2021_Human,Glycerolipid metabolism,15/61,0.1088817647713622,0.9999960678739984,0,0,1.5199800014813718,3.370544576222758,PNLIPRP2;DGAT2;MOGAT1;LPL;MBOAT2;AGPAT2;PLPP4;ALDH2;GPAM;GPAT3;PLPP3;MGLL;PLPP1;PNLIPRP3;PNPLA2
4429,KEGG_2021_Human,Dopaminergic synapse,29/132,0.120519610455333,0.9999960678739984,0,0,1.3130597469307326,2.7783593134497493,GRIA2;CALML5;MAOA;CACNA1B;CACNA1D;GNAI1;GNGT1;GNG2;CREB3L3;CREB3L4;GNG4;CREB3L1;SLC18A1;DRD4;SCN1A;GRIA4;KCNJ3;KCNJ6;FOS;GNG11;GRIN2B;GNG13;MAPK10;GNAL;CALY;TH;PPP2R2C;PPP2R2B;CREB5
4430,KEGG_2021_Human,Arrhythmogenic right ventricular cardiomyopathy,18/77,0.1243180496611427,0.9999960678739984,0,0,1.4221682777753697,2.9650958228942503,ACTN3;LAMA2;ACTN2;CACNA2D1;LEF1;ATP2A3;CACNA1D;SLC8A2;CACNG6;DES;CDH2;SGCA;ITGA7;DMD;CACNG1;SGCG;CACNG4;CACNG5
4431,KEGG_2021_Human,Circadian entrainment,22/97,0.1246997414132833,0.9999960678739984,0,0,1.3676092935040305,2.847152621006222,GRIA2;ADCYAP1R1;KCNJ6;CALML5;ADCY4;CACNA1D;FOS;GNG11;GRIN2B;CACNA1H;RYR3;GNAI1;GNG13;GRIN2D;GNGT1;PER1;GNG2;RASD1;GNG4;NOS1;GRIA4;KCNJ3
4432,KEGG_2021_Human,Fat digestion and absorption,11/43,0.1252918552807884,0.9999960678739984,0,0,1.601859401588202,3.32723725406387,PNLIPRP2;ABCG8;DGAT2;CLPS;PLA2G2A;PLA2G10;CD36;APOB;PLPP3;AGPAT2;PLPP1
4433,KEGG_2021_Human,Drug metabolism,24/108,0.1339075006968787,0.9999960678739984,0,0,1.3321133748119232,2.6783551583310143,RRM2;ADH1C;MAOA;ADH1B;ADH1A;UGT2B17;GSTT2;NME3;UGT2B28;FMO2;CYP3A4;NME1;TYMP;ALDH3A1;ADH4;CYP2A7;NAT1;NAT2;GSTA3;GSTA1;AOX1;TK1;CES1;GSTM5
4434,KEGG_2021_Human,Adrenergic signaling in cardiomyocytes,32/150,0.143213957677325,0.9999960678739984,0,0,1.2646340578834112,2.45770950502734,KCNE1;CALML5;ATP2A3;ADCY4;ATP1A3;ADRB1;CACNA1D;ATP1A2;ADRB2;ADRA1A;GNAI1;SLC8A2;CACNG6;PLN;CREB3L3;CREB3L4;CREB3L1;SCN7A;TNNI3;SCN5A;CACNG1;CACNG4;CACNG5;CACNA2D1;ACTC1;PPP1R1A;PPP2R2C;PPP2R2B;MYL2;FXYD2;SCN4B;CREB5
4441,KEGG_2021_Human,Bladder cancer,10/41,0.1761661837031582,0.9999960678739984,0,0,1.5028764279246734,2.6094856767061136,CDKN2A;EGF;MMP1;ERBB2;E2F1;E2F2;MMP9;FGFR3;EGFR;TYMP
4442,KEGG_2021_Human,Proximal tubule bicarbonate reclamation,6/23,0.2097582830729892,0.9999960678739984,0,0,1.6438602628817032,2.567380044907273,FXYD2;CA4;ATP1A3;ATP1A2;PCK1;AQP1
4443,KEGG_2021_Human,AMPK signaling pathway,25/120,0.2128504853583392,0.9999960678739984,0,0,1.226471646085601,1.8975543801401704,PFKFB1;PFKFB3;IRS2;SLC2A4;ACACB;ADRA1A;FOXO1;LIPE;CREB3L3;CREB3L4;CREB3L1;HNF4A;LEPR;CD36;PCK1;PPARGC1A;ADIPOQ;IGF1;CCNA2;PPP2R2C;PPP2R2B;SCD;LEP;PPARG;CREB5
4444,KEGG_2021_Human,Focal adhesion,40/201,0.2285713002999215,0.9999960678739984,0,0,1.158188829111732,1.7093790940182991,MYLK2;TNXB;LAMA2;LAMA3;EGFR;MYLK;COMP;RELN;IBSP;PDGFD;ERBB2;SPP1;RAC3;TNR;FLNC;PAK3;PAK5;CAV3;VWF;LAMB3;CAV2;EGF;CAV1;FN1;VEGFD;IGF1;COL1A1;MAPK10;MYL7;COL1A2;COL2A1;MYL2;COL4A3;COL9A1;ITGA7;COL6A6;TLN2;COL6A5;PPP1R12B;MET
4445,KEGG_2021_Human,Adipocytokine signaling pathway,15/69,0.2289757506926167,0.9999960678739984,0,0,1.2941668244053253,1.9077820125205989,ACSL1;ADIPOQ;SLC2A1;IRS2;SLC2A4;ACACB;MAPK10;SOCS3;LEP;LEPR;CD36;PPARA;PCK1;PPARGC1A;RXRG
4680,KEGG_2021_Human,Phosphatidylinositol signaling system,4/97,0.999985800725479,0.9999960678739984,0,0,0.1992884295231747,2.829771210046027e-06,CALML5;PLCZ1;ITPKA;PIK3C2G
4681,KEGG_2021_Human,Neurotrophin signaling pathway,6/119,0.9999872505526208,0.9999960678739984,0,0,0.2458628130615559,3.1346349800968123e-06,NTF4;MAPK10;NGFR;NTRK2;CALML5;NTRK3
4682,KEGG_2021_Human,Natural killer cell mediated cytotoxicity,7/131,0.9999895135409465,0.9999960678739984,0,0,0.2612926071461208,2.7400485925616994e-06,FCGR3A;IFNG;RAET1L;RAC3;GZMB;ULBP2;ULBP1
4683,KEGG_2021_Human,Spinocerebellar ataxia,8/143,0.9999912442423594,0.9999960678739984,0,0,0.2741811236002225,2.400673977742841e-06,MAPK10;GRIA2;RELN;ATP2A3;VLDLR;SLC1A6;GRIN2B;GRIN2D
4684,KEGG_2021_Human,Endocytosis,20/252,0.9999923376108896,0.9999960678739984,0,0,0.3978459306030806,3.048462005503691e-06,CAV3;CAV2;CAV1;IQSEC3;HSPA6;CBLC;EGFR;TGFBR2;EPN3;EHD2;GRK3;PARD6B;RAB31;CAPZA3;PSD2;CXCR2;FGFR4;FOLR2;FGFR3;SH3GL2
4685,KEGG_2021_Human,RNA degradation,2/79,0.999992783014202,0.9999960678739984,0,0,0.1203989786733775,8.689208546750095e-07,EXOSC4;ENO2
4686,KEGG_2021_Human,Yersinia infection,7/137,0.9999932049331648,0.9999960678739984,0,0,0.2491414251470908,1.692938387142352e-06,PYCARD;MAPK10;IL6;FN1;RAC3;FOS;MAP2K6
4687,KEGG_2021_Human,Huntington disease,26/306,0.9999932474091447,0.9999960678739984,0,0,0.4279997558693087,2.890116995385603e-06,GRIA2;DNAH8;CACNA1B;DNAH9;COX7A1;BBC3;TUBB8;TUBA3E;TUBA3D;CREB3L3;CREB3L4;TUBB3;CREB3L1;PPARGC1A;GRIA4;DNAH11;KCNJ10;GPX3;DNAH14;COX6C;GRIN2B;MAPK10;PPARG;HAP1;STX1A;CREB5
4688,KEGG_2021_Human,Lysosome,6/128,0.9999936957769118,0.9999960678739984,0,0,0.2276000389988439,1.434845943537113e-06,HYAL1;LAMP3;SLC11A1;CTSG;CTSE;AP1M2
4689,KEGG_2021_Human,Herpes simplex virus 1 infection,11/498,0.9999937603258998,0.9999960678739984,0,0,0.1023409555999958,6.385762023010962e-07,SOCS3;IL6;IFNG;OAS1;OAS2;OAS3;IRF7;LTA;TAP1;IL12B;ZNF730
4690,KEGG_2021_Human,Pathways of neurodegeneration,37/475,0.9999938380746012,0.9999960678739984,0,0,0.3867742987606001,2.3832817179095065e-06,PRKN;GRIA2;CALML5;DNAH8;CACNA1B;ATP2A3;CACNA1D;DNAH9;COX7A1;RYR3;TUBB8;TUBA3E;TUBA3D;CASP12;WNT11;TUBB3;NEFL;NOS1;GRIA4;MAP2K6;SNCA;WNT10B;DNAH11;FZD4;GPX3;WNT7B;DNAH14;COX6C;DKK1;GRIN2B;GRIN2D;DKK4;MAPK10;IL6;CAT;HAP1;STX1A
4659,KEGG_2021_Human,Human immunodeficiency virus 1 infection,22/212,0.9989388821366776,0.9999960678739984,0,0,0.5360574979411544,0.0005691221931256012,CALML5;TAP1;FOS;CDC25C;GNG11;GNAI1;GNG13;GNGT1;MAPK10;CCNB2;CCNB1;GNG2;GNG4;CFL2;CHEK1;CDK1;RAC3;PAK3;PAK5;AP1M2;APOBEC3B;MAP2K6
4660,KEGG_2021_Human,NF-kappa B signaling pathway,8/104,0.9989629473722114,0.9999960678739984,0,0,0.3864881458392368,0.0004010165208291187,EDAR;CCL13;CXCL12;BCL2A1;CCL21;LTA;LTB;CXCL2
4661,KEGG_2021_Human,Hepatocellular carcinoma,16/168,0.9990100628161928,0.9999960678739984,0,0,0.4876306073334429,0.0004829627610201064,WNT10B;FZD4;CDKN2A;WNT7B;LEF1;GSTT2;EGFR;TGFBR2;WNT11;TERT;GSTA3;GSTA1;E2F1;E2F2;MET;GSTM5
4662,KEGG_2021_Human,Lipid and atherosclerosis,22/215,0.999205060686402,0.9999960678739984,0,0,0.5276277095202647,0.00041959880914107313,CALML5;MMP1;HSPA6;MMP3;VLDLR;FOS;CXCL2;MMP9;PYCARD;SELP;MAPK10;CYP2A7;IL6;CYP1A1;IRF7;IL12B;OLR1;PPARG;CD36;APOB;RXRG;MAP2K6
4663,KEGG_2021_Human,Non-alcoholic fatty liver disease,14/155,0.999238641781012,0.9999960678739984,0,0,0.4600125215654775,0.00035036770872978707,CEBPA;ADIPOQ;IRS2;FOS;COX6C;COX7A1;MAPK10;SOCS3;MLXIPL;IL6;LEP;LEPR;PPARG;PPARA
4612,KEGG_2021_Human,Wnt signaling pathway,20/166,0.9818696773921688,0.9999960678739984,0,0,0.6355432128097966,0.0116283376852493,WNT10B;FZD4;WNT7B;LEF1;DKK1;TLE6;DKK4;MAPK10;SFRP1;WNT11;SOX17;DAAM2;BAMBI;WIF1;CCN4;RAC3;RSPO3;RSPO1;NOTUM;LGR6
4613,KEGG_2021_Human,Sphingolipid metabolism,4/49,0.9821579220056093,0.9999960678739984,0,0,0.4130704154479982,0.0074365756105091,NEU4;DEGS2;PLPP3;PLPP1
4614,KEGG_2021_Human,Measles,16/139,0.9828973040810935,0.9999960678739984,0,0,0.6036718134860986,0.0104137228594472,STAT5A;CLEC4M;HSPA6;MX1;FOS;BBC3;MAPK10;IL6;CCNE2;OAS1;CCNE1;CD209;OAS2;OAS3;IRF7;IL12B
4615,KEGG_2021_Human,Pantothenate and CoA biosynthesis,1/21,0.983245640902166,0.9999960678739984,0,0,0.2325084841628959,0.0039285333419802,ALDH2
4616,KEGG_2021_Human,Toll-like receptor signaling pathway,11/104,0.9840412510516192,0.9999960678739984,0,0,0.5491311852353332,0.0088341265308336,MAPK10;CXCL10;CXCL11;IL6;CXCL9;CD80;IRF7;SPP1;IL12B;FOS;MAP2K6
4649,KEGG_2021_Human,Circadian rhythm,1/31,0.9976115533537931,0.9999960678739984,0,0,0.1549113876319758,0.00037044014882847465,PER1
4650,KEGG_2021_Human,RNA polymerase,1/31,0.9976115533537931,0.9999960678739984,0,0,0.1549113876319758,0.00037044014882847465,POLR3K
4651,KEGG_2021_Human,Inositol phosphate metabolism,5/73,0.9979471950166088,0.9999960678739984,0,0,0.3413122043834521,0.0007013675259773237,MIOX;PLCZ1;ITPKA;PIK3C2G;PLCH2
4652,KEGG_2021_Human,Kaposi sarcoma-associated herpesvirus infection,20/193,0.998384038793136,0.9999960678739984,0,0,0.5354668735341636,0.0008659935898172933,CALML5;LEF1;FOS;GNG11;FGF2;CXCL2;GNG13;GNGT1;MAPK10;RCAN1;ZFP36;IL6;GNG2;GNG4;IRF7;E2F1;CCR8;E2F2;CCR4;MAP2K6
4653,KEGG_2021_Human,Hedgehog signaling pathway,3/56,0.9984586237825136,0.9999960678739984,0,0,0.2628375564596213,0.0004054441098778467,HHATL;GRK3;BOC
4654,KEGG_2021_Human,Apoptosis,13/142,0.9986355452689823,0.9999960678739984,0,0,0.4671004584290227,0.0006377726353233552,NGFR;BCL2A1;GZMB;FOS;BBC3;LMNB1;TP53AIP1;MAPK10;TUBA3E;TUBA3D;CASP12;PMAIP1;BIRC5
4655,KEGG_2021_Human,Chronic myeloid leukemia,5/76,0.99866763262631,0.9999960678739984,0,0,0.3268307466543314,0.0004357489769258131,STAT5A;CDKN2A;E2F1;E2F2;TGFBR2
4656,KEGG_2021_Human,NOD-like receptor signaling pathway,18/181,0.998772743681057,0.9999960678739984,0,0,0.5115089514066496,0.0006281381149331273,GBP5;NOD2;ANTXR2;CXCL2;PYCARD;MAPK10;TRPM2;IL6;CASP12;AIM2;NLRP6;OAS1;OAS2;OAS3;IRF7;TXNIP;PYDC1;CAMP
4657,KEGG_2021_Human,Pathogenic Escherichia coli infection,20/197,0.9989066307799152,0.9999960678739984,0,0,0.523237415041389,0.0005724046662797116,FOS;CLDN6;CLDN11;PYCARD;TUBB8;MAPK10;CLDN5;TUBA3E;TUBA3D;IL6;CLDN3;CLDN9;CLDN25;CLDN14;TUBB3;CLDN8;CLDN19;MYH11;PAK3;WASF3
4658,KEGG_2021_Human,Toxoplasmosis,9/112,0.9989170182985392,0.9999960678739984,0,0,0.4051912026946701,0.0004390524439277686,MAPK10;IFNG;LAMA2;LAMB3;HSPA6;LAMA3;IL12B;GNAI1;MAP2K6
4627,KEGG_2021_Human,Mannose type O-glycan biosynthesis,1/23,0.9886521628928268,0.9999960678739984,0,0,0.2113456396544631,0.0024120275717785,MGAT5B
4701,KEGG_2021_Human,Ribosome,1/158,0.999995525767065,0.9999960678739984,0,0,0.0293721359195319,1.3141807190129577e-07,MRPL12
4702,KEGG_2021_Human,Spliceosome,3/150,0.9999955990747696,0.9999960678739984,0,0,0.0942217294388043,4.146636987977587e-07,RNU4-1;HSPA6;RNU4-2
4703,KEGG_2021_Human,Autophagy,4/137,0.9999957144280328,0.9999960678739984,0,0,0.1390115537924914,5.957452946040095e-07,MAPK10;MRAS;ATG9B;IRS2
4704,KEGG_2021_Human,Oxidative phosphorylation,2/133,0.999995766496818,0.9999960678739984,0,0,0.0705356468035025,2.986135172714523e-07,COX6C;COX7A1
4705,KEGG_2021_Human,Ribosome biogenesis in eukaryotes,1/108,0.9999960484434316,0.9999960678739984,0,0,0.0432295851482217,1.7082448865339525e-07,SNORD3A
4706,KEGG_2021_Human,mRNA surveillance pathway,2/98,0.9999960678739984,0.9999960678739984,0,0,0.0964580386610089,3.792859075703558e-07,PPP2R2C;PPP2R2B
1330,GO_Biological_Process_2023,Positive Regulation Of Neuron Differentiation (GO:0045666),9/42,0.3195609410505472,0.999996300842126,0,0,1.270098948670377,1.4489381327304325,DLX2;BMP2;MMD;VWC2;SOX11;PROX1;ASCL1;ECT2;NKX2-5
1329,GO_Biological_Process_2023,Lipid Modification (GO:0030258),9/42,0.3195609410505472,0.999996300842126,0,0,1.270098948670377,1.4489381327304325,PLPPR1;PLPP4;PLPPR3;PLPPR5;CYP1A1;MBOAT2;CYP3A4;PLPP3;PLPP1
1328,GO_Biological_Process_2023,Cardiac Ventricle Morphogenesis (GO:0003208),9/42,0.3195609410505472,0.999996300842126,0,0,1.270098948670377,1.4489381327304325,TGFBR3;MYL2;NPY2R;TBX20;GATA4;TNNI3;GATA3;PROX1;TGFBR2
1327,GO_Biological_Process_2023,Branching Morphogenesis Of An Epithelial Tube (GO:0048754),9/42,0.3195609410505472,0.999996300842126,0,0,1.270098948670377,1.4489381327304325,NELL1;CITED1;WT1;NOTCH4;NPNT;FGF2;MET;PAX2;TGFBR2
1326,GO_Biological_Process_2023,Positive Regulation Of Phosphorylation (GO:0042327),44/231,0.3179283363070515,0.999996300842126,0,0,1.096377629207996,1.2563712262857558,RET;FAXDC2;PELI2;ITLN1;CDCA8;FGF1;FGF2;RASGRP1;EGFR;AURKB;FGF5;RELN;THPO;ERBB2;LEPR;RSPO1;AMH;ROS1;DRD4;NTRK2;ANGPT1;EGF;NTRK3;ADIPOQ;PLAUR;VEGFD;MT3;MMP9;FGF17;CCNA2;MARCO;NELL1;BMP2;CLDN3;LEP;TYRO3;CLDN19;PECAM1;BIRC5;TEK;FGFR4;FGFR3;MET;DDR2
1325,GO_Biological_Process_2023,Cell Junction Assembly (GO:0034329),19/95,0.31544530492064,0.999996300842126,0,0,1.1645110858442296,1.3435779229401197,GPM6A;NLGN1;FN1;POU4F1;CDH7;CDH5;CLDN5;PARD6B;CDH2;CDH10;CDH11;CDH22;CDH12;SLITRK6;CDH13;DSG1;CDH15;TLN2;ADGRL3
1324,GO_Biological_Process_2023,Skin Development (GO:0043588),14/68,0.3100981850033544,0.999996300842126,0,0,1.207546178025883,1.4138751325875687,SPRR2F;ANXA1;ASCL4;AKR1C3;EVPL;COL1A1;COL1A2;COL5A1;KRT16;COL5A2;DACT2;TXNIP;IVL;S100A7
1323,GO_Biological_Process_2023,Intermediate Filament Organization (GO:0045109),14/68,0.3100981850033544,0.999996300842126,0,0,1.207546178025883,1.4138751325875687,KRT2;KRT24;KRT5;KRT31;KRT75;GFAP;BFSP2;KRT19;DES;KRT16;KRT37;KRT14;NEFL;INA
1322,GO_Biological_Process_2023,Regulation Of Presynapse Organization (GO:0099174),4/16,0.3099853419180109,0.999996300842126,0,0,1.5521275592036985,1.817898775205989,LRFN5;LRFN4;SLITRK3;SNCA
1321,GO_Biological_Process_2023,Regulation Of Presynapse Assembly (GO:1905606),4/16,0.3099853419180109,0.999996300842126,0,0,1.5521275592036985,1.817898775205989,LRFN5;LRFN4;SLITRK3;SNCA
1320,GO_Biological_Process_2023,Regulation Of Plasminogen Activation (GO:0010755),4/16,0.3099853419180109,0.999996300842126,0,0,1.5521275592036985,1.817898775205989,CLEC3B;F12;HPN;PLAUR
1319,GO_Biological_Process_2023,Regulation Of Interleukin-1 Production (GO:0032652),4/16,0.3099853419180109,0.999996300842126,0,0,1.5521275592036985,1.817898775205989,ORM1;SAA1;CCR7;ORM2
1318,GO_Biological_Process_2023,Positive Regulation Of Smooth Muscle Cell Migration (GO:0014911),4/16,0.3099853419180109,0.999996300842126,0,0,1.5521275592036985,1.817898775205989,NELL1;NR4A3;CCN4;IGF1
1317,GO_Biological_Process_2023,Positive Regulation Of Homotypic Cell-Cell Adhesion (GO:0034112),4/16,0.3099853419180109,0.999996300842126,0,0,1.5521275592036985,1.817898775205989,IL6;MMRN1;PLAUR;CTSG
1316,GO_Biological_Process_2023,Positive Regulation Of Collagen Metabolic Process (GO:0010714),4/16,0.3099853419180109,0.999996300842126,0,0,1.5521275592036985,1.817898775205989,CREB3L1;SCX;LARP6;VSIR
1315,GO_Biological_Process_2023,Positive Regulation Of Cell Migration Involved In Sprouting Angiogenesis (GO:0090050),4/16,0.3099853419180109,0.999996300842126,0,0,1.5521275592036985,1.817898775205989,FGFBP1;ANXA1;RHOJ;FGF2
1346,GO_Biological_Process_2023,Mesenchymal Cell Migration (GO:0090497),7/32,0.3329915007392385,0.999996300842126,0,0,1.3038640226628897,1.4337788337839066,SEMA5A;NELL1;SEMA7A;SEMA3D;SEMA6D;SEMA3G;SOX10
1345,GO_Biological_Process_2023,Protein Homotetramerization (GO:0051289),11/53,0.3306459333483647,0.999996300842126,0,0,1.2197215244577695,1.3498745490787896,GBP5;ALDH1A3;TDO2;TRPA1;ALDH1A2;KIF25;AQP4;TK1;ACACB;RYR3;HCN1
1344,GO_Biological_Process_2023,Gonad Development (GO:0008406),11/53,0.3306459333483647,0.999996300842126,0,0,1.2197215244577695,1.3498745490787896,LHCGR;SRD5A2;BIK;WT1;KIT;DNAAF11;AKR1C3;GATA4;GATA3;INHBA;TEX19
1343,GO_Biological_Process_2023,Blood Vessel Morphogenesis (GO:0048514),11/53,0.3306459333483647,0.999996300842126,0,0,1.2197215244577695,1.3498745490787896,CCBE1;NELL1;CDH2;SOX17;WT1;CAV1;TBX20;TNNI3;PROX1;NKX2-5;TGFBR2
1342,GO_Biological_Process_2023,Calcium Ion Transport (GO:0006816),22/112,0.3292646578865339,0.999996300842126,0,0,1.1386312628417892,1.2648979780753982,CATSPER1;SLC24A2;TRPA1;CACNA2D1;CAV1;ATP2A3;CACNA1D;CSN2;CACNA1H;RYR3;SLC8A2;TRPM1;CACNG6;TRPM2;CDH23;NMUR1;CACNG1;TRPM5;TRPM6;MS4A1;RAMP1;TRPM3
1341,GO_Biological_Process_2023,Synaptic Vesicle Cycle (GO:0099504),8/37,0.3261713025984425,0.999996300842126,0,0,1.2846464271406377,1.43923123008936,RIMS1;NLGN1;CDH2;SYNDIG1;SLC17A7;CPLX2;STX1A;SNCA
1340,GO_Biological_Process_2023,Regulation Of Sodium Ion Transmembrane Transporter Activity (GO:2000649),8/37,0.3261713025984425,0.999996300842126,0,0,1.2846464271406377,1.43923123008936,NETO1;CAV3;FXYD2;FXYD1;DMD;SCN3B;SCN4B;SCN2B
1339,GO_Biological_Process_2023,Negative Regulation Of Transferase Activity (GO:0051348),8/37,0.3261713025984425,0.999996300842126,0,0,1.2846464271406377,1.43923123008936,CDKN1C;CDC20;PIF1;MYCNOS;ZFP36;BUB1B;IRS2;MAD2L1
1338,GO_Biological_Process_2023,Muscle Cell Differentiation (GO:0042692),8/37,0.3261713025984425,0.999996300842126,0,0,1.2846464271406377,1.43923123008936,MYOG;FBXO40;MYOCD;LBX2;ACTN3;ACTN2;DMD;SGCZ
1337,GO_Biological_Process_2023,Aortic Valve Morphogenesis (GO:0003180),8/37,0.3261713025984425,0.999996300842126,0,0,1.2846464271406377,1.43923123008936,ROBO2;TBX20;CDH11;GATA5;GATA4;GATA3;NKX2-5;TGFBR2
1336,GO_Biological_Process_2023,Gland Development (GO:0048732),15/74,0.3236262951425566,0.999996300842126,0,0,1.184130742355557,1.3358958523558486,CEBPA;ANXA1;NOTCH4;CAV1;LSR;NRG1;PROX1;SOX2;TGFBR3;WNT11;TG;WT1;SIX3;NKX2-5;MET
1335,GO_Biological_Process_2023,Response To Organic Cyclic Compound (GO:0014070),12/58,0.3234540115940238,0.999996300842126,0,0,1.2149491211840888,1.371311049038862,FOXA1;SFRP1;ANXA1;CYP24A1;GLDC;SPP1;CYP1A1;PMAIP1;CSN1S1;FGFR4;ESR1;DRD4
1334,GO_Biological_Process_2023,Regulation Of Neuron Death (GO:1901214),12/58,0.3234540115940238,0.999996300842126,0,0,1.2149491211840888,1.371311049038862,PRKN;CHGA;EGR1;EGLN3;GRM4;IFNG;KIF14;SNCG;SNCB;DKK1;GRIN2B;SNCA
1333,GO_Biological_Process_2023,Positive Regulation Of Mitochondrion Organization (GO:0010822),12/58,0.3234540115940238,0.999996300842126,0,0,1.2149491211840888,1.371311049038862,PYCARD;PRKN;MLLT11;BIK;PLAUR;PMAIP1;MGARP;MMP9;PPARGC1A;DCN;BBC3;AURKA
1332,GO_Biological_Process_2023,Glycosaminoglycan Biosynthetic Process (GO:0006024),12/58,0.3234540115940238,0.999996300842126,0,0,1.2149491211840888,1.371311049038862,CHST9;CHST6;CEMIP;GALNT5;HS3ST3A1;CHPF;ANGPT1;HYAL1;HAS1;B3GNT4;HAS3;CHST1
1331,GO_Biological_Process_2023,Cellular Response To Cytokine Stimulus (GO:0071345),58/308,0.319749531692759,0.999996300842126,0,0,1.0811773498131647,1.2327771220077022,CSF3;PID1;AQP4;MT1X;IFIT1;CX3CL1;PYCARD;GHR;CRHBP;TCL1A;ZFP36;HYAL1;LEPR;IL12B;CCR7;CTSG;GBP5;EDN2;PTGIS;MME;DUSP1;FOXH1;LIFR;NPNT;DCSTAMP;GREM2;SFRP1;AIM2;OAS1;RUFY4;KIT;IL9R;CCL14;CCL13;CEBPA;CCL11;PDE1B;NPR2;LEF1;AKAP6;GATA3;LRP8;CCL7;IL21R;CCL17;CCL16;STAT5A;CCL25;EGR1;CCL24;CCL23;CCL21;CCL20;PDE2A;POU4F1;IL6;CXCL12;PF4
1362,GO_Biological_Process_2023,Negative Regulation Of Axonogenesis (GO:0050771),5/22,0.3469706206395538,0.999996300842126,0,0,1.3694957031510226,1.4496319761648742,RTN4R;SEMA3G;TRIM46;MT3;KIAA0319
1361,GO_Biological_Process_2023,Hexose Transmembrane Transport (GO:0008645),5/22,0.3469706206395538,0.999996300842126,0,0,1.3694957031510226,1.4496319761648742,SLC2A1;PPBP;SLC2A4;SLC50A1;SLC2A6
1360,GO_Biological_Process_2023,Dendritic Cell Differentiation (GO:0097028),5/22,0.3469706206395538,0.999996300842126,0,0,1.3694957031510226,1.4496319761648742,DCSTAMP;CCR7;DHRS2;BATF;TGFBR2
1359,GO_Biological_Process_2023,Regulation Of Endothelial Cell Apoptotic Process (GO:2000351),9/43,0.3462979202394325,0.999996300842126,0,0,1.2326680672268908,1.3071900423557856,SEMA5A;CDH5;FGA;IL11;ANGPT1;ECSCR;NDNF;GATA3;TEK
1358,GO_Biological_Process_2023,Regulation Of Cell Death (GO:0010941),12/59,0.3461868674855439,0.999996300842126,0,0,1.1890267089180624,1.2612916742536542,PACRG;CCN5;AGR2;HBB;CCN4;AGR3;SNCG;HBA1;OLFM4;SNCB;CRYAB;SNCA
1357,GO_Biological_Process_2023,Negative Regulation Of Apoptotic Process (GO:0043066),89/482,0.343050328487781,0.999996300842126,0,0,1.0554704427244763,1.1292247248451852,CNTFR;CITED1;KIF14;SCX;HSPB1;CX3CL1;AQP1;RNF157;COMP;TCL1A;LAMP3;CLEC5A;PDK4;FFAR4;PROK2;AMH;MAGEA3;MAGEA4;NAT8B;ANXA1;UNC5B;PLAUR;VSTM2L;MAPK8IP2;DKK1;MMP9;PAX2;POU3F3;TOX3;SFRP1;PAX7;CEACAM6;CEACAM5;CAT;TYRO3;BIRC5;DPEP1;ADAM8;ANGPTL4;CRYAB;PRKN;BCL2A1;HPN;LEF1;IFI6;GATA4;NDNF;ASCL1;EGFR;FOXO1;NTF4;SOCS3;MIEN1;NUAK2;PTPRZ1;ERBB2;PRAME;NKX2-5;PPARGC1A;NTSR1;SNCA;ANGPT4;NTRK2;STIL;EGR3;TSLP;ANGPT1;CBX4;CAV1;PLK1;CIDEA;HMGA2;AZU1;IGF1;KLF4;DHRS2;POU4F1;MT3;IL6;KRT18;PROC;WT1;ALB;CDK1;SPRY2;TEK;VIP;LACRT;MAD2L1
1356,GO_Biological_Process_2023,Positive Regulation Of MAP Kinase Activity (GO:0043406),18/91,0.3401435182836069,0.999996300842126,0,0,1.1484427004869846,1.2384664109699324,TENM1;EDN3;EGF;NTRK3;NOD2;FGF1;FGF2;DKK1;RASGRP1;EGFR;GHR;PDGFD;KIT;ERBB2;CD24;DRD4;ELANE;EZH2
1355,GO_Biological_Process_2023,Ventricular Septum Morphogenesis (GO:0060412),6/27,0.3399699509212045,0.999996300842126,0,0,1.3304203584577416,1.4353879236633622,ROBO2;TGFBR3;SOX11;PROX1;NKX2-5;TGFBR2
1354,GO_Biological_Process_2023,Respiratory Tube Development (GO:0030323),6/27,0.3399699509212045,0.999996300842126,0,0,1.3304203584577416,1.4353879236633622,CEBPA;FGF7;ZIC3;WNT7B;PROX1;PCSK5
1353,GO_Biological_Process_2023,Regulation Of Extrinsic Apoptotic Signaling Pathway In Absence Of Ligand (GO:2001239),6/27,0.3399699509212045,0.999996300842126,0,0,1.3304203584577416,1.4353879236633622,RET;TERT;UNC5B;IFI6;INHBA;PF4
1352,GO_Biological_Process_2023,Positive Regulation Of Response To Wounding (GO:1903036),6/27,0.3399699509212045,0.999996300842126,0,0,1.3304203584577416,1.4353879236633622,KANK1;ANXA1;CLDN3;CLEC7A;PTN;MYLK
1351,GO_Biological_Process_2023,Positive Regulation Of Immune System Process (GO:0002684),6/27,0.3399699509212045,0.999996300842126,0,0,1.3304203584577416,1.4353879236633622,HCAR2;C6;IFNL1;C7;RSAD2;TNFRSF18
1350,GO_Biological_Process_2023,Positive Regulation Of Calcium Ion Transmembrane Transporter Activity (GO:1901021),6/27,0.3399699509212045,0.999996300842126,0,0,1.3304203584577416,1.4353879236633622,JPH2;P2RY6;STAC2;AKAP6;ANK2;TRDN
1349,GO_Biological_Process_2023,In Utero Embryonic Development (GO:0001701),6/27,0.3399699509212045,0.999996300842126,0,0,1.3304203584577416,1.4353879236633622,ARNT2;FOXD3;STIL;BMP2;WNT7B;ESRRB
1348,GO_Biological_Process_2023,Activation Of Phospholipase C Activity (GO:0007202),6/27,0.3399699509212045,0.999996300842126,0,0,1.3304203584577416,1.4353879236633622,P2RY12;P2RY6;NMUR1;HTR2A;AVPR1A;EGFR
1347,GO_Biological_Process_2023,Negative Regulation Of Protein Serine/Threonine Kinase Activity (GO:0071901),16/80,0.3361091846048193,0.999996300842126,0,0,1.1643709173530248,1.269535987632603,CEBPA;MYOCD;CAV3;DUSP1;CDKN2A;ADIPOQ;PLK1;CBLC;PYCARD;PKIB;RGS2;BMP2;PRKAR2B;SPRY2;PPARG;SPRY1
1378,GO_Biological_Process_2023,Positive Regulation Of Glial Cell Differentiation (GO:0045687),4/17,0.3536362507500679,0.999996300842126,0,0,1.4326460406279258,1.4892161245064095,EGR2;BMP2;PTPRZ1;PTN
1377,GO_Biological_Process_2023,Negative Regulation Of Ubiquitin-Protein Transferase Activity (GO:0051444),4/17,0.3536362507500679,0.999996300842126,0,0,1.4326460406279258,1.4892161245064095,CDC20;USP44;BUB1B;MAD2L1
1376,GO_Biological_Process_2023,Negative Regulation Of Striated Muscle Cell Differentiation (GO:0051154),4/17,0.3536362507500679,0.999996300842126,0,0,1.4326460406279258,1.4892161245064095,BMP2;CEACAM5;NKX2-5;DKK1
1375,GO_Biological_Process_2023,Negative Regulation Of Rho Protein Signal Transduction (GO:0035024),4/17,0.3536362507500679,0.999996300842126,0,0,1.4326460406279258,1.4892161245064095,KANK1;MYOC;STMN1;MET
1374,GO_Biological_Process_2023,Motile Cilium Assembly (GO:0044458),4/17,0.3536362507500679,0.999996300842126,0,0,1.4326460406279258,1.4892161245064095,DNAAF3;MCIDAS;DNAAF11;ZMYND10
1373,GO_Biological_Process_2023,Mesenchyme Development (GO:0060485),4/17,0.3536362507500679,0.999996300842126,0,0,1.4326460406279258,1.4892161245064095,WNT11;HMGA2;GATA4;MEOX1
1372,GO_Biological_Process_2023,Megakaryocyte Differentiation (GO:0030219),4/17,0.3536362507500679,0.999996300842126,0,0,1.4326460406279258,1.4892161245064095,IL11;THPO;TAL1;KIT
1371,GO_Biological_Process_2023,Intracellular Zinc Ion Homeostasis (GO:0006882),4/17,0.3536362507500679,0.999996300842126,0,0,1.4326460406279258,1.4892161245064095,SLC30A8;SLC30A2;SLC39A6;MT3
1370,GO_Biological_Process_2023,Cellular Response To Alkaloid (GO:0071312),4/17,0.3536362507500679,0.999996300842126,0,0,1.4326460406279258,1.4892161245064095,CRHBP;RAD51;CASQ2;RYR3
1369,GO_Biological_Process_2023,Carboxylic Acid Biosynthetic Process (GO:0046394),4/17,0.3536362507500679,0.999996300842126,0,0,1.4326460406279258,1.4892161245064095,PYCARD;PAH;RGN;CDO1
1368,GO_Biological_Process_2023,Aorta Morphogenesis (GO:0035909),4/17,0.3536362507500679,0.999996300842126,0,0,1.4326460406279258,1.4892161245064095,LRP1;PROX1;MYLK;TGFBR2
1367,GO_Biological_Process_2023,T Cell Migration (GO:0072678),4/17,0.3536362507500679,0.999996300842126,0,0,1.4326460406279258,1.4892161245064095,CXCL10;CXCL11;S1PR1;XG
1366,GO_Biological_Process_2023,Regulation Of Actin Filament Polymerization (GO:0030833),14/70,0.3516931811897271,0.999996300842126,0,0,1.1642776043145049,1.2166655882327744,TENM1;KANK1;CCL24;CSF3;CCL11;CCL21;CRACD;LMOD1;PYCARD;DAAM2;CCR7;EVL;PAK3;KANK3
1365,GO_Biological_Process_2023,Negative Regulation Of Growth (GO:0045926),24/124,0.347429185237201,0.999996300842126,0,0,1.1178821520068318,1.1818187713450747,NPR1;CDKN2A;MT1M;FHL1;TMPRSS4;MT1X;NRG1;INHBA;MT3;ESR2;DCSTAMP;SFRP1;PSRC1;WNT11;SOX17;HYAL1;GNG4;WT1;MYL2;HNF4A;MT1G;SCGB3A1;MT1H;FGFR3
1364,GO_Biological_Process_2023,Regulation Of Release Of Sequestered Calcium Ion Into Cytosol By Sarcoplasmic Reticulum (GO:0010880),5/22,0.3469706206395538,0.999996300842126,0,0,1.3694957031510226,1.4496319761648742,CASQ2;ANK2;ATP1A2;DMD;TRDN
1363,GO_Biological_Process_2023,Negative Regulation Of Cell Communication (GO:0010648),5/22,0.3469706206395538,0.999996300842126,0,0,1.3694957031510226,1.4496319761648742,IL11;SRMS;KIF26A;ADIPOQ;OSM
1394,GO_Biological_Process_2023,UV Protection (GO:0009650),2/7,0.3588339644397637,0.999996300842126,0,0,1.8622913719943424,1.9086540320857344,MFAP4;FEN1
1393,GO_Biological_Process_2023,T-helper 17 Cell Lineage Commitment (GO:0072540),2/7,0.3588339644397637,0.999996300842126,0,0,1.8622913719943424,1.9086540320857344,SOCS3;IL6
1392,GO_Biological_Process_2023,L-alanine Transport (GO:0015808),2/7,0.3588339644397637,0.999996300842126,0,0,1.8622913719943424,1.9086540320857344,SLC36A2;SLC38A5
1391,GO_Biological_Process_2023,Sensory Perception Of Sound (GO:0007605),18/92,0.3584900315174774,0.999996300842126,0,0,1.1328540817031865,1.1621433730669115,CLIC5;CEMIP;KCNE1;COL11A1;HPN;SLC52A3;MYO7B;CACNA1D;OTOR;TMC2;COL1A1;COL2A1;MYO3B;COL4A3;KIT;CDH23;BIRC5;TPRN
1390,GO_Biological_Process_2023,Positive Regulation Of Neuron Projection Development (GO:0010976),18/92,0.3584900315174774,0.999996300842126,0,0,1.1328540817031865,1.1621433730669115,RET;NTRK2;NLGN1;NTRK3;PLPPR5;NDNF;PTK6;VLDLR;PTN;LRP8;CX3CL1;BMP5;RELN;GPC2;ALKAL2;S100A9;DDR2;PACSIN1
1389,GO_Biological_Process_2023,Transmembrane Receptor Protein Tyrosine Kinase Signaling Pathway (GO:0007169),53/284,0.355504717954956,0.999996300842126,0,0,1.0689509495479643,1.105526986042281,RET;IRS2;FGF1;FGF2;FGF5;GHR;FGF7;STMN1;PDK4;SH2D6;EPHB1;ROS1;EPHA8;NRG1;GFRA2;MMP9;KIT;TYRO3;MET;GPLD1;ANGPTL1;DDR2;ADRB2;EGFR;FOXO1;ART4;NTF4;FLRT2;PDGFD;ERBB2;ALKAL2;PAK3;KL;NTRK2;SRMS;ANGPT1;GDF15;CAV2;NTRK3;PTK6;VEGFD;IGF1;SORBS1;SULF1;SHCBP1;FGF17;NELL1;EFNA3;EFNA2;NR4A3;TEK;FGFR4;FGFR3
1388,GO_Biological_Process_2023,Positive Regulation Of Production Of Molecular Mediator Of Immune Response (GO:0002702),8/38,0.3548928438783242,0.999996300842126,0,0,1.2417493151978842,1.286377019801951,IL21;SLC7A5;IL6;TNFSF4;FFAR3;FFAR2;NOD2;INAVA
1387,GO_Biological_Process_2023,Negative Regulation Of Epithelial Cell Apoptotic Process (GO:1904036),8/38,0.3548928438783242,0.999996300842126,0,0,1.2417493151978842,1.286377019801951,SEMA5A;CDH5;FGA;IL11;NDNF;GATA3;TEK;PPARA
1386,GO_Biological_Process_2023,Regulation Of Exocytosis (GO:0017157),11/54,0.3546213072230611,0.999996300842126,0,0,1.1912833568573653,1.235009173136921,RIMS2;RAB3C;FGA;SYT1;RAB26;CADPS;STXBP6;CPLX2;UNC13D;SNCA;STXBP5L
1385,GO_Biological_Process_2023,Regulation Of Receptor Signaling Pathway Via STAT (GO:1904892),4/17,0.3536362507500679,0.999996300842126,0,0,1.4326460406279258,1.4892161245064095,IL6;TSLP;EGF;PPARG
1384,GO_Biological_Process_2023,Regulation Of Adenylate Cyclase Activity (GO:0045761),4/17,0.3536362507500679,0.999996300842126,0,0,1.4326460406279258,1.4892161245064095,GABBR2;EDNRB;CACNA1D;AKAP5
1383,GO_Biological_Process_2023,Prostaglandin Biosynthetic Process (GO:0001516),4/17,0.3536362507500679,0.999996300842126,0,0,1.4326460406279258,1.4892161245064095,EDN2;PTGIS;PLA2G4A;AMH
1382,GO_Biological_Process_2023,Positive Regulation Of Transcription From RNA Polymerase II Promoter In Response To Stress (GO:0036003),4/17,0.3536362507500679,0.999996300842126,0,0,1.4326460406279258,1.4892161245064095,MUC1;CREB3L3;CREB3L1;KLF2
1381,GO_Biological_Process_2023,Positive Regulation Of Stem Cell Differentiation (GO:2000738),4/17,0.3536362507500679,0.999996300842126,0,0,1.4326460406279258,1.4892161245064095,TCF15;PTN;NKX2-5;SOX5
1380,GO_Biological_Process_2023,Positive Regulation Of Regulatory T Cell Differentiation (GO:0045591),4/17,0.3536362507500679,0.999996300842126,0,0,1.4326460406279258,1.4892161245064095,IL4I1;SOX12;FOXP3;VSIR
1379,GO_Biological_Process_2023,Positive Regulation Of Lymphocyte Chemotaxis (GO:0140131),4/17,0.3536362507500679,0.999996300842126,0,0,1.4326460406279258,1.4892161245064095,CCL21;CCL7;CXCL13;S100A7
1410,GO_Biological_Process_2023,Intracellular pH Elevation (GO:0051454),2/7,0.3588339644397637,0.999996300842126,0,0,1.8622913719943424,1.9086540320857344,SLC45A2;SLC26A3
1409,GO_Biological_Process_2023,Intermediate Filament Bundle Assembly (GO:0045110),2/7,0.3588339644397637,0.999996300842126,0,0,1.8622913719943424,1.9086540320857344,KRT14;NEFL
1408,GO_Biological_Process_2023,Immunological Synapse Formation (GO:0001771),2/7,0.3588339644397637,0.999996300842126,0,0,1.8622913719943424,1.9086540320857344,CCL21;CCR7
1407,GO_Biological_Process_2023,Glycine Metabolic Process (GO:0006544),2/7,0.3588339644397637,0.999996300842126,0,0,1.8622913719943424,1.9086540320857344,GLDC;GLYAT
1406,GO_Biological_Process_2023,Glutathione Catabolic Process (GO:0006751),2/7,0.3588339644397637,0.999996300842126,0,0,1.8622913719943424,1.9086540320857344,GGT2P;DPEP1
1405,GO_Biological_Process_2023,Fructose Metabolic Process (GO:0006000),2/7,0.3588339644397637,0.999996300842126,0,0,1.8622913719943424,1.9086540320857344,SORD;ALDOC
1404,GO_Biological_Process_2023,Establishment Of Planar Polarity (GO:0001736),2/7,0.3588339644397637,0.999996300842126,0,0,1.8622913719943424,1.9086540320857344,BRSK2;CELSR1
1403,GO_Biological_Process_2023,Establishment Of Centrosome Localization (GO:0051660),2/7,0.3588339644397637,0.999996300842126,0,0,1.8622913719943424,1.9086540320857344,MISP;MAD2L1
1402,GO_Biological_Process_2023,Dopamine Catabolic Process (GO:0042420),2/7,0.3588339644397637,0.999996300842126,0,0,1.8622913719943424,1.9086540320857344,MOXD1;MAOA
1401,GO_Biological_Process_2023,Coronary Vasculature Morphogenesis (GO:0060977),2/7,0.3588339644397637,0.999996300842126,0,0,1.8622913719943424,1.9086540320857344,TGFBR3;NELL1
1400,GO_Biological_Process_2023,Coronary Vasculature Development (GO:0060976),2/7,0.3588339644397637,0.999996300842126,0,0,1.8622913719943424,1.9086540320857344,MYOCD;GPC3
1399,GO_Biological_Process_2023,Catecholamine Catabolic Process (GO:0042424),2/7,0.3588339644397637,0.999996300842126,0,0,1.8622913719943424,1.9086540320857344,MOXD1;MAOA
1398,GO_Biological_Process_2023,"Blood Coagulation, Intrinsic Pathway (GO:0007597)",2/7,0.3588339644397637,0.999996300842126,0,0,1.8622913719943424,1.9086540320857344,F8;F12
1397,GO_Biological_Process_2023,Benzene-Containing Compound Metabolic Process (GO:0042537),2/7,0.3588339644397637,0.999996300842126,0,0,1.8622913719943424,1.9086540320857344,ACSM1;KMO
1396,GO_Biological_Process_2023,Aromatic Amino Acid Transport (GO:0015801),2/7,0.3588339644397637,0.999996300842126,0,0,1.8622913719943424,1.9086540320857344,SLC7A5;SLC38A5
1395,GO_Biological_Process_2023,Amine Transport (GO:0015837),2/7,0.3588339644397637,0.999996300842126,0,0,1.8622913719943424,1.9086540320857344,AQP9;SLC18A1
1426,GO_Biological_Process_2023,Neuron Projection Arborization (GO:0140058),2/7,0.3588339644397637,0.999996300842126,0,0,1.8622913719943424,1.9086540320857344,NLGN1;PTN
1425,GO_Biological_Process_2023,Neuroepithelial Cell Differentiation (GO:0060563),2/7,0.3588339644397637,0.999996300842126,0,0,1.8622913719943424,1.9086540320857344,WNT11;SOX11
1424,GO_Biological_Process_2023,Negative Regulation Of Striated Muscle Cell Apoptotic Process (GO:0010664),2/7,0.3588339644397637,0.999996300842126,0,0,1.8622913719943424,1.9086540320857344,GATA4;NKX2-5
1423,GO_Biological_Process_2023,Negative Regulation Of Osteoblast Proliferation (GO:0033689),2/7,0.3588339644397637,0.999996300842126,0,0,1.8622913719943424,1.9086540320857344,NELL1;SFRP1
1422,GO_Biological_Process_2023,Negative Regulation Of Nitric Oxide Metabolic Process (GO:1904406),2/7,0.3588339644397637,0.999996300842126,0,0,1.8622913719943424,1.9086540320857344,PTGIS;CAV1
1421,GO_Biological_Process_2023,Negative Regulation Of Nitric Oxide Biosynthetic Process (GO:0045019),2/7,0.3588339644397637,0.999996300842126,0,0,1.8622913719943424,1.9086540320857344,PTGIS;CAV1
1420,GO_Biological_Process_2023,Negative Regulation Of Muscle Hypertrophy (GO:0014741),2/7,0.3588339644397637,0.999996300842126,0,0,1.8622913719943424,1.9086540320857344,RGS2;CAV3
1419,GO_Biological_Process_2023,Negative Regulation Of Monooxygenase Activity (GO:0032769),2/7,0.3588339644397637,0.999996300842126,0,0,1.8622913719943424,1.9086540320857344,CAV3;SNCA
1418,GO_Biological_Process_2023,Negative Regulation Of Mitochondrial Fusion (GO:0010637),2/7,0.3588339644397637,0.999996300842126,0,0,1.8622913719943424,1.9086540320857344,PRKN;SLC18A1
1417,GO_Biological_Process_2023,Negative Regulation Of Intracellular Transport (GO:0032387),2/7,0.3588339644397637,0.999996300842126,0,0,1.8622913719943424,1.9086540320857344,PLN;CRYAB
1416,GO_Biological_Process_2023,Negative Regulation Of Glucose Import (GO:0046325),2/7,0.3588339644397637,0.999996300842126,0,0,1.8622913719943424,1.9086540320857344,PID1;LEP
1415,GO_Biological_Process_2023,Negative Regulation Of cAMP-dependent Protein Kinase Activity (GO:2000480),2/7,0.3588339644397637,0.999996300842126,0,0,1.8622913719943424,1.9086540320857344,PKIB;PRKAR2B
1414,GO_Biological_Process_2023,Negative Regulation Of Amyloid-Beta Clearance (GO:1900222),2/7,0.3588339644397637,0.999996300842126,0,0,1.8622913719943424,1.9086540320857344,MYOCD;IFNG
1413,GO_Biological_Process_2023,Negative Regulation Of T Cell Apoptotic Process (GO:0070233),2/7,0.3588339644397637,0.999996300842126,0,0,1.8622913719943424,1.9086540320857344,PTCRA;PIP
1412,GO_Biological_Process_2023,Negative Regulation Of SMAD Protein Signal Transduction (GO:0060392),2/7,0.3588339644397637,0.999996300842126,0,0,1.8622913719943424,1.9086540320857344,LRP1;PPARG
1411,GO_Biological_Process_2023,Lens Fiber Cell Development (GO:0070307),2/7,0.3588339644397637,0.999996300842126,0,0,1.8622913719943424,1.9086540320857344,WNT7B;PROX1
1442,GO_Biological_Process_2023,Positive Regulation Of Steroid Biosynthetic Process (GO:0010893),2/7,0.3588339644397637,0.999996300842126,0,0,1.8622913719943424,1.9086540320857344,IFNG;CGA
1441,GO_Biological_Process_2023,Positive Regulation Of Ryanodine-Sensitive Calcium-Release Channel Activity (GO:0060316),2/7,0.3588339644397637,0.999996300842126,0,0,1.8622913719943424,1.9086540320857344,JPH2;TRDN
1440,GO_Biological_Process_2023,Positive Regulation Of Oligodendrocyte Differentiation (GO:0048714),2/7,0.3588339644397637,0.999996300842126,0,0,1.8622913719943424,1.9086540320857344,PTPRZ1;PTN
1439,GO_Biological_Process_2023,Positive Regulation Of Myotube Differentiation (GO:0010831),2/7,0.3588339644397637,0.999996300842126,0,0,1.8622913719943424,1.9086540320857344,MYOG;SMYD1
1438,GO_Biological_Process_2023,Positive Regulation Of Meiotic Nuclear Division (GO:0045836),2/7,0.3588339644397637,0.999996300842126,0,0,1.8622913719943424,1.9086540320857344,RAD51AP1;STRA8
1437,GO_Biological_Process_2023,Positive Regulation Of Isomerase Activity (GO:0010912),2/7,0.3588339644397637,0.999996300842126,0,0,1.8622913719943424,1.9086540320857344,UHRF1;NOD2
1436,GO_Biological_Process_2023,Positive Regulation Of Gluconeogenesis (GO:0045722),2/7,0.3588339644397637,0.999996300842126,0,0,1.8622913719943424,1.9086540320857344,PPARGC1A;FOXO1
1435,GO_Biological_Process_2023,Positive Regulation Of Glial Cell Migration (GO:1903977),2/7,0.3588339644397637,0.999996300842126,0,0,1.8622913719943424,1.9086540320857344,P2RY12;CX3CL1
1434,GO_Biological_Process_2023,Positive Regulation Of Extracellular Matrix Disassembly (GO:0090091),2/7,0.3588339644397637,0.999996300842126,0,0,1.8622913719943424,1.9086540320857344,IL6;DDR2
1433,GO_Biological_Process_2023,Positive Regulation Of Endocytic Recycling (GO:2001137),2/7,0.3588339644397637,0.999996300842126,0,0,1.8622913719943424,1.9086540320857344,EHD2;AKAP5
1432,GO_Biological_Process_2023,Positive Regulation Of Dendritic Cell Chemotaxis (GO:2000510),2/7,0.3588339644397637,0.999996300842126,0,0,1.8622913719943424,1.9086540320857344,CCL21;CCR7
1431,GO_Biological_Process_2023,Platelet Activating Factor Metabolic Process (GO:0046469),2/7,0.3588339644397637,0.999996300842126,0,0,1.8622913719943424,1.9086540320857344,PLA2G10;PLA2G4A
1430,GO_Biological_Process_2023,Pericardium Development (GO:0060039),2/7,0.3588339644397637,0.999996300842126,0,0,1.8622913719943424,1.9086540320857344,TBX20;BMP5
1429,GO_Biological_Process_2023,Peptidyl-Proline Hydroxylation To 4-hydroxy-L-proline (GO:0018401),2/7,0.3588339644397637,0.999996300842126,0,0,1.8622913719943424,1.9086540320857344,EGLN3;P4HA3
1428,GO_Biological_Process_2023,Olefinic Compound Biosynthetic Process (GO:0120255),2/7,0.3588339644397637,0.999996300842126,0,0,1.8622913719943424,1.9086540320857344,SRD5A2;CACNA1H
1427,GO_Biological_Process_2023,Neurotransmitter Receptor Diffusion Trapping (GO:0099628),2/7,0.3588339644397637,0.999996300842126,0,0,1.8622913719943424,1.9086540320857344,CACNG4;CACNG5
1458,GO_Biological_Process_2023,Thyroid Hormone Transport (GO:0070327),2/7,0.3588339644397637,0.999996300842126,0,0,1.8622913719943424,1.9086540320857344,SLCO1C1;SLC7A5
1457,GO_Biological_Process_2023,Thyroid Gland Development (GO:0030878),2/7,0.3588339644397637,0.999996300842126,0,0,1.8622913719943424,1.9086540320857344,TG;NKX2-5
1456,GO_Biological_Process_2023,Sulfur Amino Acid Transport (GO:0000101),2/7,0.3588339644397637,0.999996300842126,0,0,1.8622913719943424,1.9086540320857344,SLC7A5;SLC7A11
1455,GO_Biological_Process_2023,Sodium-Dependent Phosphate Transport (GO:0044341),2/7,0.3588339644397637,0.999996300842126,0,0,1.8622913719943424,1.9086540320857344,SLC34A3;SLC17A7
1454,GO_Biological_Process_2023,Release Of Sequestered Calcium Ion Into Cytosol By Endoplasmic Reticulum (GO:1903514),2/7,0.3588339644397637,0.999996300842126,0,0,1.8622913719943424,1.9086540320857344,RYR3;TRDN
1453,GO_Biological_Process_2023,Regulation Of Protein Glycosylation (GO:0060049),2/7,0.3588339644397637,0.999996300842126,0,0,1.8622913719943424,1.9086540320857344,SLC51B;RAMP1
1452,GO_Biological_Process_2023,Regulation Of Mammary Gland Epithelial Cell Proliferation (GO:0033599),2/7,0.3588339644397637,0.999996300842126,0,0,1.8622913719943424,1.9086540320857344,ZNF703;GATA3
1451,GO_Biological_Process_2023,Regulation Of Lipase Activity (GO:0060191),2/7,0.3588339644397637,0.999996300842126,0,0,1.8622913719943424,1.9086540320857344,PCSK5;SNCA
1450,GO_Biological_Process_2023,Regulation Of Leukocyte Degranulation (GO:0043300),2/7,0.3588339644397637,0.999996300842126,0,0,1.8622913719943424,1.9086540320857344,STXBP2;UNC13D
1449,GO_Biological_Process_2023,Regulation Of Hydrogen Peroxide-Induced Cell Death (GO:1903205),2/7,0.3588339644397637,0.999996300842126,0,0,1.8622913719943424,1.9086540320857344,PYCR1;GPR37L1
1448,GO_Biological_Process_2023,Regulation Of Dopamine Uptake Involved In Synaptic Transmission (GO:0051584),2/7,0.3588339644397637,0.999996300842126,0,0,1.8622913719943424,1.9086540320857344,DRD4;SNCA
1447,GO_Biological_Process_2023,Regulation Of Dopamine Metabolic Process (GO:0042053),2/7,0.3588339644397637,0.999996300842126,0,0,1.8622913719943424,1.9086540320857344,PRKN;DRD4
1446,GO_Biological_Process_2023,Regulation Of Dendritic Cell Chemotaxis (GO:2000508),2/7,0.3588339644397637,0.999996300842126,0,0,1.8622913719943424,1.9086540320857344,SLAMF8;CCR7
1445,GO_Biological_Process_2023,Regulation Of Cardiac Muscle Cell Action Potential Involved In Regulation Of Contraction (GO:0098909),2/7,0.3588339644397637,0.999996300842126,0,0,1.8622913719943424,1.9086540320857344,CAV3;CAV1
1444,GO_Biological_Process_2023,Postsynaptic Neurotransmitter Receptor Diffusion Trapping (GO:0098970),2/7,0.3588339644397637,0.999996300842126,0,0,1.8622913719943424,1.9086540320857344,CACNG4;CACNG5
1443,GO_Biological_Process_2023,Positive Regulation Of Vascular Endothelial Growth Factor Signaling Pathway (GO:1900748),2/7,0.3588339644397637,0.999996300842126,0,0,1.8622913719943424,1.9086540320857344,CCBE1;TNXB
1474,GO_Biological_Process_2023,Negative Regulation Of Coagulation (GO:0050819),3/12,0.3589204357377275,0.999996300842126,0,0,1.5519713261648749,1.5902344692286126,PROC;HS3ST6;TFPI
1473,GO_Biological_Process_2023,Negative Regulation Of Alcohol Biosynthetic Process (GO:1902931),3/12,0.3589204357377275,0.999996300842126,0,0,1.5519713261648749,1.5902344692286126,BMP2;SH2D2A;BMP5
1472,GO_Biological_Process_2023,Multicellular Organismal-Level Iron Ion Homeostasis (GO:0060586),3/12,0.3589204357377275,0.999996300842126,0,0,1.5519713261648749,1.5902344692286126,TFR2;TMPRSS6;SLC11A1
1471,GO_Biological_Process_2023,Lipoprotein Localization (GO:0044872),3/12,0.3589204357377275,0.999996300842126,0,0,1.5519713261648749,1.5902344692286126,LRP1;PPARG;CD36
1470,GO_Biological_Process_2023,Ionotropic Glutamate Receptor Signaling Pathway (GO:0035235),3/12,0.3589204357377275,0.999996300842126,0,0,1.5519713261648749,1.5902344692286126,GRIA2;GRIN2B;GRIN2D
1469,GO_Biological_Process_2023,Icosanoid Secretion (GO:0032309),3/12,0.3589204357377275,0.999996300842126,0,0,1.5519713261648749,1.5902344692286126,ANXA1;LEP;DRD4
1468,GO_Biological_Process_2023,Granulocyte Activation (GO:0036230),3/12,0.3589204357377275,0.999996300842126,0,0,1.5519713261648749,1.5902344692286126,CXCR2;CTSG;CAMP
1467,GO_Biological_Process_2023,Glucose Import (GO:0046323),3/12,0.3589204357377275,0.999996300842126,0,0,1.5519713261648749,1.5902344692286126,TRARG1;SLC2A1;SLC2A4
1466,GO_Biological_Process_2023,Fatty Acid Transmembrane Transport (GO:1902001),3/12,0.3589204357377275,0.999996300842126,0,0,1.5519713261648749,1.5902344692286126,ABCD2;SLC2A1;CD36
1465,GO_Biological_Process_2023,Detection Of Bacterium (GO:0016045),3/12,0.3589204357377275,0.999996300842126,0,0,1.5519713261648749,1.5902344692286126,PGLYRP4;PGLYRP2;NOD2
1464,GO_Biological_Process_2023,Calcium Ion Import (GO:0070509),3/12,0.3589204357377275,0.999996300842126,0,0,1.5519713261648749,1.5902344692286126,SLC24A2;CACNA1D;CACNA1H
1463,GO_Biological_Process_2023,Alanine Transport (GO:0032328),3/12,0.3589204357377275,0.999996300842126,0,0,1.5519713261648749,1.5902344692286126,SLC7A5;SLC36A2;SLC7A10
1462,GO_Biological_Process_2023,Adult Locomotory Behavior (GO:0008344),3/12,0.3589204357377275,0.999996300842126,0,0,1.5519713261648749,1.5902344692286126,NTF4;PRKN;DRD4
1461,GO_Biological_Process_2023,G Protein-Coupled Glutamate Receptor Signaling Pathway (GO:0007216),3/12,0.3589204357377275,0.999996300842126,0,0,1.5519713261648749,1.5902344692286126,TRPM1;GRM4;GRM8
1460,GO_Biological_Process_2023,C4-dicarboxylate Transport (GO:0015740),3/12,0.3589204357377275,0.999996300842126,0,0,1.5519713261648749,1.5902344692286126,SLC13A2;SLC1A6;SLC25A22
1459,GO_Biological_Process_2023,Venous Blood Vessel Development (GO:0060841),2/7,0.3588339644397637,0.999996300842126,0,0,1.8622913719943424,1.9086540320857344,CCBE1;PROX1
1490,GO_Biological_Process_2023,Erythrocyte Differentiation (GO:0030218),10/49,0.3636361987612307,0.999996300842126,0,0,1.194012489731231,1.2078646645408897,TGFBR3;ALAS2;RACGAP1;EPO;TAL1;KIT;FLVCR1;INHBA;INHA;KLF1
1489,GO_Biological_Process_2023,Negative Regulation Of Cell Growth (GO:0030308),24/125,0.3632099432582853,0.999996300842126,0,0,1.1067463706233989,1.1208842318865857,RTN4R;NPR1;CDKN2A;FHL1;SEMA3G;NRG1;INHBA;MT3;ESR2;DCSTAMP;SFRP1;PSRC1;WNT11;SOX17;HYAL1;GNG4;WT1;MYL2;HNF4A;CDHR2;TRIM46;SCGB3A1;OSTN;KIAA0319
1488,GO_Biological_Process_2023,Sodium Ion Export Across Plasma Membrane (GO:0036376),3/12,0.3589204357377275,0.999996300842126,0,0,1.5519713261648749,1.5902344692286126,FXYD2;ATP1A3;ATP1A2
1487,GO_Biological_Process_2023,Response To Interleukin-6 (GO:0070741),3/12,0.3589204357377275,0.999996300842126,0,0,1.5519713261648749,1.5902344692286126,PID1;PTGIS;CITED1
1486,GO_Biological_Process_2023,Regulation Of Platelet-Derived Growth Factor Receptor Signaling Pathway (GO:0010640),3/12,0.3589204357377275,0.999996300842126,0,0,1.5519713261648749,1.5902344692286126,F7;APOD;SNCA
1485,GO_Biological_Process_2023,Regulation Of Monooxygenase Activity (GO:0032768),3/12,0.3589204357377275,0.999996300842126,0,0,1.5519713261648749,1.5902344692286126,LEP;EGFR;SNCA
1484,GO_Biological_Process_2023,Regulation Of Chromosome Separation (GO:1905818),3/12,0.3589204357377275,0.999996300842126,0,0,1.5519713261648749,1.5902344692286126,NCAPG;SMC4;NCAPH
1483,GO_Biological_Process_2023,Regulation Of Chemokine (C-X-C Motif) Ligand 2 Production (GO:2000341),3/12,0.3589204357377275,0.999996300842126,0,0,1.5519713261648749,1.5902344692286126,OAS1;OAS3;KLF4
1482,GO_Biological_Process_2023,Regulation Of Cell Communication By Electrical Coupling (GO:0010649),3/12,0.3589204357377275,0.999996300842126,0,0,1.5519713261648749,1.5902344692286126,CAV1;CASQ2;TRDN
1481,GO_Biological_Process_2023,Regulation Of Actin Filament Organization (GO:0110053),3/12,0.3589204357377275,0.999996300842126,0,0,1.5519713261648749,1.5902344692286126,VIL1;CSF3;CXCL12
1480,GO_Biological_Process_2023,Positive Regulation Of Ruffle Assembly (GO:1900029),3/12,0.3589204357377275,0.999996300842126,0,0,1.5519713261648749,1.5902344692286126,P2RY12;NLGN1;EPS8L1
1479,GO_Biological_Process_2023,Positive Regulation Of Neuroinflammatory Response (GO:0150078),3/12,0.3589204357377275,0.999996300842126,0,0,1.5519713261648749,1.5902344692286126,IL33;IL6;MMP8
1478,GO_Biological_Process_2023,Positive Regulation Of T Cell Chemotaxis (GO:0010820),3/12,0.3589204357377275,0.999996300842126,0,0,1.5519713261648749,1.5902344692286126,CCL21;CXCL13;S100A7
1477,GO_Biological_Process_2023,Polysaccharide Biosynthetic Process (GO:0000271),3/12,0.3589204357377275,0.999996300842126,0,0,1.5519713261648749,1.5902344692286126,HAS1;NDST4;HAS3
1476,GO_Biological_Process_2023,Negative Regulation Of Mononuclear Cell Migration (GO:0071676),3/12,0.3589204357377275,0.999996300842126,0,0,1.5519713261648749,1.5902344692286126,DUSP1;SLAMF8;BMP5
1475,GO_Biological_Process_2023,Negative Regulation Of Locomotion (GO:0040013),3/12,0.3589204357377275,0.999996300842126,0,0,1.5519713261648749,1.5902344692286126,SPOCK3;GATA3;ELANE
1506,GO_Biological_Process_2023,Positive Regulation Of Fibroblast Proliferation (GO:0048146),6/28,0.3741265728887546,0.999996300842126,0,0,1.2698694678303857,1.2484862738181086,E2F1;FN1;IGF1;AMH;AQP1;DDR2
1505,GO_Biological_Process_2023,Negative Regulation Of Wound Healing (GO:0061045),6/28,0.3741265728887546,0.999996300842126,0,0,1.2698694678303857,1.2484862738181086,CLDN3;PROC;MMRN1;CLDN19;TFPI;FGF2
1504,GO_Biological_Process_2023,Negative Regulation Of Actin Filament Bundle Assembly (GO:0032232),6/28,0.3741265728887546,0.999996300842126,0,0,1.2698694678303857,1.2484862738181086,PRKN;TMEFF2;MYOC;STMN1;RHPN1;MET
1503,GO_Biological_Process_2023,Limb Development (GO:0060173),6/28,0.3741265728887546,0.999996300842126,0,0,1.2698694678303857,1.2484862738181086,COMP;KAT2B;MAP3K20;KREMEN2;PCSK5;DKK1
1502,GO_Biological_Process_2023,Hematopoietic Progenitor Cell Differentiation (GO:0002244),6/28,0.3741265728887546,0.999996300842126,0,0,1.2698694678303857,1.2484862738181086,SFRP1;TMEM190;KIT;INHBA;MEOX1;BATF
1501,GO_Biological_Process_2023,Establishment Of Endothelial Barrier (GO:0061028),6/28,0.3741265728887546,0.999996300842126,0,0,1.2698694678303857,1.2484862738181086,PPP1R16B;ROBO4;CLDN3;PDE2A;PECAM1;TJP3
1500,GO_Biological_Process_2023,Determination Of Bilateral Symmetry (GO:0009855),6/28,0.3741265728887546,0.999996300842126,0,0,1.2698694678303857,1.2484862738181086,ODAD3;DNAH11;STIL;ZIC3;FOXJ1;PIERCE1
1499,GO_Biological_Process_2023,Neural Crest Cell Development (GO:0014032),9/44,0.3733392868201745,0.999996300842126,0,0,1.1973760932944606,1.1797359375671723,SEMA5A;NELL1;SEMA7A;CDH2;SEMA3D;SEMA6D;SEMA3G;NRG1;SOX10
1498,GO_Biological_Process_2023,Positive Regulation Of Small Molecule Metabolic Process (GO:0062013),7/33,0.3641245701270845,0.999996300842126,0,0,1.2536391370668991,1.2665005271972032,MLXIPL;IFNG;PMAIP1;IRS2;IGF1;GPLD1;CES1
1497,GO_Biological_Process_2023,Positive Regulation Of Reproductive Process (GO:2000243),7/33,0.3641245701270845,0.999996300842126,0,0,1.2536391370668991,1.2665005271972032,PLA2G10;TACR3;CCDC87;INHBA;TACR1;VIP;CACNA1H
1496,GO_Biological_Process_2023,Positive Regulation Of Chromosome Organization (GO:2001252),7/33,0.3641245701270845,0.999996300842126,0,0,1.2536391370668991,1.2665005271972032,FEN1;TAL1;CDK1;NCAPG;SMC4;AURKB;NCAPH
1495,GO_Biological_Process_2023,Negative Regulation Of Blood Vessel Endothelial Cell Migration (GO:0043537),7/33,0.3641245701270845,0.999996300842126,0,0,1.2536391370668991,1.2665005271972032,ANGPT4;MMRN2;NRG1;PPARG;MEOX2;KLF4;FGF2
1494,GO_Biological_Process_2023,Negative Regulation Of Cell Population Proliferation (GO:0008285),70/379,0.3636692962728937,0.999996300842126,0,0,1.0555183734200315,1.0676677604154037,CDKN1C;TENM1;SIRPG;SOX2;ADAMTS1;HNF4A;IL12B;ADAMTS8;SOX7;TNS2;MYOG;FGFBP1;H2AC8;MYOCD;H2AC6;TESC;AVPR2;SOX11;NRG1;PROX1;PLAAT4;FOXP3;NME1;TGFBR3;KAT2B;SFRP1;CLDN3;IFNG;ALDH1A2;COL4A3;MMRN2;CLDN19;CDH13;PPARG;NUPR2;GPLD1;PLPP1;CEBPA;HPN;UMOD;GATA3;ACVR1C;IFNL1;E2F1;APOD;IGFBP6;PPARGC1A;E2F7;CCL23;CDKN2A;OSM;HMGA1;CDC6;INHBA;DHRS2;PTPN14;SLURP1;MYO16;BMP5;NELL1;BMP2;IL6;FABP6;WT1;OGN;NEURL1;INSM1;BMPR1B;VIP;CDKN3
1493,GO_Biological_Process_2023,Regulation Of Cell Communication (GO:0010646),10/49,0.3636361987612307,0.999996300842126,0,0,1.194012489731231,1.2078646645408897,CCKAR;ANXA1;IGFBPL1;CASQ2;KAZALD1;MGLL;HCN2;TRDN;TYMP;HCN1
1492,GO_Biological_Process_2023,Negative Regulation Of Cysteine-Type Endopeptidase Activity Involved In Apoptotic Process (GO:0043154),10/49,0.3636361987612307,0.999996300842126,0,0,1.194012489731231,1.2078646645408897,LAMP3;PLAUR;IFI6;DPEP1;KLF4;MMP9;MAGEA3;PAX2;AQP1;SNCA
1491,GO_Biological_Process_2023,Negative Regulation Of DNA Metabolic Process (GO:0051053),10/49,0.3636361987612307,0.999996300842126,0,0,1.194012489731231,1.2078646645408897,H1-5;H1-4;BLM;H1-6;MCIDAS;ADIPOQ;GMNC;CDC6;H1-3;H1-2
1522,GO_Biological_Process_2023,Regulation Of Extracellular Matrix Organization (GO:1903053),5/23,0.385085148748153,0.999996300842126,0,0,1.293333962501573,1.2342167063577167,LAMA2;LRP1;ANGPTL7;FGFR4;DDR2
1521,GO_Biological_Process_2023,Potassium Ion Homeostasis (GO:0055075),5/23,0.385085148748153,0.999996300842126,0,0,1.293333962501573,1.2342167063577167,KCNH2;FXYD2;ATP1A3;ATP1A2;SLC12A8
1520,GO_Biological_Process_2023,Negative Regulation Of Oxidative Stress-Induced Cell Death (GO:1903202),5/23,0.385085148748153,0.999996300842126,0,0,1.293333962501573,1.2342167063577167,PRKN;HSPB1;PYCR1;GATA4;GPR37L1
1519,GO_Biological_Process_2023,Negative Regulation Of Neuron Differentiation (GO:0045665),5/23,0.385085148748153,0.999996300842126,0,0,1.293333962501573,1.2342167063577167,SOX2;DISP3;DLX2;SIX3;DTX1
1518,GO_Biological_Process_2023,Negative Regulation Of Actin Filament Polymerization (GO:0030837),5/23,0.385085148748153,0.999996300842126,0,0,1.293333962501573,1.2342167063577167,VIL1;KANK1;GSN;TMSB15A;KANK3
1517,GO_Biological_Process_2023,Hepaticobiliary System Development (GO:0061008),5/23,0.385085148748153,0.999996300842126,0,0,1.293333962501573,1.2342167063577167,TGFBR3;CEBPA;LSR;PROX1;MET
1516,GO_Biological_Process_2023,Diacylglycerol Metabolic Process (GO:0046339),5/23,0.385085148748153,0.999996300842126,0,0,1.293333962501573,1.2342167063577167,LIPE;DGAT2;GPAM;MOGAT1;PNPLA2
1515,GO_Biological_Process_2023,Cell-Cell Signaling By Wnt (GO:0198738),5/23,0.385085148748153,0.999996300842126,0,0,1.293333962501573,1.2342167063577167,FZD4;WNT7B;RAC3;CD24;FERMT2
1514,GO_Biological_Process_2023,Bile Acid And Bile Salt Transport (GO:0015721),5/23,0.385085148748153,0.999996300842126,0,0,1.293333962501573,1.2342167063577167,SLCO1C1;SLC10A6;AKR1C1;SLCO1A2;SLC51B
1513,GO_Biological_Process_2023,Positive Regulation Of Lipid Biosynthetic Process (GO:0046889),8/39,0.3838757854151439,0.999996300842126,0,0,1.2016197588643407,1.150474320906132,KAT2B;MLXIPL;HSD17B13;SORBS1;CGA;PCK1;PPARA;GPLD1
1512,GO_Biological_Process_2023,Carboxylic Acid Transmembrane Transport (GO:1905039),8/39,0.3838757854151439,0.999996300842126,0,0,1.2016197588643407,1.150474320906132,SLC13A2;SLC7A5;SLC16A12;SLC7A13;SLC16A7;SLC7A11;SLC7A10;SLC16A3
1511,GO_Biological_Process_2023,Cellular Response To BMP Stimulus (GO:0071773),13/66,0.3822985280238569,0.999996300842126,0,0,1.1421947615274235,1.098281357611979,GDF10;DLX5;SCX;INHBA;BMP6;TMEM100;TGFBR3;BMP3;SFRP1;BMP2;PPARG;VSTM2A;BMPR1B
1510,GO_Biological_Process_2023,Negative Regulation Of Programmed Cell Death (GO:0043069),70/381,0.3819921198007565,0.999996300842126,0,0,1.048600632328514,1.0091263754568394,KIF14;SCX;HSPB1;SLC7A11;CX3CL1;AQP1;RNF157;COMP;TCL1A;AIFM2;CLEC5A;FFAR4;PROK2;AMH;MAGEA4;NAT8B;ANXA1;PLAUR;DKK1;MMP9;PAX2;POU3F3;SFRP1;PAX7;CEACAM5;CAT;DPEP1;BIRC5;ANGPTL4;CRYAB;MET;BCL2A1;HPN;LEF1;IFI6;ASCL1;EGFR;FOXO1;SOCS3;NUAK2;MIEN1;ERBB2;PRAME;NKX2-5;NTSR1;SNCA;ANGPT4;STIL;EGR3;TSLP;CBX4;ANGPT1;PLK1;HMGA2;AZU1;IGF1;DHRS2;POU4F1;MT3;IL6;KRT18;PROC;WT1;ALB;CDK1;SPRY2;TEK;VIP;LACRT;MAD2L1
1509,GO_Biological_Process_2023,Negative Regulation Of Multicellular Organismal Process (GO:0051241),43/231,0.3811575288415337,0.999996300842126,0,0,1.065390213009536,1.0276141691291052,FOXA1;DLX2;HPN;NPR3;GATA3;BRCA2;HOXC10;EGFR;SLC6A4;CRHBP;ADAMTS5;RGS2;TIFAB;ACVR1C;WNT11;SLAMF8;FFAR4;SOSTDC1;SPX;HOXA7;MAP2K6;WNT10B;MYOCD;ACTN3;GDF15;SLC11A1;ADIPOQ;CIDEA;KREMEN2;HS3ST6;DKK1;FOXP3;BMP5;SFRP1;BMP2;PROC;IFNG;TNNT1;ALDH1A1;SPRY2;EVL;SPRY1;IL17D
1508,GO_Biological_Process_2023,Defense Response To Symbiont (GO:0140546),28/148,0.3791571192980579,0.999996300842126,0,0,1.0867388619739715,1.0539243440976565,IL21;IFI6;IFIT1;OASL;PYCARD;IFNL2;EXOSC4;IFNL1;NLRP6;IGF2BP1;PMAIP1;IFNL3;GBP5;RSAD2;MX1;OPRK1;ISG15;AZU1;IL6;AIM2;IFI27;OAS1;OAS2;OAS3;PLA2G10;CD207;IRF7;APOBEC3B
1507,GO_Biological_Process_2023,Regulation Of Nitric-Oxide Synthase Activity (GO:0050999),6/28,0.3741265728887546,0.999996300842126,0,0,1.2698694678303857,1.2484862738181086,FCER2;TERT;CAV3;LEP;NPR3;EGFR
1538,GO_Biological_Process_2023,Positive Regulation Of DNA Replication (GO:0045740),4/18,0.3972696853902703,0.999996300842126,0,0,1.3302333104201205,1.2279914726040029,CDT1;EGF;DNA2;EGFR
1537,GO_Biological_Process_2023,Nitric Oxide Mediated Signal Transduction (GO:0007263),4/18,0.3972696853902703,0.999996300842126,0,0,1.3302333104201205,1.2279914726040029,KCNC2;NDNF;CD36;NOS1
1536,GO_Biological_Process_2023,Neutrophil Activation (GO:0042119),4/18,0.3972696853902703,0.999996300842126,0,0,1.3302333104201205,1.2279914726040029,CXCR2;CTSG;DNASE1L3;CAMP
1535,GO_Biological_Process_2023,Negative Regulation Of Nervous System Development (GO:0051961),4/18,0.3972696853902703,0.999996300842126,0,0,1.3302333104201205,1.2279914726040029,ROBO2;IL6;CCL11;PAX6
1534,GO_Biological_Process_2023,Intracellular Sodium Ion Homeostasis (GO:0006883),4/18,0.3972696853902703,0.999996300842126,0,0,1.3302333104201205,1.2279914726040029,FXYD2;TMPRSS4;ATP1A3;ATP1A2
1533,GO_Biological_Process_2023,Regulation Of Neuron Apoptotic Process (GO:0043523),20/105,0.3957597588993523,0.999996300842126,0,0,1.0957199484855074,1.0156753285450209,PRKN;CNTFR;EGR1;NTRK2;EGLN3;CITED1;UNC5B;KCNB1;KIF14;VSTM2L;NDNF;DKK1;MT3;POU4F1;NTF4;TOX3;GRM4;PTPRZ1;TYRO3;PPARGC1A
1532,GO_Biological_Process_2023,Regulation Of calcineurin-NFAT Signaling Cascade (GO:0070884),7/34,0.3954489053811122,0.999996300842126,0,0,1.207134613366908,1.1198994492509635,RCAN1;CLEC7A;AKAP6;AKAP5;IGF1;MYOZ2;LACRT
1531,GO_Biological_Process_2023,Establishment Of Mitotic Spindle Localization (GO:0040001),7/34,0.3954489053811122,0.999996300842126,0,0,1.207134613366908,1.1198994492509635,ESPL1;SAPCD2;PLK1;CENPA;MISP;NDC80;MAD2L1
1530,GO_Biological_Process_2023,Cellular Response To Vascular Endothelial Growth Factor Stimulus (GO:0035924),7/34,0.3954489053811122,0.999996300842126,0,0,1.207134613366908,1.1198994492509635,NELL1;NR4A1;EGR3;HSPB1;MT1G;SPRY2;VEGFD
1529,GO_Biological_Process_2023,Cellular Response To Glucose Stimulus (GO:0071333),7/34,0.3954489053811122,0.999996300842126,0,0,1.207134613366908,1.1198994492509635,MLXIPL;PTPRN2;KCNB1;PTPRN;NKX6-1;PCK1;PAX2
1528,GO_Biological_Process_2023,Cellular Response To Amyloid-Beta (GO:1904646),7/34,0.3954489053811122,0.999996300842126,0,0,1.207134613366908,1.1198994492509635,NGFR;LRP1;CACNA2D1;ATP1A3;ADRB2;CD36;IGF1
1527,GO_Biological_Process_2023,Regulation Of Tumor Necrosis Factor Production (GO:0032680),24/127,0.3951641907070083,0.999996300842126,0,0,1.0851234941507135,1.0074871702629902,IL33;ORM1;CIDEA;HSPB1;AZU1;IGF1;NOD2;MMP8;RASGRP1;ORM2;CX3CL1;VSIR;PYCARD;ZFP36;IL6;FCGR3A;IFNG;OAS1;CLEC7A;OAS2;OAS3;IL12B;AMH;PF4
1526,GO_Biological_Process_2023,Intracellular Iron Ion Homeostasis (GO:0006879),10/50,0.3892459304151685,0.999996300842126,0,0,1.164091295718741,1.0983712681967157,ALAS2;SCARA5;FTMT;TFR2;TMPRSS6;SLC11A1;FLVCR1;ERFE;F3;BMP6
1525,GO_Biological_Process_2023,Negative Regulation Of Neuron Death (GO:1901215),17/88,0.385872078500085,0.999996300842126,0,0,1.115012804097311,1.061770237225132,PRKN;CHGA;CNTFR;NTRK2;CITED1;UNC5B;KIF14;VSTM2L;NDNF;MT3;POU4F1;NTF4;TOX3;PTPRZ1;TYRO3;PPARGC1A;SNCA
1524,GO_Biological_Process_2023,Zinc Ion Transport (GO:0006829),5/23,0.385085148748153,0.999996300842126,0,0,1.293333962501573,1.2342167063577167,SLC30A8;SLC30A2;SLC39A6;MT3;SLC39A4
1523,GO_Biological_Process_2023,Regulation Of Interleukin-4 Production (GO:0032673),5/23,0.385085148748153,0.999996300842126,0,0,1.293333962501573,1.2342167063577167,SLC7A5;TNFSF4;LEF1;GATA3;FOXP3
1554,GO_Biological_Process_2023,Integrated Stress Response Signaling (GO:0140467),6/29,0.4083569582201806,0.999996300842126,0,0,1.2145838720401907,1.0877978213616002,CEBPA;CEBPE;MAP3K20;NFE2L3;FOS;BATF
1553,GO_Biological_Process_2023,Establishment Of Mitotic Spindle Orientation (GO:0000132),6/29,0.4083569582201806,0.999996300842126,0,0,1.2145838720401907,1.0877978213616002,SAPCD2;PLK1;CENPA;MISP;NDC80;MAD2L1
1552,GO_Biological_Process_2023,Positive Regulation Of Peptidyl-Serine Phosphorylation (GO:0033138),17/89,0.4051637515414286,0.999996300842126,0,0,1.0994594381313132,0.993321987507844,OPRD1;TENM1;IL11;CSF3;CAV1;NTRK3;OSM;EGFR;NTF4;TCL1A;IL6;CALCR;IFNG;SPRY2;NOS1;AMH;SNCA
1551,GO_Biological_Process_2023,Regulation Of Reactive Oxygen Species Metabolic Process (GO:2000377),11/56,0.4032158256050854,0.999996300842126,0,0,1.138198777336611,1.0338069563120722,PRKN;ACE2;PID1;AKR1C1;SORD;AKR1C3;FOXM1;MT3;PAX2;TGFBR2;SNCA
1550,GO_Biological_Process_2023,Organic Hydroxy Compound Transport (GO:0015850),9/45,0.4005468733442129,0.999996300842126,0,0,1.1640447845804989,1.0650130718572333,SLCO1C1;SLC22A3;ABCG8;SLC10A6;SLC5A8;AKR1C1;SLCO1A2;SLC29A4;SLC51B
1549,GO_Biological_Process_2023,Determination Of Left/Right Symmetry (GO:0007368),9/45,0.4005468733442129,0.999996300842126,0,0,1.1640447845804989,1.0650130718572333,ODAD3;DNAH11;STIL;ZIC3;DNAAF11;FOXJ1;CFAP45;PIERCE1;ENKUR
1548,GO_Biological_Process_2023,Vesicle-Mediated Transport In Synapse (GO:0099003),4/18,0.3972696853902703,0.999996300842126,0,0,1.3302333104201205,1.2279914726040029,RIMS1;CPLX2;STX1A;SNCA
1547,GO_Biological_Process_2023,Response To Organophosphorus (GO:0046683),4/18,0.3972696853902703,0.999996300842126,0,0,1.3302333104201205,1.2279914726040029,CITED1;VGF;AKR1C1;TYMS
1546,GO_Biological_Process_2023,Response To Ethanol (GO:0045471),4/18,0.3972696853902703,0.999996300842126,0,0,1.3302333104201205,1.2279914726040029,CRHBP;TH;GRIN2B;DRD4
1545,GO_Biological_Process_2023,Regulation Of Lymphocyte Proliferation (GO:0050670),4/18,0.3972696853902703,0.999996300842126,0,0,1.3302333104201205,1.2279914726040029,CD209;LEP;IL12B;SOX11
1544,GO_Biological_Process_2023,Regulation Of Lymphocyte Activation (GO:0051249),4/18,0.3972696853902703,0.999996300842126,0,0,1.3302333104201205,1.2279914726040029,CLEC7A;FCRL3;CD19;LEP
1543,GO_Biological_Process_2023,Regulation Of Establishment Or Maintenance Of Cell Polarity (GO:0032878),4/18,0.3972696853902703,0.999996300842126,0,0,1.3302333104201205,1.2279914726040029,KANK1;CDH5;TEK;LLGL2
1542,GO_Biological_Process_2023,Regulation Of Collagen Biosynthetic Process (GO:0032965),4/18,0.3972696853902703,0.999996300842126,0,0,1.3302333104201205,1.2279914726040029,IL6;CREB3L1;SCX;LARP6
1541,GO_Biological_Process_2023,Regulation Of Adaptive Immune Response (GO:0002819),4/18,0.3972696853902703,0.999996300842126,0,0,1.3302333104201205,1.2279914726040029,PYCARD;IL4I1;TNFSF4;IRF7
1540,GO_Biological_Process_2023,Positive Regulation Of Neuroblast Proliferation (GO:0002052),4/18,0.3972696853902703,0.999996300842126,0,0,1.3302333104201205,1.2279914726040029,VCAN;DCT;CX3CL1;HAPLN1
1539,GO_Biological_Process_2023,Positive Regulation Of Extracellular Matrix Organization (GO:1903055),4/18,0.3972696853902703,0.999996300842126,0,0,1.3302333104201205,1.2279914726040029,CARMIL2;IL6;TNXB;DDR2
1570,GO_Biological_Process_2023,Negative Regulation Of Cartilage Development (GO:0061037),3/13,0.4110743265145614,0.999996300842126,0,0,1.3966893039049235,1.2416305861165258,EFEMP1;WNT11;NKX3-2
1569,GO_Biological_Process_2023,Monoacylglycerol Metabolic Process (GO:0046462),3/13,0.4110743265145614,0.999996300842126,0,0,1.3966893039049235,1.2416305861165258,DGAT2;PLA2G4A;MGLL
1568,GO_Biological_Process_2023,Mature B Cell Differentiation Involved In Immune Response (GO:0002313),3/13,0.4110743265145614,0.999996300842126,0,0,1.3966893039049235,1.2416305861165258,IL21;DOCK11;IL6
1567,GO_Biological_Process_2023,Lipid Oxidation (GO:0034440),3/13,0.4110743265145614,0.999996300842126,0,0,1.3966893039049235,1.2416305861165258,ACSM1;ADIPOQ;PPARGC1A
1566,GO_Biological_Process_2023,Killing By Host Of Symbiont Cells (GO:0051873),3/13,0.4110743265145614,0.999996300842126,0,0,1.3966893039049235,1.2416305861165258,NRG1;CAMP;PF4
1565,GO_Biological_Process_2023,Intracellular Potassium Ion Homeostasis (GO:0030007),3/13,0.4110743265145614,0.999996300842126,0,0,1.3966893039049235,1.2416305861165258,FXYD2;ATP1A3;ATP1A2
1564,GO_Biological_Process_2023,Immune Response-Regulating Cell Surface Receptor Signaling Pathway (GO:0002768),3/13,0.4110743265145614,0.999996300842126,0,0,1.3966893039049235,1.2416305861165258,PIGR;KIT;CD24
1563,GO_Biological_Process_2023,Cranial Nerve Development (GO:0021545),3/13,0.4110743265145614,0.999996300842126,0,0,1.3966893039049235,1.2416305861165258,TIFAB;POU4F1;PAX2
1562,GO_Biological_Process_2023,Clathrin Coat Assembly (GO:0048268),3/13,0.4110743265145614,0.999996300842126,0,0,1.3966893039049235,1.2416305861165258,CALY;NSG2;NSG1
1561,GO_Biological_Process_2023,Cellular Modified Amino Acid Catabolic Process (GO:0042219),3/13,0.4110743265145614,0.999996300842126,0,0,1.3966893039049235,1.2416305861165258,CBS;HOGA1;CDO1
1560,GO_Biological_Process_2023,Cardiocyte Differentiation (GO:0035051),3/13,0.4110743265145614,0.999996300842126,0,0,1.3966893039049235,1.2416305861165258,MYOCD;BMP2;NRG1
1559,GO_Biological_Process_2023,Branching Involved In Blood Vessel Morphogenesis (GO:0001569),3/13,0.4110743265145614,0.999996300842126,0,0,1.3966893039049235,1.2416305861165258,NELL1;NOTCH4;TGFBR2
1558,GO_Biological_Process_2023,Atrioventricular Valve Development (GO:0003171),3/13,0.4110743265145614,0.999996300842126,0,0,1.3966893039049235,1.2416305861165258,BMP2;TBX20;TGFBR2
1557,GO_Biological_Process_2023,Atrial Septum Development (GO:0003283),3/13,0.4110743265145614,0.999996300842126,0,0,1.3966893039049235,1.2416305861165258,TBX20;GATA4;NKX2-5
1556,GO_Biological_Process_2023,Regulation Of Developmental Growth (GO:0048638),6/29,0.4083569582201806,0.999996300842126,0,0,1.2145838720401907,1.0877978213616002,GHR;STAT5A;SPAAR;LEP;AGR2;FGFR3
1555,GO_Biological_Process_2023,Regulation Of Blood Coagulation (GO:0030193),6/29,0.4083569582201806,0.999996300842126,0,0,1.2145838720401907,1.0877978213616002,PROC;CAV1;F12;PLAUR;NRG1;TFPI
1586,GO_Biological_Process_2023,Regulation Of Myoblast Fusion (GO:1901739),3/13,0.4110743265145614,0.999996300842126,0,0,1.3966893039049235,1.2416305861165258,MYOG;EHD2;SCGB3A1
1585,GO_Biological_Process_2023,Regulation Of Leukocyte Migration (GO:0002685),3/13,0.4110743265145614,0.999996300842126,0,0,1.3966893039049235,1.2416305861165258,ANXA1;TNFRSF18;HOXA7
1584,GO_Biological_Process_2023,Regulation Of Humoral Immune Response (GO:0002920),3/13,0.4110743265145614,0.999996300842126,0,0,1.3966893039049235,1.2416305861165258,SUSD4;CCR7;CXCL13
1583,GO_Biological_Process_2023,Regulation Of Gastrulation (GO:0010470),3/13,0.4110743265145614,0.999996300842126,0,0,1.3966893039049235,1.2416305861165258,CRB2;LHX1;SCX
1582,GO_Biological_Process_2023,Regulation Of Fatty Acid Beta-Oxidation (GO:0031998),3/13,0.4110743265145614,0.999996300842126,0,0,1.3966893039049235,1.2416305861165258,ABCD2;IRS2;PPARA
1581,GO_Biological_Process_2023,Regulation Of Cell Projection Organization (GO:0031344),3/13,0.4110743265145614,0.999996300842126,0,0,1.3966893039049235,1.2416305861165258,NTNG1;SPRY2;ERMN
1580,GO_Biological_Process_2023,Regulation Of cAMP-dependent Protein Kinase Activity (GO:2000479),3/13,0.4110743265145614,0.999996300842126,0,0,1.3966893039049235,1.2416305861165258,PKIB;PRKAR2B;ADRB2
1579,GO_Biological_Process_2023,Regulation Of T-helper 17 Type Immune Response (GO:2000316),3/13,0.4110743265145614,0.999996300842126,0,0,1.3966893039049235,1.2416305861165258,CLEC7A;CLEC6A;IL12B
1578,GO_Biological_Process_2023,Positive Regulation Of Keratinocyte Differentiation (GO:0045618),3/13,0.4110743265145614,0.999996300842126,0,0,1.3966893039049235,1.2416305861165258,IL20;ZBED2;PLAAT4
1577,GO_Biological_Process_2023,Positive Regulation Of Glycogen Biosynthetic Process (GO:0045725),3/13,0.4110743265145614,0.999996300842126,0,0,1.3966893039049235,1.2416305861165258,IRS2;IGF1;SORBS1
1576,GO_Biological_Process_2023,Positive Regulation Of Fatty Acid Biosynthetic Process (GO:0045723),3/13,0.4110743265145614,0.999996300842126,0,0,1.3966893039049235,1.2416305861165258,KAT2B;MLXIPL;ABCD2
1575,GO_Biological_Process_2023,Positive Regulation Of Cellular Response To Insulin Stimulus (GO:1900078),3/13,0.4110743265145614,0.999996300842126,0,0,1.3966893039049235,1.2416305861165258,ECHDC3;SORBS1;ERFE
1574,GO_Biological_Process_2023,Positive Regulation Of Cardiac Muscle Cell Proliferation (GO:0060045),3/13,0.4110743265145614,0.999996300842126,0,0,1.3966893039049235,1.2416305861165258,TGFBR3;TBX20;FGF2
1573,GO_Biological_Process_2023,Positive Regulation Of T-helper 17 Type Immune Response (GO:2000318),3/13,0.4110743265145614,0.999996300842126,0,0,1.3966893039049235,1.2416305861165258,CLEC7A;CLEC6A;IL12B
1572,GO_Biological_Process_2023,Plasma Membrane Tubulation (GO:0097320),3/13,0.4110743265145614,0.999996300842126,0,0,1.3966893039049235,1.2416305861165258,EHD2;CAVIN2;PACSIN1
1571,GO_Biological_Process_2023,Negative Regulation Of Cell Migration Involved In Sprouting Angiogenesis (GO:0090051),3/13,0.4110743265145614,0.999996300842126,0,0,1.3966893039049235,1.2416305861165258,MMRN2;KLF4;MEOX2
1602,GO_Biological_Process_2023,Cell Morphogenesis Involved In Differentiation (GO:0000904),5/24,0.4230663236033413,0.999996300842126,0,0,1.2251892471836443,1.0539400359848632,CLDN3;RELN;RAB25;DACT2;PROX1
1601,GO_Biological_Process_2023,Positive Regulation Of Protein Kinase Activity (GO:0045860),27/145,0.4170419906302923,0.999996300842126,0,0,1.0655149934810952,0.9318657060490534,KIF14;ADRB2;LRP8;SLC8A2;TCL1A;RELN;IL12B;CCR7;CLSPN;ECT2;FCGR1A;SNCA;EGR1;CCL21;MMD;SLC11A1;HMGA2;AZU1;DKK1;TGFBR2;CCNA2;TPX2;CENPE;IFNG;DOK7;EZH2;DDR2
1600,GO_Biological_Process_2023,Protein Tetramerization (GO:0051262),14/73,0.4156463191758544,0.999996300842126,0,0,1.104874986168375,0.9699924827510646,GBP5;TRPA1;KIF25;AQP4;ACACB;GRIN2B;RYR3;ALDH1A3;TDO2;ALDH1A2;TK1;MS4A1;SNCA;HCN1
1599,GO_Biological_Process_2023,DNA Replication (GO:0006260),14/73,0.4156463191758544,0.999996300842126,0,0,1.104874986168375,0.9699924827510646,FEN1;BLM;RNASEH2A;DONSON;TICRR;RECQL4;FAM111B;POLE2;CHEK1;PCLAF;CDK1;MCM4;DNA2;MCM2
1598,GO_Biological_Process_2023,Positive Regulation Of Cell Growth (GO:0030307),20/106,0.4135007708634819,0.999996300842126,0,0,1.0829128948429885,0.9563159377956956,SYT4;SEMA7A;UNC13A;SLC44A4;SYT1;HPN;AKAP6;IGF1;EGFR;SYT17;RIMS2;RNF157;RIMS1;SFRP1;EXOSC4;HYAL1;ERBB2;PRSS2;S100A9;S100A8
1597,GO_Biological_Process_2023,Positive Regulation Of Monoatomic Ion Transport (GO:0043270),8/40,0.4129538320104091,0.999996300842126,0,0,1.1639982998016436,1.029462770064708,FHL1;CACNA1D;ANK2;SCN5A;NKX2-5;SCN3B;SCN4B;MYLK
1596,GO_Biological_Process_2023,Negative Regulation Of Cell-Cell Adhesion (GO:0022408),8/40,0.4129538320104091,0.999996300842126,0,0,1.1639982998016436,1.029462770064708,BMP2;NOTCH4;ZNF703;KLF4;PPARA;B4GALNT2;BMP6;MUC21
1595,GO_Biological_Process_2023,Endothelial Cell Migration (GO:0043542),8/40,0.4129538320104091,0.999996300842126,0,0,1.1639982998016436,1.029462770064708,DPP4;CDH5;NELL1;NR4A1;EGR3;CDH13;S100P;S100A9
1594,GO_Biological_Process_2023,Cyclic-Nucleotide-Mediated Signaling (GO:0019935),8/40,0.4129538320104091,0.999996300842126,0,0,1.1639982998016436,1.029462770064708,GUCY1B2;GAL;PDE2A;HTR2C;AKAP6;DEFB1;CD36;AQP1
1593,GO_Biological_Process_2023,Aortic Valve Development (GO:0003176),8/40,0.4129538320104091,0.999996300842126,0,0,1.1639982998016436,1.029462770064708,ROBO2;BMP2;TBX20;GATA5;GATA4;GATA3;NKX2-5;TGFBR2
1592,GO_Biological_Process_2023,Negative Regulation Of Cytokine Production (GO:0001818),33/178,0.4124025477735351,0.999996300842126,0,0,1.059860651865848,0.93877724152126,ABCD2;ORM1;LEF1;CX3CL1;VSIR;PYCARD;ZFP36;IFNL1;FFAR4;IL12B;APOD;IL36RN;CCR7;TIGIT;CD34;ELANE;NMB;ANXA1;SLC11A1;CIDEA;FN1;FOXJ1;INHBA;MMP8;KLF4;FOXP3;LGALS9C;LGALS9B;IL6;IFNG;TNFSF4;PPARA;INHA
1591,GO_Biological_Process_2023,Substrate-Dependent Cell Migration (GO:0006929),3/13,0.4110743265145614,0.999996300842126,0,0,1.3966893039049235,1.2416305861165258,P2RY12;NELL1;EPHA8
1590,GO_Biological_Process_2023,Sodium-Independent Organic Anion Transport (GO:0043252),3/13,0.4110743265145614,0.999996300842126,0,0,1.3966893039049235,1.2416305861165258,SLCO1C1;SLCO1A2;SLCO5A1
1589,GO_Biological_Process_2023,Regulation Of Vasculogenesis (GO:2001212),3/13,0.4110743265145614,0.999996300842126,0,0,1.3966893039049235,1.2416305861165258,TMEM100;SORD;CD34
1588,GO_Biological_Process_2023,Regulation Of Short-Term Neuronal Synaptic Plasticity (GO:0048172),3/13,0.4110743265145614,0.999996300842126,0,0,1.3966893039049235,1.2416305861165258,SHISA9;SHISA8;SLC8A2
1587,GO_Biological_Process_2023,Regulation Of Oxidoreductase Activity (GO:0051341),3/13,0.4110743265145614,0.999996300842126,0,0,1.3966893039049235,1.2416305861165258,SLAMF8;NOD2;MT3
1618,GO_Biological_Process_2023,Schwann Cell Development (GO:0014044),2/8,0.4269534147377337,0.999996300842126,0,0,1.5518151815181518,1.320719439913477,MYOC;LGI4
1617,GO_Biological_Process_2023,L-fucose Metabolic Process (GO:0042354),2/8,0.4269534147377337,0.999996300842126,0,0,1.5518151815181518,1.320719439913477,FUT7;FUT2
1616,GO_Biological_Process_2023,L-fucose Catabolic Process (GO:0042355),2/8,0.4269534147377337,0.999996300842126,0,0,1.5518151815181518,1.320719439913477,FUT7;FUT2
1615,GO_Biological_Process_2023,Skeletal Muscle Organ Development (GO:0060538),7/35,0.4267606898160788,0.999996300842126,0,0,1.1639518413597734,0.9911420860346544,MYOG;DES;MYMX;WT1;CAV1;DMD;MYOZ2
1614,GO_Biological_Process_2023,Positive Regulation Of Substrate Adhesion-Dependent Cell Spreading (GO:1900026),7/35,0.4267606898160788,0.999996300842126,0,0,1.1639518413597734,0.9911420860346544,FGA;NELL1;MYOC;RAC3;OLFM4;FERMT2;LIMS2
1613,GO_Biological_Process_2023,One-Carbon Compound Transport (GO:0019755),7/35,0.4267606898160788,0.999996300842126,0,0,1.1639518413597734,0.9911420860346544,SLC14A1;SLC4A8;SLC14A2;CA4;HBB;SLC4A1;HBA1
1612,GO_Biological_Process_2023,Negative Regulation Of Cell Cycle G1/S Phase Transition (GO:1902807),7/35,0.4267606898160788,0.999996300842126,0,0,1.1639518413597734,0.9911420860346544,SOX2;FHL1;FAM107A;INHBA;KLF4;E2F7;MYO16
1611,GO_Biological_Process_2023,Response To Insulin (GO:0032868),15/79,0.425808109492715,0.999996300842126,0,0,1.0912877981260647,0.9317049435951495,TRARG1;CITED1;PDE3B;SLC2A1;IRS2;SLC2A4;SORBS1;FOXO1;KAT2B;RAB31;LEP;PPARG;TRIB3;PCK1;GPLD1
1610,GO_Biological_Process_2023,Regulation Of Neuron Differentiation (GO:0045664),15/79,0.425808109492715,0.999996300842126,0,0,1.0912877981260647,0.9317049435951495,NLGN1;MMD;DTX1;SOX11;ASCL1;DKK1;SOX2;NTF4;DISP3;BMP2;RELN;SIX3;VWC2;ECT2;NKX2-5
1609,GO_Biological_Process_2023,Hemopoiesis (GO:0030097),19/101,0.4231237524005378,0.999996300842126,0,0,1.0789077774234253,0.9279584202112596,WNT10B;CEBPA;CEBPE;NOTCH4;ZBTB16;RTKN2;TMEM190;INHBA;TGFBR2;TGFBR3;MFAP5;SFRP1;MELK;THPO;TAL1;KIT;TEK;NKX2-5;CD34
1608,GO_Biological_Process_2023,Regulation Of Viral Life Cycle (GO:1903900),5/24,0.4230663236033413,0.999996300842126,0,0,1.2251892471836443,1.0539400359848632,CD209;LAMP3;TYRO3;HS3ST6;KPNA2
1607,GO_Biological_Process_2023,Regulation Of Cytokine Production Involved In Immune Response (GO:0002718),5/24,0.4230663236033413,0.999996300842126,0,0,1.2251892471836443,1.0539400359848632,SLC7A5;FFAR3;FFAR2;NOD2;INAVA
1606,GO_Biological_Process_2023,Positive Regulation Of Vascular Endothelial Growth Factor Production (GO:0010575),5/24,0.4230663236033413,0.999996300842126,0,0,1.2251892471836443,1.0539400359848632,CCBE1;IL6;CXCL17;GATA4;SULF1
1605,GO_Biological_Process_2023,Positive Regulation Of Cell Cycle G2/M Phase Transition (GO:1902751),5/24,0.4230663236033413,0.999996300842126,0,0,1.2251892471836443,1.0539400359848632,CCNB1;CDK1;CDC7;CDC25C;CDC25A
1604,GO_Biological_Process_2023,Negative Regulation Of Ion Transmembrane Transporter Activity (GO:0032413),5/24,0.4230663236033413,0.999996300842126,0,0,1.2251892471836443,1.0539400359848632,PLN;CAV3;EPO;CASQ2;MMP9
1603,GO_Biological_Process_2023,Fat-Soluble Vitamin Metabolic Process (GO:0006775),5/24,0.4230663236033413,0.999996300842126,0,0,1.2251892471836443,1.0539400359848632,CYP24A1;ALDH1A2;CYP1A1;CYP3A4;RPE65
1634,GO_Biological_Process_2023,Negative Regulation Of Triglyceride Metabolic Process (GO:0090209),2/8,0.4269534147377337,0.999996300842126,0,0,1.5518151815181518,1.320719439913477,CIDEC;GPLD1
1633,GO_Biological_Process_2023,Negative Regulation Of Regulated Secretory Pathway (GO:1903306),2/8,0.4269534147377337,0.999996300842126,0,0,1.5518151815181518,1.320719439913477,SYT4;CBARP
1632,GO_Biological_Process_2023,Negative Regulation Of Mitotic Nuclear Division (GO:0045839),2/8,0.4269534147377337,0.999996300842126,0,0,1.5518151815181518,1.320719439913477,USP44;CHEK1
1631,GO_Biological_Process_2023,Negative Regulation Of Long-Term Synaptic Potentiation (GO:1900272),2/8,0.4269534147377337,0.999996300842126,0,0,1.5518151815181518,1.320719439913477,FAM107A;PTN
1630,GO_Biological_Process_2023,Negative Regulation Of Lipase Activity (GO:0060192),2/8,0.4269534147377337,0.999996300842126,0,0,1.5518151815181518,1.320719439913477,RGS2;ANGPTL4
1629,GO_Biological_Process_2023,Negative Regulation Of Chromosome Organization (GO:2001251),2/8,0.4269534147377337,0.999996300842126,0,0,1.5518151815181518,1.320719439913477,TOP2A;ESPL1
1628,GO_Biological_Process_2023,Monocyte Activation (GO:0042117),2/8,0.4269534147377337,0.999996300842126,0,0,1.5518151815181518,1.320719439913477,MT1G;AZU1
1627,GO_Biological_Process_2023,Glucan Metabolic Process (GO:0044042),2/8,0.4269534147377337,0.999996300842126,0,0,1.5518151815181518,1.320719439913477,GBE1;PYGM
1626,GO_Biological_Process_2023,Fucose Catabolic Process (GO:0019317),2/8,0.4269534147377337,0.999996300842126,0,0,1.5518151815181518,1.320719439913477,FUT7;FUT2
1625,GO_Biological_Process_2023,Fat-Soluble Vitamin Catabolic Process (GO:0042363),2/8,0.4269534147377337,0.999996300842126,0,0,1.5518151815181518,1.320719439913477,CYP26B1;CYP3A4
1624,GO_Biological_Process_2023,Embryonic Placenta Development (GO:0001892),2/8,0.4269534147377337,0.999996300842126,0,0,1.5518151815181518,1.320719439913477,WNT7B;ESRRB
1623,GO_Biological_Process_2023,Constitutive Heterochromatin Formation (GO:0140719),2/8,0.4269534147377337,0.999996300842126,0,0,1.5518151815181518,1.320719439913477,HELLS;EZH2
1622,GO_Biological_Process_2023,Cellular Response To Platelet-Derived Growth Factor Stimulus (GO:0036120),2/8,0.4269534147377337,0.999996300842126,0,0,1.5518151815181518,1.320719439913477,HYAL1;HAS1
1621,GO_Biological_Process_2023,Cardioblast Differentiation (GO:0010002),2/8,0.4269534147377337,0.999996300842126,0,0,1.5518151815181518,1.320719439913477,MYOCD;NRG1
1620,GO_Biological_Process_2023,Androgen Biosynthetic Process (GO:0006702),2/8,0.4269534147377337,0.999996300842126,0,0,1.5518151815181518,1.320719439913477,SRD5A2;HSD17B6
1619,GO_Biological_Process_2023,T-helper 17 Cell Differentiation (GO:0072539),2/8,0.4269534147377337,0.999996300842126,0,0,1.5518151815181518,1.320719439913477,SOCS3;IL6
1650,GO_Biological_Process_2023,Response To Vitamin (GO:0033273),2/8,0.4269534147377337,0.999996300842126,0,0,1.5518151815181518,1.320719439913477,CYP24A1;SPP1
1649,GO_Biological_Process_2023,Regulation Of Vesicle Fusion (GO:0031338),2/8,0.4269534147377337,0.999996300842126,0,0,1.5518151815181518,1.320719439913477,ANXA1;DOC2B
1648,GO_Biological_Process_2023,Regulation Of Urine Volume (GO:0035809),2/8,0.4269534147377337,0.999996300842126,0,0,1.5518151815181518,1.320719439913477,NPR1;NPR3
1647,GO_Biological_Process_2023,Regulation Of Glial Cell Proliferation (GO:0060251),2/8,0.4269534147377337,0.999996300842126,0,0,1.5518151815181518,1.320719439913477,IL6;SOX11
1646,GO_Biological_Process_2023,Regulation Of Fibroblast Apoptotic Process (GO:2000269),2/8,0.4269534147377337,0.999996300842126,0,0,1.5518151815181518,1.320719439913477,SFRP1;TP63
1645,GO_Biological_Process_2023,Regulation Of Epidermis Development (GO:0045682),2/8,0.4269534147377337,0.999996300842126,0,0,1.5518151815181518,1.320719439913477,KRT2;TMEM79
1644,GO_Biological_Process_2023,Regulation Of T-helper 1 Type Immune Response (GO:0002825),2/8,0.4269534147377337,0.999996300842126,0,0,1.5518151815181518,1.320719439913477,SLC11A1;IL12B
1643,GO_Biological_Process_2023,Pyrimidine-Containing Compound Metabolic Process (GO:0072527),2/8,0.4269534147377337,0.999996300842126,0,0,1.5518151815181518,1.320719439913477,SLC19A3;TYMP
1642,GO_Biological_Process_2023,Positive Regulation Of Dendritic Spine Morphogenesis (GO:0061003),2/8,0.4269534147377337,0.999996300842126,0,0,1.5518151815181518,1.320719439913477,RELN;LRP8
1641,GO_Biological_Process_2023,Positive Regulation Of Dendritic Cell Cytokine Production (GO:0002732),2/8,0.4269534147377337,0.999996300842126,0,0,1.5518151815181518,1.320719439913477,CLEC7A;KIT
1640,GO_Biological_Process_2023,Positive Regulation Of Centriole Replication (GO:0046601),2/8,0.4269534147377337,0.999996300842126,0,0,1.5518151815181518,1.320719439913477,PLK4;STIL
1639,GO_Biological_Process_2023,Positive Regulation Of Blood Vessel Endothelial Cell Proliferation Involved In Sprouting Angiogenesis (GO:1903589),2/8,0.4269534147377337,0.999996300842126,0,0,1.5518151815181518,1.320719439913477,PPP1R16B;FGFBP1
1638,GO_Biological_Process_2023,Phosphatidylglycerol Acyl-Chain Remodeling (GO:0036148),2/8,0.4269534147377337,0.999996300842126,0,0,1.5518151815181518,1.320719439913477,PLA2G4D;MBOAT2
1637,GO_Biological_Process_2023,Peripheral Nervous System Axon Ensheathment (GO:0032292),2/8,0.4269534147377337,0.999996300842126,0,0,1.5518151815181518,1.320719439913477,MYOC;LGI4
1636,GO_Biological_Process_2023,Nucleoside Diphosphate Metabolic Process (GO:0009132),2/8,0.4269534147377337,0.999996300842126,0,0,1.5518151815181518,1.320719439913477,RRM2;ENTPD8
1635,GO_Biological_Process_2023,Negative Regulation Of Ubiquitin Protein Ligase Activity (GO:1904667),2/8,0.4269534147377337,0.999996300842126,0,0,1.5518151815181518,1.320719439913477,USP44;MAD2L1
1666,GO_Biological_Process_2023,Inositol Phosphate-Mediated Signaling (GO:0048016),4/19,0.4403720594688957,0.999996300842126,0,0,1.2414756109066891,1.0181779970225984,EDN2;EDN3;NMUR1;LACRT
1665,GO_Biological_Process_2023,Glycogen Metabolic Process (GO:0005977),4/19,0.4403720594688957,0.999996300842126,0,0,1.2414756109066891,1.0181779970225984,GBE1;STBD1;PYGM;GYG2
1664,GO_Biological_Process_2023,Gastrulation (GO:0007369),4/19,0.4403720594688957,0.999996300842126,0,0,1.2414756109066891,1.0181779970225984,NAT8B;NR4A3;LHX1;GPC3
1663,GO_Biological_Process_2023,Fluid Transport (GO:0042044),4/19,0.4403720594688957,0.999996300842126,0,0,1.2414756109066891,1.0181779970225984,AQP7B;AQP9;AQP7;AQP4
1662,GO_Biological_Process_2023,Embryonic Digestive Tract Development (GO:0048566),4/19,0.4403720594688957,0.999996300842126,0,0,1.2414756109066891,1.0181779970225984,SIX2;RBPMS2;SOX11;PCSK5
1661,GO_Biological_Process_2023,Cardiac Ventricle Development (GO:0003231),4/19,0.4403720594688957,0.999996300842126,0,0,1.2414756109066891,1.0181779970225984,PDE2A;GATA4;GATA3;SCN5A
1660,GO_Biological_Process_2023,Negative Regulation Of Cell Cycle (GO:0045786),16/85,0.4351920865110664,0.999996300842126,0,0,1.0796669259803495,0.8982480816995406,CDKN1C;CEBPA;CDT1;MYOCD;DUSP1;CDKN2A;PLK1;GATA3;FBXO43;NR4A1;BMP2;MCIDAS;GMNC;NUPR2;INHA;MAD2L1
1659,GO_Biological_Process_2023,Cellular Response To Transforming Growth Factor Beta Stimulus (GO:0071560),18/96,0.433242459658971,0.999996300842126,0,0,1.07449668830743,0.8987710873039328,GDF10;CITED1;WFIKKN1;GDF15;FOXH1;PDE2A;FOS;NR3C1;TGFBR2;TGFBR3;CDH5;CLDN5;SFRP1;CLEC3B;COL1A2;BAMBI;FERMT2;SOX5
1658,GO_Biological_Process_2023,Monoatomic Ion Transport (GO:0006811),20/107,0.4312949206113709,0.999996300842126,0,0,1.0704002562267343,0.9001671737256232,SLC24A2;CHRNA2;SLC36A2;TRPA1;TMEM63C;SLC5A12;SLC4A1;SLC1A6;SLC1A7;SLC8A2;SLC5A5;PANX2;SLC5A8;CALHM1;SLC9A9;SLC17A7;SLC26A9;SLC26A3;SLC25A22;TRPM3
1657,GO_Biological_Process_2023,Proteolysis (GO:0006508),60/330,0.4283871867198888,0.999996300842126,0,0,1.0349279391557218,0.8773372372552263,RET;PCSK1;CPM;ADAMDEC1;PRSS1;TINAGL1;PRSS22;PCSK5;PCSK4;WFDC2;ADAMTS5;CAPN9;ADAMTS1;OLR1;CTSG;CTSE;ADAMTS8;PRSS2;CPA2;CPA1;MME;TPSG1;MMP1;MMP3;MMP8;MMP9;ADAMTS20;MMP12;ADAM19;F7;ADAM12;ADAM8;TRABD2B;PAPPA2;TPSD1;CPB1;TMPRSS6;HPN;TMPRSS4;KLK4;KLK3;TRHDE;LRP8;DPP4;ADAMTS14;ADAMTS19;ADAMTS18;NAALAD2;ELANE;PRSS29P;LVRN;F12;ADAM33;GZMB;AZU1;CAPN13;CAPN11;PROC;PIP;FBXL6
1656,GO_Biological_Process_2023,Positive Regulation Of Peptide Hormone Secretion (GO:0090277),9/46,0.4277868881144576,0.999996300842126,0,0,1.132515168229454,0.961652754712384,UCN;FGA;SLC30A8;TFR2;NNAT;FFAR4;IRS2;DOC2B;TRH
1655,GO_Biological_Process_2023,Negative Regulation Of Cold-Induced Thermogenesis (GO:0120163),9/46,0.4277868881144576,0.999996300842126,0,0,1.132515168229454,0.961652754712384,ADAMTS5;WNT10B;ACTN3;NPR3;ADIPOQ;ALDH1A1;CIDEA;HOXC10;MAP2K6
1654,GO_Biological_Process_2023,Negative Regulation Of Cellular Metabolic Process (GO:0031324),9/46,0.4277868881144576,0.999996300842126,0,0,1.132515168229454,0.961652754712384,PRKN;TERT;ACTN3;HMGA2;AMH;PPARA;MT3;CIDEC;PAX2
1653,GO_Biological_Process_2023,Homotypic Cell-Cell Adhesion (GO:0034109),9/46,0.4277868881144576,0.999996300842126,0,0,1.132515168229454,0.961652754712384,P2RY12;FGA;CEACAM5;CDHR2;TYRO3;HBB;HSPB1;PLPP3;XG
1652,GO_Biological_Process_2023,Synapse Pruning (GO:0098883),2/8,0.4269534147377337,0.999996300842126,0,0,1.5518151815181518,1.320719439913477,DKK1;CX3CL1
1651,GO_Biological_Process_2023,Skin Morphogenesis (GO:0043589),2/8,0.4269534147377337,0.999996300842126,0,0,1.5518151815181518,1.320719439913477,COL1A1;COL1A2
1682,GO_Biological_Process_2023,Positive Regulation Of Protein Modification Process (GO:0031401),41/225,0.4432475085128094,0.999996300842126,0,0,1.0375817704706,0.8442044964674628,CDCA2;FAXDC2;PELI2;ITLN1;CDCA8;FGF1;FGF2;RASGRP1;EGFR;AURKB;FGF5;CDH5;RELN;THPO;ERBB2;LEPR;RSPO1;PPP1R16B;EGR1;NTRK2;ANGPT1;NTRK3;ADIPOQ;PLAUR;VEGFD;SLC51B;MT3;MMP9;FGF17;CCNA2;MARCO;BMP2;CLDN3;IFNG;LEP;CLDN19;PECAM1;BIRC5;TEK;RAMP1;TRABD2B
1681,GO_Biological_Process_2023,Regulation Of Vasculature Development (GO:1901342),6/30,0.4424056591265714,0.999996300842126,0,0,1.163905409232512,0.9491974936199382,IL6;SFRP1;LEP;ERBB2;CXCL13;FGF2
1680,GO_Biological_Process_2023,Phospholipid Dephosphorylation (GO:0046839),6/30,0.4424056591265714,0.999996300842126,0,0,1.163905409232512,0.9491974936199382,PLPPR1;PLPP4;PLPPR3;PLPPR5;PLPP3;PLPP1
1679,GO_Biological_Process_2023,Negative Regulation Of Calcium Ion Transmembrane Transporter Activity (GO:1901020),6/30,0.4424056591265714,0.999996300842126,0,0,1.163905409232512,0.9491974936199382,PLN;CASQ2;ATP1A2;DRD4;CBARP;TRDN
1678,GO_Biological_Process_2023,Lamellipodium Organization (GO:0097581),6/30,0.4424056591265714,0.999996300842126,0,0,1.163905409232512,0.9491974936199382,P2RY12;SPEF1;ABLIM3;KIT;S1PR1;CDH13
1677,GO_Biological_Process_2023,Acylglycerol Metabolic Process (GO:0006639),8/41,0.4419683085789431,0.999996300842126,0,0,1.1286569291669886,0.9215676821595707,CETP;PNLIPRP2;DGAT2;CAV3;CAV1;APOBR;MGLL;PNPLA2
1676,GO_Biological_Process_2023,Sensory Perception Of Light Stimulus (GO:0050953),19/102,0.4414139082854351,0.999996300842126,0,0,1.0658438187086037,0.8716175256710379,RD3;AOC2;CRYBG3;COL11A1;CRYBA2;PAX6;RPE65;PAX2;TRPM1;COL1A1;GPR143;EFEMP1;COL2A1;TH;ZIC2;GRM8;SIX3;CDH23;E2F1
1675,GO_Biological_Process_2023,Regulation Of Protein Secretion (GO:0050708),19/102,0.4414139082854351,0.999996300842126,0,0,1.0658438187086037,0.8716175256710379,MYOM1;FGA;RSAD2;KCNA5;IGF1;BMP6;STXBP5L;IL6;DNAJC1;RFX6;IFNG;HNF4A;SAA1;IL12B;ADAM8;SLC25A22;STX1A;DRD4;LLGL2
1674,GO_Biological_Process_2023,Water Transport (GO:0006833),4/19,0.4403720594688957,0.999996300842126,0,0,1.2414756109066891,1.0181779970225984,AQP7B;AQP9;AQP7;AQP4
1673,GO_Biological_Process_2023,Regulation Of Transcription Involved In G1/S Transition Of Mitotic Cell Cycle (GO:0000083),4/19,0.4403720594688957,0.999996300842126,0,0,1.2414756109066891,1.0181779970225984,ESRRB;E2F1;E2F2;E2F7
1672,GO_Biological_Process_2023,Regulation Of Smooth Muscle Cell Migration (GO:0014910),4/19,0.4403720594688957,0.999996300842126,0,0,1.2414756109066891,1.0181779970225984,NELL1;LRP1;CCN4;IGF1
1671,GO_Biological_Process_2023,Regulation Of Insulin-Like Growth Factor Receptor Signaling Pathway (GO:0043567),4/19,0.4403720594688957,0.999996300842126,0,0,1.2414756109066891,1.0181779970225984,IGFBP1;IGF1;IGFBP6;BMP5
1670,GO_Biological_Process_2023,Regulation Of Centriole Replication (GO:0046599),4/19,0.4403720594688957,0.999996300842126,0,0,1.2414756109066891,1.0181779970225984,PLK4;C10ORF90;KAT2B;STIL
1669,GO_Biological_Process_2023,Positive Regulation Of Activated T Cell Proliferation (GO:0042104),4/19,0.4403720594688957,0.999996300842126,0,0,1.2414756109066891,1.0181779970225984,PYCARD;IL12B;IGF1;CD24
1668,GO_Biological_Process_2023,Negative Regulation Of Cyclin-Dependent Protein Serine/Threonine Kinase Activity (GO:0045736),4/19,0.4403720594688957,0.999996300842126,0,0,1.2414756109066891,1.0181779970225984,CEBPA;MYOCD;CDKN2A;PLK1
1667,GO_Biological_Process_2023,Leukocyte Adhesion To Vascular Endothelial Cell (GO:0061756),4/19,0.4403720594688957,0.999996300842126,0,0,1.2414756109066891,1.0181779970225984,SELP;LRG1;PODXL2;JAM2
1698,GO_Biological_Process_2023,Sterol Transport (GO:0015918),5/25,0.4605850921903116,0.999996300842126,0,0,1.1638590033975085,0.9022906054310952,CETP;ABCG8;CAV1;CD36;APOB
1697,GO_Biological_Process_2023,Regulation Of Protein Processing (GO:0070613),5/25,0.4605850921903116,0.999996300842126,0,0,1.1638590033975085,0.9022906054310952,CCBE1;ANGPTL8;PLAUR;ADAM8;MAGEA3
1696,GO_Biological_Process_2023,Regulation Of Hippo Signaling (GO:0035330),5/25,0.4605850921903116,0.999996300842126,0,0,1.1638590033975085,0.9022906054310952,NUAK2;SCHIP1;SOX11;FRMD1;CIT
1695,GO_Biological_Process_2023,Positive Regulation Of Glucose Import (GO:0046326),5/25,0.4605850921903116,0.999996300842126,0,0,1.1638590033975085,0.9022906054310952,ITLN1;IRS2;IGF1;SORBS1;ERFE
1694,GO_Biological_Process_2023,Phosphatidylethanolamine Metabolic Process (GO:0046337),5/25,0.4605850921903116,0.999996300842126,0,0,1.1638590033975085,0.9022906054310952,PLA2G2A;PLA2G10;PLAAT2;PLAAT5;PLAAT4
1693,GO_Biological_Process_2023,Negative Regulation Of Transposition (GO:0010529),5/25,0.4605850921903116,0.999996300842126,0,0,1.1638590033975085,0.9022906054310952,SPOCD1;TEX15;MYBL1;TEX19;APOBEC3B
1692,GO_Biological_Process_2023,Negative Regulation Of Stress Fiber Assembly (GO:0051497),5/25,0.4605850921903116,0.999996300842126,0,0,1.1638590033975085,0.9022906054310952,TMEFF2;MYOC;STMN1;RHPN1;MET
1691,GO_Biological_Process_2023,Negative Regulation Of Lipid Biosynthetic Process (GO:0051055),5/25,0.4605850921903116,0.999996300842126,0,0,1.1638590033975085,0.9022906054310952,BMP2;ACADL;AKR1C3;TRIB3;BMP5
1690,GO_Biological_Process_2023,Inner Ear Morphogenesis (GO:0042472),5/25,0.4605850921903116,0.999996300842126,0,0,1.1638590033975085,0.9022906054310952,TIFAB;MYO3B;HPN;ZIC1;PAX2
1689,GO_Biological_Process_2023,Activation Of Protein Kinase B Activity (GO:0032148),5/25,0.4605850921903116,0.999996300842126,0,0,1.1638590033975085,0.9022906054310952,NTRK3;NRG1;IGF1;FGF1;MT3
1688,GO_Biological_Process_2023,Nucleosome Organization (GO:0034728),14/75,0.4585595900704624,0.999996300842126,0,0,1.0685192854450614,0.8330871189174445,H2AX;H2BC9;H2BC8;H4C9;HMGA1;NAP1L2;H2BC17;H2BC13;H2BC14;H2BC15;H2AC25;H2BC21;H2BC11;ASF1B
1687,GO_Biological_Process_2023,Negative Regulation Of Phosphorylation (GO:0042326),14/75,0.4585595900704624,0.999996300842126,0,0,1.0685192854450614,0.8330871189174445,CDKN1C;PRKN;PID1;CDKN2A;NTRK3;SORD;IRS2;INHBA;KLHL31;MYCNOS;INSM1;PLPP3;INHA;SH3GL2
1686,GO_Biological_Process_2023,Regulation Of Glucose Import (GO:0046324),7/36,0.4578691315720173,0.999996300842126,0,0,1.1237471915600274,0.8778397002353272,PID1;LEP;ITLN1;IRS2;IGF1;SORBS1;ERFE
1685,GO_Biological_Process_2023,Response To Molecule Of Bacterial Origin (GO:0002237),13/69,0.4492117646283307,0.999996300842126,0,0,1.0808081319928653,0.8649284519932136,CITED1;SLC11A1;CXCL2;INAVA;SELP;IL6;NOS1;S100A14;CD24;S100A9;S100A8;S100A7;SNCA
1684,GO_Biological_Process_2023,Phagocytosis (GO:0006909),13/69,0.4492117646283307,0.999996300842126,0,0,1.0808081319928653,0.8649284519932136,SRPX;ANXA1;GSN;LRP1;SLC11A1;MARCO;P2RY6;PECAM1;TYRO3;CD36;CD302;MET;ELANE
1683,GO_Biological_Process_2023,Calcium Ion Transmembrane Transport (GO:0070588),15/80,0.4465078550864335,0.999996300842126,0,0,1.0744332328659416,0.8663136743407582,SLC24A2;TRPA1;CACNA2D1;ATP2A3;CACNA1D;GRIN2B;RYR3;SLC8A2;GRIN2D;TRPM1;TRPM2;CACNG1;TRPM5;TRPM6;TRPM3
1714,GO_Biological_Process_2023,Positive Regulation Of Transporter Activity (GO:0032411),3/14,0.4618125034434347,0.999996300842126,0,0,1.2696403766013271,0.9809194661509748,SYNGR3;PPARGC1A;SGK2
1713,GO_Biological_Process_2023,Positive Regulation Of Response To Cytokine Stimulus (GO:0060760),3/14,0.4618125034434347,0.999996300842126,0,0,1.2696403766013271,0.9809194661509748,TSLP;LRRC70;AGPAT2
1712,GO_Biological_Process_2023,Positive Regulation Of Membrane Protein Ectodomain Proteolysis (GO:0051044),3/14,0.4618125034434347,0.999996300842126,0,0,1.2696403766013271,0.9809194661509748,IFNG;GPLD1;SH3D19
1711,GO_Biological_Process_2023,Positive Regulation Of Lyase Activity (GO:0051349),3/14,0.4618125034434347,0.999996300842126,0,0,1.2696403766013271,0.9809194661509748,FTMT;CACNA1D;NOS1
1710,GO_Biological_Process_2023,Positive Regulation Of Glycogen Metabolic Process (GO:0070875),3/14,0.4618125034434347,0.999996300842126,0,0,1.2696403766013271,0.9809194661509748,IRS2;IGF1;SORBS1
1709,GO_Biological_Process_2023,Odontogenesis Of Dentin-Containing Tooth (GO:0042475),3/14,0.4618125034434347,0.999996300842126,0,0,1.2696403766013271,0.9809194661509748,BMP2;ROGDI;SCN5A
1708,GO_Biological_Process_2023,Negative Regulation Of Receptor Signaling Pathway Via STAT (GO:1904893),3/14,0.4618125034434347,0.999996300842126,0,0,1.2696403766013271,0.9809194661509748,SOCS3;CAV1;PPARG
1707,GO_Biological_Process_2023,Negative Regulation Of Blood Pressure (GO:0045776),3/14,0.4618125034434347,0.999996300842126,0,0,1.2696403766013271,0.9809194661509748,FFAR3;GPR37L1;NOS1
1706,GO_Biological_Process_2023,Negative Regulation Of T Cell Mediated Immunity (GO:0002710),3/14,0.4618125034434347,0.999996300842126,0,0,1.2696403766013271,0.9809194661509748,IL4I1;CD80;FOXP3
1705,GO_Biological_Process_2023,Histone H2A Monoubiquitination (GO:0035518),3/14,0.4618125034434347,0.999996300842126,0,0,1.2696403766013271,0.9809194661509748,DEPDC1B;RAD51;BRCA2
1704,GO_Biological_Process_2023,Genitalia Development (GO:0048806),3/14,0.4618125034434347,0.999996300842126,0,0,1.2696403766013271,0.9809194661509748,LHCGR;TIFAB;WT1
1703,GO_Biological_Process_2023,Establishment Of Protein Localization To Chromosome (GO:0070199),3/14,0.4618125034434347,0.999996300842126,0,0,1.2696403766013271,0.9809194661509748,H1-5;TERT;BRCA2
1702,GO_Biological_Process_2023,Establishment Of Chromosome Localization (GO:0051303),3/14,0.4618125034434347,0.999996300842126,0,0,1.2696403766013271,0.9809194661509748,CENPF;KIF2C;NDC80
1701,GO_Biological_Process_2023,Cardiac Cell Development (GO:0055006),3/14,0.4618125034434347,0.999996300842126,0,0,1.2696403766013271,0.9809194661509748,ALPK3;MYH11;NKX2-5
1700,GO_Biological_Process_2023,"Blood Coagulation, Fibrin Clot Formation (GO:0072378)",3/14,0.4618125034434347,0.999996300842126,0,0,1.2696403766013271,0.9809194661509748,FGA;F8;F12
1699,GO_Biological_Process_2023,Ventricular Cardiac Muscle Tissue Development (GO:0003229),5/25,0.4605850921903116,0.999996300842126,0,0,1.1638590033975085,0.9022906054310952,TGFBR3;MYL2;TNNI3;PROX1;NKX2-5
1730,GO_Biological_Process_2023,Negative Regulation Of Cell Death (GO:0060548),12/64,0.4622136413529901,0.999996300842126,0,0,1.0743698854337151,0.829121395590496,PRKN;CHGA;PACRG;ALB;CCN5;CCN4;AGR3;GATA4;MT3;POU4F1;PAX2;SNCA
1729,GO_Biological_Process_2023,Synaptic Vesicle Membrane Organization (GO:0048499),3/14,0.4618125034434347,0.999996300842126,0,0,1.2696403766013271,0.9809194661509748,PRRT2;STX11;STX1A
1728,GO_Biological_Process_2023,Smooth Muscle Contraction (GO:0006939),3/14,0.4618125034434347,0.999996300842126,0,0,1.2696403766013271,0.9809194661509748,MYH11;NMUR1;MYLK
1727,GO_Biological_Process_2023,Regulation Of Transposition (GO:0010528),3/14,0.4618125034434347,0.999996300842126,0,0,1.2696403766013271,0.9809194661509748,MYBL1;TEX19;APOBEC3B
1726,GO_Biological_Process_2023,Regulation Of Microglial Cell Activation (GO:1903978),3/14,0.4618125034434347,0.999996300842126,0,0,1.2696403766013271,0.9809194661509748,IL6;MMP8;CX3CL1
1725,GO_Biological_Process_2023,Regulation Of Macrophage Differentiation (GO:0045649),3/14,0.4618125034434347,0.999996300842126,0,0,1.2696403766013271,0.9809194661509748,INHBA;INHA;PF4
1724,GO_Biological_Process_2023,Regulation Of Integrin Activation (GO:0033623),3/14,0.4618125034434347,0.999996300842126,0,0,1.2696403766013271,0.9809194661509748,SELP;KIF14;FERMT2
1723,GO_Biological_Process_2023,Regulation Of Feeding Behavior (GO:0060259),3/14,0.4618125034434347,0.999996300842126,0,0,1.2696403766013271,0.9809194661509748,UCN;NR4A3;LEPR
1722,GO_Biological_Process_2023,Regulation Of Exit From Mitosis (GO:0007096),3/14,0.4618125034434347,0.999996300842126,0,0,1.2696403766013271,0.9809194661509748,UBE2C;CDCA5;CDC14B
1721,GO_Biological_Process_2023,Regulation Of Cell Fate Specification (GO:0042659),3/14,0.4618125034434347,0.999996300842126,0,0,1.2696403766013271,0.9809194661509748,ESRP1;DKK1;FGF2
1720,GO_Biological_Process_2023,Regulation Of Branching Involved In Ureteric Bud Morphogenesis (GO:0090189),3/14,0.4618125034434347,0.999996300842126,0,0,1.2696403766013271,0.9809194661509748,LHX1;SIX2;PAX2
1719,GO_Biological_Process_2023,Regulation Of ATP Biosynthetic Process (GO:2001169),3/14,0.4618125034434347,0.999996300842126,0,0,1.2696403766013271,0.9809194661509748,PID1;PPARA;PPARGC1A
1718,GO_Biological_Process_2023,Protein Trimerization (GO:0070206),3/14,0.4618125034434347,0.999996300842126,0,0,1.2696403766013271,0.9809194661509748,SCARA5;ITLN1;AMH
1717,GO_Biological_Process_2023,Protein Homotrimerization (GO:0070207),3/14,0.4618125034434347,0.999996300842126,0,0,1.2696403766013271,0.9809194661509748,SCARA5;ITLN1;AMH
1716,GO_Biological_Process_2023,Protein Activation Cascade (GO:0072376),3/14,0.4618125034434347,0.999996300842126,0,0,1.2696403766013271,0.9809194661509748,FGA;F8;F12
1715,GO_Biological_Process_2023,Prostanoid Biosynthetic Process (GO:0046457),3/14,0.4618125034434347,0.999996300842126,0,0,1.2696403766013271,0.9809194661509748,EDN2;PTGIS;PLA2G4A
1746,GO_Biological_Process_2023,Cellular Response To Radiation (GO:0071478),9/48,0.481860091061243,0.999996300842126,0,0,1.074306645735217,0.7843528661971098,RAD51AP1;TRPM1;BLM;OPN4;DEPDC1B;RAD51;BRCA2;ECT2;SLC6A2
1745,GO_Biological_Process_2023,Regulation Of Multicellular Organismal Development (GO:2000026),11/59,0.4762786916586264,0.999996300842126,0,0,1.0668663736055966,0.7913503830734901,KAT2B;SPAAR;SOX17;GBX2;RACGAP1;OAS2;CDK1;SCX;GATA3;PTN;CD24
1744,GO_Biological_Process_2023,Regulation Of Protein Localization To Cell Surface (GO:2000008),6/31,0.4760397054174715,0.999996300842126,0,0,1.1172812234494478,0.829306472298958,RIC3;CAV3;ACTN2;EGF;GPM6B;TMEM35A
1743,GO_Biological_Process_2023,Regulation Of Macrophage Activation (GO:0043030),6/31,0.4760397054174715,0.999996300842126,0,0,1.1172812234494478,0.829306472298958,CEBPA;IL33;IL6;LRFN5;PLA2G10;MMP8
1742,GO_Biological_Process_2023,Regulation Of Long-Term Synaptic Potentiation (GO:1900271),6/31,0.4760397054174715,0.999996300842126,0,0,1.1172812234494478,0.829306472298958,CALB2;RELN;FAM107A;AKAP5;PTN;NSG1
1741,GO_Biological_Process_2023,Positive Regulation Of Glucose Transmembrane Transport (GO:0010828),6/31,0.4760397054174715,0.999996300842126,0,0,1.1172812234494478,0.829306472298958,NR4A3;ITLN1;IRS2;IGF1;SORBS1;ERFE
1740,GO_Biological_Process_2023,Negative Regulation Of Cell-Matrix Adhesion (GO:0001953),6/31,0.4760397054174715,0.999996300842126,0,0,1.1172812234494478,0.829306472298958,MMP12;MYOC;CDKN2A;FAM107A;APOD;HOXA7
1739,GO_Biological_Process_2023,Negative Chemotaxis (GO:0050919),6/31,0.4760397054174715,0.999996300842126,0,0,1.1172812234494478,0.829306472298958,SEMA7A;SEMA3D;LRTM2;SEMA6D;SEMA3G;LGR6
1738,GO_Biological_Process_2023,Central Nervous System Neuron Differentiation (GO:0021953),6/31,0.4760397054174715,0.999996300842126,0,0,1.1172812234494478,0.829306472298958,DRAXIN;NTRK2;LHX1;PROX1;MDGA2;CBLN1
1737,GO_Biological_Process_2023,Actin Filament Polymerization (GO:0030041),6/31,0.4760397054174715,0.999996300842126,0,0,1.1172812234494478,0.829306472298958,VIL1;CATIP;GSN;DIAPH3;FAM107A;WASF3
1736,GO_Biological_Process_2023,Positive Regulation Of Protein-Containing Complex Assembly (GO:0031334),18/98,0.4708312882162325,0.999996300842126,0,0,1.0475063938618925,0.7890398982538364,GBP5;MMP1;BIK;MMP3;ISG15;NRG1;CXCL13;CDH5;TCL1A;DEPDC1B;TPPP2;IFNG;CLEC7A;TAL1;CD36;TRABD2B;FERMT2;SNCA
1735,GO_Biological_Process_2023,Keratinocyte Differentiation (GO:0030216),8/42,0.4707700310448782,0.999996300842126,0,0,1.0953944626873136,0.8252543717954415,SPRR2F;ANXA1;KRT16;AKR1C3;TXNIP;EVPL;IVL;S100A7
1734,GO_Biological_Process_2023,Amino Acid Transmembrane Transport (GO:0003333),8/42,0.4707700310448782,0.999996300842126,0,0,1.0953944626873136,0.8252543717954415,SLC7A5;SLC36A2;SLC7A13;SLC7A11;SLC1A6;SLC7A10;SLC25A22;SLC38A5
1733,GO_Biological_Process_2023,Negative Regulation Of Metabolic Process (GO:0009892),10/53,0.4662390692064539,0.999996300842126,0,0,1.08267781433592,0.8261446168595559,ADAMTS5;WNT10B;ACTN3;ADIPOQ;ALDH1A1;NPR3;CIDEA;CCDC3;HOXC10;MAP2K6
1732,GO_Biological_Process_2023,Positive Regulation Of Signal Transduction (GO:0009967),48/266,0.4637618198863163,0.999996300842126,0,0,1.025187943234438,0.7877381948114708,KANK1;TEDC2;NLGN1;TNXB;LAMA2;CD80;GATA3;SLC2A4;NOD2;ERFE;FGF1;AGPAT2;RIMS2;ENHO;RIMS1;ESM1;P2RY6;RELN;TERT;NETO1;RSPO3;RSPO1;TP63;CCBE1;PTGIS;TSLP;VWF;CAV2;LMO3;ADIPOQ;IGF1;SORBS1;SULF1;GRIN2B;MT3;BMP6;KLF2;GRIN2D;F7;NELL1;DEPDC1B;SFRP1;BMP2;IL6;CLEC6A;TEK;LGR6;LIMS2
1731,GO_Biological_Process_2023,Regulation Of Secretion By Cell (GO:1903530),12/64,0.4622136413529901,0.999996300842126,0,0,1.0743698854337151,0.829121395590496,RIMS2;RAB3C;RIMS1;DNAJC1;CCKAR;SYT1;RAB26;SAA1;CPLX2;SYN1;LLGL2;STXBP5L
1762,GO_Biological_Process_2023,Regulation Of Phosphorylation (GO:0042325),15/82,0.4877173605330735,0.999996300842126,0,0,1.0422334663988406,0.748343660761656,CDKN1C;CDKN2A;EGF;FN1;HSPB1;LDB2;IGF1;INHBA;EGFR;CDH5;NELL1;SLAMF8;AMH;CD24;INHA
1761,GO_Biological_Process_2023,Positive Regulation Of DNA Biosynthetic Process (GO:2000573),12/65,0.4853180535136555,0.999996300842126,0,0,1.0540345242874347,0.7620151263130035,GINS1;GINS2;PKIB;DSCC1;GINS4;NEK2;CHTF18;KLF4;FGFR4;FGF2;MAPK15;AURKB
1760,GO_Biological_Process_2023,Striated Muscle Cell Differentiation (GO:0051146),4/20,0.4825058641580435,0.999996300842126,0,0,1.163812623832437,0.8481426534639359,MYOCD;BMP2;SDC1;NRG1
1759,GO_Biological_Process_2023,Regulation Of Cardiac Muscle Contraction By Calcium Ion Signaling (GO:0010882),4/20,0.4825058641580435,0.999996300842126,0,0,1.163812623832437,0.8481426534639359,CASQ2;ATP1A2;DMD;TNNI3
1758,GO_Biological_Process_2023,Positive Regulation Of Phospholipase Activity (GO:0010518),4/20,0.4825058641580435,0.999996300842126,0,0,1.163812623832437,0.8481426534639359,KIT;ESR1;FGF2;FGFR3
1757,GO_Biological_Process_2023,Positive Regulation Of Lipid Catabolic Process (GO:0050996),4/20,0.4825058641580435,0.999996300842126,0,0,1.163812623832437,0.8481426534639359,ABCD2;IRS2;PPARA;PNPLA2
1756,GO_Biological_Process_2023,Positive Regulation Of Leukocyte Activation (GO:0002696),4/20,0.4825058641580435,0.999996300842126,0,0,1.163812623832437,0.8481426534639359,CEBPA;IL33;TSLP;CLEC7A
1755,GO_Biological_Process_2023,Peripheral Nervous System Development (GO:0007422),4/20,0.4825058641580435,0.999996300842126,0,0,1.163812623832437,0.8481426534639359,EGR2;ADGRB2;ARTN;SOX10
1754,GO_Biological_Process_2023,Negative Regulation Of Reproductive Process (GO:2000242),4/20,0.4825058641580435,0.999996300842126,0,0,1.163812623832437,0.8481426534639359,DUSP1;IGF1;SULF1;AMH
1753,GO_Biological_Process_2023,Negative Regulation Of Phosphate Metabolic Process (GO:0045936),4/20,0.4825058641580435,0.999996300842126,0,0,1.163812623832437,0.8481426534639359,CDKN1C;CDKN2A;INHBA;INHA
1752,GO_Biological_Process_2023,Negative Regulation Of Cytokine Production Involved In Inflammatory Response (GO:1900016),4/20,0.4825058641580435,0.999996300842126,0,0,1.163812623832437,0.8481426534639359,PYCARD;ABCD2;APOD;PPARA
1751,GO_Biological_Process_2023,Microglial Cell Activation (GO:0001774),4/20,0.4825058641580435,0.999996300842126,0,0,1.163812623832437,0.8481426534639359,IFNG;AZU1;CX3CL1;SNCA
1750,GO_Biological_Process_2023,Mesoderm Formation (GO:0001707),4/20,0.4825058641580435,0.999996300842126,0,0,1.163812623832437,0.8481426534639359,CRB2;TBX20;HMGA2;SCX
1749,GO_Biological_Process_2023,DNA Methylation (GO:0006306),4/20,0.4825058641580435,0.999996300842126,0,0,1.163812623832437,0.8481426534639359,SPOCD1;HELLS;DNMT3B;FOS
1748,GO_Biological_Process_2023,Regulation Of Intrinsic Apoptotic Signaling Pathway (GO:2001242),9/48,0.481860091061243,0.999996300842126,0,0,1.074306645735217,0.7843528661971098,PYCARD;CAV1;RTKN2;PLAUR;PMAIP1;MMP9;S100A9;S100A8;BBC3
1747,GO_Biological_Process_2023,Positive Regulation Of Reactive Oxygen Species Metabolic Process (GO:2000379),9/48,0.481860091061243,0.999996300842126,0,0,1.074306645735217,0.7843528661971098,PID1;CLEC7A;AKR1C1;AKR1C3;SORD;CD36;MMP8;CD177;TGFBR2
1778,GO_Biological_Process_2023,Histone Methylation (GO:0016571),2/9,0.491038577175951,0.999996300842126,0,0,1.3300464740351583,0.9459723928125786,SMYD1;SMYD3
1777,GO_Biological_Process_2023,Endodermal Cell Fate Commitment (GO:0001711),2/9,0.491038577175951,0.999996300842126,0,0,1.3300464740351583,0.9459723928125786,SOX2;SOX17
1776,GO_Biological_Process_2023,cGMP Biosynthetic Process (GO:0006182),2/9,0.491038577175951,0.999996300842126,0,0,1.3300464740351583,0.9459723928125786,NPR1;NPR2
1775,GO_Biological_Process_2023,Biomineral Tissue Development (GO:0031214),2/9,0.491038577175951,0.999996300842126,0,0,1.3300464740351583,0.9459723928125786,COL1A1;DDR2
1774,GO_Biological_Process_2023,Aspartate Transmembrane Transport (GO:0015810),2/9,0.491038577175951,0.999996300842126,0,0,1.3300464740351583,0.9459723928125786,SLC1A6;SLC25A22
1773,GO_Biological_Process_2023,Arachidonic Acid Secretion (GO:0050482),2/9,0.491038577175951,0.999996300842126,0,0,1.3300464740351583,0.9459723928125786,ANXA1;DRD4
1772,GO_Biological_Process_2023,Arachidonate Transport (GO:1903963),2/9,0.491038577175951,0.999996300842126,0,0,1.3300464740351583,0.9459723928125786,ANXA1;DRD4
1771,GO_Biological_Process_2023,Alpha-Linolenic Acid Metabolic Process (GO:0036109),2/9,0.491038577175951,0.999996300842126,0,0,1.3300464740351583,0.9459723928125786,ELOVL2;ELOVL3
1770,GO_Biological_Process_2023,Actin-Mediated Cell Contraction (GO:0070252),2/9,0.491038577175951,0.999996300842126,0,0,1.3300464740351583,0.9459723928125786,GSN;EPDR1
1769,GO_Biological_Process_2023,T-helper 1 Type Immune Response (GO:0042088),2/9,0.491038577175951,0.999996300842126,0,0,1.3300464740351583,0.9459723928125786,LEF1;IL12B
1768,GO_Biological_Process_2023,SNARE Complex Assembly (GO:0035493),2/9,0.491038577175951,0.999996300842126,0,0,1.3300464740351583,0.9459723928125786,STXBP6;SNCA
1767,GO_Biological_Process_2023,NAD Biosynthesis Via Nicotinamide Riboside Salvage Pathway (GO:0034356),2/9,0.491038577175951,0.999996300842126,0,0,1.3300464740351583,0.9459723928125786,SLC5A8;PTGIS
1766,GO_Biological_Process_2023,IMP Metabolic Process (GO:0046040),2/9,0.491038577175951,0.999996300842126,0,0,1.3300464740351583,0.9459723928125786,SORD;AMPD1
1765,GO_Biological_Process_2023,Axon Development (GO:0061564),18/99,0.489531991418658,0.999996300842126,0,0,1.0345110669066335,0.7389569075032014,SEMA5A;NTNG1;BRSK2;APLP1;NMNAT2;S100B;POU4F1;PAX2;ISL2;PARD6B;CRTAC1;SLITRK3;SLITRK6;TRIM46;PLP1;MGARP;PAK3;GPM6B
1764,GO_Biological_Process_2023,Regulation Of p38MAPK Cascade (GO:1900744),7/37,0.4885986120615127,0.999996300842126,0,0,1.086222851746931,0.777967970967855,PER1;BMP2;DUSP1;LEP;SORD;RELL2;RASGRP1
1763,GO_Biological_Process_2023,Axonemal Dynein Complex Assembly (GO:0070286),7/37,0.4885986120615127,0.999996300842126,0,0,1.086222851746931,0.777967970967855,CLXN;ODAD3;DNAAF3;DNAH8;DNAAF11;ZMYND10;DNAAF8
1794,GO_Biological_Process_2023,Positive Regulation Of Cardiocyte Differentiation (GO:1905209),2/9,0.491038577175951,0.999996300842126,0,0,1.3300464740351583,0.9459723928125786,MYOCD;NKX2-5
1793,GO_Biological_Process_2023,Positive Regulation Of Acrosome Reaction (GO:2000344),2/9,0.491038577175951,0.999996300842126,0,0,1.3300464740351583,0.9459723928125786,PLA2G10;CCDC87
1792,GO_Biological_Process_2023,Positive Regulation Of T Cell Apoptotic Process (GO:0070234),2/9,0.491038577175951,0.999996300842126,0,0,1.3300464740351583,0.9459723928125786,PDCD1;IDO1
1791,GO_Biological_Process_2023,Nucleobase-Containing Compound Biosynthetic Process (GO:0034654),2/9,0.491038577175951,0.999996300842126,0,0,1.3300464740351583,0.9459723928125786,TERT;TYMS
1790,GO_Biological_Process_2023,Negative Regulation Of Receptor Binding (GO:1900121),2/9,0.491038577175951,0.999996300842126,0,0,1.3300464740351583,0.9459723928125786,ADIPOQ;ATP2A3
1789,GO_Biological_Process_2023,Negative Regulation Of Protein Localization To Cell Surface (GO:2000009),2/9,0.491038577175951,0.999996300842126,0,0,1.3300464740351583,0.9459723928125786,CAV3;GPM6B
1788,GO_Biological_Process_2023,Negative Regulation Of Muscle Cell Apoptotic Process (GO:0010656),2/9,0.491038577175951,0.999996300842126,0,0,1.3300464740351583,0.9459723928125786,IGF1;GRIA4
1787,GO_Biological_Process_2023,Negative Regulation Of Lymphocyte Apoptotic Process (GO:0070229),2/9,0.491038577175951,0.999996300842126,0,0,1.3300464740351583,0.9459723928125786,PIP;IRS2
1786,GO_Biological_Process_2023,Negative Regulation Of Lipid Localization (GO:1905953),2/9,0.491038577175951,0.999996300842126,0,0,1.3300464740351583,0.9459723928125786,IL6;PPARG
1785,GO_Biological_Process_2023,Negative Regulation Of Hormone Secretion (GO:0046888),2/9,0.491038577175951,0.999996300842126,0,0,1.3300464740351583,0.9459723928125786,IL11;OSM
1784,GO_Biological_Process_2023,Motor Neuron Axon Guidance (GO:0008045),2/9,0.491038577175951,0.999996300842126,0,0,1.3300464740351583,0.9459723928125786,LHX1;RAC3
1783,GO_Biological_Process_2023,Lung Epithelium Development (GO:0060428),2/9,0.491038577175951,0.999996300842126,0,0,1.3300464740351583,0.9459723928125786,WNT7B;FOXJ1
1782,GO_Biological_Process_2023,Lipid Import Into Cell (GO:0140354),2/9,0.491038577175951,0.999996300842126,0,0,1.3300464740351583,0.9459723928125786,SPX;CD36
1781,GO_Biological_Process_2023,Leukotriene D4 Biosynthetic Process (GO:1901750),2/9,0.491038577175951,0.999996300842126,0,0,1.3300464740351583,0.9459723928125786,GGT2P;GGTA1
1780,GO_Biological_Process_2023,Ketone Biosynthetic Process (GO:0042181),2/9,0.491038577175951,0.999996300842126,0,0,1.3300464740351583,0.9459723928125786,SRD5A2;CACNA1H
1779,GO_Biological_Process_2023,Homocysteine Metabolic Process (GO:0050667),2/9,0.491038577175951,0.999996300842126,0,0,1.3300464740351583,0.9459723928125786,CBS;DPEP1
1810,GO_Biological_Process_2023,Regulation Of Long-Term Synaptic Depression (GO:1900452),2/9,0.491038577175951,0.999996300842126,0,0,1.3300464740351583,0.9459723928125786,KCNB1;CBLN1
1809,GO_Biological_Process_2023,Regulation Of Leukocyte Mediated Cytotoxicity (GO:0001910),2/9,0.491038577175951,0.999996300842126,0,0,1.3300464740351583,0.9459723928125786,LEP;DNASE1L3
1808,GO_Biological_Process_2023,Regulation Of Hair Cycle (GO:0042634),2/9,0.491038577175951,0.999996300842126,0,0,1.3300464740351583,0.9459723928125786,PER1;TERT
1807,GO_Biological_Process_2023,Regulation Of Granulocyte Differentiation (GO:0030852),2/9,0.491038577175951,0.999996300842126,0,0,1.3300464740351583,0.9459723928125786,TESC;LEF1
1806,GO_Biological_Process_2023,Regulation Of Cell-Cell Adhesion Mediated By Integrin (GO:0033632),2/9,0.491038577175951,0.999996300842126,0,0,1.3300464740351583,0.9459723928125786,DPP4;CXCL13
1805,GO_Biological_Process_2023,Regulation Of Cardiac Muscle Cell Differentiation (GO:2000725),2/9,0.491038577175951,0.999996300842126,0,0,1.3300464740351583,0.9459723928125786,MYOCD;DKK1
1804,GO_Biological_Process_2023,Regulation Of Bile Acid Biosynthetic Process (GO:0070857),2/9,0.491038577175951,0.999996300842126,0,0,1.3300464740351583,0.9459723928125786,PROX1;FGFR4
1803,GO_Biological_Process_2023,Regulation Of Actin Filament Length (GO:0030832),2/9,0.491038577175951,0.999996300842126,0,0,1.3300464740351583,0.9459723928125786,CXCL12;MYO3B
1802,GO_Biological_Process_2023,Receptor Guanylyl Cyclase Signaling Pathway (GO:0007168),2/9,0.491038577175951,0.999996300842126,0,0,1.3300464740351583,0.9459723928125786,NPR1;NPR2
1801,GO_Biological_Process_2023,Protein Localization To Nuclear Envelope (GO:0090435),2/9,0.491038577175951,0.999996300842126,0,0,1.3300464740351583,0.9459723928125786,PLK1;LMNB1
1800,GO_Biological_Process_2023,Positive Regulation Of Vasculogenesis (GO:2001214),2/9,0.491038577175951,0.999996300842126,0,0,1.3300464740351583,0.9459723928125786,TMEM100;CD34
1799,GO_Biological_Process_2023,Positive Regulation Of Tissue Remodeling (GO:0034105),2/9,0.491038577175951,0.999996300842126,0,0,1.3300464740351583,0.9459723928125786,IL21;NRG1
1798,GO_Biological_Process_2023,Positive Regulation Of Platelet Activation (GO:0010572),2/9,0.491038577175951,0.999996300842126,0,0,1.3300464740351583,0.9459723928125786,SELP;PLA2G4A
1797,GO_Biological_Process_2023,Positive Regulation Of Myoblast Fusion (GO:1901741),2/9,0.491038577175951,0.999996300842126,0,0,1.3300464740351583,0.9459723928125786,EHD2;SCGB3A1
1796,GO_Biological_Process_2023,Positive Regulation Of Leukocyte Apoptotic Process (GO:2000108),2/9,0.491038577175951,0.999996300842126,0,0,1.3300464740351583,0.9459723928125786,HCAR2;CDKN2A
1795,GO_Biological_Process_2023,Positive Regulation Of Keratinocyte Migration (GO:0051549),2/9,0.491038577175951,0.999996300842126,0,0,1.3300464740351583,0.9459723928125786,FGF7;MMP9
1826,GO_Biological_Process_2023,Negative Regulation Of Interleukin-1 Beta Production (GO:0032691),5/26,0.497352545340588,0.999996300842126,0,0,1.1083697352100523,0.7741476664452606,CARD17P;FFAR4;PYDC1;IGF1;CX3CL1
1825,GO_Biological_Process_2023,Establishment Or Maintenance Of Apical/Basal Cell Polarity (GO:0035088),5/26,0.497352545340588,0.999996300842126,0,0,1.1083697352100523,0.7741476664452606,CRB2;PARD6B;FOXJ1;CRB3;LLGL2
1824,GO_Biological_Process_2023,Cardiac Muscle Cell Development (GO:0055013),5/26,0.497352545340588,0.999996300842126,0,0,1.1083697352100523,0.7741476664452606,FHOD3;MYL2;MYH11;ALPK3;NKX2-5
1823,GO_Biological_Process_2023,Acute Inflammatory Response (GO:0002526),5/26,0.497352545340588,0.999996300842126,0,0,1.1083697352100523,0.7741476664452606,IL6;NLRP6;TNFSF4;C2CD4B;ELANE
1822,GO_Biological_Process_2023,Receptor-Mediated Endocytosis (GO:0006898),22/122,0.4970108275241609,0.999996300842126,0,0,1.0241422475106683,0.7160223619943855,CUBN;CLEC4M;LRP1;CAV2;CAV1;STAB2;ADRB2;VLDLR;DPP4;ACE2;ENTREP1;MARCO;GRK3;RAB31;ADRB3;TFR2;MRC1;CXCR2;ACKR3;CD36;RAMP1;SNCA
1821,GO_Biological_Process_2023,Cellular Response To Organonitrogen Compound (GO:0071417),19/105,0.4960887962992143,0.999996300842126,0,0,1.0284748205243466,0.7209612024516292,P2RY12;EGR1;KCNE1;AOC1;SPAAR;AQP9;PDE2A;AKAP6;RYR3;AQP1;SLC5A5;CRHBP;SFRP1;P2RY6;WT1;NEURL1;SLC26A3;HCN2;HCN1
1820,GO_Biological_Process_2023,Positive Regulation Of Plasma Membrane Bounded Cell Projection Assembly (GO:0120034),16/88,0.494970610884982,0.999996300842126,0,0,1.0344914639149232,0.7275132497742488,P2RY12;TENM1;GPM6A;TENM2;NLGN1;CARMIL2;CCL21;PLPPR5;DOCK11;ANLN;NELL1;MIEN1;MYO3B;NEURL1;EPS8L1;CCR7
1819,GO_Biological_Process_2023,Negative Regulation Of Cellular Response To Growth Factor Stimulus (GO:0090288),13/71,0.4935492198509595,0.999996300842126,0,0,1.0434116795177892,0.7367870947920455,CRIM1;SULF1;CHRDL1;FGF2;BAMBI;CREB3L1;MMRN2;RBPMS2;VWC2;SOSTDC1;SPRY2;PPARG;SPRY1
1818,GO_Biological_Process_2023,Synaptic Vesicle Fusion To Presynaptic Active Zone Membrane (GO:0031629),2/9,0.491038577175951,0.999996300842126,0,0,1.3300464740351583,0.9459723928125786,STX11;STX1A
1817,GO_Biological_Process_2023,Smooth Muscle Tissue Development (GO:0048745),2/9,0.491038577175951,0.999996300842126,0,0,1.3300464740351583,0.9459723928125786,PROX1;MYLK
1816,GO_Biological_Process_2023,Skeletal Muscle Tissue Regeneration (GO:0043403),2/9,0.491038577175951,0.999996300842126,0,0,1.3300464740351583,0.9459723928125786,ANXA1;MYMX
1815,GO_Biological_Process_2023,Sequestering Of Extracellular Ligand From Receptor (GO:0035581),2/9,0.491038577175951,0.999996300842126,0,0,1.3300464740351583,0.9459723928125786,FBN2;GREM2
1814,GO_Biological_Process_2023,Response To Platelet-Derived Growth Factor (GO:0036119),2/9,0.491038577175951,0.999996300842126,0,0,1.3300464740351583,0.9459723928125786,HYAL1;HAS1
1813,GO_Biological_Process_2023,Response To Laminar Fluid Shear Stress (GO:0034616),2/9,0.491038577175951,0.999996300842126,0,0,1.3300464740351583,0.9459723928125786,KLF4;KLF2
1812,GO_Biological_Process_2023,Regulation Of Natural Killer Cell Proliferation (GO:0032817),2/9,0.491038577175951,0.999996300842126,0,0,1.3300464740351583,0.9459723928125786,LEP;IL12B
1811,GO_Biological_Process_2023,Regulation Of Mast Cell Activation Involved In Immune Response (GO:0033006),2/9,0.491038577175951,0.999996300842126,0,0,1.3300464740351583,0.9459723928125786,STXBP2;UNC13D
1842,GO_Biological_Process_2023,Negative Regulation Of G1/S Transition Of Mitotic Cell Cycle (GO:2000134),6/32,0.5090508141570088,0.999996300842126,0,0,1.07424351349585,0.7253372084566777,FHL1;FAM107A;INHBA;KLF4;E2F7;MYO16
1841,GO_Biological_Process_2023,Left/Right Pattern Formation (GO:0060972),6/32,0.5090508141570088,0.999996300842126,0,0,1.07424351349585,0.7253372084566777,ODAD3;DNAH11;STIL;ZIC3;FOXJ1;PIERCE1
1840,GO_Biological_Process_2023,Amide Transport (GO:0042886),6/32,0.5090508141570088,0.999996300842126,0,0,1.07424351349585,0.7253372084566777,SLC14A1;SLC14A2;TAP1;FOLR2;SLC38A5;ABCG2
1839,GO_Biological_Process_2023,Negative Regulation Of T Cell Activation (GO:0050868),9/49,0.5084604552929689,0.999996300842126,0,0,1.0473852040816327,0.7084176617293104,IL4I1;IFNL1;CD80;PLA2G2A;ILDR2;CTSG;TIGIT;FOXP3;VSIR
1838,GO_Biological_Process_2023,Regulation Of Cell Division (GO:0051302),15/83,0.5081214303049606,0.999996300842126,0,0,1.026843872131476,0.6952090601770919,BLM;ESRRB;PLK1;KLHL13;FGF1;TLE6;AURKB;AURKA;KAT2B;KIF18B;TAL1;TXNIP;KIF20A;FSD1;TP63
1837,GO_Biological_Process_2023,Regulation Of Primary Metabolic Process (GO:0080090),8/43,0.4992207870799504,0.999996300842126,0,0,1.0640327085779056,0.7391907814894825,HNF4A;ADGRF5;ANGPTL8;IRS2;PPARG;FGFR4;PPARA;PLPP1
1836,GO_Biological_Process_2023,Regulation Of Cell-Cell Adhesion (GO:0022407),8/43,0.4992207870799504,0.999996300842126,0,0,1.0640327085779056,0.7391907814894825,DPP4;FUT7;SIRPG;ADAM8;PLPP3;B4GALNT2;MUC21;FUT3
1835,GO_Biological_Process_2023,Positive Regulation Of Stress Fiber Assembly (GO:0051496),8/43,0.4992207870799504,0.999996300842126,0,0,1.0640327085779056,0.7391907814894825,NELL1;SFRP1;WNT11;ARHGEF15;MYOC;EVL;PPM1E;FERMT2
1834,GO_Biological_Process_2023,Learning (GO:0007612),8/43,0.4992207870799504,0.999996300842126,0,0,1.0640327085779056,0.7391907814894825,NPAS4;CNTNAP2;NTRK2;CLDN5;TH;PTN;MAPK8IP2;SLC8A2
1833,GO_Biological_Process_2023,Regulation Of Vascular Endothelial Growth Factor Production (GO:0010574),5/26,0.497352545340588,0.999996300842126,0,0,1.1083697352100523,0.7741476664452606,CCBE1;IL6;CXCL17;GATA4;SULF1
1832,GO_Biological_Process_2023,Regulation Of Reactive Oxygen Species Biosynthetic Process (GO:1903426),5/26,0.497352545340588,0.999996300842126,0,0,1.1083697352100523,0.7741476664452606,ABCD2;CD36;MMP8;PPARA;SNCA
1831,GO_Biological_Process_2023,Regulation Of Myeloid Cell Differentiation (GO:0045637),5/26,0.497352545340588,0.999996300842126,0,0,1.1083697352100523,0.7741476664452606,CSF3;HOXA9;ZBTB16;MEIS2;HOXA5
1830,GO_Biological_Process_2023,Regulation Of Keratinocyte Differentiation (GO:0045616),5/26,0.497352545340588,0.999996300842126,0,0,1.1083697352100523,0.7741476664452606,ZFP36;IL20;ZBED2;HOXA7;PLAAT4
1829,GO_Biological_Process_2023,Regulation Of Cardiac Muscle Cell Contraction (GO:0086004),5/26,0.497352545340588,0.999996300842126,0,0,1.1083697352100523,0.7741476664452606,PLN;CAV3;CAV1;ANK2;SCN5A
1828,GO_Biological_Process_2023,Regulation Of Actin Filament Bundle Assembly (GO:0032231),5/26,0.497352545340588,0.999996300842126,0,0,1.1083697352100523,0.7741476664452606,PRKN;VIL1;SYNPO2;SYNPO;CX3CL1
1827,GO_Biological_Process_2023,Negative Regulation Of Protein Polymerization (GO:0032272),5/26,0.497352545340588,0.999996300842126,0,0,1.1083697352100523,0.7741476664452606,KANK1;CDH5;STMN1;SNCA;KANK3
1858,GO_Biological_Process_2023,Phagosome Maturation (GO:0090382),3/15,0.5105400390549832,0.999996300842126,0,0,1.1637662705149971,0.7823840192816021,SRPX;RAB31;SLAMF8
1857,GO_Biological_Process_2023,Negative Regulation Of Type I Interferon-Mediated Signaling Pathway (GO:0060339),3/15,0.5105400390549832,0.999996300842126,0,0,1.1637662705149971,0.7823840192816021,OAS1;OAS3;ISG15
1856,GO_Biological_Process_2023,Negative Regulation Of Synaptic Transmission (GO:0050805),3/15,0.5105400390549832,0.999996300842126,0,0,1.1637662705149971,0.7823840192816021,SLC24A2;ADIPOQ;HCN1
1855,GO_Biological_Process_2023,Negative Regulation Of Endoplasmic Reticulum Stress-Induced Intrinsic Apoptotic Signaling Pathway (GO:1902236),3/15,0.5105400390549832,0.999996300842126,0,0,1.1637662705149971,0.7823840192816021,PRKN;CREB3L1;MAGEA3
1854,GO_Biological_Process_2023,Keratan Sulfate Biosynthetic Process (GO:0018146),3/15,0.5105400390549832,0.999996300842126,0,0,1.1637662705149971,0.7823840192816021,CHST6;B3GNT4;CHST1
1853,GO_Biological_Process_2023,Glycosaminoglycan Catabolic Process (GO:0006027),3/15,0.5105400390549832,0.999996300842126,0,0,1.1637662705149971,0.7823840192816021,CEMIP;HYAL1;FGF2
1852,GO_Biological_Process_2023,Glutamine Family Amino Acid Catabolic Process (GO:0009065),3/15,0.5105400390549832,0.999996300842126,0,0,1.1637662705149971,0.7823840192816021,AOC1;GAD1;NOS1
1851,GO_Biological_Process_2023,Gas Transport (GO:0015669),3/15,0.5105400390549832,0.999996300842126,0,0,1.1637662705149971,0.7823840192816021,MB;HBB;HBA1
1850,GO_Biological_Process_2023,Epiboly Involved In Wound Healing (GO:0090505),3/15,0.5105400390549832,0.999996300842126,0,0,1.1637662705149971,0.7823840192816021,CCNA2;CARMIL2;TMEFF2
1849,GO_Biological_Process_2023,Dendritic Cell Chemotaxis (GO:0002407),3/15,0.5105400390549832,0.999996300842126,0,0,1.1637662705149971,0.7823840192816021,CCL21;CXCR2;CCR7
1848,GO_Biological_Process_2023,Defense Response To Protozoan (GO:0042832),3/15,0.5105400390549832,0.999996300842126,0,0,1.1637662705149971,0.7823840192816021,CLEC7A;SLC11A1;PF4
1847,GO_Biological_Process_2023,Cardiac Myofibril Assembly (GO:0055003),3/15,0.5105400390549832,0.999996300842126,0,0,1.1637662705149971,0.7823840192816021,FHOD3;MYL2;PROX1
1846,GO_Biological_Process_2023,Adenylate Cyclase-Activating Adrenergic Receptor Signaling Pathway (GO:0071880),3/15,0.5105400390549832,0.999996300842126,0,0,1.1637662705149971,0.7823840192816021,ADRB3;ADRB1;ADRB2
1845,GO_Biological_Process_2023,B Cell Mediated Immunity (GO:0019724),3/15,0.5105400390549832,0.999996300842126,0,0,1.1637662705149971,0.7823840192816021,CD19;IL21R;IL9R
1844,GO_Biological_Process_2023,Respiratory System Development (GO:0060541),6/32,0.5090508141570088,0.999996300842126,0,0,1.07424351349585,0.7253372084566777,CEBPA;FGF7;ZIC3;WT1;WNT7B;PROX1
1843,GO_Biological_Process_2023,Regulation Of Ubiquitin-Protein Transferase Activity (GO:0051438),6/32,0.5090508141570088,0.999996300842126,0,0,1.07424351349585,0.7253372084566777,CDC20;PLK1;BUB1B;TRIB3;MAGEC2;MAD2L1
1874,GO_Biological_Process_2023,Neuron Migration (GO:0001764),10/55,0.5166650888497052,0.999996300842126,0,0,1.0344327883312856,0.6830984618552234,GPM6A;NTRK2;NELL1;RELN;DCX;TRIM46;NDNF;CELSR1;KIAA0319;ASTN1
1873,GO_Biological_Process_2023,Transforming Growth Factor Beta Receptor Signaling Pathway (GO:0007179),13/72,0.5154378325479821,0.999996300842126,0,0,1.025664210546567,0.6797472416468657,GDF10;CITED1;WFIKKN1;GDF15;FOXH1;FOS;TGFBR2;TGFBR3;CDH5;CLDN5;COL1A2;BAMBI;FERMT2
1872,GO_Biological_Process_2023,Regulation Of Cell Motility (GO:2000145),22/123,0.5137565690814583,0.999996300842126,0,0,1.0139402560455193,0.6752900170784492,ROBO4;TNXB;CAVIN1;CCL21;KIF14;KRT5;GATA3;LDB2;FGF1;FGF2;FUT3;FGF5;ADGRG3;FGF17;FGF7;PARD6B;TMSB15A;SPOCK3;ENPP2;TNR;CCR7;PLXNA4
1871,GO_Biological_Process_2023,Negative Regulation Of Wnt Signaling Pathway (GO:0030178),25/140,0.5134957151201788,0.999996300842126,0,0,1.0119342378924432,0.6744679258982095,CCL14;PRKN;DRAXIN;AMER2;CITED1;LRP1;APCDD1;SOX2;WNT11;SOX17;TMEM88;WIF1;SOSTDC1;IGFBP6;NKX2-5;IGFBP1;CAV1;DKK1;TLE6;DKK4;SFRP1;BMP2;NOTUM;TRABD2B;RBMS3
1870,GO_Biological_Process_2023,Regulation Of Systemic Arterial Blood Pressure (GO:0003073),3/15,0.5105400390549832,0.999996300842126,0,0,1.1637662705149971,0.7823840192816021,ADM2;SPX;GPR37L1
1869,GO_Biological_Process_2023,Regulation Of Multicellular Organism Growth (GO:0040014),3/15,0.5105400390549832,0.999996300842126,0,0,1.1637662705149971,0.7823840192816021,STAT5A;GHR;GDF15
1868,GO_Biological_Process_2023,Regulation Of Monocyte Differentiation (GO:0045655),3/15,0.5105400390549832,0.999996300842126,0,0,1.1637662705149971,0.7823840192816021,DCSTAMP;IRF7;HOXA7
1867,GO_Biological_Process_2023,Regulation Of Lipoprotein Lipase Activity (GO:0051004),3/15,0.5105400390549832,0.999996300842126,0,0,1.1637662705149971,0.7823840192816021,ANGPTL4;PCSK5;GPIHBP1
1866,GO_Biological_Process_2023,Regulation Of Amyloid-Beta Clearance (GO:1900221),3/15,0.5105400390549832,0.999996300842126,0,0,1.1637662705149971,0.7823840192816021,MYOCD;LRP1;IFNG
1865,GO_Biological_Process_2023,Protein Localization To Cell-Cell Junction (GO:0150105),3/15,0.5105400390549832,0.999996300842126,0,0,1.1637662705149971,0.7823840192816021,CDH5;LSR;TJP3
1864,GO_Biological_Process_2023,Positive Regulation Of Syncytium Formation By Plasma Membrane Fusion (GO:0060143),3/15,0.5105400390549832,0.999996300842126,0,0,1.1637662705149971,0.7823840192816021,DCSTAMP;EHD2;SCGB3A1
1863,GO_Biological_Process_2023,Positive Regulation Of Sprouting Angiogenesis (GO:1903672),3/15,0.5105400390549832,0.999996300842126,0,0,1.1637662705149971,0.7823840192816021,FGF1;KLF4;FGF2
1862,GO_Biological_Process_2023,Positive Regulation Of Muscle Cell Differentiation (GO:0051149),3/15,0.5105400390549832,0.999996300842126,0,0,1.1637662705149971,0.7823840192816021,MYOCD;LAMA2;NRG1
1861,GO_Biological_Process_2023,Positive Regulation Of Cyclin-Dependent Protein Serine/Threonine Kinase Activity (GO:0045737),3/15,0.5105400390549832,0.999996300842126,0,0,1.1637662705149971,0.7823840192816021,PSRC1;PROX1;EGFR
1860,GO_Biological_Process_2023,Positive Regulation Of Collagen Biosynthetic Process (GO:0032967),3/15,0.5105400390549832,0.999996300842126,0,0,1.1637662705149971,0.7823840192816021,CREB3L1;SCX;LARP6
1859,GO_Biological_Process_2023,Platelet-Derived Growth Factor Receptor Signaling Pathway (GO:0048008),3/15,0.5105400390549832,0.999996300842126,0,0,1.1637662705149971,0.7823840192816021,NELL1;NR4A3;PDGFD
1890,GO_Biological_Process_2023,BMP Signaling Pathway (GO:0030509),11/61,0.5240661411275148,0.999996300842126,0,0,1.024066931366988,0.6616879230572873,TMEM100;TGFBR3;GDF10;BMP3;BMP2;DLX5;SCX;PPARG;INHBA;BMPR1B;BMP6
1889,GO_Biological_Process_2023,Zinc Ion Transmembrane Transport (GO:0071577),4/21,0.5233098833181418,0.999996300842126,0,0,1.0952864587669202,0.709287225179615,SLC30A8;SLC30A2;SLC39A6;SLC39A4
1888,GO_Biological_Process_2023,Retrotransposon Silencing (GO:0010526),4/21,0.5233098833181418,0.999996300842126,0,0,1.0952864587669202,0.709287225179615,SPOCD1;TEX15;TEX19;APOBEC3B
1887,GO_Biological_Process_2023,Regulation Of Transferase Activity (GO:0051338),4/21,0.5233098833181418,0.999996300842126,0,0,1.0952864587669202,0.709287225179615,KAT2B;SLAMF8;SPTSSB;LDB2
1886,GO_Biological_Process_2023,Regulation Of Membrane Protein Ectodomain Proteolysis (GO:0051043),4/21,0.5233098833181418,0.999996300842126,0,0,1.0952864587669202,0.709287225179615,IFNG;GPLD1;TIMP4;SH3D19
1885,GO_Biological_Process_2023,Regulation Of Dendritic Spine Development (GO:0060998),4/21,0.5233098833181418,0.999996300842126,0,0,1.0952864587669202,0.709287225179615,NLGN1;NEURL1;FOXO6;KIF1A
1884,GO_Biological_Process_2023,Regulation Of Anoikis (GO:2000209),4/21,0.5233098833181418,0.999996300842126,0,0,1.0952864587669202,0.709287225179615,CEACAM6;CAV1;CEACAM5;PDK4
1883,GO_Biological_Process_2023,Positive Regulation Of Granulocyte Chemotaxis (GO:0071624),4/21,0.5233098833181418,0.999996300842126,0,0,1.0952864587669202,0.709287225179615,CCL21;CCR7;S100A14;S100A7
1882,GO_Biological_Process_2023,Positive Regulation Of T Cell Cytokine Production (GO:0002726),4/21,0.5233098833181418,0.999996300842126,0,0,1.0952864587669202,0.709287225179615,DENND1B;IL6;RSAD2;TNFSF4
1881,GO_Biological_Process_2023,Peptide Catabolic Process (GO:0043171),4/21,0.5233098833181418,0.999996300842126,0,0,1.0952864587669202,0.709287225179615,MME;LVRN;DPEP1;TRHDE
1880,GO_Biological_Process_2023,Macrophage Differentiation (GO:0030225),4/21,0.5233098833181418,0.999996300842126,0,0,1.0952864587669202,0.709287225179615,IL33;IFNG;GATA3;MMP9
1879,GO_Biological_Process_2023,Lipid Catabolic Process (GO:0016042),4/21,0.5233098833181418,0.999996300842126,0,0,1.0952864587669202,0.709287225179615,HSD11B1;LIPE;CYP3A4;CES1
1878,GO_Biological_Process_2023,Cellular Response To Nerve Growth Factor Stimulus (GO:1990090),4/21,0.5233098833181418,0.999996300842126,0,0,1.0952864587669202,0.709287225179615,NTF4;NTRK2;NTRK3;SH3GL2
1877,GO_Biological_Process_2023,Aminoglycan Biosynthetic Process (GO:0006023),4/21,0.5233098833181418,0.999996300842126,0,0,1.0952864587669202,0.709287225179615,GALNT5;HS3ST3A1;HAS1;B3GNT4
1876,GO_Biological_Process_2023,Organonitrogen Compound Catabolic Process (GO:1901565),14/78,0.5221133587964125,0.999996300842126,0,0,1.0182461680386037,0.661728199529954,PRKN;PNLIPRP2;BCHE;LVRN;PLA2G4A;HOGA1;CYP3A4;TRHDE;IL4I1;PLA2G10;ENPP2;MAGEC2;SLC16A3;ELANE
1875,GO_Biological_Process_2023,Heart Looping (GO:0001947),7/38,0.5187902228716469,0.999996300842126,0,0,1.0511194370830668,0.6898030929318224,STIL;SOX17;ZIC3;TBX20;GATA4;NKX2-5;TGFBR2
1906,GO_Biological_Process_2023,Positive Regulation Of Hydrolase Activity (GO:0051345),31/176,0.5411182948535525,0.999996300842126,0,0,0.9950587170761452,0.6110828367737391,RTN4R;ARHGAP11A;CCL14;CCL13;CCL11;ADRB1;PRSS22;RASGRP1;SLC6A2;CX3CL1;PREX2;DOCK11;WNT11;CCL7;ERBB2;RGS8;ECT2;CCL17;RGS6;CCL16;CCL25;CCL24;CCL23;CCL21;CAV2;CCL20;SFRP1;BMP2;RGL1;FERMT2;EZH2
1905,GO_Biological_Process_2023,Regulation Of Signal Transduction (GO:0009966),34/193,0.5397856718368061,0.999996300842126,0,0,0.9952583320316638,0.6136594897765416,SEMA5A;CD80;DTX1;GATA3;CX3CL1;SLC8A2;RGS4;RGS2;FUT7;IGFBPL1;GNG4;ZIC1;FFAR3;CD36;IGFBP6;RGS8;RGS6;CD177;IGFBP1;SRMS;CAV3;ADIPOQ;AKR1C3;MAPK8IP2;SULF1;KAZALD1;KCTD8;NELL1;KIF26A;KCTD12;SIK2;CD24;MGLL;LLGL2
1904,GO_Biological_Process_2023,Positive Regulation Of Cell Death (GO:0010942),9/50,0.5346294848628208,0.999996300842126,0,0,1.0217770034843203,0.6398176765364472,IFNG;ATG9B;MMP3;MAP3K20;HBB;HBA1;GRIN2B;MT3;SNCA
1903,GO_Biological_Process_2023,Plasma Membrane Bounded Cell Projection Morphogenesis (GO:0120039),9/50,0.5346294848628208,0.999996300842126,0,0,1.0217770034843203,0.6398176765364472,NTF4;CNTNAP2;GPM6A;NLGN1;NYAP1;KLK8;MNX1;MYO16;PACSIN1
1902,GO_Biological_Process_2023,Positive Regulation Of Mitotic Cell Cycle (GO:0045931),5/27,0.5331212979705204,0.999996300842126,0,0,1.0579249459487283,0.6654414609837644,FOXA1;CCNB1;TAL1;MEIS2;AURKA
1901,GO_Biological_Process_2023,Negative Regulation Of Neurogenesis (GO:0050768),5/27,0.5331212979705204,0.999996300842126,0,0,1.0579249459487283,0.6654414609837644,IL6;CCL11;DPYSL5;PAX6;PTN
1900,GO_Biological_Process_2023,Glycerophospholipid Catabolic Process (GO:0046475),5/27,0.5331212979705204,0.999996300842126,0,0,1.0579249459487283,0.6654414609837644,PNLIPRP2;PLA2G4D;PLA2G10;ENPP2;PLA2G4A
1899,GO_Biological_Process_2023,Dorsal/Ventral Pattern Formation (GO:0009953),5/27,0.5331212979705204,0.999996300842126,0,0,1.0579249459487283,0.6654414609837644,SFRP1;LHX1;SIX3;TBX20;BMPR1B
1898,GO_Biological_Process_2023,Amino Acid Import Across Plasma Membrane (GO:0089718),5/27,0.5331212979705204,0.999996300842126,0,0,1.0579249459487283,0.6654414609837644,SLC7A5;SLC1A6;SLC6A2;SLC38A5;SLC7A3
1897,GO_Biological_Process_2023,Regulation Of Neurogenesis (GO:0050767),12/67,0.5308251868072558,0.999996300842126,0,0,1.0155822050290135,0.6431910884607579,HES6;IL6;CCL11;MME;IFNG;LEF1;PAX6;SOX11;ASCL1;ASCL2;HES2;CX3CL1
1896,GO_Biological_Process_2023,Peptidyl-Tyrosine Phosphorylation (GO:0018108),12/67,0.5308251868072558,0.999996300842126,0,0,1.0155822050290135,0.6431910884607579,IL21;EFEMP1;RELN;SRMS;LEP;ERBB2;PTK6;TEK;FGFR4;FGFR3;EGFR;DDR2
1895,GO_Biological_Process_2023,Positive Regulation Of Defense Response (GO:0031349),22/124,0.5303790126492509,0.999996300842126,0,0,1.0039383036287062,0.6366609378630509,IL21;GBP5;CEBPA;IL33;TSLP;PDE2A;PLA2G2A;OSM;CX3CL1;PYCARD;AIM2;NLRP6;IFNG;TNFSF4;MMRN2;IGF2BP1;CCN4;IL12B;ADAM8;S100A9;S100A8;SNCA
1894,GO_Biological_Process_2023,Synaptic Vesicle Recycling (GO:0036465),8/44,0.5271944405115369,0.999996300842126,0,0,1.0344132741412424,0.6622167320146267,SYT5;NLGN1;SYT1;SNCG;SNCB;STX1A;PACSIN1;SNCA
1893,GO_Biological_Process_2023,Regulation Of Insulin Receptor Signaling Pathway (GO:0046626),8/44,0.5271944405115369,0.999996300842126,0,0,1.0344132741412424,0.6622167320146267,KANK1;PID1;FUT7;FFAR3;SORBS1;SIK2;ERFE;TNS2
1892,GO_Biological_Process_2023,Visual Perception (GO:0007601),18/101,0.5265497075113272,0.999996300842126,0,0,1.0094598342217975,0.6474771685596794,RD3;AOC2;CRYBG3;COL11A1;CRYBA2;PAX6;RPE65;PAX2;TRPM1;COL1A1;GPR143;EFEMP1;COL2A1;TH;ZIC2;GRM8;SIX3;E2F1
1891,GO_Biological_Process_2023,Negative Regulation Of Viral Process (GO:0048525),11/61,0.5240661411275148,0.999996300842126,0,0,1.024066931366988,0.6616879230572873,ZFP36;RSAD2;OAS1;OAS2;OAS3;MX1;ISG15;PROX1;IFIT1;IFNL3;OASL
1922,GO_Biological_Process_2023,L-serine Metabolic Process (GO:0006563),2/10,0.5503857093266686,0.999996300842126,0,0,1.1637199434229135,0.6948990219322938,SDS;CBS
1921,GO_Biological_Process_2023,CRD-mediated mRNA Stabilization (GO:0070934),2/10,0.5503857093266686,0.999996300842126,0,0,1.1637199434229135,0.6948990219322938,IGF2BP1;IGF2BP3
1920,GO_Biological_Process_2023,Lipid Transport (GO:0006869),19/108,0.5497075086943697,0.999996300842126,0,0,0.9936250806446462,0.5945543908200426,ABCG8;CETP;SLC10A6;CRABP2;ABCA5;ACSL1;ABCA6;AKR1C1;ABCA9;ABCA8;SLC51B;ABCB11;SLCO1C1;RBP7;FABP4;FABP6;SLCO1A2;PMP2;CD36
1919,GO_Biological_Process_2023,Regulation Of Mitotic Spindle Organization (GO:0060236),7/39,0.5483027405600147,0.999996300842126,0,0,1.018209985835694,0.6118705831732896,TPX2;STIL;PSRC1;PLK1;TACC3;FSD1;GNAI1
1918,GO_Biological_Process_2023,Odontogenesis (GO:0042476),7/39,0.5483027405600147,0.999996300842126,0,0,1.018209985835694,0.6118705831732896,COL1A1;BMP2;COL1A2;ROGDI;SCN5A;INHBA;AQP1
1917,GO_Biological_Process_2023,Negative Regulation Of Cell-Substrate Adhesion (GO:0010812),7/39,0.5483027405600147,0.999996300842126,0,0,1.018209985835694,0.6118705831732896,KANK1;MYOC;CDKN2A;FZD4;HOXA7;CORO2B;CX3CL1
1916,GO_Biological_Process_2023,Defense Response To Gram-positive Bacterium (GO:0050830),15/85,0.5482823365503924,0.999996300842126,0,0,0.997383791676807,0.599392662622616,CHGA;PGLYRP4;PGLYRP2;H2BC8;PLA2G2A;STAB2;DEFB1;H2BC12;IL6;NLRP6;H2BC21;H2BC11;RNASE7;CTSG;CAMP
1915,GO_Biological_Process_2023,Negative Regulation Of Kinase Activity (GO:0033673),11/62,0.5474467156704461,0.999996300842126,0,0,1.0039260173723488,0.6048555317799782,CDKN1C;MYCNOS;DBNDD1;CAV3;CAMK2N2;HSPB1;PYDC1;IRS2;TRIB3;PPM1E;SNCA
1914,GO_Biological_Process_2023,Positive Regulation Of Protein Localization To Membrane (GO:1905477),14/79,0.5428560186698405,0.999996300842126,0,0,1.0025197056704296,0.6124504694933018,PRKN;CEMIP;LRP1;KCNB1;GZMB;AKAP5;SORBS1;SLC51B;EGFR;BBC3;IFNG;ERBB2;STAC2;SPTBN1
1913,GO_Biological_Process_2023,Positive Regulation Of Endocytosis (GO:0045807),14/79,0.5428560186698405,0.999996300842126,0,0,1.0025197056704296,0.6124504694933018,NLGN1;LRP1;CCL21;SLC11A1;SIRPG;AZU1;F3;PYCARD;IFNG;CALY;TFR2;CLEC7A;GPC3;SNCA
1912,GO_Biological_Process_2023,Ventricular Cardiac Muscle Tissue Morphogenesis (GO:0055010),6/33,0.5412566292133317,0.999996300842126,0,0,1.0343937820573337,0.6349747790749921,TGFBR3;MYL2;TNNI3;NRG1;PROX1;NKX2-5
1911,GO_Biological_Process_2023,Regulation Of Activated T Cell Proliferation (GO:0046006),6/33,0.5412566292133317,0.999996300842126,0,0,1.0343937820573337,0.6349747790749921,PYCARD;IL12B;IGF1;CD24;FOXP3;IDO1
1910,GO_Biological_Process_2023,Positive Regulation Of Ion Transmembrane Transporter Activity (GO:0032414),6/33,0.5412566292133317,0.999996300842126,0,0,1.0343937820573337,0.6349747790749921,RELN;IFNG;ACTN2;DMD;ANK2;ADRB2
1909,GO_Biological_Process_2023,Positive Regulation Of Interleukin-12 Production (GO:0032735),6/33,0.5412566292133317,0.999996300842126,0,0,1.0343937820573337,0.6349747790749921,IFNG;CLEC7A;TNFSF4;IL12B;CCR7;LTB
1908,GO_Biological_Process_2023,Phosphatidic Acid Metabolic Process (GO:0046473),6/33,0.5412566292133317,0.999996300842126,0,0,1.0343937820573337,0.6349747790749921,GPAM;PLA2G2A;PLA2G10;MBOAT2;GPAT3;AGPAT2
1907,GO_Biological_Process_2023,Carboxylic Acid Metabolic Process (GO:0019752),6/33,0.5412566292133317,0.999996300842126,0,0,1.0343937820573337,0.6349747790749921,PTGIS;SLC2A1;PLA2G4A;GLYAT;AMH;PCK1
1938,GO_Biological_Process_2023,Megakaryocyte Development (GO:0035855),2/10,0.5503857093266686,0.999996300842126,0,0,1.1637199434229135,0.6948990219322938,THPO;KIT
1937,GO_Biological_Process_2023,Lens Fiber Cell Differentiation (GO:0070306),2/10,0.5503857093266686,0.999996300842126,0,0,1.1637199434229135,0.6948990219322938,WNT7B;SIX3
1936,GO_Biological_Process_2023,Insulin-Like Growth Factor Receptor Signaling Pathway (GO:0048009),2/10,0.5503857093266686,0.999996300842126,0,0,1.1637199434229135,0.6948990219322938,GHR;IGF1
1935,GO_Biological_Process_2023,Induction Of Positive Chemotaxis (GO:0050930),2/10,0.5503857093266686,0.999996300842126,0,0,1.1637199434229135,0.6948990219322938,CXCL12;VEGFD
1934,GO_Biological_Process_2023,Hematopoietic Stem Cell Proliferation (GO:0071425),2/10,0.5503857093266686,0.999996300842126,0,0,1.1637199434229135,0.6948990219322938,WNT10B;CD34
1933,GO_Biological_Process_2023,Formation Of Extrachromosomal Circular DNA (GO:0001325),2/10,0.5503857093266686,0.999996300842126,0,0,1.1637199434229135,0.6948990219322938,EXO1;DNA2
1932,GO_Biological_Process_2023,Fatty Acid Homeostasis (GO:0055089),2/10,0.5503857093266686,0.999996300842126,0,0,1.1637199434229135,0.6948990219322938,MLXIPL;DGAT2
1931,GO_Biological_Process_2023,Engulfment Of Apoptotic Cell (GO:0043652),2/10,0.5503857093266686,0.999996300842126,0,0,1.1637199434229135,0.6948990219322938,XKR7;RAC3
1930,GO_Biological_Process_2023,Cellular Response To Increased Oxygen Levels (GO:0036295),2/10,0.5503857093266686,0.999996300842126,0,0,1.1637199434229135,0.6948990219322938,CAV1;FOXO1
1929,GO_Biological_Process_2023,Cellular Response To Forskolin (GO:1904322),2/10,0.5503857093266686,0.999996300842126,0,0,1.1637199434229135,0.6948990219322938,GNAI1;SLC5A5
1928,GO_Biological_Process_2023,Cell Proliferation In Forebrain (GO:0021846),2/10,0.5503857093266686,0.999996300842126,0,0,1.1637199434229135,0.6948990219322938,SIX3;KIF14
1927,GO_Biological_Process_2023,Basement Membrane Organization (GO:0071711),2/10,0.5503857093266686,0.999996300842126,0,0,1.1637199434229135,0.6948990219322938,FLRT2;HPN
1926,GO_Biological_Process_2023,Arginine Metabolic Process (GO:0006525),2/10,0.5503857093266686,0.999996300842126,0,0,1.1637199434229135,0.6948990219322938,NOS1;ART4
1925,GO_Biological_Process_2023,Alpha-Amino Acid Biosynthetic Process (GO:1901607),2/10,0.5503857093266686,0.999996300842126,0,0,1.1637199434229135,0.6948990219322938,SDS;PAH
1924,GO_Biological_Process_2023,T-helper Cell Lineage Commitment (GO:0002295),2/10,0.5503857093266686,0.999996300842126,0,0,1.1637199434229135,0.6948990219322938,SOCS3;IL6
1923,GO_Biological_Process_2023,T Cell Chemotaxis (GO:0010818),2/10,0.5503857093266686,0.999996300842126,0,0,1.1637199434229135,0.6948990219322938,CXCL10;CXCL11
1954,GO_Biological_Process_2023,Positive Regulation Of Defense Response To Bacterium (GO:1900426),2/10,0.5503857093266686,0.999996300842126,0,0,1.1637199434229135,0.6948990219322938,MMRN2;KLK3
1953,GO_Biological_Process_2023,Positive Regulation Of Bone Resorption (GO:0045780),2/10,0.5503857093266686,0.999996300842126,0,0,1.1637199434229135,0.6948990219322938,DCSTAMP;SPP1
1952,GO_Biological_Process_2023,Positive Regulation Of Actin Nucleation (GO:0051127),2/10,0.5503857093266686,0.999996300842126,0,0,1.1637199434229135,0.6948990219322938,GSN;WASF3
1951,GO_Biological_Process_2023,Peptidyl-Proline Hydroxylation (GO:0019511),2/10,0.5503857093266686,0.999996300842126,0,0,1.1637199434229135,0.6948990219322938,EGLN3;P4HA3
1950,GO_Biological_Process_2023,Neuron Projection Maintenance (GO:1990535),2/10,0.5503857093266686,0.999996300842126,0,0,1.1637199434229135,0.6948990219322938,ABCD2;ATP1A3
1949,GO_Biological_Process_2023,Neuron Projection Fasciculation (GO:0106030),2/10,0.5503857093266686,0.999996300842126,0,0,1.1637199434229135,0.6948990219322938,SEMA5A;CRTAC1
1948,GO_Biological_Process_2023,Negative Regulation Of Steroid Biosynthetic Process (GO:0010894),2/10,0.5503857093266686,0.999996300842126,0,0,1.1637199434229135,0.6948990219322938,PROX1;BMP5
1947,GO_Biological_Process_2023,Negative Regulation Of Response To Cytokine Stimulus (GO:0060761),2/10,0.5503857093266686,0.999996300842126,0,0,1.1637199434229135,0.6948990219322938,IL36RN;KLF4
1946,GO_Biological_Process_2023,Negative Regulation Of Pathway-Restricted SMAD Protein Phosphorylation (GO:0060394),2/10,0.5503857093266686,0.999996300842126,0,0,1.1637199434229135,0.6948990219322938,LRP1;PPARG
1945,GO_Biological_Process_2023,Negative Regulation Of Intracellular Estrogen Receptor Signaling Pathway (GO:0033147),2/10,0.5503857093266686,0.999996300842126,0,0,1.1637199434229135,0.6948990219322938,FOXH1;ZNF366
1944,GO_Biological_Process_2023,Negative Regulation Of Homotypic Cell-Cell Adhesion (GO:0034111),2/10,0.5503857093266686,0.999996300842126,0,0,1.1637199434229135,0.6948990219322938,C1QTNF1;ZNF703
1943,GO_Biological_Process_2023,Negative Regulation Of Hemostasis (GO:1900047),2/10,0.5503857093266686,0.999996300842126,0,0,1.1637199434229135,0.6948990219322938,PROC;TFPI
1942,GO_Biological_Process_2023,Negative Regulation Of Cholesterol Transport (GO:0032375),2/10,0.5503857093266686,0.999996300842126,0,0,1.1637199434229135,0.6948990219322938,ABCG8;PLA2G10
1941,GO_Biological_Process_2023,Negative Regulation Of Centrosome Duplication (GO:0010826),2/10,0.5503857093266686,0.999996300842126,0,0,1.1637199434229135,0.6948990219322938,KAT2B;CCNF
1940,GO_Biological_Process_2023,Negative Regulation Of T-helper Cell Differentiation (GO:0045623),2/10,0.5503857093266686,0.999996300842126,0,0,1.1637199434229135,0.6948990219322938,TNFSF4;FOXP3
1939,GO_Biological_Process_2023,Metanephric Mesenchyme Development (GO:0072075),2/10,0.5503857093266686,0.999996300842126,0,0,1.1637199434229135,0.6948990219322938,WT1;PAX2
1970,GO_Biological_Process_2023,T-Circle Formation (GO:0090656),2/10,0.5503857093266686,0.999996300842126,0,0,1.1637199434229135,0.6948990219322938,EXO1;DNA2
1969,GO_Biological_Process_2023,Steroid Hormone Mediated Signaling Pathway (GO:0043401),2/10,0.5503857093266686,0.999996300842126,0,0,1.1637199434229135,0.6948990219322938,ESR1;PLPP1
1968,GO_Biological_Process_2023,Sarcoplasmic Reticulum Calcium Ion Transport (GO:0070296),2/10,0.5503857093266686,0.999996300842126,0,0,1.1637199434229135,0.6948990219322938,RYR3;TRDN
1967,GO_Biological_Process_2023,Response To Forskolin (GO:1904321),2/10,0.5503857093266686,0.999996300842126,0,0,1.1637199434229135,0.6948990219322938,GNAI1;SLC5A5
1966,GO_Biological_Process_2023,Removal Of Superoxide Radicals (GO:0019430),2/10,0.5503857093266686,0.999996300842126,0,0,1.1637199434229135,0.6948990219322938,MT3;SOD3
1965,GO_Biological_Process_2023,Regulation Of Triglyceride Catabolic Process (GO:0010896),2/10,0.5503857093266686,0.999996300842126,0,0,1.1637199434229135,0.6948990219322938,GPLD1;PNPLA2
1964,GO_Biological_Process_2023,Regulation Of Peptidyl-Lysine Acetylation (GO:2000756),2/10,0.5503857093266686,0.999996300842126,0,0,1.1637199434229135,0.6948990219322938,MYOCD;KLF15
1963,GO_Biological_Process_2023,Regulation Of Long-Term Neuronal Synaptic Plasticity (GO:0048169),2/10,0.5503857093266686,0.999996300842126,0,0,1.1637199434229135,0.6948990219322938,NETO1;NEURL1
1962,GO_Biological_Process_2023,Regulation Of Cardiac Muscle Cell Apoptotic Process (GO:0010665),2/10,0.5503857093266686,0.999996300842126,0,0,1.1637199434229135,0.6948990219322938,GATA4;NKX2-5
1961,GO_Biological_Process_2023,Regulation Of Axon Regeneration (GO:0048679),2/10,0.5503857093266686,0.999996300842126,0,0,1.1637199434229135,0.6948990219322938,RTN4R;PTN
1960,GO_Biological_Process_2023,Regulation Of Amyloid Precursor Protein Biosynthetic Process (GO:0042984),2/10,0.5503857093266686,0.999996300842126,0,0,1.1637199434229135,0.6948990219322938,NECAB1;ITM2A
1959,GO_Biological_Process_2023,Prostaglandin Transport (GO:0015732),2/10,0.5503857093266686,0.999996300842126,0,0,1.1637199434229135,0.6948990219322938,LEP;SLC22A11
1958,GO_Biological_Process_2023,Positive Regulation Of Transcription From RNA Polymerase II Promoter In Response To Endoplasmic Reticulum Stress (GO:1990440),2/10,0.5503857093266686,0.999996300842126,0,0,1.1637199434229135,0.6948990219322938,CREB3L3;CREB3L1
1957,GO_Biological_Process_2023,Positive Regulation Of Protein Depolymerization (GO:1901881),2/10,0.5503857093266686,0.999996300842126,0,0,1.1637199434229135,0.6948990219322938,SEMA5A;VIL1
1956,GO_Biological_Process_2023,Positive Regulation Of Mitochondrial Outer Membrane Permeabilization Involved In Apoptotic Signaling Pathway (GO:1901030),2/10,0.5503857093266686,0.999996300842126,0,0,1.1637199434229135,0.6948990219322938,GZMB;BBC3
1955,GO_Biological_Process_2023,Positive Regulation Of Interleukin-13 Production (GO:0032736),2/10,0.5503857093266686,0.999996300842126,0,0,1.1637199434229135,0.6948990219322938,TSLP;TNFSF4
1986,GO_Biological_Process_2023,Regulation Of Protein Kinase C Signaling (GO:0090036),3/16,0.5568218639883133,0.999996300842126,0,0,1.0741804884419486,0.6289433141426274,WNT11;SEZ6;SEZ6L2
1985,GO_Biological_Process_2023,Regulation Of Fibrinolysis (GO:0051917),3/16,0.5568218639883133,0.999996300842126,0,0,1.0741804884419486,0.6289433141426274,F12;PLAUR;NRG1
1984,GO_Biological_Process_2023,Regulation Of Establishment Of Endothelial Barrier (GO:1903140),3/16,0.5568218639883133,0.999996300842126,0,0,1.0741804884419486,0.6289433141426274,CDH5;CLDN5;PROC
1983,GO_Biological_Process_2023,Regulation Of Cardiac Muscle Contraction By Regulation Of The Release Of Sequestered Calcium Ion (GO:0010881),3/16,0.5568218639883133,0.999996300842126,0,0,1.0741804884419486,0.6289433141426274,CASQ2;ATP1A2;DMD
1982,GO_Biological_Process_2023,Positive Regulation Of Telomere Capping (GO:1904355),3/16,0.5568218639883133,0.999996300842126,0,0,1.0741804884419486,0.6289433141426274,PKIB;NEK2;MAPK15
1981,GO_Biological_Process_2023,Positive Regulation Of Myeloid Leukocyte Cytokine Production Involved In Immune Response (GO:0061081),3/16,0.5568218639883133,0.999996300842126,0,0,1.0741804884419486,0.6289433141426274,SEMA7A;NR4A3;KIT
1980,GO_Biological_Process_2023,Pharyngeal System Development (GO:0060037),3/16,0.5568218639883133,0.999996300842126,0,0,1.0741804884419486,0.6289433141426274,GATA3;NKX2-5;BMP5
1979,GO_Biological_Process_2023,Oligodendrocyte Development (GO:0014003),3/16,0.5568218639883133,0.999996300842126,0,0,1.0741804884419486,0.6289433141426274,PLP1;SOX10;GPM6B
1978,GO_Biological_Process_2023,Negative Regulation Of Biosynthetic Process (GO:0009890),3/16,0.5568218639883133,0.999996300842126,0,0,1.0741804884419486,0.6289433141426274,ABCD2;IL6;PPARA
1977,GO_Biological_Process_2023,Negative Regulation Of ATP-dependent Activity (GO:0032780),3/16,0.5568218639883133,0.999996300842126,0,0,1.0741804884419486,0.6289433141426274,PLN;TNNI3;IFIT1
1976,GO_Biological_Process_2023,Innate Immune Response-Activating Signaling Pathway (GO:0002758),3/16,0.5568218639883133,0.999996300842126,0,0,1.0741804884419486,0.6289433141426274,PYCARD;NOD2;INAVA
1975,GO_Biological_Process_2023,Glycoprotein Catabolic Process (GO:0006516),3/16,0.5568218639883133,0.999996300842126,0,0,1.0741804884419486,0.6289433141426274,MMP12;NEU4;NCCRP1
1974,GO_Biological_Process_2023,Dicarboxylic Acid Catabolic Process (GO:0043649),3/16,0.5568218639883133,0.999996300842126,0,0,1.0741804884419486,0.6289433141426274,ALDH1L1;GAD1;ASPA
1973,GO_Biological_Process_2023,Cell Surface Toll-Like Receptor Signaling Pathway (GO:0140895),3/16,0.5568218639883133,0.999996300842126,0,0,1.0741804884419486,0.6289433141426274,OAS1;TNIP3;S100A14
1972,GO_Biological_Process_2023,Apoptotic Nuclear Changes (GO:0030262),3/16,0.5568218639883133,0.999996300842126,0,0,1.0741804884419486,0.6289433141426274,TOP2A;ACVR1C;DNASE1L3
1971,GO_Biological_Process_2023,Telomere Maintenance Via Telomere Trimming (GO:0090737),2/10,0.5503857093266686,0.999996300842126,0,0,1.1637199434229135,0.6948990219322938,EXO1;DNA2
2002,GO_Biological_Process_2023,Positive Regulation Of Viral Life Cycle (GO:1903902),4/22,0.562496362524816,0.999996300842126,0,0,1.0343743120420166,0.5951485804881429,CD209;TMPRSS4;TYRO3;KPNA2
2001,GO_Biological_Process_2023,Oligosaccharide Biosynthetic Process (GO:0009312),4/22,0.562496362524816,0.999996300842126,0,0,1.0343743120420166,0.5951485804881429,FUT7;FUT2;B4GALNT2;FUT3
2000,GO_Biological_Process_2023,Negative Regulation Of Signal Transduction In Absence Of Ligand (GO:1901099),4/22,0.562496362524816,0.999996300842126,0,0,1.0343743120420166,0.5951485804881429,TERT;UNC5B;IFI6;PF4
1999,GO_Biological_Process_2023,Negative Regulation Of Extrinsic Apoptotic Signaling Pathway In Absence Of Ligand (GO:2001240),4/22,0.562496362524816,0.999996300842126,0,0,1.0343743120420166,0.5951485804881429,TERT;UNC5B;IFI6;PF4
1998,GO_Biological_Process_2023,Natural Killer Cell Mediated Immunity (GO:0002228),4/22,0.562496362524816,0.999996300842126,0,0,1.0343743120420166,0.5951485804881429,FCGR3A;GZMB;ULBP2;ULBP1
1997,GO_Biological_Process_2023,Glucose Transmembrane Transport (GO:1904659),4/22,0.562496362524816,0.999996300842126,0,0,1.0343743120420166,0.5951485804881429,SLC2A1;PPBP;SLC2A4;SLC2A6
1996,GO_Biological_Process_2023,Cellular Response To Low-Density Lipoprotein Particle Stimulus (GO:0071404),4/22,0.562496362524816,0.999996300842126,0,0,1.0343743120420166,0.5951485804881429,CDH13;PPARG;CD36;CES1
1995,GO_Biological_Process_2023,Negative Regulation Of Cellular Process (GO:0048523),94/537,0.5623502141069746,0.999996300842126,0,0,0.9873010898548368,0.5683205868264462,SEMA5A;TENM1;ADAMDEC1;FHL1;SIRPG;PDE3B;RND1;SOX17;MCIDAS;ADAMTS1;HYAL1;HNF4A;CCN5;DACT2;CCN4;ADAMTS8;SOX7;MYBL1;TNS2;MYOG;FGFBP1;PACRG;H2AC8;MYOCD;H2AC6;DUSP1;TESC;AVPR2;NRG1;PROX1;FOXP3;PLAAT4;TEX19;NME1;KAT2B;DCSTAMP;SFRP1;CLDN3;PSRC1;MYL2;ALDH1A2;COL4A3;MMRN2;CLDN19;TXNIP;CDH13;GMNC;NUPR2;CRYAB;GPLD1;PLPP1;CEBPA;BLM;NPR1;NOTCH4;UMOD;GATA3;IFNL1;WNT11;GNG4;SPOCK3;AGR2;AGR3;PRAME;IGFBP6;JAM2;PLXNA4;E2F7;CDT1;CCL23;ANGPT1;CDKN2A;OSM;HMGA1;CDC6;INHBA;DHRS2;PTPN14;MT3;MYO16;SLURP1;ESR2;BMP5;NR4A1;BMP2;IL6;FABP6;WT1;NEURL1;SCGB3A1;INSM1;INHA;CDKN3;APOBEC3B
1994,GO_Biological_Process_2023,Regulation Of Synapse Assembly (GO:0051963),9/51,0.5602738210862297,0.999996300842126,0,0,0.99738824101069,0.5778165791152337,ROBO2;NLGN1;LRFN5;LRFN4;SLITRK3;SLITRK6;SYNDIG1;EPHB1;SNCA
1993,GO_Biological_Process_2023,Microtubule Bundle Formation (GO:0001578),9/51,0.5602738210862297,0.999996300842126,0,0,0.99738824101069,0.5778165791152337,RSPH1;PSRC1;TPPP2;SPEF1;PLK1;TRIM46;FOXJ1;KIF20A;PIERCE1
1992,GO_Biological_Process_2023,Cholesterol Transport (GO:0030301),9/51,0.5602738210862297,0.999996300842126,0,0,0.99738824101069,0.5778165791152337,ABCG8;CETP;ABCA5;AKR1C1;CAV1;CD36;ABCA8;APOB;CES1
1991,GO_Biological_Process_2023,Sulfation (GO:0051923),3/16,0.5568218639883133,0.999996300842126,0,0,1.0741804884419486,0.6289433141426274,SULT1C3;HS3ST6;SULT4A1
1990,GO_Biological_Process_2023,Stabilization Of Membrane Potential (GO:0030322),3/16,0.5568218639883133,0.999996300842126,0,0,1.0741804884419486,0.6289433141426274,KCNK9;KCNK15;KCNK1
1989,GO_Biological_Process_2023,Reverse Cholesterol Transport (GO:0043691),3/16,0.5568218639883133,0.999996300842126,0,0,1.0741804884419486,0.6289433141426274,CETP;ABCA5;CES1
1988,GO_Biological_Process_2023,Regulation Of Stem Cell Proliferation (GO:0072091),3/16,0.5568218639883133,0.999996300842126,0,0,1.0741804884419486,0.6289433141426274,TERT;HMGA2;SOX11
1987,GO_Biological_Process_2023,Regulation Of Response To Cytokine Stimulus (GO:0060759),3/16,0.5568218639883133,0.999996300842126,0,0,1.0741804884419486,0.6289433141426274,LRRC70;KLF4;CD24
2018,GO_Biological_Process_2023,Positive Regulation Of Response To External Stimulus (GO:0032103),27/155,0.5678065963117356,0.999996300842126,0,0,0.9816706730769232,0.5556004875632218,IL21;CEBPA;PTN;CX3CL1;PYCARD;NLRP6;IGF2BP1;CCN4;IL12B;SNCA;P2RY12;GBP5;IL33;TSLP;CCL21;PDE2A;PLA2G2A;OSM;NRG1;BMP6;AIM2;IFNG;TNFSF4;MMRN2;ADAM8;S100A9;S100A8
2017,GO_Biological_Process_2023,Regulation Of Protein Targeting To Membrane (GO:0090313),5/28,0.5676853481291187,0.999996300842126,0,0,1.0118666601014328,0.5729067386096645,CEMIP;KCNE1;KCNB1;ERBB2;SLC51B
2016,GO_Biological_Process_2023,Regulation Of Protein Localization To Membrane (GO:1905475),5/28,0.5676853481291187,0.999996300842126,0,0,1.0118666601014328,0.5729067386096645,PRKN;GSN;GPC3;GPC2;SPTBN1
2015,GO_Biological_Process_2023,Regulation Of Monoatomic Ion Transport (GO:0043269),5/28,0.5676853481291187,0.999996300842126,0,0,1.0118666601014328,0.5729067386096645,CALHM1;KCNJ6;KCNJ10;KCNJ16;KCNJ3
2014,GO_Biological_Process_2023,Regulation Of Glucose Metabolic Process (GO:0010906),5/28,0.5676853481291187,0.999996300842126,0,0,1.0118666601014328,0.5729067386096645,PRKN;PDK4;PMAIP1;IRS2;GPLD1
2013,GO_Biological_Process_2023,Regulation Of Cardiac Muscle Cell Action Potential (GO:0098901),5/28,0.5676853481291187,0.999996300842126,0,0,1.0118666601014328,0.5729067386096645,CAV3;CAV1;ANK2;HCN2;HCN1
2012,GO_Biological_Process_2023,Negative Regulation Of Signaling (GO:0023057),5/28,0.5676853481291187,0.999996300842126,0,0,1.0118666601014328,0.5729067386096645,IL11;SRMS;KIF26A;ADIPOQ;OSM
2011,GO_Biological_Process_2023,Negative Regulation Of Cytoskeleton Organization (GO:0051494),5/28,0.5676853481291187,0.999996300842126,0,0,1.0118666601014328,0.5729067386096645,PRKN;KANK1;PLEKHH2;CAV3;KANK3
2010,GO_Biological_Process_2023,Membrane Fusion (GO:0061025),5/28,0.5676853481291187,0.999996300842126,0,0,1.0118666601014328,0.5729067386096645,DPP4;RIMS1;DCSTAMP;MYMX;STX11
2009,GO_Biological_Process_2023,Glycosaminoglycan Metabolic Process (GO:0030203),5/28,0.5676853481291187,0.999996300842126,0,0,1.0118666601014328,0.5729067386096645,CHST9;GALNT5;HS3ST3A1;HYAL1;HAS1
2008,GO_Biological_Process_2023,Apoptotic Cell Clearance (GO:0043277),5/28,0.5676853481291187,0.999996300842126,0,0,1.0118666601014328,0.5729067386096645,XKR7;ANXA1;LRP1;TYRO3;RAC3
2007,GO_Biological_Process_2023,Regulation Of Calcium Ion Transport (GO:0051924),10/57,0.5655168161917842,0.999996300842126,0,0,0.99029372198662,0.5644825205532256,PLPP4;PLN;CAV3;EGF;CACNA2D1;FCRL3;ANK2;CACNA1D;NOS1;MYLK
2006,GO_Biological_Process_2023,Wound Healing (GO:0042060),14/80,0.5632934981219592,0.999996300842126,0,0,0.9872698027679576,0.5666479219494718,TRIM72;DST;SLC11A1;NRG1;GATA4;IGF1;FGF1;FGF2;EVPL;MMP12;LRG1;ERBB2;PLPP3;LACRT
2005,GO_Biological_Process_2023,Positive Regulation Of Immune Response (GO:0050778),14/80,0.5632934981219592,0.999996300842126,0,0,0.9872698027679576,0.5666479219494718,GBP5;RSAD2;NRG1;NOD2;PYCARD;C6;IFNL1;IFNG;C7;TNFSF4;IL12B;CCR7;PCK1;CD177
2004,GO_Biological_Process_2023,Regulation Of Telomere Capping (GO:1904353),4/22,0.562496362524816,0.999996300842126,0,0,1.0343743120420166,0.5951485804881429,PKIB;NEK2;MAPK15;AURKB
2003,GO_Biological_Process_2023,Regulation Of Histone Acetylation (GO:0035065),4/22,0.562496362524816,0.999996300842126,0,0,1.0343743120420166,0.5951485804881429,MYOCD;NOS1;FOXP3;PPARGC1A
2034,GO_Biological_Process_2023,Antiviral Innate Immune Response (GO:0140374),8/46,0.5812704677530581,0.999996300842126,0,0,0.979851158073705,0.5316075746085845,CXCL10;NMB;NLRP6;OAS1;USP44;MX1;IGF2BP1;IFIT1
2033,GO_Biological_Process_2023,Amino Acid Transport (GO:0006865),8/46,0.5812704677530581,0.999996300842126,0,0,0.979851158073705,0.5316075746085845,SLC7A5;SLC36A2;SLC7A14;SLC7A13;SLC7A11;SLC7A10;SLC38A5;SLC7A3
2032,GO_Biological_Process_2023,Regulation Of Protein Phosphorylation (GO:0001932),46/265,0.5811872512841106,0.999996300842126,0,0,0.977365149000234,0.5303987500792736,PRKN;PID1;FAXDC2;PELI2;ITLN1;CDCA8;HSPB1;FGF1;FGF2;RASGRP1;EGFR;AURKB;KLHL31;FGF5;CDH5;RELN;THPO;ERBB2;LEPR;RSPO1;ECT2;SH3GL2;NTRK2;ANGPT1;NTRK3;ADIPOQ;FN1;PLAUR;SORD;VEGFD;NRG1;IGF1;MT3;MMP9;FGF17;CCNA2;MARCO;BMP2;CLDN3;LEP;CLDN19;PECAM1;BIRC5;INSM1;TEK;PLPP3
2031,GO_Biological_Process_2023,Positive Regulation Of Vasculature Development (GO:1904018),18/104,0.5805789465269685,0.999996300842126,0,0,0.9740676857193838,0.5296293256198433,SEMA5A;ANGPT4;PTGIS;HSPB6;HMGA2;HSPB1;GATA4;VEGFD;FGF1;FGF2;AQP1;CDH5;LRG1;HYAL1;ADM2;ANGPTL4;TEK;CD34
2030,GO_Biological_Process_2023,Neuron Development (GO:0048666),26/150,0.5787427388759728,0.999996300842126,0,0,0.9757674038276016,0.5336444804018836,ROBO2;GPM6A;CNTNAP2;TENM1;TENM2;NLGN1;SLC44A4;TNXB;BICDL1;PTPRM;STMND1;ASCL1;SAMD14;STMN1;DMD;SH3GL2;NTRK2;UNC5A;MYOC;EPHA8;LGI4;POU4F1;ISL2;IL6;GPRIN1;INSM1
2029,GO_Biological_Process_2023,Regulation Of Microtubule Polymerization (GO:0031113),7/40,0.5770130984607709,0.999996300842126,0,0,0.9872950467851318,0.5429039810756094,CDH5;PSRC1;CAV3;STMN1;ANKRD53;MET;SNCA
2028,GO_Biological_Process_2023,Positive Regulation Of Wound Healing (GO:0090303),7/40,0.5770130984607709,0.999996300842126,0,0,0.9872950467851318,0.5429039810756094,KANK1;ANXA1;CLDN3;CLEC7A;F12;FERMT2;MYLK
2027,GO_Biological_Process_2023,Positive Regulation Of Myeloid Leukocyte Differentiation (GO:0002763),7/40,0.5770130984607709,0.999996300842126,0,0,0.9872950467851318,0.5429039810756094,DCSTAMP;IFNG;TESC;LEF1;IL12B;POU4F1;PF4
2026,GO_Biological_Process_2023,Positive Regulation Of Insulin Secretion (GO:0032024),7/40,0.5770130984607709,0.999996300842126,0,0,0.9872950467851318,0.5429039810756094,SLC30A8;RFX6;NNAT;IRS2;DOC2B;TRH;GPLD1
2025,GO_Biological_Process_2023,Positive Regulation Of Cell Cycle G1/S Phase Transition (GO:1902808),7/40,0.5770130984607709,0.999996300842126,0,0,0.9872950467851318,0.5429039810756094,STIL;ANXA1;RRM2;ADAMTS1;HYAL1;EGFR;EZH2
2024,GO_Biological_Process_2023,Negative Regulation Of Mitotic Cell Cycle Phase Transition (GO:1901991),7/40,0.5770130984607709,0.999996300842126,0,0,0.9872950467851318,0.5429039810756094,USP44;FHL1;FAM107A;INHBA;KLF4;E2F7;MYO16
2023,GO_Biological_Process_2023,Regulation Of Cytokine Production (GO:0001817),29/167,0.5752127556609591,0.999996300842126,0,0,0.9779406904301556,0.5408161611479521,IL21;GATA3;AGPAT2;FFAR4;IGF2BP1;CCN4;IL12B;CCR7;IGF2BP3;AMH;BTNL9;IL33;ANXA1;BTN1A1;SLC11A1;CIDEA;ISG15;BTNL2;FOXP3;BATF;PER1;IL6;IFNG;CLEC6A;LEP;IRF7;SAA1;ACKR1;PLA2R1
2022,GO_Biological_Process_2023,Phospholipid Metabolic Process (GO:0006644),12/69,0.5749669387572719,0.999996300842126,0,0,0.9798282941396044,0.5422788535368156,PNLIPRP2;PLPPR1;PLPPR3;PLA2G10;PLPPR5;PLA2G2A;ENPP2;MBOAT2;PLPP3;PLAAT4;AGPAT2;PLPP1
2021,GO_Biological_Process_2023,Regulation Of Neuronal Synaptic Plasticity (GO:0048168),6/34,0.5725011231704239,0.999996300842126,0,0,0.9973904600072824,0.5562851353324598,NETO1;SHISA9;GRIN2B;SHISA8;SLC8A2;GRIN2D
2020,GO_Biological_Process_2023,Negative Regulation Of Ras Protein Signal Transduction (GO:0046580),6/34,0.5725011231704239,0.999996300842126,0,0,0.9973904600072824,0.5562851353324598,KANK1;MYOC;STMN1;SPRY2;SPRY1;MET
2019,GO_Biological_Process_2023,DNA Damage Checkpoint Signaling (GO:0000077),6/34,0.5725011231704239,0.999996300842126,0,0,0.9973904600072824,0.5562851353324598,H2AX;CHEK1;E2F1;MAP3K20;DONSON;CLSPN
2050,GO_Biological_Process_2023,Positive Regulation Of Neutrophil Migration (GO:1902624),4/23,0.5998460661530254,0.999996300842126,0,0,0.9798739702355236,0.5007961572610202,FUT7;CCL21;CCR7;XG
2049,GO_Biological_Process_2023,Positive Regulation Of Epithelial Cell Apoptotic Process (GO:1904037),4/23,0.5998460661530254,0.999996300842126,0,0,0.9798739702355236,0.5007961572610202,IL6;GSN;ECSCR;PLA2R1
2048,GO_Biological_Process_2023,Long-Chain fatty-acyl-CoA Metabolic Process (GO:0035336),4/23,0.5998460661530254,0.999996300842126,0,0,0.9798739702355236,0.5007961572610202,DGAT2;ACSL1;ELOVL2;ELOVL3
2047,GO_Biological_Process_2023,Heparan Sulfate Proteoglycan Biosynthetic Process (GO:0015012),4/23,0.5998460661530254,0.999996300842126,0,0,0.9798739702355236,0.5007961572610202,HS3ST3A1;NDST4;HS3ST6;HS6ST3
2046,GO_Biological_Process_2023,Endocardial Cushion Development (GO:0003197),4/23,0.5998460661530254,0.999996300842126,0,0,0.9798739702355236,0.5007961572610202,ADAMTS5;BMP2;TBX20;GATA4
2045,GO_Biological_Process_2023,Artery Development (GO:0060840),4/23,0.5998460661530254,0.999996300842126,0,0,0.9798739702355236,0.5007961572610202,ROBO2;NELL1;PDE2A;TGFBR2
2044,GO_Biological_Process_2023,Negative Regulation Of Macromolecule Metabolic Process (GO:0010605),32/186,0.5986790248168741,0.999996300842126,0,0,0.9668710747170092,0.496033554400122,OPRD1;PRKN;LRP1;GATA5;NTS;FGF2;AURKA;EDNRB;TERT;CREB3L1;ATOH8;AMH;CD34;SH3GL2;SORD;SOX11;IGF1;MMP8;KLF4;ESR1;POU4F1;CLDN5;SLC7A5;SFRP1;BMP2;CLDN3;MYCN;IFNG;CLDN19;PPARG;CCDC3;RBMS3
2043,GO_Biological_Process_2023,Positive Regulation Of Type II Interferon Production (GO:0032729),10/58,0.5891610789710735,0.999996300842126,0,0,0.969603534637558,0.5129742321292351,IL21;PYCARD;SLC7A5;IFNL1;CLEC7A;SLC11A1;TNFSF4;IL12B;ISG15;RASGRP1
2042,GO_Biological_Process_2023,Memory (GO:0007613),10/58,0.5891610789710735,0.999996300842126,0,0,0.969603534637558,0.5129742321292351,NPAS4;NTF4;NETO1;TH;SLC2A4;VLDLR;PTN;SCN2A;KLK8;SLC8A2
2041,GO_Biological_Process_2023,Cellular Response To Ionizing Radiation (GO:0071479),9/52,0.58531020673948,0.999996300842126,0,0,0.9741338395823446,0.5217590447094481,RAD51AP1;DEPDC1B;BLM;RAD51;MAP3K20;BRCA2;ECT2;SLC6A2;CRYAB
2040,GO_Biological_Process_2023,Arachidonic Acid Metabolic Process (GO:0019369),9/52,0.58531020673948,0.999996300842126,0,0,0.9741338395823446,0.5217590447094481,CYP4Z1;CYP2A7;PTGIS;CYP2A13;PLA2G10;AKR1C3;CYP1A1;PLA2G4A;MGLL
2039,GO_Biological_Process_2023,Activation Of Protein Kinase Activity (GO:0032147),14/81,0.5833806130568202,0.999996300842126,0,0,0.9724751208476492,0.5240818703437071,ANGPT1;SLC11A1;NTRK3;KIF14;NRG1;ADRB2;IGF1;FGF1;MT3;TGFBR2;TPX2;LEP;CLSPN;ECT2
2038,GO_Biological_Process_2023,Response To Glucose (GO:0009749),8/46,0.5812704677530581,0.999996300842126,0,0,0.979851158073705,0.5316075746085845,SLC30A8;KCNB1;HNF4A;ADIPOQ;IRS2;PCK1;PAX2;GPLD1
2037,GO_Biological_Process_2023,Replication Fork Processing (GO:0031297),8/46,0.5812704677530581,0.999996300842126,0,0,0.979851158073705,0.5316075746085845,BLM;RAD51;EME1;CENPX;TONSL;DONSON;DNA2;BRCA2
2036,GO_Biological_Process_2023,Regulation Of Epidermal Growth Factor Receptor Signaling Pathway (GO:0042058),8/46,0.5812704677530581,0.999996300842126,0,0,0.979851158073705,0.5316075746085845,IFI6;AGR2;PLAUR;CBLC;CDH13;PTK6;MMP9;EGFR
2035,GO_Biological_Process_2023,Positive Regulation Of Blood Vessel Endothelial Cell Migration (GO:0043536),8/46,0.5812704677530581,0.999996300842126,0,0,0.979851158073705,0.5316075746085845,STAT5A;ANGPT4;FGFBP1;ANXA1;ANGPT1;RHOJ;HSPB1;FGF2
2066,GO_Biological_Process_2023,Membrane Lipid Metabolic Process (GO:0006643),3/17,0.6003616072909982,0.999996300842126,0,0,0.9973926752364785,0.5088928090929963,CERKL;AGMO;FUT2
2065,GO_Biological_Process_2023,Long-Chain fatty-acyl-CoA Biosynthetic Process (GO:0035338),3/17,0.6003616072909982,0.999996300842126,0,0,0.9973926752364785,0.5088928090929963,ACSL1;ELOVL2;ELOVL3
2064,GO_Biological_Process_2023,Leukocyte Tethering Or Rolling (GO:0050901),3/17,0.6003616072909982,0.999996300842126,0,0,0.9973926752364785,0.5088928090929963,SELP;PODXL2;JAM2
2063,GO_Biological_Process_2023,Keratan Sulfate Metabolic Process (GO:0042339),3/17,0.6003616072909982,0.999996300842126,0,0,0.9973926752364785,0.5088928090929963,CHST6;B3GNT4;CHST1
2062,GO_Biological_Process_2023,Filopodium Assembly (GO:0046847),3/17,0.6003616072909982,0.999996300842126,0,0,0.9973926752364785,0.5088928090929963,FGD3;MRAP;SPEF1
2061,GO_Biological_Process_2023,Embryonic Heart Tube Development (GO:0035050),3/17,0.6003616072909982,0.999996300842126,0,0,0.9973926752364785,0.5088928090929963,SOX17;TBX20;NKX2-5
2060,GO_Biological_Process_2023,Androgen Receptor Signaling Pathway (GO:0030521),3/17,0.6003616072909982,0.999996300842126,0,0,0.9973926752364785,0.5088928090929963,RHOXF1;SCGB2A2;PLPP1
2059,GO_Biological_Process_2023,NAD Biosynthetic Process (GO:0009435),3/17,0.6003616072909982,0.999996300842126,0,0,0.9973926752364785,0.5088928090929963,SLC5A8;PTGIS;NMNAT2
2058,GO_Biological_Process_2023,Regulation Of Myotube Differentiation (GO:0010830),4/23,0.5998460661530254,0.999996300842126,0,0,0.9798739702355236,0.5007961572610202,MYOG;CEACAM5;SMYD1;NKX2-5
2057,GO_Biological_Process_2023,Regulation Of Lipid Catabolic Process (GO:0050994),4/23,0.5998460661530254,0.999996300842126,0,0,0.9798739702355236,0.5007961572610202,HCAR2;PDE3B;CIDEA;CIDEC
2056,GO_Biological_Process_2023,Regulation Of Cholesterol Transport (GO:0032374),4/23,0.5998460661530254,0.999996300842126,0,0,0.9798739702355236,0.5007961572610202,CETP;ABCA5;LRP1;ABCA8
2055,GO_Biological_Process_2023,Regulation Of Cellular Response To Transforming Growth Factor Beta Stimulus (GO:1903844),4/23,0.5998460661530254,0.999996300842126,0,0,0.9798739702355236,0.5007961572610202,ZNF703;LTBP4;SOX11;PPARG
2054,GO_Biological_Process_2023,Regulation Of Cardiac Muscle Hypertrophy (GO:0010611),4/23,0.5998460661530254,0.999996300842126,0,0,0.9798739702355236,0.5007961572610202,RGS2;NR4A3;CAV3;IGF1
2053,GO_Biological_Process_2023,Protein Localization To Cell Junction (GO:1902414),4/23,0.5998460661530254,0.999996300842126,0,0,0.9798739702355236,0.5007961572610202,NLGN1;NPHS1;FERMT2;TJP3
2052,GO_Biological_Process_2023,Positive Regulation Of Protein Targeting To Membrane (GO:0090314),4/23,0.5998460661530254,0.999996300842126,0,0,0.9798739702355236,0.5007961572610202,CEMIP;KCNB1;ERBB2;SLC51B
2051,GO_Biological_Process_2023,Positive Regulation Of Oxidoreductase Activity (GO:0051353),4/23,0.5998460661530254,0.999996300842126,0,0,0.9798739702355236,0.5007961572610202,EDN2;EDN3;FTMT;NOD2
2082,GO_Biological_Process_2023,Sensory Perception Of Taste (GO:0050909),3/17,0.6003616072909982,0.999996300842126,0,0,0.9973926752364785,0.5088928090929963,CALHM1;CD36;TAS1R3
2081,GO_Biological_Process_2023,Regulation Of Single Stranded Viral RNA Replication Via Double Stranded DNA Intermediate (GO:0045091),3/17,0.6003616072909982,0.999996300842126,0,0,0.9973926752364785,0.5088928090929963,TOP2A;HMGA2;APOBEC3B
2080,GO_Biological_Process_2023,Regulation Of Oxidative Phosphorylation (GO:0002082),3/17,0.6003616072909982,0.999996300842126,0,0,0.9973926752364785,0.5088928090929963,MLXIPL;ACTN3;COX7A1
2079,GO_Biological_Process_2023,Regulation Of Glucose Transmembrane Transport (GO:0010827),3/17,0.6003616072909982,0.999996300842126,0,0,0.9973926752364785,0.5088928090929963,NR4A3;FFAR4;TRIB3
2078,GO_Biological_Process_2023,Regulation Of Establishment Of Cell Polarity (GO:2000114),3/17,0.6003616072909982,0.999996300842126,0,0,0.9973926752364785,0.5088928090929963,KANK1;CDH5;GSN
2077,GO_Biological_Process_2023,Positive Regulation Of Small GTPase Mediated Signal Transduction (GO:0051057),3/17,0.6003616072909982,0.999996300842126,0,0,0.9973926752364785,0.5088928090929963,RELN;IGF1;RASGRP1
2076,GO_Biological_Process_2023,Positive Regulation Of Peptidyl-Lysine Acetylation (GO:2000758),3/17,0.6003616072909982,0.999996300842126,0,0,0.9973926752364785,0.5088928090929963,NOS1;FOXP3;PPARGC1A
2075,GO_Biological_Process_2023,Positive Regulation Of Nitric-Oxide Synthase Activity (GO:0051000),3/17,0.6003616072909982,0.999996300842126,0,0,0.9973926752364785,0.5088928090929963,FCER2;TERT;NPR3
2074,GO_Biological_Process_2023,Positive Regulation Of Macrophage Activation (GO:0043032),3/17,0.6003616072909982,0.999996300842126,0,0,0.9973926752364785,0.5088928090929963,CEBPA;IL33;MMP8
2073,GO_Biological_Process_2023,Positive Regulation Of Leukocyte Adhesion To Vascular Endothelial Cell (GO:1904996),3/17,0.6003616072909982,0.999996300842126,0,0,0.9973926752364785,0.5088928090929963,SELP;IL6;FUT7
2072,GO_Biological_Process_2023,Positive Regulation Of Cardiac Muscle Hypertrophy (GO:0010613),3/17,0.6003616072909982,0.999996300842126,0,0,0.9973926752364785,0.5088928090929963,NR4A3;AKAP6;IGF1
2071,GO_Biological_Process_2023,Positive Regulation Of Alpha-Beta T Cell Proliferation (GO:0046641),3/17,0.6003616072909982,0.999996300842126,0,0,0.9973926752364785,0.5088928090929963,TNFSF4;IL12B;TGFBR2
2070,GO_Biological_Process_2023,Positive Regulation Of SMAD Protein Signal Transduction (GO:0060391),3/17,0.6003616072909982,0.999996300842126,0,0,0.9973926752364785,0.5088928090929963,PPARG;KIAA0319;BMP6
2069,GO_Biological_Process_2023,Negative Regulation Of Vascular Associated Smooth Muscle Cell Proliferation (GO:1904706),3/17,0.6003616072909982,0.999996300842126,0,0,0.9973926752364785,0.5088928090929963,CNN1;TAFA5;PPARG
2068,GO_Biological_Process_2023,Negative Regulation Of Cellular Senescence (GO:2000773),3/17,0.6003616072909982,0.999996300842126,0,0,0.9973926752364785,0.5088928090929963,TERT;HMGA2;AMH
2067,GO_Biological_Process_2023,Myeloid Cell Activation Involved In Immune Response (GO:0002275),3/17,0.6003616072909982,0.999996300842126,0,0,0.9973926752364785,0.5088928090929963,PYCARD;IFNG;DNASE1L3
2098,GO_Biological_Process_2023,Regulation Of Axon Extension (GO:0030516),6/35,0.6026542966419671,0.999996300842126,0,0,0.9629390912020626,0.4876434800348066,RTN4R;SEMA7A;SEMA3G;TRIM46;KIAA0319;MT3
2097,GO_Biological_Process_2023,Positive Regulation Of Cell Development (GO:0010720),6/35,0.6026542966419671,0.999996300842126,0,0,0.9629390912020626,0.4876434800348066,MYOG;MME;IFNG;CLEC7A;SOX11;NKX6-1
2096,GO_Biological_Process_2023,Neutral Amino Acid Transport (GO:0015804),6/35,0.6026542966419671,0.999996300842126,0,0,0.9629390912020626,0.4876434800348066,SLC7A5;SLC36A2;SLC7A11;SLC7A10;SLC38A5;LLGL2
2095,GO_Biological_Process_2023,Regulation Of Transforming Growth Factor Beta Receptor Signaling Pathway (GO:0017015),19/111,0.6013897908614432,0.999996300842126,0,0,0.961048149887535,0.4887045016042655,CDKN1C;TNXB;CITED1;WFIKKN1;CAV1;LTBP4;CIDEA;SOX11;ASPN;BMP2;LRG1;BAMBI;PRDM16;ZNF703;ADAMTSL2;SPRY2;PPARG;SPRY1;PPARA
2094,GO_Biological_Process_2023,Negative Regulation Of Transmembrane Receptor Protein Serine/Threonine Kinase Signaling Pathway (GO:0090101),19/111,0.6013897908614432,0.999996300842126,0,0,0.961048149887535,0.4887045016042655,WFIKKN1;LRP1;CAV1;CIDEA;CRIM1;DKK1;CHRDL1;ASPN;BMP2;BAMBI;PRDM16;ADAMTSL2;RBPMS2;VWC2;SOSTDC1;SPRY2;PPARG;SPRY1;PPARA
2093,GO_Biological_Process_2023,Regulation Of Voltage-Gated Calcium Channel Activity (GO:1901385),5/29,0.6008787405884544,0.999996300842126,0,0,0.969646564741412,0.4939012371899478,STAC2;DMD;AKAP5;DRD4;CBARP
2092,GO_Biological_Process_2023,Regulation Of Neuron Migration (GO:2001222),5/29,0.6008787405884544,0.999996300842126,0,0,0.969646564741412,0.4939012371899478,NTNG1;IGSF10;RELN;KIF26A;CX3CL1
2091,GO_Biological_Process_2023,Regulation Of Establishment Of Planar Polarity (GO:0090175),5/29,0.6008787405884544,0.999996300842126,0,0,0.969646564741412,0.4939012371899478,WNT11;SPEF1;SAPCD2;CELSR1;CELSR3
2090,GO_Biological_Process_2023,Protein Acetylation (GO:0006473),5/29,0.6008787405884544,0.999996300842126,0,0,0.969646564741412,0.4939012371899478,KAT2B;DSCC1;ESCO2;LACRT;FOXO1
2089,GO_Biological_Process_2023,Positive Regulation Of Endopeptidase Activity (GO:0010950),5/29,0.6008787405884544,0.999996300842126,0,0,0.969646564741412,0.4939012371899478,PYCARD;EFNA3;AIM2;GRIN2B;VSIR
2088,GO_Biological_Process_2023,Negative Regulation Of Plasma Membrane Bounded Cell Projection Assembly (GO:0120033),5/29,0.6008787405884544,0.999996300842126,0,0,0.969646564741412,0.4939012371899478,KANK1;CCL21;KIF24;NRG1;EVL
2087,GO_Biological_Process_2023,Lipid Droplet Organization (GO:0034389),5/29,0.6008787405884544,0.999996300842126,0,0,0.969646564741412,0.4939012371899478,SQLE;CIDEA;CIDEC;PNPLA2;SMIM22
2086,GO_Biological_Process_2023,Alpha-Amino Acid Metabolic Process (GO:1901605),5/29,0.6008787405884544,0.999996300842126,0,0,0.969646564741412,0.4939012371899478,CBS;IYD;HNF4A;DPEP1;KMO
2085,GO_Biological_Process_2023,Transepithelial Transport (GO:0070633),3/17,0.6003616072909982,0.999996300842126,0,0,0.9973926752364785,0.5088928090929963,RHBG;GPLD1;ABCG2
2084,GO_Biological_Process_2023,Toll-Like Receptor 4 Signaling Pathway (GO:0034142),3/17,0.6003616072909982,0.999996300842126,0,0,0.9973926752364785,0.5088928090929963,OAS1;TNIP3;S100A14
2083,GO_Biological_Process_2023,Sulfur Amino Acid Metabolic Process (GO:0000096),3/17,0.6003616072909982,0.999996300842126,0,0,0.9973926752364785,0.5088928090929963,CBS;DPEP1;CDO1
2114,GO_Biological_Process_2023,Negative Regulation Of Bone Remodeling (GO:0046851),2/11,0.6046660136297339,0.999996300842126,0,0,1.0343548640578344,0.5203622282090519,IL6;SFRP1
2113,GO_Biological_Process_2023,Melanocyte Differentiation (GO:0030318),2/11,0.6046660136297339,0.999996300842126,0,0,1.0343548640578344,0.5203622282090519,KIT;TYRP1
2112,GO_Biological_Process_2023,Leukotriene D4 Metabolic Process (GO:1901748),2/11,0.6046660136297339,0.999996300842126,0,0,1.0343548640578344,0.5203622282090519,GGT2P;GGTA1
2111,GO_Biological_Process_2023,Intestinal Absorption (GO:0050892),2/11,0.6046660136297339,0.999996300842126,0,0,1.0343548640578344,0.5203622282090519,LEP;CD36
2110,GO_Biological_Process_2023,Heterocycle Biosynthetic Process (GO:0018130),2/11,0.6046660136297339,0.999996300842126,0,0,1.0343548640578344,0.5203622282090519,PYCR1;PYCR3
2109,GO_Biological_Process_2023,Exit From Mitosis (GO:0010458),2/11,0.6046660136297339,0.999996300842126,0,0,1.0343548640578344,0.5203622282090519,UBE2C;UBE2S
2108,GO_Biological_Process_2023,Digestive System Development (GO:0055123),2/11,0.6046660136297339,0.999996300842126,0,0,1.0343548640578344,0.5203622282090519,CLMP;KIT
2107,GO_Biological_Process_2023,Cellular Response To Superoxide (GO:0071451),2/11,0.6046660136297339,0.999996300842126,0,0,1.0343548640578344,0.5203622282090519,MT3;SOD3
2106,GO_Biological_Process_2023,Cellular Response To Fluid Shear Stress (GO:0071498),2/11,0.6046660136297339,0.999996300842126,0,0,1.0343548640578344,0.5203622282090519,KLF4;KLF2
2105,GO_Biological_Process_2023,Cellular Response To Acetylcholine (GO:1905145),2/11,0.6046660136297339,0.999996300842126,0,0,1.0343548640578344,0.5203622282090519,LYPD1;LY6H
2104,GO_Biological_Process_2023,Carbon Dioxide Transport (GO:0015670),2/11,0.6046660136297339,0.999996300842126,0,0,1.0343548640578344,0.5203622282090519,HBB;HBA1
2103,GO_Biological_Process_2023,Brain Morphogenesis (GO:0048854),2/11,0.6046660136297339,0.999996300842126,0,0,1.0343548640578344,0.5203622282090519,PAX2;SLC6A4
2102,GO_Biological_Process_2023,Aspartate Family Amino Acid Catabolic Process (GO:0009068),2/11,0.6046660136297339,0.999996300842126,0,0,1.0343548640578344,0.5203622282090519,SDS;ASPA
2101,GO_Biological_Process_2023,DNA Methylation-Dependent Heterochromatin Formation (GO:0006346),2/11,0.6046660136297339,0.999996300842126,0,0,1.0343548640578344,0.5203622282090519,HELLS;TEX15
2100,GO_Biological_Process_2023,AMP Metabolic Process (GO:0046033),2/11,0.6046660136297339,0.999996300842126,0,0,1.0343548640578344,0.5203622282090519,SORD;AMPD1
2099,GO_Biological_Process_2023,Positive Regulation Of Intracellular Signal Transduction (GO:1902533),91/525,0.6029222290745997,0.999996300842126,0,0,0.9753103177129164,0.493474897859227,RET;SEMA5A;CSF3;SCHIP1;RTKN2;SECTM1;FGF1;FGF2;CX3CL1;BBC3;NR3C2;PYCARD;SOX2;GRM4;FFAR4;IL12B;CCR7;AMH;IL11;MYOC;VWF;UNC5B;EPHA8;FCRL3;ADIPOQ;SOX11;GPR37L1;MMP8;FRMD1;DCN;EDAR;F7;ADRB3;KIT;CDH13;PPARG;ADAM8;LTB;S100A9;S100A8;DDR2;PRKN;NLGN1;PELI2;GATA3;NOD2;ADRB2;NTS;EGFR;INAVA;ART4;RELN;CALCR;WNT11;THPO;CLEC7A;PDGFD;ERBB2;PMAIP1;IGFBP6;ECT2;KIAA0319;P2RY12;NTRK2;CCL21;F10;ANGPT1;GDF15;CAV2;EGF;NTRK3;CAV1;FN1;SCTR;AKR1C3;OSM;AKR1C2;IGF1;S100B;BMP6;SELP;P2RX5;BMP2;IL6;CLEC6A;LEP;SPRY2;TEK;LACRT;FGFR3;FERMT2
2130,GO_Biological_Process_2023,Positive Regulation Of Pseudopodium Assembly (GO:0031274),2/11,0.6046660136297339,0.999996300842126,0,0,1.0343548640578344,0.5203622282090519,CCL21;CCR7
2129,GO_Biological_Process_2023,Positive Regulation Of Protein Polyubiquitination (GO:1902916),2/11,0.6046660136297339,0.999996300842126,0,0,1.0343548640578344,0.5203622282090519,PRKN;NOD2
2128,GO_Biological_Process_2023,Positive Regulation Of Platelet Aggregation (GO:1901731),2/11,0.6046660136297339,0.999996300842126,0,0,1.0343548640578344,0.5203622282090519,IL6;MMRN1
2127,GO_Biological_Process_2023,Positive Regulation Of Keratinocyte Proliferation (GO:0010838),2/11,0.6046660136297339,0.999996300842126,0,0,1.0343548640578344,0.5203622282090519,FGF7;LRG1
2126,GO_Biological_Process_2023,Positive Regulation Of Branching Involved In Ureteric Bud Morphogenesis (GO:0090190),2/11,0.6046660136297339,0.999996300842126,0,0,1.0343548640578344,0.5203622282090519,LHX1;PAX2
2125,GO_Biological_Process_2023,Positive Regulation Of Behavior (GO:0048520),2/11,0.6046660136297339,0.999996300842126,0,0,1.0343548640578344,0.5203622282090519,NLGN1;NR4A3
2124,GO_Biological_Process_2023,Nucleoside Phosphate Biosynthetic Process (GO:1901293),2/11,0.6046660136297339,0.999996300842126,0,0,1.0343548640578344,0.5203622282090519,AK5;NMNAT2
2123,GO_Biological_Process_2023,Neutrophil Activation Involved In Immune Response (GO:0002283),2/11,0.6046660136297339,0.999996300842126,0,0,1.0343548640578344,0.5203622282090519,STXBP2;DNASE1L3
2122,GO_Biological_Process_2023,Negative Regulation Of Ryanodine-Sensitive Calcium-Release Channel Activity (GO:0060315),2/11,0.6046660136297339,0.999996300842126,0,0,1.0343548640578344,0.5203622282090519,CASQ2;TRDN
2121,GO_Biological_Process_2023,Negative Regulation Of Release Of Sequestered Calcium Ion Into Cytosol (GO:0051280),2/11,0.6046660136297339,0.999996300842126,0,0,1.0343548640578344,0.5203622282090519,CASQ2;TRDN
2120,GO_Biological_Process_2023,Negative Regulation Of Reactive Oxygen Species Biosynthetic Process (GO:1903427),2/11,0.6046660136297339,0.999996300842126,0,0,1.0343548640578344,0.5203622282090519,ABCD2;PPARA
2119,GO_Biological_Process_2023,Negative Regulation Of Myotube Differentiation (GO:0010832),2/11,0.6046660136297339,0.999996300842126,0,0,1.0343548640578344,0.5203622282090519,CEACAM5;NKX2-5
2118,GO_Biological_Process_2023,Negative Regulation Of Leukocyte Chemotaxis (GO:0002689),2/11,0.6046660136297339,0.999996300842126,0,0,1.0343548640578344,0.5203622282090519,DUSP1;SLAMF8
2117,GO_Biological_Process_2023,Negative Regulation Of Glucose Transmembrane Transport (GO:0010829),2/11,0.6046660136297339,0.999996300842126,0,0,1.0343548640578344,0.5203622282090519,PID1;LEP
2116,GO_Biological_Process_2023,Negative Regulation Of Calcineurin-Mediated Signaling (GO:0106057),2/11,0.6046660136297339,0.999996300842126,0,0,1.0343548640578344,0.5203622282090519,RCAN1;MYOZ2
2115,GO_Biological_Process_2023,Negative Regulation Of calcineurin-NFAT Signaling Cascade (GO:0070885),2/11,0.6046660136297339,0.999996300842126,0,0,1.0343548640578344,0.5203622282090519,RCAN1;MYOZ2
2146,GO_Biological_Process_2023,Response To Organonitrogen Compound (GO:0010243),8/47,0.6071861399541499,0.999996300842126,0,0,0.9546686429656108,0.4763031641425276,PRKN;BRSK2;IL6;GLRA3;SEL1L2;INAVA;DRD4;GPIHBP1
2145,GO_Biological_Process_2023,Stem Cell Differentiation (GO:0048863),7/41,0.6048164198718318,0.999996300842126,0,0,0.9581986335610732,0.4818113113810023,GPM6A;SFRP1;KIT;HMGA2;MEOX1;PAX2;BATF
2144,GO_Biological_Process_2023,Smooth Muscle Cell Differentiation (GO:0051145),2/11,0.6046660136297339,0.999996300842126,0,0,1.0343548640578344,0.5203622282090519,MYOCD;EDNRB
2143,GO_Biological_Process_2023,Retinoic Acid Receptor Signaling Pathway (GO:0048384),2/11,0.6046660136297339,0.999996300842126,0,0,1.0343548640578344,0.5203622282090519,PPARG;RXRG
2142,GO_Biological_Process_2023,Response To X-ray (GO:0010165),2/11,0.6046660136297339,0.999996300842126,0,0,1.0343548640578344,0.5203622282090519,BLM;DEPDC1B
2141,GO_Biological_Process_2023,Regulation Of Response To Oxidative Stress (GO:1902882),2/11,0.6046660136297339,0.999996300842126,0,0,1.0343548640578344,0.5203622282090519,PRKN;AIFM2
2140,GO_Biological_Process_2023,Regulation Of Pseudopodium Assembly (GO:0031272),2/11,0.6046660136297339,0.999996300842126,0,0,1.0343548640578344,0.5203622282090519,CCL21;CCR7
2139,GO_Biological_Process_2023,Regulation Of Leukocyte Cell-Cell Adhesion (GO:1903037),2/11,0.6046660136297339,0.999996300842126,0,0,1.0343548640578344,0.5203622282090519,FUT7;PPARA
2138,GO_Biological_Process_2023,Regulation Of Keratinocyte Migration (GO:0051547),2/11,0.6046660136297339,0.999996300842126,0,0,1.0343548640578344,0.5203622282090519,FGF7;MMP9
2137,GO_Biological_Process_2023,Regulation Of Homotypic Cell-Cell Adhesion (GO:0034110),2/11,0.6046660136297339,0.999996300842126,0,0,1.0343548640578344,0.5203622282090519,ZNF703;PLAUR
2136,GO_Biological_Process_2023,Regulation Of Epithelial Cell Apoptotic Process (GO:1904035),2/11,0.6046660136297339,0.999996300842126,0,0,1.0343548640578344,0.5203622282090519,ZFP36;TEK
2135,GO_Biological_Process_2023,Regulation Of Cilium Movement (GO:0003352),2/11,0.6046660136297339,0.999996300842126,0,0,1.0343548640578344,0.5203622282090519,CLXN;DNAH11
2134,GO_Biological_Process_2023,Regulation Of Cell Communication By Electrical Coupling Involved In Cardiac Conduction (GO:1901844),2/11,0.6046660136297339,0.999996300842126,0,0,1.0343548640578344,0.5203622282090519,CAV1;TRDN
2133,GO_Biological_Process_2023,Regulation Of Cell Activation (GO:0050865),2/11,0.6046660136297339,0.999996300842126,0,0,1.0343548640578344,0.5203622282090519,IL6;NRG1
2132,GO_Biological_Process_2023,Regulation Of Astrocyte Differentiation (GO:0048710),2/11,0.6046660136297339,0.999996300842126,0,0,1.0343548640578344,0.5203622282090519,BMP2;IL6
2131,GO_Biological_Process_2023,Regulation Of T Cell Mediated Immunity (GO:0002709),2/11,0.6046660136297339,0.999996300842126,0,0,1.0343548640578344,0.5203622282090519,FUT7;CD80
2162,GO_Biological_Process_2023,L-aspartate Import Across Plasma Membrane (GO:0140009),1/5,0.6221242521521312,0.999996300842126,0,0,1.163673642533937,0.5522974823947191,SLC1A6
2161,GO_Biological_Process_2023,ISG15-protein Conjugation (GO:0032020),1/5,0.6221242521521312,0.999996300842126,0,0,1.163673642533937,0.5522974823947191,ISG15
2160,GO_Biological_Process_2023,His-Purkinje System Development (GO:0003164),1/5,0.6221242521521312,0.999996300842126,0,0,1.163673642533937,0.5522974823947191,NKX2-5
2159,GO_Biological_Process_2023,DNA Replication-Dependent Chromatin Assembly (GO:0006335),1/5,0.6221242521521312,0.999996300842126,0,0,1.163673642533937,0.5522974823947191,ASF1B
2158,GO_Biological_Process_2023,C-terminal Protein Lipidation (GO:0006501),1/5,0.6221242521521312,0.999996300842126,0,0,1.163673642533937,0.5522974823947191,GPLD1
2157,GO_Biological_Process_2023,B Cell Chemotaxis (GO:0035754),1/5,0.6221242521521312,0.999996300842126,0,0,1.163673642533937,0.5522974823947191,CXCL13
2156,GO_Biological_Process_2023,Negative Regulation Of Transforming Growth Factor Beta Receptor Signaling Pathway (GO:0030512),13/77,0.6198326800284131,0.999996300842126,0,0,0.9452459917707152,0.4521165535989846,FBN2;WFIKKN1;CAV1;CIDEA;ASPN;BMP2;BAMBI;ADAMTSL2;PRDM16;SPRY2;PPARG;SPRY1;PPARA
2155,GO_Biological_Process_2023,Cell Morphogenesis Involved In Neuron Differentiation (GO:0048667),13/77,0.6198326800284131,0.999996300842126,0,0,0.9452459917707152,0.4521165535989846,NTNG1;BRSK2;APLP1;MAPK8IP2;S100B;POU4F1;PAX2;ISL2;PARD6B;SLITRK3;SLITRK6;TRIM46;PAK3
2154,GO_Biological_Process_2023,Actomyosin Structure Organization (GO:0031032),13/77,0.6198326800284131,0.999996300842126,0,0,0.9452459917707152,0.4521165535989846,FHOD3;TMOD1;ACTN2;LMOD1;SORBS1;MYOM2;KRT19;TNNT1;TNNT3;PGM5;MYH11;FLNC;MYOZ2
2153,GO_Biological_Process_2023,Regulation Of Cell-Matrix Adhesion (GO:0001952),11/65,0.6147498427352192,0.999996300842126,0,0,0.9479790340539064,0.4612295805439475,CCL25;SFRP1;MYOC;CCL21;CDKN2A;CDH13;CCR7;CD36;HOXA7;CX3CL1;GPM6B
2152,GO_Biological_Process_2023,Positive Regulation Of Cell Cycle (GO:0045787),11/65,0.6147498427352192,0.999996300842126,0,0,0.9479790340539064,0.4612295805439475,FOXA1;CCNB1;PSRC1;TAL1;CHEK1;PTK6;PROX1;MEIS2;EGFR;MAGEA4;AURKA
2151,GO_Biological_Process_2023,Positive Regulation Of T Cell Proliferation (GO:0042102),11/65,0.6147498427352192,0.999996300842126,0,0,0.9479790340539064,0.4612295805439475,IL21;PYCARD;IL6;ANXA1;CD209;CD80;LEP;TNFSF4;IL12B;IGF1;CD24
2150,GO_Biological_Process_2023,Monocarboxylic Acid Biosynthetic Process (GO:0072330),11/65,0.6147498427352192,0.999996300842126,0,0,0.9479790340539064,0.4612295805439475,ALDH1A3;SDS;ACSM3;ACSM1;ALDH1A2;AKR1D1;ACSM2A;ACSM5;HOGA1;ACACB;ACSM2B
2149,GO_Biological_Process_2023,Fatty Acid Biosynthetic Process (GO:0006633),11/65,0.6147498427352192,0.999996300842126,0,0,0.9479790340539064,0.4612295805439475,ACSM3;SCD;ACSM1;ELOVL2;ELOVL3;CYP1A1;ACSM2A;ACSM5;CYP3A4;ACACB;ACSM2B
2148,GO_Biological_Process_2023,Positive Regulation Of Protein Binding (GO:0032092),10/59,0.6121982869087883,0.999996300842126,0,0,0.9497578447313147,0.4660452728320053,PRKN;CLDN5;CSF3;BMP2;LRP1;TERT;BAMBI;CAV1;TRIB3;MMP9
2147,GO_Biological_Process_2023,Heart Morphogenesis (GO:0003007),10/59,0.6121982869087883,0.999996300842126,0,0,0.9497578447313147,0.4660452728320053,TGFBR3;MYLK2;ADAMTS5;BMP2;SOX17;FLRT2;TH;TBX20;CCM2L;NKX2-5
2178,GO_Biological_Process_2023,Cholesterol Import (GO:0070508),1/5,0.6221242521521312,0.999996300842126,0,0,1.163673642533937,0.5522974823947191,CD36
2177,GO_Biological_Process_2023,Chemokine (C-X-C Motif) Ligand 12 Signaling Pathway (GO:0038146),1/5,0.6221242521521312,0.999996300842126,0,0,1.163673642533937,0.5522974823947191,ENTREP1
2176,GO_Biological_Process_2023,Cellular Response To Cold (GO:0070417),1/5,0.6221242521521312,0.999996300842126,0,0,1.163673642533937,0.5522974823947191,FOXO1
2175,GO_Biological_Process_2023,Cellular Heat Acclimation (GO:0070370),1/5,0.6221242521521312,0.999996300842126,0,0,1.163673642533937,0.5522974823947191,HSPA6
2174,GO_Biological_Process_2023,Cell-Cell Signaling Involved In Cardiac Conduction (GO:0086019),1/5,0.6221242521521312,0.999996300842126,0,0,1.163673642533937,0.5522974823947191,CASQ2
2173,GO_Biological_Process_2023,Bradykinin Catabolic Process (GO:0010815),1/5,0.6221242521521312,0.999996300842126,0,0,1.163673642533937,0.5522974823947191,MME
2172,GO_Biological_Process_2023,Blood Vessel Endothelial Cell Proliferation Involved In Sprouting Angiogenesis (GO:0002043),1/5,0.6221242521521312,0.999996300842126,0,0,1.163673642533937,0.5522974823947191,SEMA5A
2171,GO_Biological_Process_2023,Axonemal Central Apparatus Assembly (GO:1904158),1/5,0.6221242521521312,0.999996300842126,0,0,1.163673642533937,0.5522974823947191,SPEF1
2170,GO_Biological_Process_2023,Autocrine Signaling (GO:0035425),1/5,0.6221242521521312,0.999996300842126,0,0,1.163673642533937,0.5522974823947191,S100A9
2169,GO_Biological_Process_2023,Astrocyte Differentiation (GO:0048708),1/5,0.6221242521521312,0.999996300842126,0,0,1.163673642533937,0.5522974823947191,S100A9
2168,GO_Biological_Process_2023,Ammonium Homeostasis (GO:0097272),1/5,0.6221242521521312,0.999996300842126,0,0,1.163673642533937,0.5522974823947191,RHBG
2167,GO_Biological_Process_2023,Adenylate Cyclase-Activating Dopamine Receptor Signaling Pathway (GO:0007191),1/5,0.6221242521521312,0.999996300842126,0,0,1.163673642533937,0.5522974823947191,GNG2
2166,GO_Biological_Process_2023,T-helper 2 Cell Differentiation (GO:0045064),1/5,0.6221242521521312,0.999996300842126,0,0,1.163673642533937,0.5522974823947191,GATA3
2165,GO_Biological_Process_2023,T-helper 1 Cell Differentiation (GO:0045063),1/5,0.6221242521521312,0.999996300842126,0,0,1.163673642533937,0.5522974823947191,LEF1
2164,GO_Biological_Process_2023,L-ornithine Transmembrane Transport (GO:1903352),1/5,0.6221242521521312,0.999996300842126,0,0,1.163673642533937,0.5522974823947191,SLC7A3
2163,GO_Biological_Process_2023,L-aspartate Transmembrane Transport (GO:0070778),1/5,0.6221242521521312,0.999996300842126,0,0,1.163673642533937,0.5522974823947191,SLC1A6
2194,GO_Biological_Process_2023,Heat Acclimation (GO:0010286),1/5,0.6221242521521312,0.999996300842126,0,0,1.163673642533937,0.5522974823947191,HSPA6
2193,GO_Biological_Process_2023,Guanine Nucleotide Transmembrane Transport (GO:1903790),1/5,0.6221242521521312,0.999996300842126,0,0,1.163673642533937,0.5522974823947191,SLC17A9
2192,GO_Biological_Process_2023,Glycosylceramide Metabolic Process (GO:0006677),1/5,0.6221242521521312,0.999996300842126,0,0,1.163673642533937,0.5522974823947191,ST6GALNAC3
2191,GO_Biological_Process_2023,Glycolipid Transport (GO:0046836),1/5,0.6221242521521312,0.999996300842126,0,0,1.163673642533937,0.5522974823947191,SLC52A1
2190,GO_Biological_Process_2023,Glutamate Catabolic Process (GO:0006538),1/5,0.6221242521521312,0.999996300842126,0,0,1.163673642533937,0.5522974823947191,GAD1
2189,GO_Biological_Process_2023,Glucocorticoid Biosynthetic Process (GO:0006704),1/5,0.6221242521521312,0.999996300842126,0,0,1.163673642533937,0.5522974823947191,CYP21A2
2188,GO_Biological_Process_2023,Forebrain Neuron Differentiation (GO:0021879),1/5,0.6221242521521312,0.999996300842126,0,0,1.163673642533937,0.5522974823947191,LHX6
2187,GO_Biological_Process_2023,fatty-acyl-CoA Catabolic Process (GO:0036115),1/5,0.6221242521521312,0.999996300842126,0,0,1.163673642533937,0.5522974823947191,NUDT7
2186,GO_Biological_Process_2023,Epithelial Tube Branching Involved In Lung Morphogenesis (GO:0060441),1/5,0.6221242521521312,0.999996300842126,0,0,1.163673642533937,0.5522974823947191,CELSR1
2185,GO_Biological_Process_2023,Endothelin Receptor Signaling Pathway (GO:0086100),1/5,0.6221242521521312,0.999996300842126,0,0,1.163673642533937,0.5522974823947191,EDNRB
2184,GO_Biological_Process_2023,Ear Development (GO:0043583),1/5,0.6221242521521312,0.999996300842126,0,0,1.163673642533937,0.5522974823947191,GATA3
2183,GO_Biological_Process_2023,Double-Strand Break Repair Via Synthesis-Dependent Strand Annealing (GO:0045003),1/5,0.6221242521521312,0.999996300842126,0,0,1.163673642533937,0.5522974823947191,RAD51
2182,GO_Biological_Process_2023,Determination Of Liver Left/Right Asymmetry (GO:0071910),1/5,0.6221242521521312,0.999996300842126,0,0,1.163673642533937,0.5522974823947191,ZIC3
2181,GO_Biological_Process_2023,Dendrite Extension (GO:0097484),1/5,0.6221242521521312,0.999996300842126,0,0,1.163673642533937,0.5522974823947191,SH3GL2
2180,GO_Biological_Process_2023,Coumarin Metabolic Process (GO:0009804),1/5,0.6221242521521312,0.999996300842126,0,0,1.163673642533937,0.5522974823947191,CYP2A7
2179,GO_Biological_Process_2023,Chondrocyte Development (GO:0002063),1/5,0.6221242521521312,0.999996300842126,0,0,1.163673642533937,0.5522974823947191,SULF1
2210,GO_Biological_Process_2023,Monoterpenoid Metabolic Process (GO:0016098),1/5,0.6221242521521312,0.999996300842126,0,0,1.163673642533937,0.5522974823947191,CYP3A4
2209,GO_Biological_Process_2023,Maintenance Of DNA Repeat Elements (GO:0043570),1/5,0.6221242521521312,0.999996300842126,0,0,1.163673642533937,0.5522974823947191,RMI2
2208,GO_Biological_Process_2023,Lipoprotein Metabolic Process (GO:0042157),1/5,0.6221242521521312,0.999996300842126,0,0,1.163673642533937,0.5522974823947191,OLR1
2207,GO_Biological_Process_2023,Lipid Droplet Disassembly (GO:1905691),1/5,0.6221242521521312,0.999996300842126,0,0,1.163673642533937,0.5522974823947191,PNPLA2
2206,GO_Biological_Process_2023,Kidney Morphogenesis (GO:0060993),1/5,0.6221242521521312,0.999996300842126,0,0,1.163673642533937,0.5522974823947191,WNT7B
2205,GO_Biological_Process_2023,Ketone Body Biosynthetic Process (GO:0046951),1/5,0.6221242521521312,0.999996300842126,0,0,1.163673642533937,0.5522974823947191,HMGCS2
2204,GO_Biological_Process_2023,Isoleucine Metabolic Process (GO:0006549),1/5,0.6221242521521312,0.999996300842126,0,0,1.163673642533937,0.5522974823947191,SDS
2203,GO_Biological_Process_2023,Intracellular Phosphate Ion Homeostasis (GO:0030643),1/5,0.6221242521521312,0.999996300842126,0,0,1.163673642533937,0.5522974823947191,SLC34A3
2202,GO_Biological_Process_2023,Intracellular Oxygen Homeostasis (GO:0032364),1/5,0.6221242521521312,0.999996300842126,0,0,1.163673642533937,0.5522974823947191,WNT7B
2201,GO_Biological_Process_2023,Interleukin-5-Mediated Signaling Pathway (GO:0038043),1/5,0.6221242521521312,0.999996300842126,0,0,1.163673642533937,0.5522974823947191,STAT5A
2200,GO_Biological_Process_2023,Interleukin-4-Mediated Signaling Pathway (GO:0035771),1/5,0.6221242521521312,0.999996300842126,0,0,1.163673642533937,0.5522974823947191,STAT5A
2199,GO_Biological_Process_2023,Insulin Processing (GO:0030070),1/5,0.6221242521521312,0.999996300842126,0,0,1.163673642533937,0.5522974823947191,SLC30A8
2198,GO_Biological_Process_2023,Inflammatory Response To Wounding (GO:0090594),1/5,0.6221242521521312,0.999996300842126,0,0,1.163673642533937,0.5522974823947191,IL6
2197,GO_Biological_Process_2023,Induction Of Bacterial Agglutination (GO:0043152),1/5,0.6221242521521312,0.999996300842126,0,0,1.163673642533937,0.5522974823947191,FGA
2196,GO_Biological_Process_2023,Inclusion Body Assembly (GO:0070841),1/5,0.6221242521521312,0.999996300842126,0,0,1.163673642533937,0.5522974823947191,PRKN
2195,GO_Biological_Process_2023,Hexose Catabolic Process (GO:0019320),1/5,0.6221242521521312,0.999996300842126,0,0,1.163673642533937,0.5522974823947191,TKTL1
2226,GO_Biological_Process_2023,Negative Regulation Of Insulin-Like Growth Factor Receptor Signaling Pathway (GO:0043569),1/5,0.6221242521521312,0.999996300842126,0,0,1.163673642533937,0.5522974823947191,BMP5
2225,GO_Biological_Process_2023,Negative Regulation Of Glucocorticoid Receptor Signaling Pathway (GO:2000323),1/5,0.6221242521521312,0.999996300842126,0,0,1.163673642533937,0.5522974823947191,PER1
2224,GO_Biological_Process_2023,Negative Regulation Of Glial Cell Proliferation (GO:0060253),1/5,0.6221242521521312,0.999996300842126,0,0,1.163673642533937,0.5522974823947191,SOX11
2223,GO_Biological_Process_2023,Negative Regulation Of Fibroblast Migration (GO:0010764),1/5,0.6221242521521312,0.999996300842126,0,0,1.163673642533937,0.5522974823947191,HAS1
2222,GO_Biological_Process_2023,Negative Regulation Of Erythrocyte Differentiation (GO:0045647),1/5,0.6221242521521312,0.999996300842126,0,0,1.163673642533937,0.5522974823947191,ZFP36
2221,GO_Biological_Process_2023,Negative Regulation Of Cell Size (GO:0045792),1/5,0.6221242521521312,0.999996300842126,0,0,1.163673642533937,0.5522974823947191,CAV3
2220,GO_Biological_Process_2023,Negative Regulation Of Cardiac Muscle Cell Differentiation (GO:2000726),1/5,0.6221242521521312,0.999996300842126,0,0,1.163673642533937,0.5522974823947191,DKK1
2219,GO_Biological_Process_2023,Negative Regulation Of Cardiac Muscle Cell Apoptotic Process (GO:0010667),1/5,0.6221242521521312,0.999996300842126,0,0,1.163673642533937,0.5522974823947191,NKX2-5
2218,GO_Biological_Process_2023,Negative Regulation Of Calcium Ion Import (GO:0090281),1/5,0.6221242521521312,0.999996300842126,0,0,1.163673642533937,0.5522974823947191,PLN
2217,GO_Biological_Process_2023,Negative Regulation Of Axon Regeneration (GO:0048681),1/5,0.6221242521521312,0.999996300842126,0,0,1.163673642533937,0.5522974823947191,RTN4R
2216,GO_Biological_Process_2023,Negative Regulation Of Amyloid Precursor Protein Biosynthetic Process (GO:0042985),1/5,0.6221242521521312,0.999996300842126,0,0,1.163673642533937,0.5522974823947191,ITM2A
2215,GO_Biological_Process_2023,Negative Regulation Of Amino Acid Transport (GO:0051956),1/5,0.6221242521521312,0.999996300842126,0,0,1.163673642533937,0.5522974823947191,TRH
2214,GO_Biological_Process_2023,Negative Regulation Of T Cell Differentiation In Thymus (GO:0033085),1/5,0.6221242521521312,0.999996300842126,0,0,1.163673642533937,0.5522974823947191,FOXJ1
2213,GO_Biological_Process_2023,Negative Regulation Of B Cell Receptor Signaling Pathway (GO:0050859),1/5,0.6221242521521312,0.999996300842126,0,0,1.163673642533937,0.5522974823947191,FCRL3
2212,GO_Biological_Process_2023,Natural Killer Cell Degranulation (GO:0043320),1/5,0.6221242521521312,0.999996300842126,0,0,1.163673642533937,0.5522974823947191,FCGR3A
2211,GO_Biological_Process_2023,Multinuclear Osteoclast Differentiation (GO:0072674),1/5,0.6221242521521312,0.999996300842126,0,0,1.163673642533937,0.5522974823947191,DCSTAMP
2242,GO_Biological_Process_2023,Pericardium Morphogenesis (GO:0003344),1/5,0.6221242521521312,0.999996300842126,0,0,1.163673642533937,0.5522974823947191,TBX20
2241,GO_Biological_Process_2023,Osmosensory Signaling Pathway (GO:0007231),1/5,0.6221242521521312,0.999996300842126,0,0,1.163673642533937,0.5522974823947191,PYCARD
2240,GO_Biological_Process_2023,Ornithine Transport (GO:0015822),1/5,0.6221242521521312,0.999996300842126,0,0,1.163673642533937,0.5522974823947191,SLC7A3
2239,GO_Biological_Process_2023,"Nucleotide-Binding Domain, Leucine Rich Repeat Containing Receptor Signaling Pathway (GO:0035872)",1/5,0.6221242521521312,0.999996300842126,0,0,1.163673642533937,0.5522974823947191,MAP2K6
2238,GO_Biological_Process_2023,Nucleoside Triphosphate Biosynthetic Process (GO:0009142),1/5,0.6221242521521312,0.999996300842126,0,0,1.163673642533937,0.5522974823947191,AK5
2237,GO_Biological_Process_2023,Nucleoside Transport (GO:0015858),1/5,0.6221242521521312,0.999996300842126,0,0,1.163673642533937,0.5522974823947191,SLC29A4
2236,GO_Biological_Process_2023,Neutrophil Extravasation (GO:0072672),1/5,0.6221242521521312,0.999996300842126,0,0,1.163673642533937,0.5522974823947191,PECAM1
2235,GO_Biological_Process_2023,Neutrophil Degranulation (GO:0043312),1/5,0.6221242521521312,0.999996300842126,0,0,1.163673642533937,0.5522974823947191,STXBP2
2234,GO_Biological_Process_2023,Neurotransmitter-Gated Ion Channel Clustering (GO:0072578),1/5,0.6221242521521312,0.999996300842126,0,0,1.163673642533937,0.5522974823947191,NLGN1
2233,GO_Biological_Process_2023,Neuroblast Proliferation (GO:0007405),1/5,0.6221242521521312,0.999996300842126,0,0,1.163673642533937,0.5522974823947191,RACGAP1
2232,GO_Biological_Process_2023,Negative Regulation Of Relaxation Of Muscle (GO:1901078),1/5,0.6221242521521312,0.999996300842126,0,0,1.163673642533937,0.5522974823947191,TIFAB
2231,GO_Biological_Process_2023,Negative Regulation Of Protein Targeting To Membrane (GO:0090315),1/5,0.6221242521521312,0.999996300842126,0,0,1.163673642533937,0.5522974823947191,KCNE1
2230,GO_Biological_Process_2023,Negative Regulation Of Neuron Migration (GO:2001223),1/5,0.6221242521521312,0.999996300842126,0,0,1.163673642533937,0.5522974823947191,CX3CL1
2229,GO_Biological_Process_2023,Negative Regulation Of Nervous System Process (GO:0031645),1/5,0.6221242521521312,0.999996300842126,0,0,1.163673642533937,0.5522974823947191,JAM2
2228,GO_Biological_Process_2023,Negative Regulation Of Morphogenesis Of An Epithelium (GO:1905331),1/5,0.6221242521521312,0.999996300842126,0,0,1.163673642533937,0.5522974823947191,SULF1
2227,GO_Biological_Process_2023,Negative Regulation Of Lipoprotein Lipase Activity (GO:0051005),1/5,0.6221242521521312,0.999996300842126,0,0,1.163673642533937,0.5522974823947191,ANGPTL4
2258,GO_Biological_Process_2023,Positive Regulation Of Mitochondrial Membrane Potential (GO:0010918),1/5,0.6221242521521312,0.999996300842126,0,0,1.163673642533937,0.5522974823947191,TCL1A
2257,GO_Biological_Process_2023,Positive Regulation Of Microglial Cell Activation (GO:1903980),1/5,0.6221242521521312,0.999996300842126,0,0,1.163673642533937,0.5522974823947191,MMP8
2256,GO_Biological_Process_2023,Positive Regulation Of Male Gonad Development (GO:2000020),1/5,0.6221242521521312,0.999996300842126,0,0,1.163673642533937,0.5522974823947191,WT1
2255,GO_Biological_Process_2023,Positive Regulation Of Interleukin-18 Production (GO:0032741),1/5,0.6221242521521312,0.999996300842126,0,0,1.163673642533937,0.5522974823947191,GBP5
2254,GO_Biological_Process_2023,Positive Regulation Of Hemoglobin Biosynthetic Process (GO:0046985),1/5,0.6221242521521312,0.999996300842126,0,0,1.163673642533937,0.5522974823947191,KLF4
2253,GO_Biological_Process_2023,Positive Regulation Of Gonad Development (GO:1905941),1/5,0.6221242521521312,0.999996300842126,0,0,1.163673642533937,0.5522974823947191,WT1
2252,GO_Biological_Process_2023,Positive Regulation Of Cell-Cell Adhesion Mediated By Integrin (GO:0033634),1/5,0.6221242521521312,0.999996300842126,0,0,1.163673642533937,0.5522974823947191,CXCL13
2251,GO_Biological_Process_2023,Positive Regulation Of Cardiac Muscle Cell Differentiation (GO:2000727),1/5,0.6221242521521312,0.999996300842126,0,0,1.163673642533937,0.5522974823947191,MYOCD
2250,GO_Biological_Process_2023,Positive Regulation Of Autophagy Of Mitochondrion In Response To Mitochondrial Depolarization (GO:1904925),1/5,0.6221242521521312,0.999996300842126,0,0,1.163673642533937,0.5522974823947191,PRKN
2249,GO_Biological_Process_2023,Positive Regulation Of T-helper 2 Cell Differentiation (GO:0045630),1/5,0.6221242521521312,0.999996300842126,0,0,1.163673642533937,0.5522974823947191,TNFSF4
2248,GO_Biological_Process_2023,Positive Regulation Of I-kappaB Phosphorylation (GO:1903721),1/5,0.6221242521521312,0.999996300842126,0,0,1.163673642533937,0.5522974823947191,CX3CL1
2247,GO_Biological_Process_2023,"Positive Regulation Of CD4-positive, CD25-positive, Alpha-Beta Regulatory T Cell Differentiation (GO:0032831)",1/5,0.6221242521521312,0.999996300842126,0,0,1.163673642533937,0.5522974823947191,IFNG
2246,GO_Biological_Process_2023,Polyamine Transport (GO:0015846),1/5,0.6221242521521312,0.999996300842126,0,0,1.163673642533937,0.5522974823947191,SLC22A3
2245,GO_Biological_Process_2023,poly-N-acetyllactosamine Metabolic Process (GO:0030309),1/5,0.6221242521521312,0.999996300842126,0,0,1.163673642533937,0.5522974823947191,B3GNT4
2244,GO_Biological_Process_2023,Phosphatidylinositol Acyl-Chain Remodeling (GO:0036149),1/5,0.6221242521521312,0.999996300842126,0,0,1.163673642533937,0.5522974823947191,PLA2G4D
2243,GO_Biological_Process_2023,Phagosome Acidification (GO:0090383),1/5,0.6221242521521312,0.999996300842126,0,0,1.163673642533937,0.5522974823947191,SLAMF8
2274,GO_Biological_Process_2023,Protein Sulfation (GO:0006477),1/5,0.6221242521521312,0.999996300842126,0,0,1.163673642533937,0.5522974823947191,HS3ST6
2273,GO_Biological_Process_2023,Protein Repair (GO:0030091),1/5,0.6221242521521312,0.999996300842126,0,0,1.163673642533937,0.5522974823947191,MSRB3
2272,GO_Biological_Process_2023,Protein Import (GO:0017038),1/5,0.6221242521521312,0.999996300842126,0,0,1.163673642533937,0.5522974823947191,GPIHBP1
2271,GO_Biological_Process_2023,Pronephros Development (GO:0048793),1/5,0.6221242521521312,0.999996300842126,0,0,1.163673642533937,0.5522974823947191,PAX2
2270,GO_Biological_Process_2023,Positive Regulation Of Vascular Associated Smooth Muscle Cell Differentiation (GO:1905065),1/5,0.6221242521521312,0.999996300842126,0,0,1.163673642533937,0.5522974823947191,KIT
2269,GO_Biological_Process_2023,Positive Regulation Of Transcription Of Notch Receptor Target (GO:0007221),1/5,0.6221242521521312,0.999996300842126,0,0,1.163673642533937,0.5522974823947191,NOTCH4
2268,GO_Biological_Process_2023,Positive Regulation Of Toll-Like Receptor 7 Signaling Pathway (GO:0034157),1/5,0.6221242521521312,0.999996300842126,0,0,1.163673642533937,0.5522974823947191,RSAD2
2267,GO_Biological_Process_2023,Positive Regulation Of Sterol Transport (GO:0032373),1/5,0.6221242521521312,0.999996300842126,0,0,1.163673642533937,0.5522974823947191,CETP
2266,GO_Biological_Process_2023,Positive Regulation Of Skeletal Muscle Fiber Development (GO:0048743),1/5,0.6221242521521312,0.999996300842126,0,0,1.163673642533937,0.5522974823947191,MYOG
2265,GO_Biological_Process_2023,Positive Regulation Of Protein Catabolic Process In The Vacuole (GO:1904352),1/5,0.6221242521521312,0.999996300842126,0,0,1.163673642533937,0.5522974823947191,LRP1
2264,GO_Biological_Process_2023,Positive Regulation Of Programmed Necrotic Cell Death (GO:0062100),1/5,0.6221242521521312,0.999996300842126,0,0,1.163673642533937,0.5522974823947191,IGF2BP1
2263,GO_Biological_Process_2023,Positive Regulation Of Osteoblast Proliferation (GO:0033690),1/5,0.6221242521521312,0.999996300842126,0,0,1.163673642533937,0.5522974823947191,CCNA2
2262,GO_Biological_Process_2023,Positive Regulation Of Nuclear Cell Cycle DNA Replication (GO:0010571),1/5,0.6221242521521312,0.999996300842126,0,0,1.163673642533937,0.5522974823947191,CDC7
2261,GO_Biological_Process_2023,Positive Regulation Of Necroptotic Process (GO:0060545),1/5,0.6221242521521312,0.999996300842126,0,0,1.163673642533937,0.5522974823947191,IGF2BP1
2260,GO_Biological_Process_2023,Positive Regulation Of Natural Killer Cell Mediated Immune Response To Tumor Cell (GO:0002857),1/5,0.6221242521521312,0.999996300842126,0,0,1.163673642533937,0.5522974823947191,IL12B
2259,GO_Biological_Process_2023,Positive Regulation Of Natural Killer Cell Mediated Cytotoxicity Directed Against Tumor Cell Target (GO:0002860),1/5,0.6221242521521312,0.999996300842126,0,0,1.163673642533937,0.5522974823947191,IL12B
2290,GO_Biological_Process_2023,Regulation Of Keratinocyte Apoptotic Process (GO:1902172),1/5,0.6221242521521312,0.999996300842126,0,0,1.163673642533937,0.5522974823947191,ZFP36
2289,GO_Biological_Process_2023,Regulation Of Interleukin-1-Mediated Signaling Pathway (GO:2000659),1/5,0.6221242521521312,0.999996300842126,0,0,1.163673642533937,0.5522974823947191,IL6
2288,GO_Biological_Process_2023,Regulation Of Immunoglobulin Mediated Immune Response (GO:0002889),1/5,0.6221242521521312,0.999996300842126,0,0,1.163673642533937,0.5522974823947191,TNFSF4
2287,GO_Biological_Process_2023,Regulation Of Hydrogen Peroxide Metabolic Process (GO:0010310),1/5,0.6221242521521312,0.999996300842126,0,0,1.163673642533937,0.5522974823947191,MMP3
2286,GO_Biological_Process_2023,Regulation Of Hyaluronan Biosynthetic Process (GO:1900125),1/5,0.6221242521521312,0.999996300842126,0,0,1.163673642533937,0.5522974823947191,EGF
2285,GO_Biological_Process_2023,Regulation Of Hematopoietic Stem Cell Proliferation (GO:1902033),1/5,0.6221242521521312,0.999996300842126,0,0,1.163673642533937,0.5522974823947191,THPO
2284,GO_Biological_Process_2023,Regulation Of Fat Cell Proliferation (GO:0070344),1/5,0.6221242521521312,0.999996300842126,0,0,1.163673642533937,0.5522974823947191,PID1
2283,GO_Biological_Process_2023,Regulation Of Extracellular Exosome Assembly (GO:1903551),1/5,0.6221242521521312,0.999996300842126,0,0,1.163673642533937,0.5522974823947191,SDC1
2282,GO_Biological_Process_2023,Regulation Of Excitatory Synapse Assembly (GO:1904889),1/5,0.6221242521521312,0.999996300842126,0,0,1.163673642533937,0.5522974823947191,LRFN4
2281,GO_Biological_Process_2023,Regulation Of Establishment Of T Cell Polarity (GO:1903903),1/5,0.6221242521521312,0.999996300842126,0,0,1.163673642533937,0.5522974823947191,GSN
2280,GO_Biological_Process_2023,Regulation Of Epinephrine Secretion (GO:0014060),1/5,0.6221242521521312,0.999996300842126,0,0,1.163673642533937,0.5522974823947191,VIP
2279,GO_Biological_Process_2023,Regulation Of Calcidiol 1-Monooxygenase Activity (GO:0060558),1/5,0.6221242521521312,0.999996300842126,0,0,1.163673642533937,0.5522974823947191,IFNG
2278,GO_Biological_Process_2023,Regulation Of Blood Vessel Remodeling (GO:0060312),1/5,0.6221242521521312,0.999996300842126,0,0,1.163673642533937,0.5522974823947191,NRG1
2277,GO_Biological_Process_2023,Regulation Of Basement Membrane Organization (GO:0110011),1/5,0.6221242521521312,0.999996300842126,0,0,1.163673642533937,0.5522974823947191,LAMA2
2276,GO_Biological_Process_2023,Regulation Of NK T Cell Activation (GO:0051133),1/5,0.6221242521521312,0.999996300842126,0,0,1.163673642533937,0.5522974823947191,IL12B
2275,GO_Biological_Process_2023,Purine Ribonucleoside Catabolic Process (GO:0046130),1/5,0.6221242521521312,0.999996300842126,0,0,1.163673642533937,0.5522974823947191,SORD
2306,GO_Biological_Process_2023,Regulation Of System Process (GO:0044057),1/5,0.6221242521521312,0.999996300842126,0,0,1.163673642533937,0.5522974823947191,HTR2C
2305,GO_Biological_Process_2023,Regulation Of Superoxide Metabolic Process (GO:0090322),1/5,0.6221242521521312,0.999996300842126,0,0,1.163673642533937,0.5522974823947191,FBLN5
2304,GO_Biological_Process_2023,"Regulation Of Retrograde Transport, Endosome To Golgi (GO:1905279)",1/5,0.6221242521521312,0.999996300842126,0,0,1.163673642533937,0.5522974823947191,PRKN
2303,GO_Biological_Process_2023,Regulation Of Retinal Ganglion Cell Axon Guidance (GO:0090259),1/5,0.6221242521521312,0.999996300842126,0,0,1.163673642533937,0.5522974823947191,NELL1
2302,GO_Biological_Process_2023,Regulation Of Resting Membrane Potential (GO:0060075),1/5,0.6221242521521312,0.999996300842126,0,0,1.163673642533937,0.5522974823947191,KCNK1
2301,GO_Biological_Process_2023,Regulation Of Protein Targeting (GO:1903533),1/5,0.6221242521521312,0.999996300842126,0,0,1.163673642533937,0.5522974823947191,PRKN
2300,GO_Biological_Process_2023,Regulation Of pre-miRNA Processing (GO:2000631),1/5,0.6221242521521312,0.999996300842126,0,0,1.163673642533937,0.5522974823947191,HOXB-AS3
2299,GO_Biological_Process_2023,Regulation Of Peptidyl-Cysteine S-nitrosylation (GO:2000169),1/5,0.6221242521521312,0.999996300842126,0,0,1.163673642533937,0.5522974823947191,DMD
2298,GO_Biological_Process_2023,Regulation Of Nitric Oxide Mediated Signal Transduction (GO:0010749),1/5,0.6221242521521312,0.999996300842126,0,0,1.163673642533937,0.5522974823947191,EGFR
2297,GO_Biological_Process_2023,Regulation Of Neutrophil Activation (GO:1902563),1/5,0.6221242521521312,0.999996300842126,0,0,1.163673642533937,0.5522974823947191,PLA2G2A
2296,GO_Biological_Process_2023,Regulation Of Natural Killer Cell Mediated Immunity (GO:0002715),1/5,0.6221242521521312,0.999996300842126,0,0,1.163673642533937,0.5522974823947191,LEP
2295,GO_Biological_Process_2023,Regulation Of Morphogenesis Of A Branching Structure (GO:0060688),1/5,0.6221242521521312,0.999996300842126,0,0,1.163673642533937,0.5522974823947191,SIX2
2294,GO_Biological_Process_2023,Regulation Of Mast Cell Chemotaxis (GO:0060753),1/5,0.6221242521521312,0.999996300842126,0,0,1.163673642533937,0.5522974823947191,VEGFD
2293,GO_Biological_Process_2023,Regulation Of Macrophage Proliferation (GO:0120040),1/5,0.6221242521521312,0.999996300842126,0,0,1.163673642533937,0.5522974823947191,IL33
2292,GO_Biological_Process_2023,Regulation Of mRNA Binding (GO:1902415),1/5,0.6221242521521312,0.999996300842126,0,0,1.163673642533937,0.5522974823947191,LARP6
2291,GO_Biological_Process_2023,Regulation Of Long-Chain Fatty Acid Import Across Plasma Membrane (GO:0010746),1/5,0.6221242521521312,0.999996300842126,0,0,1.163673642533937,0.5522974823947191,IRS2
2322,GO_Biological_Process_2023,Synaptic Vesicle Uncoating (GO:0016191),1/5,0.6221242521521312,0.999996300842126,0,0,1.163673642533937,0.5522974823947191,SH3GL2
2321,GO_Biological_Process_2023,succinyl-CoA Catabolic Process (GO:1901289),1/5,0.6221242521521312,0.999996300842126,0,0,1.163673642533937,0.5522974823947191,NUDT7
2320,GO_Biological_Process_2023,Subtelomeric Heterochromatin Formation (GO:0031509),1/5,0.6221242521521312,0.999996300842126,0,0,1.163673642533937,0.5522974823947191,EZH2
2319,GO_Biological_Process_2023,Striated Muscle Hypertrophy (GO:0014897),1/5,0.6221242521521312,0.999996300842126,0,0,1.163673642533937,0.5522974823947191,MYOC
2318,GO_Biological_Process_2023,Signal Complex Assembly (GO:0007172),1/5,0.6221242521521312,0.999996300842126,0,0,1.163673642533937,0.5522974823947191,MAPK8IP2
2317,GO_Biological_Process_2023,Short-Chain Fatty Acid Catabolic Process (GO:0019626),1/5,0.6221242521521312,0.999996300842126,0,0,1.163673642533937,0.5522974823947191,PCK1
2316,GO_Biological_Process_2023,Response To Testosterone (GO:0033574),1/5,0.6221242521521312,0.999996300842126,0,0,1.163673642533937,0.5522974823947191,SPP1
2315,GO_Biological_Process_2023,Response To Manganese Ion (GO:0010042),1/5,0.6221242521521312,0.999996300842126,0,0,1.163673642533937,0.5522974823947191,PRKN
2314,GO_Biological_Process_2023,Response To Lithium Ion (GO:0010226),1/5,0.6221242521521312,0.999996300842126,0,0,1.163673642533937,0.5522974823947191,SLC13A2
2313,GO_Biological_Process_2023,Response To cGMP (GO:0070305),1/5,0.6221242521521312,0.999996300842126,0,0,1.163673642533937,0.5522974823947191,PDE2A
2312,GO_Biological_Process_2023,Response To DNA Damage Checkpoint Signaling (GO:0072423),1/5,0.6221242521521312,0.999996300842126,0,0,1.163673642533937,0.5522974823947191,EME1
2311,GO_Biological_Process_2023,Resolution Of Recombination Intermediates (GO:0071139),1/5,0.6221242521521312,0.999996300842126,0,0,1.163673642533937,0.5522974823947191,RMI2
2310,GO_Biological_Process_2023,Regulation Of Vitamin D Biosynthetic Process (GO:0060556),1/5,0.6221242521521312,0.999996300842126,0,0,1.163673642533937,0.5522974823947191,IFNG
2309,GO_Biological_Process_2023,Regulation Of Transmission Of Nerve Impulse (GO:0051969),1/5,0.6221242521521312,0.999996300842126,0,0,1.163673642533937,0.5522974823947191,TYMP
2308,GO_Biological_Process_2023,Regulation Of Tooth Mineralization (GO:0070170),1/5,0.6221242521521312,0.999996300842126,0,0,1.163673642533937,0.5522974823947191,ASPN
2307,GO_Biological_Process_2023,Regulation Of Thymocyte Apoptotic Process (GO:0070243),1/5,0.6221242521521312,0.999996300842126,0,0,1.163673642533937,0.5522974823947191,PTCRA
2338,GO_Biological_Process_2023,Sensory Perception Of Bitter Taste (GO:0050913),7/42,0.6316256789289604,0.999996300842126,0,0,0.9307648725212464,0.4276476837039834,PIGR;CST2;CALHM1;CST1;PIP;CA6;CST4
2337,GO_Biological_Process_2023,Regulation Of Axonogenesis (GO:0050770),7/42,0.6316256789289604,0.999996300842126,0,0,0.9307648725212464,0.4276476837039834,ROBO2;NTRK2;BRSK2;CDH2;METRN;PAK3;PLXNA4
2336,GO_Biological_Process_2023,Embryonic Heart Tube Morphogenesis (GO:0003143),7/42,0.6316256789289604,0.999996300842126,0,0,0.9307648725212464,0.4276476837039834,STIL;SOX17;ZIC3;TBX20;GATA4;NKX2-5;TGFBR2
2335,GO_Biological_Process_2023,Determination Of Heart Left/Right Asymmetry (GO:0061371),7/42,0.6316256789289604,0.999996300842126,0,0,0.9307648725212464,0.4276476837039834,STIL;SOX17;ZIC3;TBX20;GATA4;NKX2-5;TGFBR2
2334,GO_Biological_Process_2023,DNA Recombination (GO:0006310),7/42,0.6316256789289604,0.999996300842126,0,0,0.9307648725212464,0.4276476837039834,BLM;RMI2;RAD51;EXO1;XRCC2;HMGB3;RAD54B
2333,GO_Biological_Process_2023,Substrate Adhesion-Dependent Cell Spreading (GO:0034446),6/36,0.6316113089214153,0.999996300842126,0,0,0.9307844803171906,0.4276778690284114,NELL1;KIF14;FN1;TYRO3;TEK;FERMT2
2332,GO_Biological_Process_2023,Receptor Signaling Pathway Via JAK-STAT (GO:0007259),6/36,0.6316113089214153,0.999996300842126,0,0,0.9307844803171906,0.4276778690284114,IL21;GHR;STAT5A;IFNG;LEP;PTK6
2331,GO_Biological_Process_2023,Negative Regulation Of Sequestering Of Calcium Ion (GO:0051283),6/36,0.6316113089214153,0.999996300842126,0,0,0.9307844803171906,0.4276778690284114,CCL21;HTR2C;CCR7;HTR2A;PLCH2;FGF2
2330,GO_Biological_Process_2023,Interstrand Cross-Link Repair (GO:0036297),6/36,0.6316113089214153,0.999996300842126,0,0,0.9307844803171906,0.4276778690284114,RAD51AP1;FANCI;NEIL3;RAD51;CENPX;FANCA
2329,GO_Biological_Process_2023,Heart Development (GO:0007507),29/171,0.6298454162917202,0.999996300842126,0,0,0.9501601972152184,0.4392408737434678,CCM2L;GATA5;GATA4;LDB3;PCSK5;CRIP1;PDLIM3;SOX17;FLRT2;GPC3;TNNI3;NKX2-5;SGCG;MYOCD;NTRK3;FN1;POU4F1;SGCZ;BMP5;TGFBR2;TGFBR3;KAT2B;BMP2;MYL7;TH;WT1;MYL2;ALPK3;TEK
2328,GO_Biological_Process_2023,Sensory Perception Of Mechanical Stimulus (GO:0050954),15/89,0.6248220523901129,0.999996300842126,0,0,0.9432409411114692,0.4435952597675534,CLIC5;CEMIP;KCNE1;COL11A1;SLC52A3;MYO7B;CACNA1D;OTOR;COL1A1;COL2A1;MYO3B;COL4A3;CDH23;BIRC5;TPRN
2327,GO_Biological_Process_2023,Response To Lipopolysaccharide (GO:0032496),27/159,0.6247154968944924,0.999996300842126,0,0,0.9516899766899768,0.4477310555977532,CXCL9;CITED1;CD80;NOD2;CXCL13;CXCL2;PPM1E;PYCARD;ZFP36;CARD17P;IL36RN;CTSG;S100A14;NOS1;SNCA;SLC11A1;PPBP;SELP;CXCL10;CXCL11;IL6;TNFSF4;TNIP3;S100A9;S100A8;S100A7;PF4
2326,GO_Biological_Process_2023,Xenobiotic Transport Across Blood-Brain Barrier (GO:1990962),1/5,0.6221242521521312,0.999996300842126,0,0,1.163673642533937,0.5522974823947191,ABCG2
2325,GO_Biological_Process_2023,Ventricular Compact Myocardium Morphogenesis (GO:0003223),1/5,0.6221242521521312,0.999996300842126,0,0,1.163673642533937,0.5522974823947191,TGFBR3
2324,GO_Biological_Process_2023,Type B Pancreatic Cell Proliferation (GO:0044342),1/5,0.6221242521521312,0.999996300842126,0,0,1.163673642533937,0.5522974823947191,NKX6-1
2323,GO_Biological_Process_2023,Transmembrane Receptor Protein Tyrosine Phosphatase Signaling Pathway (GO:0007185),1/5,0.6221242521521312,0.999996300842126,0,0,1.163673642533937,0.5522974823947191,PTN
2354,GO_Biological_Process_2023,Positive Regulation Of p38MAPK Cascade (GO:1900745),4/24,0.6352019873384092,0.999996300842126,0,0,0.9308236626096802,0.4224191717208498,BMP2;LEP;SORD;RELL2
2353,GO_Biological_Process_2023,Positive Regulation Of Cellular Response To Transforming Growth Factor Beta Stimulus (GO:1903846),4/24,0.6352019873384092,0.999996300842126,0,0,0.9308236626096802,0.4224191717208498,CDKN1C;TNXB;LRG1;CITED1
2352,GO_Biological_Process_2023,Positive Regulation Of ERBB Signaling Pathway (GO:1901186),4/24,0.6352019873384092,0.999996300842126,0,0,0.9308236626096802,0.4224191717208498,PLAUR;AGR2;PTK6;MMP9
2351,GO_Biological_Process_2023,Neuromuscular Junction Development (GO:0007528),4/24,0.6352019873384092,0.999996300842126,0,0,0.9308236626096802,0.4224191717208498,UNC13C;UNC13A;DOK7;KY
2350,GO_Biological_Process_2023,Natural Killer Cell Mediated Cytotoxicity (GO:0042267),4/24,0.6352019873384092,0.999996300842126,0,0,0.9308236626096802,0.4224191717208498,FCGR3A;GZMB;ULBP2;ULBP1
2349,GO_Biological_Process_2023,Iron Ion Transport (GO:0006826),4/24,0.6352019873384092,0.999996300842126,0,0,0.9308236626096802,0.4224191717208498,SCARA5;TFR2;SLC11A1;F3
2348,GO_Biological_Process_2023,ERK1 And ERK2 Cascade (GO:0070371),4/24,0.6352019873384092,0.999996300842126,0,0,0.9308236626096802,0.4224191717208498,EGF;CDK1;IGF1;MT3
2347,GO_Biological_Process_2023,Regulation Of Focal Adhesion Assembly (GO:0051893),9/54,0.6332774198472971,0.999996300842126,0,0,0.9307256235827664,0.4251989212181126,NELL1;SFRP1;MYOC;FAM107A;NRG1;APOD;TEK;GPM6B;FERMT2
2346,GO_Biological_Process_2023,Peptidyl-Tyrosine Modification (GO:0018212),9/54,0.6332774198472971,0.999996300842126,0,0,0.9307256235827664,0.4251989212181126,EFEMP1;RELN;SRMS;ERBB2;TEK;FGFR4;FGFR3;EGFR;DDR2
2345,GO_Biological_Process_2023,"Phagocytosis, Engulfment (GO:0006911)",5/30,0.6325733334066181,0.999996300842126,0,0,0.9308040770101924,0.4262702187518123,MARCO;XKR7;GSN;RAC3;CD36
2344,GO_Biological_Process_2023,Nucleic Acid Metabolic Process (GO:0090304),5/30,0.6325733334066181,0.999996300842126,0,0,0.9308040770101924,0.4262702187518123,FEN1;DNA2;KPNA2;DNASE1L2;DNASE1L3
2343,GO_Biological_Process_2023,Negative Regulation Of Interleukin-1 Production (GO:0032692),5/30,0.6325733334066181,0.999996300842126,0,0,0.9308040770101924,0.4262702187518123,CARD17P;FFAR4;PYDC1;IGF1;CX3CL1
2342,GO_Biological_Process_2023,Negative Regulation Of Blood Coagulation (GO:0030195),5/30,0.6325733334066181,0.999996300842126,0,0,0.9308040770101924,0.4262702187518123,FGA;C1QTNF1;PROC;F12;TFPI
2341,GO_Biological_Process_2023,Intrinsic Apoptotic Signaling Pathway In Response To Endoplasmic Reticulum Stress (GO:0070059),5/30,0.6325733334066181,0.999996300842126,0,0,0.9308040770101924,0.4262702187518123,BRSK2;ATP2A3;TRIB3;RNF186;BBC3
2340,GO_Biological_Process_2023,Oligosaccharide Metabolic Process (GO:0009311),8/48,0.6322513326444508,0.999996300842126,0,0,0.9307452536129216,0.4267171808039743,NEU4;FUT7;ST8SIA2;B3GALT1;FUT2;ST6GALNAC3;B4GALNT2;FUT3
2339,GO_Biological_Process_2023,Skeletal Muscle Tissue Development (GO:0007519),7/42,0.6316256789289604,0.999996300842126,0,0,0.9307648725212464,0.4276476837039834,MYOG;MYLK2;EGR2;CAV2;CAV1;DMD;MYOZ2
2370,GO_Biological_Process_2023,Neuron Fate Commitment (GO:0048663),3/18,0.6409799585028839,0.999996300842126,0,0,0.9308432371250708,0.4139991280275431,ISL2;PAX6;POU4F1
2369,GO_Biological_Process_2023,Neuromuscular Process (GO:0050905),3/18,0.6409799585028839,0.999996300842126,0,0,0.9308432371250708,0.4139991280275431,PRRT2;TIFAB;KCNA1
2368,GO_Biological_Process_2023,Mesenchyme Morphogenesis (GO:0072132),3/18,0.6409799585028839,0.999996300842126,0,0,0.9308432371250708,0.4139991280275431,ADAMTS5;BMP2;TBX20
2367,GO_Biological_Process_2023,Glycerolipid Catabolic Process (GO:0046503),3/18,0.6409799585028839,0.999996300842126,0,0,0.9308432371250708,0.4139991280275431,PLA2G4D;PLA2G4A;MGLL
2366,GO_Biological_Process_2023,fatty-acyl-CoA Metabolic Process (GO:0035337),3/18,0.6409799585028839,0.999996300842126,0,0,0.9308432371250708,0.4139991280275431,NUDT7;DGAT2;ACSM2A
2365,GO_Biological_Process_2023,Dendritic Cell Migration (GO:0036336),3/18,0.6409799585028839,0.999996300842126,0,0,0.9308432371250708,0.4139991280275431,CCL21;CXCR2;CCR7
2364,GO_Biological_Process_2023,Barbed-End Actin Filament Capping (GO:0051016),3/18,0.6409799585028839,0.999996300842126,0,0,0.9308432371250708,0.4139991280275431,VIL1;GSN;CAPZA3
2363,GO_Biological_Process_2023,Adrenergic Receptor Signaling Pathway (GO:0071875),3/18,0.6409799585028839,0.999996300842126,0,0,0.9308432371250708,0.4139991280275431,ADRB3;ADRB1;ADRB2
2362,GO_Biological_Process_2023,Actin Filament Capping (GO:0051693),3/18,0.6409799585028839,0.999996300842126,0,0,0.9308432371250708,0.4139991280275431,VIL1;GSN;CAPZA3
2361,GO_Biological_Process_2023,Plasma Membrane Organization (GO:0007009),12/72,0.6376713404267267,0.999996300842126,0,0,0.9306666666666666,0.418736964797039,TRIM72;EHD2;ABCD2;MYMX;CAV3;COL5A1;CAVIN2;PLSCR4;ANK2;TLCD1;SPTBN1;PACSIN1
2360,GO_Biological_Process_2023,Response To Reactive Oxygen Species (GO:0000302),11/66,0.6360575431522466,0.999996300842126,0,0,0.9306863301191152,0.4211041472751923,HYAL1;PTPRN;CAT;HBB;APOD;FOS;HBA1;MMP9;MT3;EGFR;S100A7
2359,GO_Biological_Process_2023,Response To Hexose (GO:0009746),4/24,0.6352019873384092,0.999996300842126,0,0,0.9308236626096802,0.4224191717208498,SLC30A8;HNF4A;IRS2;GPLD1
2358,GO_Biological_Process_2023,Regulation Of Endoplasmic Reticulum Stress-Induced Intrinsic Apoptotic Signaling Pathway (GO:1902235),4/24,0.6352019873384092,0.999996300842126,0,0,0.9308236626096802,0.4224191717208498,PRKN;CREB3L1;PMAIP1;MAGEA3
2357,GO_Biological_Process_2023,Protein Kinase B Signaling (GO:0043491),4/24,0.6352019873384092,0.999996300842126,0,0,0.9308236626096802,0.4224191717208498,TYRO3;IGF1;MT3;PAX2
2356,GO_Biological_Process_2023,Positive Regulation Of Transforming Growth Factor Beta Receptor Signaling Pathway (GO:0030511),4/24,0.6352019873384092,0.999996300842126,0,0,0.9308236626096802,0.4224191717208498,CDKN1C;TNXB;LRG1;CITED1
2355,GO_Biological_Process_2023,Positive Regulation Of Peptidyl-Threonine Phosphorylation (GO:0010800),4/24,0.6352019873384092,0.999996300842126,0,0,0.9308236626096802,0.4224191717208498,CEMIP;EGF;PLK1;AZU1
2386,GO_Biological_Process_2023,Regulation Of Vascular Endothelial Cell Proliferation (GO:1905562),3/18,0.6409799585028839,0.999996300842126,0,0,0.9308432371250708,0.4139991280275431,COL4A3;PPARG;FGF2
2385,GO_Biological_Process_2023,Regulation Of Oligodendrocyte Differentiation (GO:0048713),3/18,0.6409799585028839,0.999996300842126,0,0,0.9308432371250708,0.4139991280275431,PTPRZ1;DAAM2;PTN
2384,GO_Biological_Process_2023,Regulation Of Exosomal Secretion (GO:1903541),3/18,0.6409799585028839,0.999996300842126,0,0,0.9308432371250708,0.4139991280275431,PRKN;IFNG;SDC1
2383,GO_Biological_Process_2023,Regulation Of Cell-Cell Adhesion Mediated By Cadherin (GO:2000047),3/18,0.6409799585028839,0.999996300842126,0,0,0.9308432371250708,0.4139991280275431,FOXA1;NOTCH4;BMP6
2382,GO_Biological_Process_2023,Regulation Of Cell Cycle G2/M Phase Transition (GO:1902749),3/18,0.6409799585028839,0.999996300842126,0,0,0.9308432371250708,0.4139991280275431,CENPF;KIF14;AURKA
2381,GO_Biological_Process_2023,Regulation Of DNA Damage Checkpoint (GO:2000001),3/18,0.6409799585028839,0.999996300842126,0,0,0.9308432371250708,0.4139991280275431,DEPDC1B;RAD51;BRCA2
2380,GO_Biological_Process_2023,Positive Regulation Of Stress-Activated Protein Kinase Signaling Cascade (GO:0070304),3/18,0.6409799585028839,0.999996300842126,0,0,0.9308432371250708,0.4139991280275431,NOD2;IGFBP6;INAVA
2379,GO_Biological_Process_2023,Positive Regulation Of Osteoclast Differentiation (GO:0045672),3/18,0.6409799585028839,0.999996300842126,0,0,0.9308432371250708,0.4139991280275431,IFNG;IL12B;POU4F1
2378,GO_Biological_Process_2023,Positive Regulation Of Nervous System Process (GO:0031646),3/18,0.6409799585028839,0.999996300842126,0,0,0.9308432371250708,0.4139991280275431,RIMS2;RIMS1;EGR2
2377,GO_Biological_Process_2023,Positive Regulation Of Macrophage Migration (GO:1905523),3/18,0.6409799585028839,0.999996300842126,0,0,0.9308432371250708,0.4139991280275431,P2RY12;CXCL17;CX3CL1
2376,GO_Biological_Process_2023,Positive Regulation Of Interleukin-4 Production (GO:0032753),3/18,0.6409799585028839,0.999996300842126,0,0,0.9308432371250708,0.4139991280275431,SLC7A5;TNFSF4;GATA3
2375,GO_Biological_Process_2023,Positive Regulation Of Glycolytic Process (GO:0045821),3/18,0.6409799585028839,0.999996300842126,0,0,0.9308432371250708,0.4139991280275431,MLXIPL;IFNG;IGF1
2374,GO_Biological_Process_2023,Positive Regulation Of Epidermal Cell Differentiation (GO:0045606),3/18,0.6409799585028839,0.999996300842126,0,0,0.9308432371250708,0.4139991280275431,IL20;ZBED2;PLAAT4
2373,GO_Biological_Process_2023,Positive Regulation Of Cyclin-Dependent Protein Kinase Activity (GO:1904031),3/18,0.6409799585028839,0.999996300842126,0,0,0.9308432371250708,0.4139991280275431,PSRC1;PROX1;EGFR
2372,GO_Biological_Process_2023,Positive Regulation Of NLRP3 Inflammasome Complex Assembly (GO:1900227),3/18,0.6409799585028839,0.999996300842126,0,0,0.9308432371250708,0.4139991280275431,GBP5;DEPDC1B;CD36
2371,GO_Biological_Process_2023,Positive Regulation Of CREB Transcription Factor Activity (GO:0032793),3/18,0.6409799585028839,0.999996300842126,0,0,0.9308432371250708,0.4139991280275431,OPRD1;RELN;LRP8
2402,GO_Biological_Process_2023,Mesoderm Morphogenesis (GO:0048332),2/12,0.6538150856579151,0.999996300842126,0,0,0.9308628005657708,0.3955521918245053,CRB2;SCX
2401,GO_Biological_Process_2023,Lipid Droplet Formation (GO:0140042),2/12,0.6538150856579151,0.999996300842126,0,0,0.9308628005657708,0.3955521918245053,SQLE;SMIM22
2400,GO_Biological_Process_2023,Fatty Acid Elongation (GO:0030497),2/12,0.6538150856579151,0.999996300842126,0,0,0.9308628005657708,0.3955521918245053,ELOVL2;ELOVL3
2399,GO_Biological_Process_2023,Endothelium Development (GO:0003158),2/12,0.6538150856579151,0.999996300842126,0,0,0.9308628005657708,0.3955521918245053,PECAM1;CD34
2398,GO_Biological_Process_2023,Defense Response To Tumor Cell (GO:0002357),2/12,0.6538150856579151,0.999996300842126,0,0,0.9308628005657708,0.3955521918245053,KLF4;RBMS3
2397,GO_Biological_Process_2023,Cellular Component Maintenance (GO:0043954),2/12,0.6538150856579151,0.999996300842126,0,0,0.9308628005657708,0.3955521918245053,CLDN3;TPRN
2396,GO_Biological_Process_2023,Cell-Cell Junction Maintenance (GO:0045217),2/12,0.6538150856579151,0.999996300842126,0,0,0.9308628005657708,0.3955521918245053,FERMT2;INAVA
2395,GO_Biological_Process_2023,Cell Projection Assembly (GO:0030031),2/12,0.6538150856579151,0.999996300842126,0,0,0.9308628005657708,0.3955521918245053,GSN;RAC3
2394,GO_Biological_Process_2023,Axonal Transport Of Mitochondrion (GO:0019896),2/12,0.6538150856579151,0.999996300842126,0,0,0.9308628005657708,0.3955521918245053,NEFL;MGARP
2393,GO_Biological_Process_2023,Axonal Fasciculation (GO:0007413),2/12,0.6538150856579151,0.999996300842126,0,0,0.9308628005657708,0.3955521918245053,SEMA5A;CRTAC1
2392,GO_Biological_Process_2023,Atrial Cardiac Muscle Tissue Development (GO:0003228),2/12,0.6538150856579151,0.999996300842126,0,0,0.9308628005657708,0.3955521918245053,PROX1;NKX2-5
2391,GO_Biological_Process_2023,Astrocyte Activation (GO:0048143),2/12,0.6538150856579151,0.999996300842126,0,0,0.9308628005657708,0.3955521918245053,IFNG;LRP1
2390,GO_Biological_Process_2023,DNA Strand Elongation (GO:0022616),2/12,0.6538150856579151,0.999996300842126,0,0,0.9308628005657708,0.3955521918245053,TERT;MCM4
2389,GO_Biological_Process_2023,DNA Deamination (GO:0045006),2/12,0.6538150856579151,0.999996300842126,0,0,0.9308628005657708,0.3955521918245053,EXOSC4;APOBEC3B
2388,GO_Biological_Process_2023,DNA Conformation Change (GO:0071103),2/12,0.6538150856579151,0.999996300842126,0,0,0.9308628005657708,0.3955521918245053,TOP2A;HMGB3
2387,GO_Biological_Process_2023,Response To Cholesterol (GO:0070723),3/18,0.6409799585028839,0.999996300842126,0,0,0.9308432371250708,0.4139991280275431,GPLD1;TGFBR2;CES1
2418,GO_Biological_Process_2023,Positive Regulation Of Voltage-Gated Calcium Channel Activity (GO:1901387),2/12,0.6538150856579151,0.999996300842126,0,0,0.9308628005657708,0.3955521918245053,CACNA2D1;STAC2
2417,GO_Biological_Process_2023,Positive Regulation Of Reactive Oxygen Species Biosynthetic Process (GO:1903428),2/12,0.6538150856579151,0.999996300842126,0,0,0.9308628005657708,0.3955521918245053,CD36;MMP8
2416,GO_Biological_Process_2023,Positive Regulation Of Protein Localization To Cell Surface (GO:2000010),2/12,0.6538150856579151,0.999996300842126,0,0,0.9308628005657708,0.3955521918245053,RIC3;TMEM35A
2415,GO_Biological_Process_2023,Positive Regulation Of Integrin-Mediated Signaling Pathway (GO:2001046),2/12,0.6538150856579151,0.999996300842126,0,0,0.9308628005657708,0.3955521918245053,LAMA2;LIMS2
2414,GO_Biological_Process_2023,Positive Regulation Of Insulin Receptor Signaling Pathway (GO:0046628),2/12,0.6538150856579151,0.999996300842126,0,0,0.9308628005657708,0.3955521918245053,SORBS1;ERFE
2413,GO_Biological_Process_2023,Positive Regulation Of Cellular Extravasation (GO:0002693),2/12,0.6538150856579151,0.999996300842126,0,0,0.9308628005657708,0.3955521918245053,LYVE1;XG
2412,GO_Biological_Process_2023,Positive Regulation Of T-helper Cell Differentiation (GO:0045624),2/12,0.6538150856579151,0.999996300842126,0,0,0.9308628005657708,0.3955521918245053,CD80;TNFSF4
2411,GO_Biological_Process_2023,Positive Regulation Of T-helper 1 Type Immune Response (GO:0002827),2/12,0.6538150856579151,0.999996300842126,0,0,0.9308628005657708,0.3955521918245053,SLC11A1;IL12B
2410,GO_Biological_Process_2023,"Positive Regulation Of CD4-positive, Alpha-Beta T Cell Activation (GO:2000516)",2/12,0.6538150856579151,0.999996300842126,0,0,0.9308628005657708,0.3955521918245053,TNFSF4;TGFBR2
2409,GO_Biological_Process_2023,Phosphatidylcholine Acyl-Chain Remodeling (GO:0036151),2/12,0.6538150856579151,0.999996300842126,0,0,0.9308628005657708,0.3955521918245053,MBOAT2;PLA2G4A
2408,GO_Biological_Process_2023,Phosphate Ion Homeostasis (GO:0055062),2/12,0.6538150856579151,0.999996300842126,0,0,0.9308628005657708,0.3955521918245053,SLC34A3;FGFR4
2407,GO_Biological_Process_2023,Organophosphate Catabolic Process (GO:0046434),2/12,0.6538150856579151,0.999996300842126,0,0,0.9308628005657708,0.3955521918245053,PNLIPRP2;ENPP2
2406,GO_Biological_Process_2023,Neutrophil Mediated Immunity (GO:0002446),2/12,0.6538150856579151,0.999996300842126,0,0,0.9308628005657708,0.3955521918245053,IL6;STXBP2
2405,GO_Biological_Process_2023,Negative Regulation Of Voltage-Gated Calcium Channel Activity (GO:1901386),2/12,0.6538150856579151,0.999996300842126,0,0,0.9308628005657708,0.3955521918245053,DRD4;CBARP
2404,GO_Biological_Process_2023,Negative Regulation Of Epidermal Growth Factor-Activated Receptor Activity (GO:0007175),2/12,0.6538150856579151,0.999996300842126,0,0,0.9308628005657708,0.3955521918245053,GPRC5A;CBLC
2403,GO_Biological_Process_2023,Myelination In Peripheral Nervous System (GO:0022011),2/12,0.6538150856579151,0.999996300842126,0,0,0.9308628005657708,0.3955521918245053,MYOC;LGI4
2434,GO_Biological_Process_2023,Negative Regulation Of Intrinsic Apoptotic Signaling Pathway (GO:2001243),10/61,0.6562423421857491,0.999996300842126,0,0,0.9124012519666216,0.3843263397990293,PRKN;CXCL12;EPO;DDIAS;CREB3L1;RTKN2;PLAUR;HSPB1;MMP9;MAGEA3
2433,GO_Biological_Process_2023,Response To Peptide Hormone (GO:0043434),9/55,0.6560928594292716,0.999996300842126,0,0,0.9104370008873116,0.3837063562149129,TGFBR3;STAT5A;ANXA1;CITED1;CAV1;LEP;SLC2A1;PCK1;GNAI1
2432,GO_Biological_Process_2023,Ceramide Metabolic Process (GO:0006672),9/55,0.6560928594292716,0.999996300842126,0,0,0.9104370008873116,0.3837063562149129,FUT7;SPTSSB;DEGS2;PLPP3;ST6GALNAC3;TLCD3B;PLPP1;PNPLA1;FUT3
2431,GO_Biological_Process_2023,Very Long-Chain Fatty Acid Biosynthetic Process (GO:0042761),2/12,0.6538150856579151,0.999996300842126,0,0,0.9308628005657708,0.3955521918245053,ELOVL2;ELOVL3
2430,GO_Biological_Process_2023,Vascular Process In Circulatory System (GO:0003018),2/12,0.6538150856579151,0.999996300842126,0,0,0.9308628005657708,0.3955521918245053,ACE2;NPR1
2429,GO_Biological_Process_2023,Semaphorin-Plexin Signaling Pathway Involved In Neuron Projection Guidance (GO:1902285),2/12,0.6538150856579151,0.999996300842126,0,0,0.9308628005657708,0.3955521918245053,NELL2;PLXNA4
2428,GO_Biological_Process_2023,Response To Thyroid Hormone (GO:0097066),2/12,0.6538150856579151,0.999996300842126,0,0,0.9308628005657708,0.3955521918245053,HPN;KLF9
2427,GO_Biological_Process_2023,Response To Muramyl Dipeptide (GO:0032495),2/12,0.6538150856579151,0.999996300842126,0,0,0.9308628005657708,0.3955521918245053,NOD2;INAVA
2426,GO_Biological_Process_2023,Regulation Of Vascular Associated Smooth Muscle Cell Migration (GO:1904752),2/12,0.6538150856579151,0.999996300842126,0,0,0.9308628005657708,0.3955521918245053,NR4A3;ADIPOQ
2425,GO_Biological_Process_2023,Regulation Of Tube Diameter (GO:0035296),2/12,0.6538150856579151,0.999996300842126,0,0,0.9308628005657708,0.3955521918245053,ACE2;NPR1
2424,GO_Biological_Process_2023,Regulation Of Transcription From RNA Polymerase II Promoter In Response To Stress (GO:0043618),2/12,0.6538150856579151,0.999996300842126,0,0,0.9308628005657708,0.3955521918245053,MUC1;KLF2
2423,GO_Biological_Process_2023,Regulation Of Leukocyte Adhesion To Vascular Endothelial Cell (GO:1904994),2/12,0.6538150856579151,0.999996300842126,0,0,0.9308628005657708,0.3955521918245053,IL6;FUT7
2422,GO_Biological_Process_2023,Regulation Of Hematopoietic Stem Cell Differentiation (GO:1902036),2/12,0.6538150856579151,0.999996300842126,0,0,0.9308628005657708,0.3955521918245053,TCF15;OSM
2421,GO_Biological_Process_2023,Regulation Of Acrosome Reaction (GO:0060046),2/12,0.6538150856579151,0.999996300842126,0,0,0.9308628005657708,0.3955521918245053,PLA2G10;CCDC87
2420,GO_Biological_Process_2023,Regulation Of SNARE Complex Assembly (GO:0035542),2/12,0.6538150856579151,0.999996300842126,0,0,0.9308628005657708,0.3955521918245053,PRRT2;SNCA
2419,GO_Biological_Process_2023,Quaternary Ammonium Group Transport (GO:0015697),2/12,0.6538150856579151,0.999996300842126,0,0,0.9308628005657708,0.3955521918245053,SLC22A3;SLC44A4
2450,GO_Biological_Process_2023,Positive Regulation Of Wnt Signaling Pathway (GO:0030177),18/109,0.6646182321732971,0.999996300842126,0,0,0.9202664343329304,0.3759679406697971,SEMA5A;KANK1;EGF;CAV1;SULF1;EGFR;COL1A1;DEPDC1B;SFRP1;BMP2;LBX2;TERT;DAAM2;BAMBI;GPC3;RSPO3;RSPO1;LGR6
2449,GO_Biological_Process_2023,Regulation Of Cell Morphogenesis (GO:0022604),5/31,0.662675929405683,0.999996300842126,0,0,0.8949494729506055,0.368244145962035,NTNG1;VIL1;CLDN3;FERMT2;SH3D19
2448,GO_Biological_Process_2023,Positive Regulation Of Rho Protein Signal Transduction (GO:0035025),5/31,0.662675929405683,0.999996300842126,0,0,0.8949494729506055,0.368244145962035,RTN4R;GPR17;P2RY10;SLC6A2;F2RL2
2447,GO_Biological_Process_2023,Negative Regulation Of Microtubule Polymerization Or Depolymerization (GO:0031111),5/31,0.662675929405683,0.999996300842126,0,0,0.8949494729506055,0.368244145962035,CDH5;TPX2;SPEF1;STMN1;SNCA
2446,GO_Biological_Process_2023,Positive Regulation Of Receptor Signaling Pathway Via STAT (GO:1904894),6/37,0.6592911639340467,0.999996300842126,0,0,0.9007043604571491,0.3752244431647837,GHR;IL6;IFNL1;TSLP;LEP;KIT
2445,GO_Biological_Process_2023,Positive Regulation Of Exocytosis (GO:0045921),6/37,0.6592911639340467,0.999996300842126,0,0,0.9007043604571491,0.3752244431647837,FGA;IFNG;CADPS;SDC1;UNC13D;SNCA
2444,GO_Biological_Process_2023,Negative Regulation Of Stress-Activated MAPK Cascade (GO:0032873),6/37,0.6592911639340467,0.999996300842126,0,0,0.9007043604571491,0.3752244431647837,PRKN;PER1;DUSP1;FOXM1;FOXO1;KLHL31
2443,GO_Biological_Process_2023,Negative Regulation Of Endothelial Cell Migration (GO:0010596),6/37,0.6592911639340467,0.999996300842126,0,0,0.9007043604571491,0.3752244431647837,ANGPT4;PTPRM;NRG1;PPARG;FGF2;DCN
2442,GO_Biological_Process_2023,Muscle Tissue Development (GO:0060537),6/37,0.6592911639340467,0.999996300842126,0,0,0.9007043604571491,0.3752244431647837,MYOG;SRPK3;CAV1;DMD;PGM5;MYOZ2
2441,GO_Biological_Process_2023,Negative Regulation Of BMP Signaling Pathway (GO:0030514),7/43,0.6573710550173837,0.999996300842126,0,0,0.9048552093169656,0.3795927759714779,GREM2;RBPMS2;CRIM1;VWC2;SOSTDC1;PPARG;CHRDL1
2440,GO_Biological_Process_2023,Intracellular Glucose Homeostasis (GO:0001678),7/43,0.6573710550173837,0.999996300842126,0,0,0.9048552093169656,0.3795927759714779,NGFR;KCNB1;PCK1;PPARGC1A;FOXO1;PAX2;FOXA3
2439,GO_Biological_Process_2023,Regulation Of Viral Genome Replication (GO:0045069),11/67,0.6567281702277404,0.999996300842126,0,0,0.9140112227534236,0.3843280913141993,RSAD2;OAS1;OAS2;OAS3;MX1;ISG15;PROX1;IFIT1;PPARA;IFNL3;OASL
2438,GO_Biological_Process_2023,Activation Of Cysteine-Type Endopeptidase Activity Involved In Apoptotic Process (GO:0006919),11/67,0.6567281702277404,0.999996300842126,0,0,0.9140112227534236,0.3843280913141993,PYCARD;NGFR;EGLN3;COL4A3;ATP2A3;SORD;PPARG;S100A9;S100A8;BBC3;SNCA
2437,GO_Biological_Process_2023,Unsaturated Fatty Acid Metabolic Process (GO:0033559),8/49,0.656405632346217,0.999996300842126,0,0,0.9079888588628025,0.3822418257853326,CYP4Z1;SCD;ELOVL2;ELOVL3;PLA2G10;GSTA1;PLA2G4A;MGLL
2436,GO_Biological_Process_2023,Positive Regulation Of Nervous System Development (GO:0051962),8/49,0.656405632346217,0.999996300842126,0,0,0.9079888588628025,0.3822418257853326,NLGN1;MME;IFNG;SLITRK3;SLITRK6;SYNDIG1;SOX11;EPHB1
2435,GO_Biological_Process_2023,Neurogenesis (GO:0022008),8/49,0.656405632346217,0.999996300842126,0,0,0.9079888588628025,0.3822418257853326,ROGDI;ERBB2;WDR62;FAT4;ASCL1;EPHB1;EGFR;CIT
2466,GO_Biological_Process_2023,Ganglioside Metabolic Process (GO:0001573),3/19,0.6785939044929477,0.999996300842126,0,0,0.8726124787775892,0.3383401386478548,NEU4;ST8SIA2;ST6GALNAC3
2465,GO_Biological_Process_2023,Dopaminergic Neuron Differentiation (GO:0071542),3/19,0.6785939044929477,0.999996300842126,0,0,0.8726124787775892,0.3383401386478548,FOXA1;LMX1A;EN1
2464,GO_Biological_Process_2023,Cyclic Nucleotide Biosynthetic Process (GO:0009190),3/19,0.6785939044929477,0.999996300842126,0,0,0.8726124787775892,0.3383401386478548,NPR1;NPR2;ADCY4
2463,GO_Biological_Process_2023,Cardiac Epithelial To Mesenchymal Transition (GO:0060317),3/19,0.6785939044929477,0.999996300842126,0,0,0.8726124787775892,0.3383401386478548,TGFBR3;BMP2;SPRY1
2462,GO_Biological_Process_2023,Atrioventricular Valve Morphogenesis (GO:0003181),3/19,0.6785939044929477,0.999996300842126,0,0,0.8726124787775892,0.3383401386478548,BMP2;GATA4;TGFBR2
2461,GO_Biological_Process_2023,Peptide Metabolic Process (GO:0006518),9/56,0.6780690996328377,0.999996300842126,0,0,0.8910117238384716,0.3461634715032566,CPM;PCSK1;NAT8B;MME;LVRN;GGT2P;DMD;PCSK5;TRHDE
2460,GO_Biological_Process_2023,Cellular Response To Peptide (GO:1901653),9/56,0.6780690996328377,0.999996300842126,0,0,0.8910117238384716,0.3461634715032566,NGFR;LRP1;CACNA2D1;CAV1;ATP1A3;CD36;ADRB2;NOD2;IGF1
2459,GO_Biological_Process_2023,Steroid Metabolic Process (GO:0008202),15/92,0.6778319182635032,0.999996300842126,0,0,0.9063253611805572,0.3524299911518618,SRD5A2;AKR1C1;AKR1C3;UGT2B17;UGT2B28;AKR1C2;HSD17B6;CYP3A4;HSD11B1;CYP26B1;CYP24A1;CYP21A2;RDH16;CYP1A1;RDH5
2458,GO_Biological_Process_2023,Positive Regulation Of Developmental Process (GO:0051094),39/233,0.6746842550192625,0.999996300842126,0,0,0.934983466251702,0.36792578127423,PRKN;DLX2;NLGN1;TNXB;LEF1;SCX;FOXO6;VLDLR;PTN;LRP8;AURKA;CDC20;RELN;ZNF703;AGR2;ENPP2;SOX5;PACSIN1;FOXD1;EDN3;FZD4;KRT2;ZBTB16;ESRRB;PAX2;TLE6;DCN;BMP5;VIL1;BMP2;WT1;LHX1;LEP;TMEM79;MMRN2;NEURL1;PPARG;INSM1;BMPR1B
2457,GO_Biological_Process_2023,Sodium Ion Homeostasis (GO:0055078),4/25,0.6684623194704897,0.999996300842126,0,0,0.8864448128529646,0.3570380309459229,FXYD2;TMPRSS4;ATP1A3;ATP1A2
2456,GO_Biological_Process_2023,Regulation Of Platelet Aggregation (GO:0090330),4/25,0.6684623194704897,0.999996300842126,0,0,0.8864448128529646,0.3570380309459229,IL6;C1QTNF1;MMRN1;CTSG
2455,GO_Biological_Process_2023,Regulation Of Keratinocyte Proliferation (GO:0010837),4/25,0.6684623194704897,0.999996300842126,0,0,0.8864448128529646,0.3570380309459229,FGF7;ZFP36;LRG1;KLF9
2454,GO_Biological_Process_2023,Osteoclast Differentiation (GO:0030316),4/25,0.6684623194704897,0.999996300842126,0,0,0.8864448128529646,0.3570380309459229,DCSTAMP;BMP2;EFNA2;OSCAR
2453,GO_Biological_Process_2023,Negative Regulation Of Intrinsic Apoptotic Signaling Pathway In Response To DNA Damage (GO:1902230),4/25,0.6684623194704897,0.999996300842126,0,0,0.8864448128529646,0.3570380309459229,MUC1;CXCL12;DDIAS;AMH
2452,GO_Biological_Process_2023,Mitotic Cell Cycle Checkpoint Signaling (GO:0007093),4/25,0.6684623194704897,0.999996300842126,0,0,0.8864448128529646,0.3570380309459229,DEPDC1B;CHEK1;AURKB;ZWINT
2451,GO_Biological_Process_2023,Carbohydrate Biosynthetic Process (GO:0016051),4/25,0.6684623194704897,0.999996300842126,0,0,0.8864448128529646,0.3570380309459229,FUT7;FUT2;B4GALNT2;FUT3
2482,GO_Biological_Process_2023,Sphingosine Metabolic Process (GO:0006670),3/19,0.6785939044929477,0.999996300842126,0,0,0.8726124787775892,0.3383401386478548,SPTSSB;PLPP3;PLPP1
2481,GO_Biological_Process_2023,Release Of Cytochrome C From Mitochondria (GO:0001836),3/19,0.6785939044929477,0.999996300842126,0,0,0.8726124787775892,0.3383401386478548,BCL2A1;IFI6;BBC3
2480,GO_Biological_Process_2023,Regulation Of Lymphocyte Differentiation (GO:0045619),3/19,0.6785939044929477,0.999996300842126,0,0,0.8726124787775892,0.3383401386478548,IL4I1;FCRL3;SLAMF8
2479,GO_Biological_Process_2023,Regulation Of Integrin-Mediated Signaling Pathway (GO:2001044),3/19,0.6785939044929477,0.999996300842126,0,0,0.8726124787775892,0.3383401386478548,LAMA2;LIMS2;CD177
2478,GO_Biological_Process_2023,Regulation Of Granulocyte Chemotaxis (GO:0071622),3/19,0.6785939044929477,0.999996300842126,0,0,0.8726124787775892,0.3383401386478548,CXCL17;S100A14;S100A7
2477,GO_Biological_Process_2023,Regulation Of Cellular Response To Growth Factor Stimulus (GO:0090287),3/19,0.6785939044929477,0.999996300842126,0,0,0.8726124787775892,0.3383401386478548,NELL1;SULF1;FSTL4
2476,GO_Biological_Process_2023,Regulation Of Behavior (GO:0050795),3/19,0.6785939044929477,0.999996300842126,0,0,0.8726124787775892,0.3383401386478548,AIM2;RELN;LEPR
2475,GO_Biological_Process_2023,Receptor Clustering (GO:0043113),3/19,0.6785939044929477,0.999996300842126,0,0,0.8726124787775892,0.3383401386478548,PIGR;NLGN1;PTN
2474,GO_Biological_Process_2023,Positive Regulation Of Calcineurin-Mediated Signaling (GO:0106058),3/19,0.6785939044929477,0.999996300842126,0,0,0.8726124787775892,0.3383401386478548,AKAP6;IGF1;LACRT
2473,GO_Biological_Process_2023,Positive Regulation Of calcineurin-NFAT Signaling Cascade (GO:0070886),3/19,0.6785939044929477,0.999996300842126,0,0,0.8726124787775892,0.3383401386478548,AKAP6;IGF1;LACRT
2472,GO_Biological_Process_2023,Positive Regulation Of Axon Extension (GO:0045773),3/19,0.6785939044929477,0.999996300842126,0,0,0.8726124787775892,0.3383401386478548,SEMA5A;NELL1;SEMA7A
2471,GO_Biological_Process_2023,Neuron Apoptotic Process (GO:0051402),3/19,0.6785939044929477,0.999996300842126,0,0,0.8726124787775892,0.3383401386478548,NGFR;SCN2A;CIT
2470,GO_Biological_Process_2023,Negative Regulation Of Peptidyl-Serine Phosphorylation (GO:0033137),3/19,0.6785939044929477,0.999996300842126,0,0,0.8726124787775892,0.3383401386478548,MLXIPL;DMD;DKK1
2469,GO_Biological_Process_2023,Mesoderm Development (GO:0007498),3/19,0.6785939044929477,0.999996300842126,0,0,0.8726124787775892,0.3383401386478548,TCF15;SECTM1;MEST
2468,GO_Biological_Process_2023,Linoleic Acid Metabolic Process (GO:0043651),3/19,0.6785939044929477,0.999996300842126,0,0,0.8726124787775892,0.3383401386478548,ELOVL2;ELOVL3;GSTA1
2467,GO_Biological_Process_2023,Leukotriene Biosynthetic Process (GO:0019370),3/19,0.6785939044929477,0.999996300842126,0,0,0.8726124787775892,0.3383401386478548,GGT2P;PLA2G4A;GGTA1
2498,GO_Biological_Process_2023,Aggrephagy (GO:0035973),1/6,0.688968086535127,0.999996300842126,0,0,0.9308823529411764,0.3468098343389243,MAP1LC3C
2497,GO_Biological_Process_2023,Adult Feeding Behavior (GO:0008343),1/6,0.688968086535127,0.999996300842126,0,0,0.9308823529411764,0.3468098343389243,LEP
2496,GO_Biological_Process_2023,Adenosine To Inosine Editing (GO:0006382),1/6,0.688968086535127,0.999996300842126,0,0,0.9308823529411764,0.3468098343389243,ADAD2
2495,GO_Biological_Process_2023,RIG-I Signaling Pathway (GO:0039529),1/6,0.688968086535127,0.999996300842126,0,0,0.9308823529411764,0.3468098343389243,OAS3
2494,GO_Biological_Process_2023,N-acetylneuraminate Catabolic Process (GO:0019262),1/6,0.688968086535127,0.999996300842126,0,0,0.9308823529411764,0.3468098343389243,HOGA1
2493,GO_Biological_Process_2023,L-methionine Salvage (GO:0071267),1/6,0.688968086535127,0.999996300842126,0,0,0.9308823529411764,0.3468098343389243,BHMT2
2492,GO_Biological_Process_2023,G-quadruplex DNA Unwinding (GO:0044806),1/6,0.688968086535127,0.999996300842126,0,0,0.9308823529411764,0.3468098343389243,DNA2
2491,GO_Biological_Process_2023,AV Node Cell To Bundle Of His Cell Communication (GO:0086067),1/6,0.688968086535127,0.999996300842126,0,0,0.9308823529411764,0.3468098343389243,SCN5A
2490,GO_Biological_Process_2023,Neuron Projection Morphogenesis (GO:0048812),24/146,0.6870187480254764,0.999996300842126,0,0,0.915064887793815,0.3435095916171513,NTNG1;GPM6A;CNTNAP2;BRSK2;NLGN1;NRN1;NYAP1;APLP1;MAPK8IP2;S100B;KLK8;POU4F1;PAX2;MYO16;NTF4;ISL2;PARD6B;SLITRK3;SLITRK6;TRIM46;PAK3;EPHB1;MNX1;PACSIN1
2489,GO_Biological_Process_2023,Response To Transforming Growth Factor Beta (GO:0071559),6/38,0.6856350676188154,0.999996300842126,0,0,0.8725042480883602,0.3292916225383504,CLEC3B;SFRP1;CITED1;PDE2A;NR3C1;SOX5
2488,GO_Biological_Process_2023,Establishment Of Protein Localization To Plasma Membrane (GO:0061951),6/38,0.6856350676188154,0.999996300842126,0,0,0.8725042480883602,0.3292916225383504,TRARG1;KRT18;RAB31;RAB26;NECTIN3;SPTBN1
2487,GO_Biological_Process_2023,Connective Tissue Development (GO:0061448),6/38,0.6856350676188154,0.999996300842126,0,0,0.8725042480883602,0.3292916225383504,COL2A1;HYAL1;ZBTB16;SCX;SULF1;SOX5
2486,GO_Biological_Process_2023,Negative Regulation Of Immune System Process (GO:0002683),7/44,0.6819990427491682,0.999996300842126,0,0,0.8803460684480514,0.3369322315127411,FCRLB;BPIFB1;TYRO3;PDCD1;HOXA7;IL17D;FOXP3
2485,GO_Biological_Process_2023,Regulation Of Epithelial Cell Migration (GO:0010632),8/50,0.6796010704262475,0.999996300842126,0,0,0.8863161019579269,0.3423389864595476,VIL1;IFNG;RAB25;HYAL1;RHOJ;ENPP2;EVL;PTN
2484,GO_Biological_Process_2023,Positive Regulation Of Fat Cell Differentiation (GO:0045600),8/50,0.6796010704262475,0.999996300842126,0,0,0.8863161019579269,0.3423389864595476,ZFP36;SFRP1;BMP2;LMO3;ZBTB16;PPARG;VSTM2A;MEDAG
2483,GO_Biological_Process_2023,Steroid Hormone Biosynthetic Process (GO:0120178),3/19,0.6785939044929477,0.999996300842126,0,0,0.8726124787775892,0.3383401386478548,SRD5A2;CYP21A2;HSD17B6
2514,GO_Biological_Process_2023,Detection Of Muscle Stretch (GO:0035995),1/6,0.688968086535127,0.999996300842126,0,0,0.9308823529411764,0.3468098343389243,CDH2
2513,GO_Biological_Process_2023,Dense Core Granule Cytoskeletal Transport (GO:0099519),1/6,0.688968086535127,0.999996300842126,0,0,0.9308823529411764,0.3468098343389243,SYT4
2512,GO_Biological_Process_2023,Cytolysis By Host Of Symbiont Cells (GO:0051838),1/6,0.688968086535127,0.999996300842126,0,0,0.9308823529411764,0.3468098343389243,NRG1
2511,GO_Biological_Process_2023,Clathrin Coat Disassembly (GO:0072318),1/6,0.688968086535127,0.999996300842126,0,0,0.9308823529411764,0.3468098343389243,SH3GL2
2510,GO_Biological_Process_2023,Choline Transport (GO:0015871),1/6,0.688968086535127,0.999996300842126,0,0,0.9308823529411764,0.3468098343389243,SLC44A4
2509,GO_Biological_Process_2023,Cellular Response To Hepatocyte Growth Factor Stimulus (GO:0035729),1/6,0.688968086535127,0.999996300842126,0,0,0.9308823529411764,0.3468098343389243,NELL1
2508,GO_Biological_Process_2023,Cellular Response To Bacterial Lipopeptide (GO:0071221),1/6,0.688968086535127,0.999996300842126,0,0,0.9308823529411764,0.3468098343389243,CD36
2507,GO_Biological_Process_2023,Cellular Hypotonic Response (GO:0071476),1/6,0.688968086535127,0.999996300842126,0,0,0.9308823529411764,0.3468098343389243,MYLK
2506,GO_Biological_Process_2023,Cardiac Muscle Cell Myoblast Differentiation (GO:0060379),1/6,0.688968086535127,0.999996300842126,0,0,0.9308823529411764,0.3468098343389243,NRG1
2505,GO_Biological_Process_2023,Auditory Receptor Cell Stereocilium Organization (GO:0060088),1/6,0.688968086535127,0.999996300842126,0,0,0.9308823529411764,0.3468098343389243,TPRN
2504,GO_Biological_Process_2023,Auditory Receptor Cell Morphogenesis (GO:0002093),1/6,0.688968086535127,0.999996300842126,0,0,0.9308823529411764,0.3468098343389243,TPRN
2503,GO_Biological_Process_2023,Atrioventricular Valve Formation (GO:0003190),1/6,0.688968086535127,0.999996300842126,0,0,0.9308823529411764,0.3468098343389243,GATA4
2502,GO_Biological_Process_2023,Antigen Processing And Presentation Of Endogenous Peptide Antigen Via MHC Class I (GO:0019885),1/6,0.688968086535127,0.999996300842126,0,0,0.9308823529411764,0.3468098343389243,TAP1
2501,GO_Biological_Process_2023,Angiotensin-Activated Signaling Pathway (GO:0038166),1/6,0.688968086535127,0.999996300842126,0,0,0.9308823529411764,0.3468098343389243,CAV1
2500,GO_Biological_Process_2023,Amino-Acid Betaine Metabolic Process (GO:0006577),1/6,0.688968086535127,0.999996300842126,0,0,0.9308823529411764,0.3468098343389243,BHMT2
2499,GO_Biological_Process_2023,Aldehyde Biosynthetic Process (GO:0046184),1/6,0.688968086535127,0.999996300842126,0,0,0.9308823529411764,0.3468098343389243,DDR2
2530,GO_Biological_Process_2023,Long-Term Synaptic Depression (GO:0060292),1/6,0.688968086535127,0.999996300842126,0,0,0.9308823529411764,0.3468098343389243,SLC24A2
2529,GO_Biological_Process_2023,Long-Chain Fatty Acid Catabolic Process (GO:0042758),1/6,0.688968086535127,0.999996300842126,0,0,0.9308823529411764,0.3468098343389243,ACADL
2528,GO_Biological_Process_2023,Locomotor Rhythm (GO:0045475),1/6,0.688968086535127,0.999996300842126,0,0,0.9308823529411764,0.3468098343389243,EGR1
2527,GO_Biological_Process_2023,Lipid Hydroxylation (GO:0002933),1/6,0.688968086535127,0.999996300842126,0,0,0.9308823529411764,0.3468098343389243,CYP3A4
2526,GO_Biological_Process_2023,Ketone Body Metabolic Process (GO:1902224),1/6,0.688968086535127,0.999996300842126,0,0,0.9308823529411764,0.3468098343389243,HMGCS2
2525,GO_Biological_Process_2023,Intracellular Triglyceride Homeostasis (GO:0035356),1/6,0.688968086535127,0.999996300842126,0,0,0.9308823529411764,0.3468098343389243,DGAT2
2524,GO_Biological_Process_2023,Intracellular Sequestering Of Iron Ion (GO:0006880),1/6,0.688968086535127,0.999996300842126,0,0,0.9308823529411764,0.3468098343389243,FTMT
2523,GO_Biological_Process_2023,Interleukin-3-Mediated Signaling Pathway (GO:0038156),1/6,0.688968086535127,0.999996300842126,0,0,0.9308823529411764,0.3468098343389243,STAT5A
2522,GO_Biological_Process_2023,Inositol Metabolic Process (GO:0006020),1/6,0.688968086535127,0.999996300842126,0,0,0.9308823529411764,0.3468098343389243,MIOX
2521,GO_Biological_Process_2023,Hypotonic Response (GO:0006971),1/6,0.688968086535127,0.999996300842126,0,0,0.9308823529411764,0.3468098343389243,MYLK
2520,GO_Biological_Process_2023,Host-Mediated Regulation Of Intestinal Microbiota Composition (GO:0048874),1/6,0.688968086535127,0.999996300842126,0,0,0.9308823529411764,0.3468098343389243,MUC2
2519,GO_Biological_Process_2023,Glomerular Epithelial Cell Development (GO:0072310),1/6,0.688968086535127,0.999996300842126,0,0,0.9308823529411764,0.3468098343389243,NPHS1
2518,GO_Biological_Process_2023,Gap Junction Assembly (GO:0016264),1/6,0.688968086535127,0.999996300842126,0,0,0.9308823529411764,0.3468098343389243,GJB2
2517,GO_Biological_Process_2023,Ganglioside Catabolic Process (GO:0006689),1/6,0.688968086535127,0.999996300842126,0,0,0.9308823529411764,0.3468098343389243,NEU4
2516,GO_Biological_Process_2023,Exocrine System Development (GO:0035272),1/6,0.688968086535127,0.999996300842126,0,0,0.9308823529411764,0.3468098343389243,RAB26
2515,GO_Biological_Process_2023,Determination Of Digestive Tract Left/Right Asymmetry (GO:0071907),1/6,0.688968086535127,0.999996300842126,0,0,0.9308823529411764,0.3468098343389243,ZIC3
2546,GO_Biological_Process_2023,Negative Regulation Of p38MAPK Cascade (GO:1903753),1/6,0.688968086535127,0.999996300842126,0,0,0.9308823529411764,0.3468098343389243,DUSP1
2545,GO_Biological_Process_2023,Negative Regulation Of Neuron Projection Regeneration (GO:0070571),1/6,0.688968086535127,0.999996300842126,0,0,0.9308823529411764,0.3468098343389243,RTN4R
2544,GO_Biological_Process_2023,Negative Regulation Of Membrane Protein Ectodomain Proteolysis (GO:0051045),1/6,0.688968086535127,0.999996300842126,0,0,0.9308823529411764,0.3468098343389243,TIMP4
2543,GO_Biological_Process_2023,Negative Regulation Of Low-Density Lipoprotein Receptor Activity (GO:1905598),1/6,0.688968086535127,0.999996300842126,0,0,0.9308823529411764,0.3468098343389243,ADIPOQ
2542,GO_Biological_Process_2023,Negative Regulation Of Hematopoietic Progenitor Cell Differentiation (GO:1901533),1/6,0.688968086535127,0.999996300842126,0,0,0.9308823529411764,0.3468098343389243,TCF15
2541,GO_Biological_Process_2023,Negative Regulation Of Epidermal Cell Differentiation (GO:0045605),1/6,0.688968086535127,0.999996300842126,0,0,0.9308823529411764,0.3468098343389243,HOXA7
2540,GO_Biological_Process_2023,Negative Regulation Of Double-Strand Break Repair Via Nonhomologous End Joining (GO:2001033),1/6,0.688968086535127,0.999996300842126,0,0,0.9308823529411764,0.3468098343389243,HMGA2
2539,GO_Biological_Process_2023,Negative Regulation Of Digestive System Process (GO:0060457),1/6,0.688968086535127,0.999996300842126,0,0,0.9308823529411764,0.3468098343389243,TIFAB
2538,GO_Biological_Process_2023,Negative Regulation Of Dendritic Spine Development (GO:0061000),1/6,0.688968086535127,0.999996300842126,0,0,0.9308823529411764,0.3468098343389243,NLGN1
2537,GO_Biological_Process_2023,Negative Regulation Of Centriole Replication (GO:0046600),1/6,0.688968086535127,0.999996300842126,0,0,0.9308823529411764,0.3468098343389243,KAT2B
2536,GO_Biological_Process_2023,Monoacylglycerol Catabolic Process (GO:0052651),1/6,0.688968086535127,0.999996300842126,0,0,0.9308823529411764,0.3468098343389243,MGLL
2535,GO_Biological_Process_2023,Mitotic Nuclear Membrane Disassembly (GO:0007077),1/6,0.688968086535127,0.999996300842126,0,0,0.9308823529411764,0.3468098343389243,PLK1
2534,GO_Biological_Process_2023,Marginal Zone B Cell Differentiation (GO:0002315),1/6,0.688968086535127,0.999996300842126,0,0,0.9308823529411764,0.3468098343389243,DOCK11
2533,GO_Biological_Process_2023,Maintenance Of Protein Location In Extracellular Region (GO:0071694),1/6,0.688968086535127,0.999996300842126,0,0,0.9308823529411764,0.3468098343389243,FBN2
2532,GO_Biological_Process_2023,Macropinocytosis (GO:0044351),1/6,0.688968086535127,0.999996300842126,0,0,0.9308823529411764,0.3468098343389243,PYCARD
2531,GO_Biological_Process_2023,Macrophage Derived Foam Cell Differentiation (GO:0010742),1/6,0.688968086535127,0.999996300842126,0,0,0.9308823529411764,0.3468098343389243,PPARG
2562,GO_Biological_Process_2023,Positive Regulation Of Activation Of Janus Kinase Activity (GO:0010536),1/6,0.688968086535127,0.999996300842126,0,0,0.9308823529411764,0.3468098343389243,IL12B
2561,GO_Biological_Process_2023,Positive Regulation Of RNA Binding (GO:1905216),1/6,0.688968086535127,0.999996300842126,0,0,0.9308823529411764,0.3468098343389243,LARP6
2560,GO_Biological_Process_2023,Positive Regulation Of ER-associated Ubiquitin-Dependent Protein Catabolic Process (GO:1903071),1/6,0.688968086535127,0.999996300842126,0,0,0.9308823529411764,0.3468098343389243,CAV1
2559,GO_Biological_Process_2023,Polyadenylation-Dependent snoRNA 3'-End Processing (GO:0071051),1/6,0.688968086535127,0.999996300842126,0,0,0.9308823529411764,0.3468098343389243,EXOSC4
2558,GO_Biological_Process_2023,Podocyte Development (GO:0072015),1/6,0.688968086535127,0.999996300842126,0,0,0.9308823529411764,0.3468098343389243,NPHS1
2557,GO_Biological_Process_2023,Peptidyl-Arginine Modification (GO:0018195),1/6,0.688968086535127,0.999996300842126,0,0,0.9308823529411764,0.3468098343389243,PRMT8
2556,GO_Biological_Process_2023,Parallel Actin Filament Bundle Assembly (GO:0030046),1/6,0.688968086535127,0.999996300842126,0,0,0.9308823529411764,0.3468098343389243,ESPN
2555,GO_Biological_Process_2023,Nucleotide-Binding Oligomerization Domain Containing 2 Signaling Pathway (GO:0070431),1/6,0.688968086535127,0.999996300842126,0,0,0.9308823529411764,0.3468098343389243,NOD2
2554,GO_Biological_Process_2023,Nucleoside Diphosphate Catabolic Process (GO:0009134),1/6,0.688968086535127,0.999996300842126,0,0,0.9308823529411764,0.3468098343389243,ENTPD8
2553,GO_Biological_Process_2023,Nucleobase Catabolic Process (GO:0046113),1/6,0.688968086535127,0.999996300842126,0,0,0.9308823529411764,0.3468098343389243,DPYSL5
2552,GO_Biological_Process_2023,"Nuclear-Transcribed mRNA Catabolic Process, Deadenylation-Independent Decay (GO:0031086)",1/6,0.688968086535127,0.999996300842126,0,0,0.9308823529411764,0.3468098343389243,ZFP36
2551,GO_Biological_Process_2023,Nose Development (GO:0043584),1/6,0.688968086535127,0.999996300842126,0,0,0.9308823529411764,0.3468098343389243,PROX1
2550,GO_Biological_Process_2023,Negative Regulation Of Type II Interferon-Mediated Signaling Pathway (GO:0060336),1/6,0.688968086535127,0.999996300842126,0,0,0.9308823529411764,0.3468098343389243,PPARG
2549,GO_Biological_Process_2023,Negative Regulation Of Type 2 Immune Response (GO:0002829),1/6,0.688968086535127,0.999996300842126,0,0,0.9308823529411764,0.3468098343389243,IFNL1
2548,GO_Biological_Process_2023,Negative Regulation Of Stress-Activated Protein Kinase Signaling Cascade (GO:0070303),1/6,0.688968086535127,0.999996300842126,0,0,0.9308823529411764,0.3468098343389243,FOXO1
2547,GO_Biological_Process_2023,Negative Regulation Of Response To Type II Interferon (GO:0060331),1/6,0.688968086535127,0.999996300842126,0,0,0.9308823529411764,0.3468098343389243,PPARG
2578,GO_Biological_Process_2023,Positive Regulation Of Triglyceride Catabolic Process (GO:0010898),1/6,0.688968086535127,0.999996300842126,0,0,0.9308823529411764,0.3468098343389243,PNPLA2
2577,GO_Biological_Process_2023,Positive Regulation Of Protein K63-linked Ubiquitination (GO:1902523),1/6,0.688968086535127,0.999996300842126,0,0,0.9308823529411764,0.3468098343389243,NOD2
2576,GO_Biological_Process_2023,Positive Regulation Of Natural Killer Cell Cytokine Production (GO:0002729),1/6,0.688968086535127,0.999996300842126,0,0,0.9308823529411764,0.3468098343389243,KIR2DL4
2575,GO_Biological_Process_2023,Positive Regulation Of Multicellular Organism Growth (GO:0040018),1/6,0.688968086535127,0.999996300842126,0,0,0.9308823529411764,0.3468098343389243,GHR
2574,GO_Biological_Process_2023,Positive Regulation Of Mitophagy In Response To Mitochondrial Depolarization (GO:0098779),1/6,0.688968086535127,0.999996300842126,0,0,0.9308823529411764,0.3468098343389243,PRKN
2573,GO_Biological_Process_2023,Positive Regulation Of mRNA Binding (GO:1902416),1/6,0.688968086535127,0.999996300842126,0,0,0.9308823529411764,0.3468098343389243,LARP6
2572,GO_Biological_Process_2023,Positive Regulation Of Lipoprotein Lipase Activity (GO:0051006),1/6,0.688968086535127,0.999996300842126,0,0,0.9308823529411764,0.3468098343389243,GPIHBP1
2571,GO_Biological_Process_2023,Positive Regulation Of Kidney Development (GO:0090184),1/6,0.688968086535127,0.999996300842126,0,0,0.9308823529411764,0.3468098343389243,FOXD1
2570,GO_Biological_Process_2023,Positive Regulation Of Interleukin-23 Production (GO:0032747),1/6,0.688968086535127,0.999996300842126,0,0,0.9308823529411764,0.3468098343389243,IFNG
2569,GO_Biological_Process_2023,Positive Regulation Of Immune Response To Tumor Cell (GO:0002839),1/6,0.688968086535127,0.999996300842126,0,0,0.9308823529411764,0.3468098343389243,NRG1
2568,GO_Biological_Process_2023,Positive Regulation Of Humoral Immune Response (GO:0002922),1/6,0.688968086535127,0.999996300842126,0,0,0.9308823529411764,0.3468098343389243,CCR7
2567,GO_Biological_Process_2023,Positive Regulation Of Gliogenesis (GO:0014015),1/6,0.688968086535127,0.999996300842126,0,0,0.9308823529411764,0.3468098343389243,IL6
2566,GO_Biological_Process_2023,Positive Regulation Of Endoplasmic Reticulum Stress-Induced Intrinsic Apoptotic Signaling Pathway (GO:1902237),1/6,0.688968086535127,0.999996300842126,0,0,0.9308823529411764,0.3468098343389243,PMAIP1
2565,GO_Biological_Process_2023,Positive Regulation Of cAMP-mediated Signaling (GO:0043950),1/6,0.688968086535127,0.999996300842126,0,0,0.9308823529411764,0.3468098343389243,SCTR
2564,GO_Biological_Process_2023,Positive Regulation Of Aspartic-Type Endopeptidase Activity Involved In Amyloid Precursor Protein Catabolic Process (GO:1902961),1/6,0.688968086535127,0.999996300842126,0,0,0.9308823529411764,0.3468098343389243,EFNA3
2563,GO_Biological_Process_2023,Positive Regulation Of Amyloid-Beta Clearance (GO:1900223),1/6,0.688968086535127,0.999996300842126,0,0,0.9308823529411764,0.3468098343389243,LRP1
2594,GO_Biological_Process_2023,Regulation Of Natural Killer Cell Chemotaxis (GO:2000501),1/6,0.688968086535127,0.999996300842126,0,0,0.9308823529411764,0.3468098343389243,CCL7
2593,GO_Biological_Process_2023,Regulation Of Muscle Organ Development (GO:0048634),1/6,0.688968086535127,0.999996300842126,0,0,0.9308823529411764,0.3468098343389243,TIFAB
2592,GO_Biological_Process_2023,Regulation Of Metallopeptidase Activity (GO:1905048),1/6,0.688968086535127,0.999996300842126,0,0,0.9308823529411764,0.3468098343389243,LRP1
2591,GO_Biological_Process_2023,Regulation Of Male Gonad Development (GO:2000018),1/6,0.688968086535127,0.999996300842126,0,0,0.9308823529411764,0.3468098343389243,WT1
2590,GO_Biological_Process_2023,Regulation Of Ketone Biosynthetic Process (GO:0010566),1/6,0.688968086535127,0.999996300842126,0,0,0.9308823529411764,0.3468098343389243,EGR1
2589,GO_Biological_Process_2023,Regulation Of Intestinal Cholesterol Absorption (GO:0030300),1/6,0.688968086535127,0.999996300842126,0,0,0.9308823529411764,0.3468098343389243,ABCG8
2588,GO_Biological_Process_2023,Regulation Of Hemoglobin Biosynthetic Process (GO:0046984),1/6,0.688968086535127,0.999996300842126,0,0,0.9308823529411764,0.3468098343389243,KLF4
2587,GO_Biological_Process_2023,Regulation Of Cortisol Biosynthetic Process (GO:2000064),1/6,0.688968086535127,0.999996300842126,0,0,0.9308823529411764,0.3468098343389243,BMP5
2586,GO_Biological_Process_2023,Regulation Of Collagen Fibril Organization (GO:1904026),1/6,0.688968086535127,0.999996300842126,0,0,0.9308823529411764,0.3468098343389243,TNXB
2585,GO_Biological_Process_2023,Regulation Of Axon Guidance (GO:1902667),1/6,0.688968086535127,0.999996300842126,0,0,0.9308823529411764,0.3468098343389243,NELL1
2584,GO_Biological_Process_2023,Regulation Of T Cell Mediated Immune Response To Tumor Cell (GO:0002840),1/6,0.688968086535127,0.999996300842126,0,0,0.9308823529411764,0.3468098343389243,IL4I1
2583,GO_Biological_Process_2023,Regulation Of NAD(P)H Oxidase Activity (GO:0033860),1/6,0.688968086535127,0.999996300842126,0,0,0.9308823529411764,0.3468098343389243,SLAMF8
2582,GO_Biological_Process_2023,Regulation Of MHC Class I Biosynthetic Process (GO:0045343),1/6,0.688968086535127,0.999996300842126,0,0,0.9308823529411764,0.3468098343389243,IFNL1
2581,GO_Biological_Process_2023,Regulation Of I-kappaB Phosphorylation (GO:1903719),1/6,0.688968086535127,0.999996300842126,0,0,0.9308823529411764,0.3468098343389243,CX3CL1
2580,GO_Biological_Process_2023,Protein Localization To Basolateral Plasma Membrane (GO:1903361),1/6,0.688968086535127,0.999996300842126,0,0,0.9308823529411764,0.3468098343389243,CAV1
2579,GO_Biological_Process_2023,Protein Catabolic Process In The Vacuole (GO:0007039),1/6,0.688968086535127,0.999996300842126,0,0,0.9308823529411764,0.3468098343389243,CPA2
2610,GO_Biological_Process_2023,Very Long-Chain Fatty Acid Catabolic Process (GO:0042760),1/6,0.688968086535127,0.999996300842126,0,0,0.9308823529411764,0.3468098343389243,ABCD2
2609,GO_Biological_Process_2023,Vacuole Organization (GO:0007033),1/6,0.688968086535127,0.999996300842126,0,0,0.9308823529411764,0.3468098343389243,NDP
2608,GO_Biological_Process_2023,Toll-Like Receptor 3 Signaling Pathway (GO:0034138),1/6,0.688968086535127,0.999996300842126,0,0,0.9308823529411764,0.3468098343389243,OAS1
2607,GO_Biological_Process_2023,Sulfur Amino Acid Catabolic Process (GO:0000098),1/6,0.688968086535127,0.999996300842126,0,0,0.9308823529411764,0.3468098343389243,CBS
2606,GO_Biological_Process_2023,Skeletal Muscle Cell Differentiation (GO:0035914),1/6,0.688968086535127,0.999996300842126,0,0,0.9308823529411764,0.3468098343389243,MYLK2
2605,GO_Biological_Process_2023,Short-Chain Fatty Acid Metabolic Process (GO:0046459),1/6,0.688968086535127,0.999996300842126,0,0,0.9308823529411764,0.3468098343389243,ACSM1
2604,GO_Biological_Process_2023,Response To Hepatocyte Growth Factor (GO:0035728),1/6,0.688968086535127,0.999996300842126,0,0,0.9308823529411764,0.3468098343389243,NELL1
2603,GO_Biological_Process_2023,Regulation Of Vascular Associated Smooth Muscle Cell Differentiation (GO:1905063),1/6,0.688968086535127,0.999996300842126,0,0,0.9308823529411764,0.3468098343389243,KIT
2602,GO_Biological_Process_2023,Regulation Of Toll-Like Receptor 7 Signaling Pathway (GO:0034155),1/6,0.688968086535127,0.999996300842126,0,0,0.9308823529411764,0.3468098343389243,RSAD2
2601,GO_Biological_Process_2023,Regulation Of Systemic Arterial Blood Pressure By Renin-Angiotensin (GO:0003081),1/6,0.688968086535127,0.999996300842126,0,0,0.9308823529411764,0.3468098343389243,ACE2
2600,GO_Biological_Process_2023,Regulation Of Striated Muscle Tissue Development (GO:0016202),1/6,0.688968086535127,0.999996300842126,0,0,0.9308823529411764,0.3468098343389243,CENPF
2599,GO_Biological_Process_2023,Regulation Of Striated Muscle Cell Differentiation (GO:0051153),1/6,0.688968086535127,0.999996300842126,0,0,0.9308823529411764,0.3468098343389243,NRG1
2598,GO_Biological_Process_2023,Regulation Of Respiratory Gaseous Exchange (GO:0043576),1/6,0.688968086535127,0.999996300842126,0,0,0.9308823529411764,0.3468098343389243,NMB
2597,GO_Biological_Process_2023,Regulation Of Phospholipid Transport (GO:2001138),1/6,0.688968086535127,0.999996300842126,0,0,0.9308823529411764,0.3468098343389243,CETP
2596,GO_Biological_Process_2023,Regulation Of Oxidative Stress-Induced Neuron Intrinsic Apoptotic Signaling Pathway (GO:1903376),1/6,0.688968086535127,0.999996300842126,0,0,0.9308823529411764,0.3468098343389243,PRKN
2595,GO_Biological_Process_2023,Regulation Of Natural Killer Cell Cytokine Production (GO:0002727),1/6,0.688968086535127,0.999996300842126,0,0,0.9308823529411764,0.3468098343389243,KIR2DL4
2626,GO_Biological_Process_2023,Antigen Processing And Presentation Of Endogenous Peptide Antigen Via MHC Class I Via ER Pathway (GO:0002484),2/13,0.6979497232416515,0.999996300842126,0,0,0.8461874758904462,0.3042959623056126,ULBP2;ULBP1
2625,GO_Biological_Process_2023,ATP Transport (GO:0015867),2/13,0.6979497232416515,0.999996300842126,0,0,0.8461874758904462,0.3042959623056126,CALHM1;SLC17A9
2624,GO_Biological_Process_2023,Negative Regulation Of Inflammatory Response (GO:0050728),18/111,0.6955824719477771,0.999996300842126,0,0,0.900365756400737,0.3268378974125601,IL33;PTGIS;ADIPOQ;CXCL17;GATA3;IGF1;KLF4;CDH5;LRFN5;PROC;TYRO3;SLAMF8;FFAR4;SAA1;PPARG;TEK;PPARA;ELANE
2623,GO_Biological_Process_2023,Double-Strand Break Repair Via Homologous Recombination (GO:0000724),18/111,0.6955824719477771,0.999996300842126,0,0,0.900365756400737,0.3268378974125601,GINS2;BLM;FEN1;RMI2;XRCC2;GINS4;TONSL;HUS1B;CDC7;BRCA2;RAD54B;RAD51AP1;RECQL4;CDC45;RAD51;MCM4;AUNIP;MCM2
2622,GO_Biological_Process_2023,Cytoskeleton Organization (GO:0007010),18/111,0.6955824719477771,0.999996300842126,0,0,0.900365756400737,0.3268378974125601,CCL13;CCL24;CCL11;DST;MAST1;SYNE3;MRAP;FGD3;KISS1;STRIP2;DIAPH3;DES;CCL7;KRT16;RAC3;WASF3;PACSIN1;SH3D19
2621,GO_Biological_Process_2023,Regulation Of Stress Fiber Assembly (GO:0051492),12/75,0.6951906176789793,0.999996300842126,0,0,0.8861870989530564,0.322190335485856,NELL1;SFRP1;TMEFF2;WNT11;ARHGEF15;MYOC;STMN1;RHPN1;EVL;MET;PPM1E;FERMT2
2620,GO_Biological_Process_2023,Positive Regulation Of Neurogenesis (GO:0050769),12/75,0.6951906176789793,0.999996300842126,0,0,0.8861870989530564,0.322190335485856,ROBO2;NTRK2;VCAN;MME;DCT;IFNG;METRN;NEURL1;SOX11;CX3CL1;HAPLN1;PLXNA4
2619,GO_Biological_Process_2023,Positive Regulation Of Growth (GO:0045927),13/81,0.6947064131228083,0.999996300842126,0,0,0.8894262869733591,0.3239877112247941,SLC44A4;HPN;AKAP6;EGFR;SFRP1;EXOSC4;HYAL1;LEP;ERBB2;AGR2;PRSS2;S100A9;S100A8
2618,GO_Biological_Process_2023,Very Long-Chain Fatty Acid Metabolic Process (GO:0000038),5/32,0.6911249990256597,0.999996300842126,0,0,0.8617507654880249,0.3183605284363707,ABCD2;ACSL1;ELOVL2;ELOVL3;SLC27A6
2617,GO_Biological_Process_2023,Transition Metal Ion Transport (GO:0000041),5/32,0.6911249990256597,0.999996300842126,0,0,0.8617507654880249,0.3183605284363707,SLC30A8;TFR2;SLC11A1;F3;MT3
2616,GO_Biological_Process_2023,Regulation Of Metaphase/Anaphase Transition Of Cell Cycle (GO:1902099),5/32,0.6911249990256597,0.999996300842126,0,0,0.8617507654880249,0.3183605284363707,CENPE;UBE2C;PLK1;MAP3K20;CDC6
2615,GO_Biological_Process_2023,Positive Regulation Of Synapse Assembly (GO:0051965),5/32,0.6911249990256597,0.999996300842126,0,0,0.8617507654880249,0.3183605284363707,NLGN1;SLITRK3;SLITRK6;SYNDIG1;EPHB1
2614,GO_Biological_Process_2023,Negative Regulation Of Osteoblast Differentiation (GO:0045668),5/32,0.6911249990256597,0.999996300842126,0,0,0.8617507654880249,0.3183605284363707,GDF10;CITED1;TWIST2;CRIM1;PPARG
2613,GO_Biological_Process_2023,Female Gamete Generation (GO:0007292),5/32,0.6911249990256597,0.999996300842126,0,0,0.8617507654880249,0.3183605284363707,STRA8;IHO1;PTN;HORMAD1;TRIP13
2612,GO_Biological_Process_2023,Xenobiotic Glucuronidation (GO:0052697),1/6,0.688968086535127,0.999996300842126,0,0,0.9308823529411764,0.3468098343389243,UGT2B28
2611,GO_Biological_Process_2023,Vitamin A Metabolic Process (GO:0006776),1/6,0.688968086535127,0.999996300842126,0,0,0.9308823529411764,0.3468098343389243,RPE65
2642,GO_Biological_Process_2023,Regulation Of Lamellipodium Organization (GO:1902743),2/13,0.6979497232416515,0.999996300842126,0,0,0.8461874758904462,0.3042959623056126,VIL1;CARMIL2
2641,GO_Biological_Process_2023,Regulation Of Immune Effector Process (GO:0002697),2/13,0.6979497232416515,0.999996300842126,0,0,0.8461874758904462,0.3042959623056126,SUSD4;C4BPA
2640,GO_Biological_Process_2023,Protein Localization To Synapse (GO:0035418),2/13,0.6979497232416515,0.999996300842126,0,0,0.8461874758904462,0.3042959623056126,NLGN1;NPHS1
2639,GO_Biological_Process_2023,Protein Hydroxylation (GO:0018126),2/13,0.6979497232416515,0.999996300842126,0,0,0.8461874758904462,0.3042959623056126,EGLN3;P3H4
2638,GO_Biological_Process_2023,Positive Regulation Of Insulin Secretion Involved In Cellular Response To Glucose Stimulus (GO:0035774),2/13,0.6979497232416515,0.999996300842126,0,0,0.8461874758904462,0.3042959623056126,RFX6;GPLD1
2637,GO_Biological_Process_2023,Positive Regulation Of Cyclase Activity (GO:0031281),2/13,0.6979497232416515,0.999996300842126,0,0,0.8461874758904462,0.3042959623056126,CACNA1D;NOS1
2636,GO_Biological_Process_2023,Positive Regulation Of Alpha-Beta T Cell Differentiation (GO:0046638),2/13,0.6979497232416515,0.999996300842126,0,0,0.8461874758904462,0.3042959623056126,TNFSF4;TGFBR2
2635,GO_Biological_Process_2023,Peptidyl-Tyrosine Autophosphorylation (GO:0038083),2/13,0.6979497232416515,0.999996300842126,0,0,0.8461874758904462,0.3042959623056126,SRMS;EGFR
2634,GO_Biological_Process_2023,Negative Regulation Of Neuroinflammatory Response (GO:0150079),2/13,0.6979497232416515,0.999996300842126,0,0,0.8461874758904462,0.3042959623056126,IGF1;CX3CL1
2633,GO_Biological_Process_2023,Negative Regulation Of Interleukin-12 Production (GO:0032695),2/13,0.6979497232416515,0.999996300842126,0,0,0.8461874758904462,0.3042959623056126,CCR7;TIGIT
2632,GO_Biological_Process_2023,Mitochondrial Fission (GO:0000266),2/13,0.6979497232416515,0.999996300842126,0,0,0.8461874758904462,0.3042959623056126,PRKN;MTFR2
2631,GO_Biological_Process_2023,Eye Photoreceptor Cell Development (GO:0042462),2/13,0.6979497232416515,0.999996300842126,0,0,0.8461874758904462,0.3042959623056126,CRB2;TH
2630,GO_Biological_Process_2023,Cardiac Left Ventricle Morphogenesis (GO:0003214),2/13,0.6979497232416515,0.999996300842126,0,0,0.8461874758904462,0.3042959623056126,NPY2R;TGFBR2
2629,GO_Biological_Process_2023,Antigen Processing And Presentation Of Peptide Antigen Via MHC Class Ib (GO:0002428),2/13,0.6979497232416515,0.999996300842126,0,0,0.8461874758904462,0.3042959623056126,ULBP2;ULBP1
2628,GO_Biological_Process_2023,Antigen Processing And Presentation Of Endogenous Peptide Antigen Via MHC Class Ib (GO:0002476),2/13,0.6979497232416515,0.999996300842126,0,0,0.8461874758904462,0.3042959623056126,ULBP2;ULBP1
2627,GO_Biological_Process_2023,"Antigen Processing And Presentation Of Endogenous Peptide Antigen Via MHC Class I Via ER Pathway, TAP-independent (GO:0002486)",2/13,0.6979497232416515,0.999996300842126,0,0,0.8461874758904462,0.3042959623056126,ULBP2;ULBP1
2658,GO_Biological_Process_2023,Positive Regulation Of Nuclear Division (GO:0051785),4/26,0.699573157328999,0.999996300842126,0,0,0.8461004039832232,0.3022989026027603,DMRT1;EDN3;EGF;IGF1
2657,GO_Biological_Process_2023,Positive Regulation Of Monooxygenase Activity (GO:0032770),4/26,0.699573157328999,0.999996300842126,0,0,0.8461004039832232,0.3022989026027603,FCER2;TERT;IFNG;NPR3
2656,GO_Biological_Process_2023,Positive Regulation Of Microtubule Polymerization Or Depolymerization (GO:0031112),4/26,0.699573157328999,0.999996300842126,0,0,0.8461004039832232,0.3022989026027603,PSRC1;CAV3;ANKRD53;MET
2655,GO_Biological_Process_2023,Plasma Membrane Invagination (GO:0099024),4/26,0.699573157328999,0.999996300842126,0,0,0.8461004039832232,0.3022989026027603,MARCO;GSN;CD36;AURKB
2654,GO_Biological_Process_2023,Nucleic Acid Phosphodiester Bond Hydrolysis (GO:0090305),4/26,0.699573157328999,0.999996300842126,0,0,0.8461004039832232,0.3022989026027603,FEN1;IHO1;HORMAD1;DNA2
2653,GO_Biological_Process_2023,Negative Regulation Of Catalytic Activity (GO:0043086),4/26,0.699573157328999,0.999996300842126,0,0,0.8461004039832232,0.3022989026027603,PLN;NOS1;IFIT1;MT3
2652,GO_Biological_Process_2023,Camera-Type Eye Development (GO:0043010),4/26,0.699573157328999,0.999996300842126,0,0,0.8461004039832232,0.3022989026027603,FBN2;EFEMP1;WT1;PAX2
2651,GO_Biological_Process_2023,cAMP-mediated Signaling (GO:0019933),4/26,0.699573157328999,0.999996300842126,0,0,0.8461004039832232,0.3022989026027603,GAL;PDE2A;AKAP6;DEFB1
2650,GO_Biological_Process_2023,L-amino Acid Transport (GO:0015807),4/26,0.699573157328999,0.999996300842126,0,0,0.8461004039832232,0.3022989026027603,SLC7A5;SLC36A2;SLC7A11;SLC38A5
2649,GO_Biological_Process_2023,Fc Receptor Signaling Pathway (GO:0038093),4/26,0.699573157328999,0.999996300842126,0,0,0.8461004039832232,0.3022989026027603,MAPK10;PIGR;FCGR3A;KIT
2648,GO_Biological_Process_2023,Signal Transduction In Response To DNA Damage (GO:0042770),9/57,0.69917263507766,0.999996300842126,0,0,0.8723958333333334,0.3121934729564687,H2AX;CHEK1;E2F1;MAP3K20;DONSON;CLSPN;E2F7;MAP2K6;BATF
2647,GO_Biological_Process_2023,Synaptic Vesicle Localization (GO:0097479),2/13,0.6979497232416515,0.999996300842126,0,0,0.8461874758904462,0.3042959623056126,NLGN1;SYNDIG1
2646,GO_Biological_Process_2023,Response To Progesterone (GO:0032570),2/13,0.6979497232416515,0.999996300842126,0,0,0.8461874758904462,0.3042959623056126,CAV1;CSN1S1
2645,GO_Biological_Process_2023,Response To Chemokine (GO:1990868),2/13,0.6979497232416515,0.999996300842126,0,0,0.8461874758904462,0.3042959623056126,CXCL12;DUSP1
2644,GO_Biological_Process_2023,Regulation Of Response To Stress (GO:0080134),2/13,0.6979497232416515,0.999996300842126,0,0,0.8461874758904462,0.3042959623056126,CRHBP;CORO2B
2643,GO_Biological_Process_2023,Regulation Of Nitrogen Compound Metabolic Process (GO:0051171),2/13,0.6979497232416515,0.999996300842126,0,0,0.8461874758904462,0.3042959623056126,ALDH2;IFNG
2674,GO_Biological_Process_2023,Neuron Projection Extension (GO:1990138),6/39,0.7106045580016652,0.999996300842126,0,0,0.8460132334388919,0.2890312682850763,SEMA5A;NELL2;NELL1;NRN1;S100B;SH3GL2
2673,GO_Biological_Process_2023,Negative Regulation Of Lymphocyte Proliferation (GO:0050672),6/39,0.7106045580016652,0.999996300842126,0,0,0.8460132334388919,0.2890312682850763,IL4I1;CD80;PLA2G2A;CTLA4;SOX11;FOXP3
2672,GO_Biological_Process_2023,Anterograde Axonal Transport (GO:0008089),6/39,0.7106045580016652,0.999996300842126,0,0,0.8460132334388919,0.2890312682850763,KIF4A;TRIM46;HSPB1;NEFL;KIF1A;MGARP
2671,GO_Biological_Process_2023,Defense Response To Virus (GO:0051607),31/189,0.7074689446455403,0.999996300842126,0,0,0.9124592922079328,0.3157670723399774,IL21;IFI6;IFIT1;OASL;PYCARD;IFNL2;EXOSC4;IFNL1;NLRP6;IGF2BP1;PMAIP1;IFNL3;GBP5;NMB;RSAD2;USP44;MX1;OPRK1;ISG15;AZU1;CXCL10;IL6;AIM2;IFI27;OAS1;OAS2;OAS3;PLA2G10;CD207;IRF7;APOBEC3B
2670,GO_Biological_Process_2023,Regulation Of Cellular Metabolic Process (GO:0031323),7/45,0.7054713771403476,0.999996300842126,0,0,0.8571268823617116,0.2990422090356892,PRKN;PID1;ANGPTL8;PDK4;FOXM1;PPARA;SLC2A6
2669,GO_Biological_Process_2023,Hexose Metabolic Process (GO:0019318),7/45,0.7054713771403476,0.999996300842126,0,0,0.8571268823617116,0.2990422090356892,OAS1;SORD;CHST1;IRS2;APOD;ALDOC;PCK1
2668,GO_Biological_Process_2023,Epidermal Growth Factor Receptor Signaling Pathway (GO:0007173),7/45,0.7054713771403476,0.999996300842126,0,0,0.8571268823617116,0.2990422090356892,VIL1;PIGR;EFEMP1;EGF;ERBB2;REPS2;EGFR
2667,GO_Biological_Process_2023,Detection Of Chemical Stimulus Involved In Sensory Perception Of Taste (GO:0050912),7/45,0.7054713771403476,0.999996300842126,0,0,0.8571268823617116,0.2990422090356892,PIGR;CST2;CST1;PIP;CA6;TAS1R3;CST4
2666,GO_Biological_Process_2023,Regulation Of Substrate Adhesion-Dependent Cell Spreading (GO:1900024),8/51,0.7018014696535382,0.999996300842126,0,0,0.8656513802579293,0.306531241108475,FGA;KANK1;NELL1;MYOC;RAC3;OLFM4;FERMT2;LIMS2
2665,GO_Biological_Process_2023,Positive Regulation Of Protein Localization To Plasma Membrane (GO:1903078),8/51,0.7018014696535382,0.999996300842126,0,0,0.8656513802579293,0.306531241108475,IFNG;LRP1;STAC2;AGR2;AKAP5;SORBS1;EGFR;SPTBN1
2664,GO_Biological_Process_2023,Positive Regulation Of Protein Localization To Cell Periphery (GO:1904377),8/51,0.7018014696535382,0.999996300842126,0,0,0.8656513802579293,0.306531241108475,IFNG;LRP1;STAC2;AKAP5;SORBS1;EGFR;GNAI1;SPTBN1
2663,GO_Biological_Process_2023,Positive Regulation Of Ras Protein Signal Transduction (GO:0046579),8/51,0.7018014696535382,0.999996300842126,0,0,0.8656513802579293,0.306531241108475,RTN4R;GPR17;P2RY10;EPO;IGF1;SLC6A2;RASGRP1;F2RL2
2662,GO_Biological_Process_2023,Negative Regulation Of MAP Kinase Activity (GO:0043407),8/51,0.7018014696535382,0.999996300842126,0,0,0.8656513802579293,0.306531241108475,RGS2;BMP2;CAV3;DUSP1;CBLC;SPRY2;PPARG;SPRY1
2661,GO_Biological_Process_2023,Amide Biosynthetic Process (GO:0043604),8/51,0.7018014696535382,0.999996300842126,0,0,0.8656513802579293,0.306531241108475,PCSK1;DMD;SPTSSB;ABCA8;DEGS2;PCSK5;TLCD3B;PNPLA1
2660,GO_Biological_Process_2023,Telomere Maintenance Via Telomere Lengthening (GO:0010833),4/26,0.699573157328999,0.999996300842126,0,0,0.8461004039832232,0.3022989026027603,PIF1;RAD51;TERT;ZSCAN4
2659,GO_Biological_Process_2023,Regulation Of Fatty Acid Biosynthetic Process (GO:0042304),4/26,0.699573157328999,0.999996300842126,0,0,0.8461004039832232,0.3022989026027603,KAT2B;MLXIPL;PDK4;TRIB3
2690,GO_Biological_Process_2023,Regulation Of Cardiac Muscle Cell Proliferation (GO:0060043),3/20,0.7131976396326231,0.999996300842126,0,0,0.8212323978827524,0.2775738425062324,TGFBR3;TBX20;FGF2
2689,GO_Biological_Process_2023,Positive Regulation Of Lipid Storage (GO:0010884),3/20,0.7131976396326231,0.999996300842126,0,0,0.8212323978827524,0.2775738425062324,PLA2G10;CIDEA;VSTM2A
2688,GO_Biological_Process_2023,Positive Regulation Of Embryonic Development (GO:0040019),3/20,0.7131976396326231,0.999996300842126,0,0,0.8212323978827524,0.2775738425062324,LHX1;SCX;TLE6
2687,GO_Biological_Process_2023,Nuclear-Transcribed mRNA poly(A) Tail Shortening (GO:0000289),3/20,0.7131976396326231,0.999996300842126,0,0,0.8212323978827524,0.2775738425062324,ZFP36;NLRP6;SAMD4A
2686,GO_Biological_Process_2023,Negative Regulation Of Protein Localization To Cell Periphery (GO:1904376),3/20,0.7131976396326231,0.999996300842126,0,0,0.8212323978827524,0.2775738425062324,LRRC15;PID1;SAPCD2
2685,GO_Biological_Process_2023,Negative Regulation Of miRNA Transcription (GO:1902894),3/20,0.7131976396326231,0.999996300842126,0,0,0.8212323978827524,0.2775738425062324,PPARG;PPARA;ESR1
2684,GO_Biological_Process_2023,Long-Term Memory (GO:0007616),3/20,0.7131976396326231,0.999996300842126,0,0,0.8212323978827524,0.2775738425062324,NPAS4;NTF4;SLC2A4
2683,GO_Biological_Process_2023,Cellular Response To pH (GO:0071467),3/20,0.7131976396326231,0.999996300842126,0,0,0.8212323978827524,0.2775738425062324,GPR68;HYAL1;GPLD1
2682,GO_Biological_Process_2023,Cell Projection Organization (GO:0030030),3/20,0.7131976396326231,0.999996300842126,0,0,0.8212323978827524,0.2775738425062324,P2RY12;GSN;RAC3
2681,GO_Biological_Process_2023,Ameboidal-Type Cell Migration (GO:0001667),3/20,0.7131976396326231,0.999996300842126,0,0,0.8212323978827524,0.2775738425062324,GPC3;FAT2;TNS1
2680,GO_Biological_Process_2023,Positive Regulation Of Protein Secretion (GO:0050714),12/76,0.7130783433886865,0.999996300842126,0,0,0.8722872340425532,0.2949761280692516,HCAR2;MYOM1;FGA;SLC30A8;NNAT;IRS2;ADAM8;PPARG;DOC2B;TRH;IGF1;BMP6
2679,GO_Biological_Process_2023,Positive Regulation Of Interleukin-6 Production (GO:0032755),12/76,0.7130783433886865,0.999996300842126,0,0,0.8722872340425532,0.2949761280692516,PYCARD;IL33;IL6;IFNG;TSLP;CLEC7A;LEP;TNFSF4;NOD2;MMP8;IL17D;INAVA
2678,GO_Biological_Process_2023,Negative Regulation Of Protein Kinase Activity (GO:0006469),14/88,0.7111985419987609,0.999996300842126,0,0,0.880108322912751,0.2999441243049109,CDKN1C;CAV3;CAV1;HSPB1;PTK6;PPM1E;PYCARD;DBNDD1;PTPRB;IFNG;CAMK2N2;PYDC1;TRIB3;SNCA
2677,GO_Biological_Process_2023,Positive Regulation Of Cell Projection Organization (GO:0031346),19/118,0.710639186355735,0.999996300842126,0,0,0.8927133759424833,0.3049423651189308,RET;ROBO2;NTRK2;CARMIL2;NLGN1;FZD4;METRN;NTRK3;PLPPR5;PTK6;NDNF;PTN;CX3CL1;RELN;GPC2;ALKAL2;S100A9;PLXNA4;DDR2
2676,GO_Biological_Process_2023,Release Of Sequestered Calcium Ion Into Cytosol (GO:0051209),6/39,0.7106045580016652,0.999996300842126,0,0,0.8460132334388919,0.2890312682850763,CCL21;HTR2C;CCR7;HTR2A;PLCH2;FGF2
2675,GO_Biological_Process_2023,Regulation Of Protein Tyrosine Kinase Activity (GO:0061097),6/39,0.7106045580016652,0.999996300842126,0,0,0.8460132334388919,0.2890312682850763,RELN;CAV1;DOK7;PTK6;FCGR1A;LRP8
2706,GO_Biological_Process_2023,Signal Transduction By P53 Class Mediator (GO:0072331),5/33,0.7178871810712323,0.999996300842126,0,0,0.8309233942727714,0.2754036193480663,PYCARD;PMAIP1;POU4F1;E2F7;BATF
2705,GO_Biological_Process_2023,Positive Regulation Of Telomerase Activity (GO:0051973),5/33,0.7178871810712323,0.999996300842126,0,0,0.8309233942727714,0.2754036193480663,PKIB;NEK2;KLF4;MAPK15;AURKB
2704,GO_Biological_Process_2023,Positive Regulation Of Epidermal Growth Factor Receptor Signaling Pathway (GO:0045742),5/33,0.7178871810712323,0.999996300842126,0,0,0.8309233942727714,0.2754036193480663,EGF;AGR2;PLAUR;PTK6;MMP9
2703,GO_Biological_Process_2023,Positive Regulation Of Notch Signaling Pathway (GO:0045747),5/33,0.7178871810712323,0.999996300842126,0,0,0.8309233942727714,0.2754036193480663,ROBO2;ENHO;GATA5;NOD2;TP63
2702,GO_Biological_Process_2023,Negative Regulation Of Double-Strand Break Repair (GO:2000780),5/33,0.7178871810712323,0.999996300842126,0,0,0.8309233942727714,0.2754036193480663,POLQ;RMI2;PARPBP;HMGA2;AUNIP
2701,GO_Biological_Process_2023,Inositol Lipid-Mediated Signaling (GO:0048017),5/33,0.7178871810712323,0.999996300842126,0,0,0.8309233942727714,0.2754036193480663,GPR143;IGF1;PLCH2;MUC5AC;KCNH1
2700,GO_Biological_Process_2023,Epithelial Tube Morphogenesis (GO:0060562),5/33,0.7178871810712323,0.999996300842126,0,0,0.8309233942727714,0.2754036193480663,SOX17;LHX1;TBX20;GATA3;MET
2699,GO_Biological_Process_2023,Response To Metal Ion (GO:0010038),10/64,0.7166551819706648,0.999996300842126,0,0,0.861554778481345,0.2870359964925841,FGA;SLC30A8;SLC30A2;TFR2;CAV1;ITPKA;MT1X;TESMIN;CRIP1;SNCA
2698,GO_Biological_Process_2023,Positive Regulation Of T Cell Differentiation (GO:0045582),10/64,0.7166551819706648,0.999996300842126,0,0,0.861554778481345,0.2870359964925841,IL4I1;TNFSF4;LEF1;IL12B;ADAM8;SOX12;GATA3;PCK1;FOXP3;VSIR
2697,GO_Biological_Process_2023,Cellular Response To Virus (GO:0098586),10/64,0.7166551819706648,0.999996300842126,0,0,0.861554778481345,0.2870359964925841,IL21;CXCL10;IFNL2;IL6;IFNL1;IFNG;OAS1;IFI6;VWCE;IFNL3
2696,GO_Biological_Process_2023,Sulfur Compound Biosynthetic Process (GO:0044272),11/70,0.7146040947588177,0.999996300842126,0,0,0.8673774479171674,0.291461897575013,CHST9;CHST6;CHPF;ANGPT1;CBS;B3GNT4;GSTA1;GGT2P;CHST1;CDO1;GGTA1
2695,GO_Biological_Process_2023,Regulation Of Toll-Like Receptor Signaling Pathway (GO:0034121),3/20,0.7131976396326231,0.999996300842126,0,0,0.8212323978827524,0.2775738425062324,IRF7;TYRO3;CD36
2694,GO_Biological_Process_2023,Regulation Of Protein Localization To Cell Periphery (GO:1904375),3/20,0.7131976396326231,0.999996300842126,0,0,0.8212323978827524,0.2775738425062324,PLK1;MISP;SPTBN1
2693,GO_Biological_Process_2023,Regulation Of Meiotic Cell Cycle (GO:0051445),3/20,0.7131976396326231,0.999996300842126,0,0,0.8212323978827524,0.2775738425062324,CDC20;DUSP1;SPATA22
2692,GO_Biological_Process_2023,Regulation Of Macrophage Chemotaxis (GO:0010758),3/20,0.7131976396326231,0.999996300842126,0,0,0.8212323978827524,0.2775738425062324,CXCL17;SLAMF8;AMH
2691,GO_Biological_Process_2023,Regulation Of Fibroblast Migration (GO:0010762),3/20,0.7131976396326231,0.999996300842126,0,0,0.8212323978827524,0.2775738425062324,HAS1;FGF2;DDR2
2722,GO_Biological_Process_2023,Regulation Of Immunoglobulin Production (GO:0002637),4/27,0.7285212754603226,0.999996300842126,0,0,0.8092642045804157,0.2563250892311224,IL21;IL6;FCRL3;TNFSF4
2721,GO_Biological_Process_2023,Regulation Of SMAD Protein Signal Transduction (GO:0060390),4/27,0.7285212754603226,0.999996300842126,0,0,0.8092642045804157,0.2563250892311224,LRP1;PPARG;KIAA0319;BMP6
2720,GO_Biological_Process_2023,Positive Regulation Of Cytosolic Calcium Ion Concentration Involved In Phospholipase C-activating G Protein-Coupled Signaling Pathway (GO:0051482),4/27,0.7285212754603226,0.999996300842126,0,0,0.8092642045804157,0.2563250892311224,GPR17;P2RY10;HTR2C;F2RL2
2719,GO_Biological_Process_2023,Negative Regulation Of Notch Signaling Pathway (GO:0045746),4/27,0.7285212754603226,0.999996300842126,0,0,0.8092642045804157,0.2563250892311224,NEURL1;MAGEA1;DLK1;DLK2
2718,GO_Biological_Process_2023,Cortical Cytoskeleton Organization (GO:0030865),4/27,0.7285212754603226,0.999996300842126,0,0,0.8092642045804157,0.2563250892311224,FHOD3;NLGN1;RAC3;LLGL2
2717,GO_Biological_Process_2023,Cellular Response To Epidermal Growth Factor Stimulus (GO:0071364),4/27,0.7285212754603226,0.999996300842126,0,0,0.8092642045804157,0.2563250892311224,VIL1;ZFP36;ERBB2;EGFR
2716,GO_Biological_Process_2023,Regulation Of Fibroblast Proliferation (GO:0048145),7/46,0.7277638262372769,0.999996300842126,0,0,0.835098423766979,0.2653764897467772,SFRP1;E2F1;FN1;IGF1;AMH;AQP1;DDR2
2715,GO_Biological_Process_2023,T Cell Differentiation (GO:0030217),7/46,0.7277638262372769,0.999996300842126,0,0,0.835098423766979,0.2653764897467772,ANXA1;USP44;LEP;KIT;LEPR;GATA3;FOXP3
2714,GO_Biological_Process_2023,Neuron Differentiation (GO:0030182),28/173,0.7277589483854953,0.999996300842126,0,0,0.8979943200243709,0.2853694846097784,FOXA1;TENM1;BRSK2;TENM2;ASCL1;ASCL2;WNT11;ERBB2;DMD;IRX1;WNT10B;EMX1;NTRK2;FZD4;IRX6;WNT7B;EN1;SOX11;PAX6;INHBA;ISL2;LMX1A;LHX2;LHX1;LHX6;INSM1;MET;LHX9
2713,GO_Biological_Process_2023,Negative Regulation Of Protein Phosphorylation (GO:0001933),24/149,0.7256634883591734,0.999996300842126,0,0,0.8929393680614859,0.2863378726631391,PRKN;PID1;CAV3;LRP1;CAV1;NTRK3;SORD;HSPB1;DKK1;PPM1E;KLHL31;MLXIPL;DBNDD1;SFRP1;CAMK2N2;PYDC1;SPRY2;TRIB3;PPARG;DMD;INSM1;PLPP3;SH3GL2;SNCA
2712,GO_Biological_Process_2023,Regulation Of Protein-Containing Complex Assembly (GO:0043254),19/119,0.7246866155594347,0.999996300842126,0,0,0.8837322342239909,0.2845758943711375,OPRD1;GSN;MMP1;BIK;MMP3;HJURP;NRG1;MAPK15;GFAP;SELP;CDH5;TCL1A;IFNG;CLEC7A;TAL1;CD36;INSM1;CRYAB;TRABD2B
2711,GO_Biological_Process_2023,Positive Regulation Of Angiogenesis (GO:0045766),19/119,0.7246866155594347,0.999996300842126,0,0,0.8837322342239909,0.2845758943711375,SEMA5A;ANGPT4;PTGIS;HSPB6;HMGA2;HSPB1;GATA4;VEGFD;FGF1;KLF4;FGF2;AQP1;CDH5;LRG1;HYAL1;ADM2;ANGPTL4;TEK;CD34
2710,GO_Biological_Process_2023,Response To Cytokine (GO:0034097),20/125,0.724676211722488,0.999996300842126,0,0,0.8859282126271038,0.2852957532561544,CSF3;PID1;ANXA1;CITED1;MME;SLC11A1;ADIPOQ;FOXH1;LEF1;MX1;LIFR;ISG15;AKAP6;POU4F1;SELP;LAMP3;ALDH1A2;CCR7;TIMP4;SNCA
2709,GO_Biological_Process_2023,Regulation Of Mitotic Cell Cycle (GO:0007346),20/125,0.724676211722488,0.999996300842126,0,0,0.8859282126271038,0.2852957532561544,FOXA1;CDKN1C;CDCA2;CAV2;PLK1;MKI67;CDC25C;FBXO43;PKMYT1;MEIS2;AURKA;CDC20;CCNB1;MCIDAS;TAL1;CCDC8;CKS2;NEK2;DLGAP5;MAD2L1
2708,GO_Biological_Process_2023,Regulation Of Cell Development (GO:0060284),8/52,0.7229816794268769,0.999996300842126,0,0,0.8459259640897498,0.2743941865636871,HES6;LEF1;SLAMF8;PTN;ASCL1;ASCL2;HES2;CX3CL1
2707,GO_Biological_Process_2023,Rho Protein Signal Transduction (GO:0007266),8/52,0.7229816794268769,0.999996300842126,0,0,0.8459259640897498,0.2743941865636871,NGFR;COL1A2;PLEKHG7;RACGAP1;RHOJ;CDH13;EPS8L1;CELSR1
2738,GO_Biological_Process_2023,Glucosamine-Containing Compound Metabolic Process (GO:1901071),2/14,0.7373058788795741,0.999996300842126,0,0,0.7756247053276756,0.2363735218559513,CHST6;CHST1
2737,GO_Biological_Process_2023,Embryonic Cranial Skeleton Morphogenesis (GO:0048701),2/14,0.7373058788795741,0.999996300842126,0,0,0.7756247053276756,0.2363735218559513,LHX1;TGFBR2
2736,GO_Biological_Process_2023,Electron Transport Chain (GO:0022900),2/14,0.7373058788795741,0.999996300842126,0,0,0.7756247053276756,0.2363735218559513,DHRS2;PPARGC1A
2735,GO_Biological_Process_2023,Cellular Response To ATP (GO:0071318),2/14,0.7373058788795741,0.999996300842126,0,0,0.7756247053276756,0.2363735218559513,P2RY12;RYR3
2734,GO_Biological_Process_2023,T Cell Proliferation (GO:0042098),2/14,0.7373058788795741,0.999996300842126,0,0,0.7756247053276756,0.2363735218559513,SLC11A1;RASGRP1
2733,GO_Biological_Process_2023,2-Oxoglutarate Metabolic Process (GO:0006103),2/14,0.7373058788795741,0.999996300842126,0,0,0.7756247053276756,0.2363735218559513,ADHFE1;TAT
2732,GO_Biological_Process_2023,Water-Soluble Vitamin Metabolic Process (GO:0006767),6/40,0.7341794971008929,0.999996300842126,0,0,0.8210805137688041,0.2537153023482664,CUBN;SLC52A2;SLC52A3;SLC2A1;SLC19A3;SLC52A1
2731,GO_Biological_Process_2023,Regulation Of Small Molecule Metabolic Process (GO:0062012),6/40,0.7341794971008929,0.999996300842126,0,0,0.8210805137688041,0.2537153023482664,PRKN;ACADL;ADIPOQ;PDK4;PPARA;SLC2A6
2730,GO_Biological_Process_2023,Regulation Of Cytokine-Mediated Signaling Pathway (GO:0001959),6/40,0.7341794971008929,0.999996300842126,0,0,0.8210805137688041,0.2537153023482664,PYCARD;TSLP;IGF2BP1;IL36RN;CD24;AGPAT2
2729,GO_Biological_Process_2023,Protein Localization To Chromosome (GO:0034502),6/40,0.7341794971008929,0.999996300842126,0,0,0.8210805137688041,0.2537153023482664,LEF1;PLK1;TONSL;HASPIN;CENPA;ESR1
2728,GO_Biological_Process_2023,Negative Regulation Of Supramolecular Fiber Organization (GO:1902904),11/71,0.7324433276713102,0.999996300842126,0,0,0.8528691624125544,0.2655572821522906,PRKN;CDH5;KANK1;TPX2;PLEKHH2;SPEF1;CAV3;STMN1;CRYAB;KANK3;SNCA
2727,GO_Biological_Process_2023,Lipid Biosynthetic Process (GO:0008610),11/71,0.7324433276713102,0.999996300842126,0,0,0.8528691624125544,0.2655572821522906,MLXIPL;ACSS2;ACSM3;SRD5A2;ACSL1;CYP21A2;ACSM1;ACSM2A;ACSM5;ACACB;ACSM2B
2726,GO_Biological_Process_2023,Positive Regulation Of Response To Stimulus (GO:0048584),12/77,0.7302929122240462,0.999996300842126,0,0,0.8588150572831423,0.2699337962567056,H2AX;DEPDC1B;C6;IFNL1;RSAD2;C7;CD80;ADIPOQ;LRRC70;ECHDC3;GATA3;EGFR
2725,GO_Biological_Process_2023,Embryonic Organ Development (GO:0048568),12/77,0.7302929122240462,0.999996300842126,0,0,0.8588150572831423,0.2699337962567056,STIL;COL2A1;SOX17;THPO;TAL1;WNT7B;KIT;ESRRB;GATA3;NKX2-5;PCSK5;TGFBR2
2724,GO_Biological_Process_2023,Regulation Of Transcription Regulatory Region DNA Binding (GO:2000677),4/27,0.7285212754603226,0.999996300842126,0,0,0.8092642045804157,0.2563250892311224,SOX11;GATA3;IGF1;POU4F1
2723,GO_Biological_Process_2023,Regulation Of Microtubule Polymerization Or Depolymerization (GO:0031110),4/27,0.7285212754603226,0.999996300842126,0,0,0.8092642045804157,0.2563250892311224,STMN1;STMND1;SKA3;SKA1
2754,GO_Biological_Process_2023,Positive Regulation Of Transcription From RNA Polymerase II Promoter Involved In Cellular Response To Chemical Stimulus (GO:1901522),2/14,0.7373058788795741,0.999996300842126,0,0,0.7756247053276756,0.2363735218559513,BMP2;DLX5
2753,GO_Biological_Process_2023,Positive Regulation Of Long-Term Synaptic Potentiation (GO:1900273),2/14,0.7373058788795741,0.999996300842126,0,0,0.7756247053276756,0.2363735218559513,RELN;AKAP5
2752,GO_Biological_Process_2023,Positive Regulation Of Heterotypic Cell-Cell Adhesion (GO:0034116),2/14,0.7373058788795741,0.999996300842126,0,0,0.7756247053276756,0.2363735218559513,FGA;CEACAM6
2751,GO_Biological_Process_2023,Positive Regulation Of Exosomal Secretion (GO:1903543),2/14,0.7373058788795741,0.999996300842126,0,0,0.7756247053276756,0.2363735218559513,IFNG;SDC1
2750,GO_Biological_Process_2023,Neuron Cell-Cell Adhesion (GO:0007158),2/14,0.7373058788795741,0.999996300842126,0,0,0.7756247053276756,0.2363735218559513,RET;NLGN1
2749,GO_Biological_Process_2023,Negative Regulation Of Single Stranded Viral RNA Replication Via Double Stranded DNA Intermediate (GO:0045869),2/14,0.7373058788795741,0.999996300842126,0,0,0.7756247053276756,0.2363735218559513,HMGA2;APOBEC3B
2748,GO_Biological_Process_2023,Negative Regulation Of Chondrocyte Differentiation (GO:0032331),2/14,0.7373058788795741,0.999996300842126,0,0,0.7756247053276756,0.2363735218559513,EFEMP1;NKX3-2
2747,GO_Biological_Process_2023,Negative Regulation Of Androgen Receptor Signaling Pathway (GO:0060766),2/14,0.7373058788795741,0.999996300842126,0,0,0.7756247053276756,0.2363735218559513,SFRP1;FOXH1
2746,GO_Biological_Process_2023,Myotube Cell Development (GO:0014904),2/14,0.7373058788795741,0.999996300842126,0,0,0.7756247053276756,0.2363735218559513,CAV2;IGF1
2745,GO_Biological_Process_2023,Monosaccharide Transmembrane Transport (GO:0015749),2/14,0.7373058788795741,0.999996300842126,0,0,0.7756247053276756,0.2363735218559513,SLC50A1;SLC2A6
2744,GO_Biological_Process_2023,Mitotic Recombination (GO:0006312),2/14,0.7373058788795741,0.999996300842126,0,0,0.7756247053276756,0.2363735218559513,RAD51;RAD54B
2743,GO_Biological_Process_2023,Mitotic intra-S DNA Damage Checkpoint Signaling (GO:0031573),2/14,0.7373058788795741,0.999996300842126,0,0,0.7756247053276756,0.2363735218559513,EME1;HUS1B
2742,GO_Biological_Process_2023,Mitochondrion Transport Along Microtubule (GO:0047497),2/14,0.7373058788795741,0.999996300842126,0,0,0.7756247053276756,0.2363735218559513,NEFL;MGARP
2741,GO_Biological_Process_2023,Medium-Chain Fatty Acid Metabolic Process (GO:0051791),2/14,0.7373058788795741,0.999996300842126,0,0,0.7756247053276756,0.2363735218559513,CYP4Z1;CES1
2740,GO_Biological_Process_2023,Mammary Gland Epithelium Development (GO:0061180),2/14,0.7373058788795741,0.999996300842126,0,0,0.7756247053276756,0.2363735218559513,WNT7B;ZNF703
2739,GO_Biological_Process_2023,Inner Dynein Arm Assembly (GO:0036159),2/14,0.7373058788795741,0.999996300842126,0,0,0.7756247053276756,0.2363735218559513,DNAAF11;ZMYND10
2770,GO_Biological_Process_2023,Regulation Of Receptor Signaling Pathway Via JAK-STAT (GO:0046425),8/53,0.7431267306677145,0.999996300842126,0,0,0.8270772330846006,0.2455498701675172,GHR;SOCS3;IL6;IFNL1;EGF;CAV1;LEP;KIT
2769,GO_Biological_Process_2023,Actin Polymerization Or Depolymerization (GO:0008154),8/53,0.7431267306677145,0.999996300842126,0,0,0.8270772330846006,0.2455498701675172,VIL1;CATIP;GSN;DIAPH3;CFL2;FAM107A;EVL;WASF3
2768,GO_Biological_Process_2023,Positive Regulation Of Cellular Biosynthetic Process (GO:0031328),28/174,0.7390931056196899,0.999996300842126,0,0,0.8917890200150689,0.2696158026910087,TYRP1;HBB;HTR2C;IRS2;HTR2A;PTH1R;FGF2;FOXO1;CLEC7A;ERBB2;CD36;PPARGC1A;SNCA;EGR1;AGXT2;SAMD4A;IGF1;SORBS1;MMP8;KLF4;LARP6;KLF2;MLXIPL;KAT2B;IL6;IFNG;FGFR4;GPLD1
2767,GO_Biological_Process_2023,Negative Regulation Of Canonical Wnt Signaling Pathway (GO:0090090),18/114,0.7387892135354535,0.999996300842126,0,0,0.8720694799658995,0.2640126085553085,IGFBP1;CCL14;PRKN;DRAXIN;AMER2;CAV1;DKK1;TLE6;SOX2;DKK4;SFRP1;BMP2;WNT11;SOX17;TMEM88;IGFBP6;NKX2-5;RBMS3
2766,GO_Biological_Process_2023,Negative Regulation Of Cytokine-Mediated Signaling Pathway (GO:0001960),9/59,0.7386712985351906,0.999996300842126,0,0,0.8373979591836734,0.2536497253311501,IL6;OAS1;OAS3;H2BC11;PYDC1;PPARG;IL36RN;ISG15;CCDC3
2765,GO_Biological_Process_2023,Glucose Metabolic Process (GO:0006006),9/59,0.7386712985351906,0.999996300842126,0,0,0.8373979591836734,0.2536497253311501,TKTL1;PFKFB1;OAS1;SORD;IRS2;APOD;ENO2;PCK1;PPARGC1A
2764,GO_Biological_Process_2023,Vascular Endothelial Growth Factor Signaling Pathway (GO:0038084),2/14,0.7373058788795741,0.999996300842126,0,0,0.7756247053276756,0.2363735218559513,NELL1;VEGFD
2763,GO_Biological_Process_2023,Respiratory Electron Transport Chain (GO:0022904),2/14,0.7373058788795741,0.999996300842126,0,0,0.7756247053276756,0.2363735218559513,PPARGC1A;SLC25A22
2762,GO_Biological_Process_2023,Renal Water Homeostasis (GO:0003091),2/14,0.7373058788795741,0.999996300842126,0,0,0.7756247053276756,0.2363735218559513,AQP4;AQP1
2761,GO_Biological_Process_2023,Regulation Of Superoxide Anion Generation (GO:0032928),2/14,0.7373058788795741,0.999996300842126,0,0,0.7756247053276756,0.2363735218559513,CLEC7A;CD177
2760,GO_Biological_Process_2023,Regulation Of Neuron Projection Arborization (GO:0150011),2/14,0.7373058788795741,0.999996300842126,0,0,0.7756247053276756,0.2363735218559513,NTNG1;FZD4
2759,GO_Biological_Process_2023,Regulation Of Mast Cell Degranulation (GO:0043304),2/14,0.7373058788795741,0.999996300842126,0,0,0.7756247053276756,0.2363735218559513,STXBP2;UNC13D
2758,GO_Biological_Process_2023,Regulation Of Leukocyte Activation (GO:0002694),2/14,0.7373058788795741,0.999996300842126,0,0,0.7756247053276756,0.2363735218559513,PLA2G2A;PLA2G10
2757,GO_Biological_Process_2023,Regulation Of Hemopoiesis (GO:1903706),2/14,0.7373058788795741,0.999996300842126,0,0,0.7756247053276756,0.2363735218559513,PTN;IL17D
2756,GO_Biological_Process_2023,Regulation Of MHC Class II Biosynthetic Process (GO:0045346),2/14,0.7373058788795741,0.999996300842126,0,0,0.7756247053276756,0.2363735218559513,IFNG;PF4
2755,GO_Biological_Process_2023,Primary Alcohol Metabolic Process (GO:0034308),2/14,0.7373058788795741,0.999996300842126,0,0,0.7756247053276756,0.2363735218559513,TKTL1;IGF1
2786,GO_Biological_Process_2023,Fructose Transmembrane Transport (GO:0015755),1/7,0.7439903698402939,0.999996300842126,0,0,0.7756881598793364,0.2293920782828009,SLC2A6
2785,GO_Biological_Process_2023,Folic Acid Transport (GO:0015884),1/7,0.7439903698402939,0.999996300842126,0,0,0.7756881598793364,0.2293920782828009,FOLR2
2784,GO_Biological_Process_2023,Foam Cell Differentiation (GO:0090077),1/7,0.7439903698402939,0.999996300842126,0,0,0.7756881598793364,0.2293920782828009,PPARG
2783,GO_Biological_Process_2023,Cobalamin Metabolic Process (GO:0009235),1/7,0.7439903698402939,0.999996300842126,0,0,0.7756881598793364,0.2293920782828009,CUBN
2782,GO_Biological_Process_2023,Cellular Response To Potassium Ion (GO:0035865),1/7,0.7439903698402939,0.999996300842126,0,0,0.7756881598793364,0.2293920782828009,CRHBP
2781,GO_Biological_Process_2023,Cellular Response To Interleukin-2 (GO:0071352),1/7,0.7439903698402939,0.999996300842126,0,0,0.7756881598793364,0.2293920782828009,STAT5A
2780,GO_Biological_Process_2023,Cellular Response To Interferon-Alpha (GO:0035457),1/7,0.7439903698402939,0.999996300842126,0,0,0.7756881598793364,0.2293920782828009,GATA3
2779,GO_Biological_Process_2023,Cellular Response To Epinephrine Stimulus (GO:0071872),1/7,0.7439903698402939,0.999996300842126,0,0,0.7756881598793364,0.2293920782828009,SNCA
2778,GO_Biological_Process_2023,Cellular Biogenic Amine Catabolic Process (GO:0042402),1/7,0.7439903698402939,0.999996300842126,0,0,0.7756881598793364,0.2293920782828009,DMGDH
2777,GO_Biological_Process_2023,Axo-Dendritic Protein Transport (GO:0099640),1/7,0.7439903698402939,0.999996300842126,0,0,0.7756881598793364,0.2293920782828009,HSPB1
2776,GO_Biological_Process_2023,Arginine Catabolic Process (GO:0006527),1/7,0.7439903698402939,0.999996300842126,0,0,0.7756881598793364,0.2293920782828009,NOS1
2775,GO_Biological_Process_2023,Anterograde Axonal Protein Transport (GO:0099641),1/7,0.7439903698402939,0.999996300842126,0,0,0.7756881598793364,0.2293920782828009,HSPB1
2774,GO_Biological_Process_2023,Amino Sugar Catabolic Process (GO:0046348),1/7,0.7439903698402939,0.999996300842126,0,0,0.7756881598793364,0.2293920782828009,HOGA1
2773,GO_Biological_Process_2023,U4 snRNA 3'-End Processing (GO:0034475),1/7,0.7439903698402939,0.999996300842126,0,0,0.7756881598793364,0.2293920782828009,EXOSC4
2772,GO_Biological_Process_2023,SREBP Signaling Pathway (GO:0032933),1/7,0.7439903698402939,0.999996300842126,0,0,0.7756881598793364,0.2293920782828009,SH2D2A
2771,GO_Biological_Process_2023,DNA Ligation (GO:0006266),1/7,0.7439903698402939,0.999996300842126,0,0,0.7756881598793364,0.2293920782828009,TOP2A
2802,GO_Biological_Process_2023,Negative Regulation Of DNA-templated DNA Replication (GO:2000104),1/7,0.7439903698402939,0.999996300842126,0,0,0.7756881598793364,0.2293920782828009,CDT1
2801,GO_Biological_Process_2023,"Negative Regulation Of CD8-positive, Alpha-Beta T Cell Activation (GO:2001186)",1/7,0.7439903698402939,0.999996300842126,0,0,0.7756881598793364,0.2293920782828009,VSIR
2800,GO_Biological_Process_2023,Negative Regulation Of B Cell Apoptotic Process (GO:0002903),1/7,0.7439903698402939,0.999996300842126,0,0,0.7756881598793364,0.2293920782828009,IRS2
2799,GO_Biological_Process_2023,Myoblast Migration (GO:0051451),1/7,0.7439903698402939,0.999996300842126,0,0,0.7756881598793364,0.2293920782828009,ANXA1
2798,GO_Biological_Process_2023,Myeloid Leukocyte Mediated Immunity (GO:0002444),1/7,0.7439903698402939,0.999996300842126,0,0,0.7756881598793364,0.2293920782828009,IL6
2797,GO_Biological_Process_2023,Monosaccharide Biosynthetic Process (GO:0046364),1/7,0.7439903698402939,0.999996300842126,0,0,0.7756881598793364,0.2293920782828009,RGN
2796,GO_Biological_Process_2023,Mammary Gland Epithelial Cell Differentiation (GO:0060644),1/7,0.7439903698402939,0.999996300842126,0,0,0.7756881598793364,0.2293920782828009,ZNF703
2795,GO_Biological_Process_2023,Lymphatic Endothelial Cell Differentiation (GO:0060836),1/7,0.7439903698402939,0.999996300842126,0,0,0.7756881598793364,0.2293920782828009,PROX1
2794,GO_Biological_Process_2023,Late Nucleophagy (GO:0044805),1/7,0.7439903698402939,0.999996300842126,0,0,0.7756881598793364,0.2293920782828009,ATG9B
2793,GO_Biological_Process_2023,Lactate Metabolic Process (GO:0006089),1/7,0.7439903698402939,0.999996300842126,0,0,0.7756881598793364,0.2293920782828009,LDHD
2792,GO_Biological_Process_2023,Interleukin-2-Mediated Signaling Pathway (GO:0038110),1/7,0.7439903698402939,0.999996300842126,0,0,0.7756881598793364,0.2293920782828009,STAT5A
2791,GO_Biological_Process_2023,Hyperosmotic Response (GO:0006972),1/7,0.7439903698402939,0.999996300842126,0,0,0.7756881598793364,0.2293920782828009,EPO
2790,GO_Biological_Process_2023,Histone H2A K63-linked Deubiquitination (GO:0070537),1/7,0.7439903698402939,0.999996300842126,0,0,0.7756881598793364,0.2293920782828009,DEPDC1B
2789,GO_Biological_Process_2023,"Heparan Sulfate Proteoglycan Biosynthetic Process, Polysaccharide Chain Biosynthetic Process (GO:0015014)",1/7,0.7439903698402939,0.999996300842126,0,0,0.7756881598793364,0.2293920782828009,NDST4
2788,GO_Biological_Process_2023,Growth Hormone Receptor Signaling Pathway Via JAK-STAT (GO:0060397),1/7,0.7439903698402939,0.999996300842126,0,0,0.7756881598793364,0.2293920782828009,STAT5A
2787,GO_Biological_Process_2023,Glucocorticoid Metabolic Process (GO:0008211),1/7,0.7439903698402939,0.999996300842126,0,0,0.7756881598793364,0.2293920782828009,CYP21A2
2818,GO_Biological_Process_2023,Peroxisome Proliferator Activated Receptor Signaling Pathway (GO:0035357),1/7,0.7439903698402939,0.999996300842126,0,0,0.7756881598793364,0.2293920782828009,PPARG
2817,GO_Biological_Process_2023,Peptidyl-Tyrosine Dephosphorylation Involved In Inactivation Of Protein Kinase Activity (GO:1990264),1/7,0.7439903698402939,0.999996300842126,0,0,0.7756881598793364,0.2293920782828009,PTPRB
2816,GO_Biological_Process_2023,Peptidyl-Lysine Hydroxylation (GO:0017185),1/7,0.7439903698402939,0.999996300842126,0,0,0.7756881598793364,0.2293920782828009,P3H4
2815,GO_Biological_Process_2023,Osteoblast Development (GO:0002076),1/7,0.7439903698402939,0.999996300842126,0,0,0.7756881598793364,0.2293920782828009,CLEC5A
2814,GO_Biological_Process_2023,Nucleobase-Containing Small Molecule Interconversion (GO:0015949),1/7,0.7439903698402939,0.999996300842126,0,0,0.7756881598793364,0.2293920782828009,AK5
2813,GO_Biological_Process_2023,Negative Regulation Of Peptidyl-Lysine Acetylation (GO:2000757),1/7,0.7439903698402939,0.999996300842126,0,0,0.7756881598793364,0.2293920782828009,KLF15
2812,GO_Biological_Process_2023,Negative Regulation Of Neural Precursor Cell Proliferation (GO:2000178),1/7,0.7439903698402939,0.999996300842126,0,0,0.7756881598793364,0.2293920782828009,PTN
2811,GO_Biological_Process_2023,Negative Regulation Of Muscle Cell Differentiation (GO:0051148),1/7,0.7439903698402939,0.999996300842126,0,0,0.7756881598793364,0.2293920782828009,RBPMS2
2810,GO_Biological_Process_2023,Negative Regulation Of Mitochondrial Membrane Potential (GO:0010917),1/7,0.7439903698402939,0.999996300842126,0,0,0.7756881598793364,0.2293920782828009,PMAIP1
2809,GO_Biological_Process_2023,Negative Regulation Of Microglial Cell Activation (GO:1903979),1/7,0.7439903698402939,0.999996300842126,0,0,0.7756881598793364,0.2293920782828009,CX3CL1
2808,GO_Biological_Process_2023,Negative Regulation Of miRNA-mediated Gene Silencing (GO:0060965),1/7,0.7439903698402939,0.999996300842126,0,0,0.7756881598793364,0.2293920782828009,PPARG
2807,GO_Biological_Process_2023,Negative Regulation Of Macrophage Migration (GO:1905522),1/7,0.7439903698402939,0.999996300842126,0,0,0.7756881598793364,0.2293920782828009,SLAMF8
2806,GO_Biological_Process_2023,Negative Regulation Of Leukocyte Proliferation (GO:0070664),1/7,0.7439903698402939,0.999996300842126,0,0,0.7756881598793364,0.2293920782828009,IL33
2805,GO_Biological_Process_2023,Negative Regulation Of Keratinocyte Proliferation (GO:0010839),1/7,0.7439903698402939,0.999996300842126,0,0,0.7756881598793364,0.2293920782828009,KLF9
2804,GO_Biological_Process_2023,Negative Regulation Of Inflammatory Response To Wounding (GO:0106015),1/7,0.7439903698402939,0.999996300842126,0,0,0.7756881598793364,0.2293920782828009,IL33
2803,GO_Biological_Process_2023,Negative Regulation Of Cell Cycle G2/M Phase Transition (GO:1902750),1/7,0.7439903698402939,0.999996300842126,0,0,0.7756881598793364,0.2293920782828009,FHL1
2834,GO_Biological_Process_2023,Positive Regulation Of Melanin Biosynthetic Process (GO:0048023),1/7,0.7439903698402939,0.999996300842126,0,0,0.7756881598793364,0.2293920782828009,TYRP1
2833,GO_Biological_Process_2023,Positive Regulation Of Intracellular Steroid Hormone Receptor Signaling Pathway (GO:0033145),1/7,0.7439903698402939,0.999996300842126,0,0,0.7756881598793364,0.2293920782828009,LMO3
2832,GO_Biological_Process_2023,Positive Regulation Of Insulin-Like Growth Factor Receptor Signaling Pathway (GO:0043568),1/7,0.7439903698402939,0.999996300842126,0,0,0.7756881598793364,0.2293920782828009,IGF1
2831,GO_Biological_Process_2023,Positive Regulation Of Fibroblast Migration (GO:0010763),1/7,0.7439903698402939,0.999996300842126,0,0,0.7756881598793364,0.2293920782828009,DDR2
2830,GO_Biological_Process_2023,Positive Regulation Of Execution Phase Of Apoptosis (GO:1900119),1/7,0.7439903698402939,0.999996300842126,0,0,0.7756881598793364,0.2293920782828009,PTGIS
2829,GO_Biological_Process_2023,Positive Regulation Of Cell Migration By Vascular Endothelial Growth Factor Signaling Pathway (GO:0038089),1/7,0.7439903698402939,0.999996300842126,0,0,0.7756881598793364,0.2293920782828009,HSPB1
2828,GO_Biological_Process_2023,Positive Regulation Of Cardiac Epithelial To Mesenchymal Transition (GO:0062043),1/7,0.7439903698402939,0.999996300842126,0,0,0.7756881598793364,0.2293920782828009,TGFBR2
2827,GO_Biological_Process_2023,Positive Regulation Of Calcium Ion Import (GO:0090280),1/7,0.7439903698402939,0.999996300842126,0,0,0.7756881598793364,0.2293920782828009,CXCL12
2826,GO_Biological_Process_2023,Positive Regulation Of Astrocyte Differentiation (GO:0048711),1/7,0.7439903698402939,0.999996300842126,0,0,0.7756881598793364,0.2293920782828009,BMP2
2825,GO_Biological_Process_2023,Positive Regulation Of Aspartic-Type Peptidase Activity (GO:1905247),1/7,0.7439903698402939,0.999996300842126,0,0,0.7756881598793364,0.2293920782828009,EFNA3
2824,GO_Biological_Process_2023,Positive Regulation Of Apoptotic Cell Clearance (GO:2000427),1/7,0.7439903698402939,0.999996300842126,0,0,0.7756881598793364,0.2293920782828009,C4A
2823,GO_Biological_Process_2023,Positive Regulation Of Adipose Tissue Development (GO:1904179),1/7,0.7439903698402939,0.999996300842126,0,0,0.7756881598793364,0.2293920782828009,PPARG
2822,GO_Biological_Process_2023,"Positive Regulation Of CD4-positive, Alpha-Beta T Cell Differentiation (GO:0043372)",1/7,0.7439903698402939,0.999996300842126,0,0,0.7756881598793364,0.2293920782828009,TNFSF4
2821,GO_Biological_Process_2023,Positive Regulation Of Arp2/3 Complex-Mediated Actin Nucleation (GO:2000601),1/7,0.7439903698402939,0.999996300842126,0,0,0.7756881598793364,0.2293920782828009,WASF3
2820,GO_Biological_Process_2023,Plasma Membrane Phospholipid Scrambling (GO:0017121),1/7,0.7439903698402939,0.999996300842126,0,0,0.7756881598793364,0.2293920782828009,PLSCR4
2819,GO_Biological_Process_2023,Phosphatidylserine Acyl-Chain Remodeling (GO:0036150),1/7,0.7439903698402939,0.999996300842126,0,0,0.7756881598793364,0.2293920782828009,MBOAT2
2850,GO_Biological_Process_2023,Regulation Of Cdc42 Protein Signal Transduction (GO:0032489),1/7,0.7439903698402939,0.999996300842126,0,0,0.7756881598793364,0.2293920782828009,NELL1
2849,GO_Biological_Process_2023,Regulation Of ATPase-coupled Calcium Transmembrane Transporter Activity (GO:1901894),1/7,0.7439903698402939,0.999996300842126,0,0,0.7756881598793364,0.2293920782828009,PLN
2848,GO_Biological_Process_2023,Pyrimidine Nucleobase Catabolic Process (GO:0006208),1/7,0.7439903698402939,0.999996300842126,0,0,0.7756881598793364,0.2293920782828009,DPYSL5
2847,GO_Biological_Process_2023,Purine Ribonucleoside Monophosphate Catabolic Process (GO:0009169),1/7,0.7439903698402939,0.999996300842126,0,0,0.7756881598793364,0.2293920782828009,SORD
2846,GO_Biological_Process_2023,Protein Localization To Presynapse (GO:1905383),1/7,0.7439903698402939,0.999996300842126,0,0,0.7756881598793364,0.2293920782828009,HSPB1
2845,GO_Biological_Process_2023,Protein Localization To Ciliary Transition Zone (GO:1904491),1/7,0.7439903698402939,0.999996300842126,0,0,0.7756881598793364,0.2293920782828009,MAPK15
2844,GO_Biological_Process_2023,Postsynaptic Membrane Assembly (GO:0097104),1/7,0.7439903698402939,0.999996300842126,0,0,0.7756881598793364,0.2293920782828009,NLGN1
2843,GO_Biological_Process_2023,Postsynaptic Density Organization (GO:0097106),1/7,0.7439903698402939,0.999996300842126,0,0,0.7756881598793364,0.2293920782828009,NLGN1
2842,GO_Biological_Process_2023,Postsynapse Organization (GO:0099173),1/7,0.7439903698402939,0.999996300842126,0,0,0.7756881598793364,0.2293920782828009,ARHGAP39
2841,GO_Biological_Process_2023,Positive Regulation Of Vascular Associated Smooth Muscle Cell Migration (GO:1904754),1/7,0.7439903698402939,0.999996300842126,0,0,0.7756881598793364,0.2293920782828009,NR4A3
2840,GO_Biological_Process_2023,Positive Regulation Of Triglyceride Lipase Activity (GO:0061365),1/7,0.7439903698402939,0.999996300842126,0,0,0.7756881598793364,0.2293920782828009,GPIHBP1
2839,GO_Biological_Process_2023,"Positive Regulation Of Synaptic Transmission, GABAergic (GO:0032230)",1/7,0.7439903698402939,0.999996300842126,0,0,0.7756881598793364,0.2293920782828009,NLGN1
2838,GO_Biological_Process_2023,Positive Regulation Of Secondary Metabolite Biosynthetic Process (GO:1900378),1/7,0.7439903698402939,0.999996300842126,0,0,0.7756881598793364,0.2293920782828009,TYRP1
2837,GO_Biological_Process_2023,Positive Regulation Of Neuron Projection Arborization (GO:0150012),1/7,0.7439903698402939,0.999996300842126,0,0,0.7756881598793364,0.2293920782828009,FZD4
2836,GO_Biological_Process_2023,Positive Regulation Of Natural Killer Cell Proliferation (GO:0032819),1/7,0.7439903698402939,0.999996300842126,0,0,0.7756881598793364,0.2293920782828009,IL12B
2835,GO_Biological_Process_2023,Positive Regulation Of Membrane Potential (GO:0045838),1/7,0.7439903698402939,0.999996300842126,0,0,0.7756881598793364,0.2293920782828009,TCL1A
2866,GO_Biological_Process_2023,Regulation Of Natural Killer Cell Mediated Cytotoxicity Directed Against Tumor Cell Target (GO:0002858),1/7,0.7439903698402939,0.999996300842126,0,0,0.7756881598793364,0.2293920782828009,IL12B
2865,GO_Biological_Process_2023,Regulation Of Myeloid Leukocyte Differentiation (GO:0002761),1/7,0.7439903698402939,0.999996300842126,0,0,0.7756881598793364,0.2293920782828009,IRF7
2864,GO_Biological_Process_2023,Regulation Of Microvillus Organization (GO:0032530),1/7,0.7439903698402939,0.999996300842126,0,0,0.7756881598793364,0.2293920782828009,CDHR2
2863,GO_Biological_Process_2023,Regulation Of Mesenchymal Stem Cell Differentiation (GO:2000739),1/7,0.7439903698402939,0.999996300842126,0,0,0.7756881598793364,0.2293920782828009,SOX5
2862,GO_Biological_Process_2023,Regulation Of Meiotic Nuclear Division (GO:0040020),1/7,0.7439903698402939,0.999996300842126,0,0,0.7756881598793364,0.2293920782828009,FBXO43
2861,GO_Biological_Process_2023,Regulation Of Extracellular Matrix Constituent Secretion (GO:0003330),1/7,0.7439903698402939,0.999996300842126,0,0,0.7756881598793364,0.2293920782828009,BMP2
2860,GO_Biological_Process_2023,Regulation Of Establishment Of Protein Localization To Mitochondrion (GO:1903747),1/7,0.7439903698402939,0.999996300842126,0,0,0.7756881598793364,0.2293920782828009,PRKN
2859,GO_Biological_Process_2023,Regulation Of Epithelial To Mesenchymal Transition Involved In Endocardial Cushion Formation (GO:1905005),1/7,0.7439903698402939,0.999996300842126,0,0,0.7756881598793364,0.2293920782828009,TGFBR2
2858,GO_Biological_Process_2023,Regulation Of Dopamine Receptor Signaling Pathway (GO:0060159),1/7,0.7439903698402939,0.999996300842126,0,0,0.7756881598793364,0.2293920782828009,RGS8
2857,GO_Biological_Process_2023,Regulation Of Cilium Beat Frequency (GO:0003356),1/7,0.7439903698402939,0.999996300842126,0,0,0.7756881598793364,0.2293920782828009,DNAH11
2856,GO_Biological_Process_2023,Regulation Of Chemokine (C-C Motif) Ligand 5 Production (GO:0071649),1/7,0.7439903698402939,0.999996300842126,0,0,0.7756881598793364,0.2293920782828009,OAS3
2855,GO_Biological_Process_2023,Regulation Of Apoptotic Cell Clearance (GO:2000425),1/7,0.7439903698402939,0.999996300842126,0,0,0.7756881598793364,0.2293920782828009,C4A
2854,GO_Biological_Process_2023,Regulation Of Alpha-Beta T Cell Proliferation (GO:0046640),1/7,0.7439903698402939,0.999996300842126,0,0,0.7756881598793364,0.2293920782828009,TNFSF4
2853,GO_Biological_Process_2023,Regulation Of Activation Of Janus Kinase Activity (GO:0010533),1/7,0.7439903698402939,0.999996300842126,0,0,0.7756881598793364,0.2293920782828009,IL12B
2852,GO_Biological_Process_2023,Regulation Of T-helper 2 Cell Differentiation (GO:0045628),1/7,0.7439903698402939,0.999996300842126,0,0,0.7756881598793364,0.2293920782828009,TNFSF4
2851,GO_Biological_Process_2023,Regulation Of DNA-templated Transcription In Response To Stress (GO:0043620),1/7,0.7439903698402939,0.999996300842126,0,0,0.7756881598793364,0.2293920782828009,MUC1
2882,GO_Biological_Process_2023,Sulfur Amino Acid Biosynthetic Process (GO:0000097),1/7,0.7439903698402939,0.999996300842126,0,0,0.7756881598793364,0.2293920782828009,CDO1
2881,GO_Biological_Process_2023,Stress-Induced Premature Senescence (GO:0090400),1/7,0.7439903698402939,0.999996300842126,0,0,0.7756881598793364,0.2293920782828009,PLA2R1
2880,GO_Biological_Process_2023,Store-Operated Calcium Entry (GO:0002115),1/7,0.7439903698402939,0.999996300842126,0,0,0.7756881598793364,0.2293920782828009,MS4A1
2879,GO_Biological_Process_2023,Spleen Development (GO:0048536),1/7,0.7439903698402939,0.999996300842126,0,0,0.7756881598793364,0.2293920782828009,NKX2-5
2878,GO_Biological_Process_2023,Somatic Hypermutation Of Immunoglobulin Genes (GO:0016446),1/7,0.7439903698402939,0.999996300842126,0,0,0.7756881598793364,0.2293920782828009,POLQ
2877,GO_Biological_Process_2023,siRNA Processing (GO:0030422),1/7,0.7439903698402939,0.999996300842126,0,0,0.7756881598793364,0.2293920782828009,TERT
2876,GO_Biological_Process_2023,Response To Potassium Ion (GO:0035864),1/7,0.7439903698402939,0.999996300842126,0,0,0.7756881598793364,0.2293920782828009,CRHBP
2875,GO_Biological_Process_2023,Response To Hydroperoxide (GO:0033194),1/7,0.7439903698402939,0.999996300842126,0,0,0.7756881598793364,0.2293920782828009,GPX3
2874,GO_Biological_Process_2023,Response To Epinephrine (GO:0071871),1/7,0.7439903698402939,0.999996300842126,0,0,0.7756881598793364,0.2293920782828009,SNCA
2873,GO_Biological_Process_2023,"Regulation Of Wound Healing, Spreading Of Epidermal Cells (GO:1903689)",1/7,0.7439903698402939,0.999996300842126,0,0,0.7756881598793364,0.2293920782828009,FERMT2
2872,GO_Biological_Process_2023,Regulation Of Triglyceride Metabolic Process (GO:0090207),1/7,0.7439903698402939,0.999996300842126,0,0,0.7756881598793364,0.2293920782828009,CIDEC
2871,GO_Biological_Process_2023,Regulation Of Transforming Growth Factor Beta Activation (GO:1901388),1/7,0.7439903698402939,0.999996300842126,0,0,0.7756881598793364,0.2293920782828009,TNXB
2870,GO_Biological_Process_2023,Regulation Of Stem Cell Division (GO:2000035),1/7,0.7439903698402939,0.999996300842126,0,0,0.7756881598793364,0.2293920782828009,ESRRB
2869,GO_Biological_Process_2023,Regulation Of Skeletal Muscle Fiber Development (GO:0048742),1/7,0.7439903698402939,0.999996300842126,0,0,0.7756881598793364,0.2293920782828009,MYOG
2868,GO_Biological_Process_2023,Regulation Of Response To Wounding (GO:1903034),1/7,0.7439903698402939,0.999996300842126,0,0,0.7756881598793364,0.2293920782828009,VIL1
2867,GO_Biological_Process_2023,Regulation Of Protein Localization To Nucleolus (GO:1904749),1/7,0.7439903698402939,0.999996300842126,0,0,0.7756881598793364,0.2293920782828009,TERT
2898,GO_Biological_Process_2023,Positive Regulation Of Lymphocyte Activation (GO:0051251),7/47,0.7488648989053803,0.999996300842126,0,0,0.814171388101983,0.2354556681118489,PYCARD;IL6;CLEC7A;TNFSF4;SIRPG;IL12B;NOD2
2897,GO_Biological_Process_2023,Negative Regulation Of Protein Modification Process (GO:0031400),12/78,0.7468231476689386,0.999996300842126,0,0,0.8457511283043198,0.2468974813658352,PPP1R16B;PRKN;PID1;NTRK3;FXYD1;SORD;DMD;INSM1;PLPP3;FOXP3;SH3GL2;KLHL31
2896,GO_Biological_Process_2023,Sulfur Compound Transport (GO:0072348),3/21,0.7448455610841205,0.999996300842126,0,0,0.7755612148651198,0.2284635683214516,SLC35F3;RACGAP1;SLC19A3
2895,GO_Biological_Process_2023,Regulation Of Neurotransmitter Transport (GO:0051588),3/21,0.7448455610841205,0.999996300842126,0,0,0.7755612148651198,0.2284635683214516,RIMS1;CPLX2;SYN1
2894,GO_Biological_Process_2023,Regulation Of Lipopolysaccharide-Mediated Signaling Pathway (GO:0031664),3/21,0.7448455610841205,0.999996300842126,0,0,0.7755612148651198,0.2284635683214516,CD36;LACRT;CX3CL1
2893,GO_Biological_Process_2023,Positive Regulation Of Natural Killer Cell Mediated Cytotoxicity (GO:0045954),3/21,0.7448455610841205,0.999996300842126,0,0,0.7755612148651198,0.2284635683214516,IL21;IL12B;RASGRP1
2892,GO_Biological_Process_2023,Negative Regulation Of Tumor Necrosis Factor-Mediated Signaling Pathway (GO:0010804),3/21,0.7448455610841205,0.999996300842126,0,0,0.7755612148651198,0.2284635683214516,H2BC11;PYDC1;CCDC3
2891,GO_Biological_Process_2023,Negative Regulation Of miRNA Metabolic Process (GO:2000629),3/21,0.7448455610841205,0.999996300842126,0,0,0.7755612148651198,0.2284635683214516,PPARG;PPARA;ESR1
2890,GO_Biological_Process_2023,Negative Regulation Of Double-Strand Break Repair Via Homologous Recombination (GO:2000042),3/21,0.7448455610841205,0.999996300842126,0,0,0.7755612148651198,0.2284635683214516,POLQ;RMI2;PARPBP
2889,GO_Biological_Process_2023,Antigen Processing And Presentation Of Endogenous Peptide Antigen (GO:0002483),3/21,0.7448455610841205,0.999996300842126,0,0,0.7755612148651198,0.2284635683214516,TAP1;ULBP2;ULBP1
2888,GO_Biological_Process_2023,Regulation Of Cysteine-Type Endopeptidase Activity Involved In Apoptotic Process (GO:0043281),13/84,0.744630876169538,0.999996300842126,0,0,0.8516890217582452,0.2511346900642392,IFI6;KLF4;PAX2;AQP1;PYCARD;SOX2;CLEC7A;LAMP3;DPEP1;PMAIP1;SOX7;MAGEA3;SNCA
2887,GO_Biological_Process_2023,Very-Low-Density Lipoprotein Particle Remodeling (GO:0034372),1/7,0.7439903698402939,0.999996300842126,0,0,0.7756881598793364,0.2293920782828009,CETP
2886,GO_Biological_Process_2023,Ventricular Trabecula Myocardium Morphogenesis (GO:0003222),1/7,0.7439903698402939,0.999996300842126,0,0,0.7756881598793364,0.2293920782828009,NRG1
2885,GO_Biological_Process_2023,Tooth Mineralization (GO:0034505),1/7,0.7439903698402939,0.999996300842126,0,0,0.7756881598793364,0.2293920782828009,COL1A1
2884,GO_Biological_Process_2023,Terpenoid Metabolic Process (GO:0006721),1/7,0.7439903698402939,0.999996300842126,0,0,0.7756881598793364,0.2293920782828009,CYP3A4
2883,GO_Biological_Process_2023,Telomeric D-loop Disassembly (GO:0061820),1/7,0.7439903698402939,0.999996300842126,0,0,0.7756881598793364,0.2293920782828009,RECQL4
2914,GO_Biological_Process_2023,ERBB Signaling Pathway (GO:0038127),8/54,0.7622309377740305,0.999996300842126,0,0,0.8090480121231535,0.2196611478896688,VIL1;PIGR;EFEMP1;EGF;REPS2;NRG1;PTK6;EGFR
2913,GO_Biological_Process_2023,Sterol Metabolic Process (GO:0016125),9/60,0.757041368754014,0.999996300842126,0,0,0.8209283713485395,0.2284950510225394,CETP;SQLE;CYP26B1;ABCA5;CYP21A2;FAXDC2;SH2D2A;APOB;CES1
2912,GO_Biological_Process_2023,Negative Regulation Of Peptidase Activity (GO:0010466),9/60,0.757041368754014,0.999996300842126,0,0,0.8209283713485395,0.2284950510225394,SERPINA11;CRB2;SERPINA12;LRP1;SPOCK3;NRG1;SERPINA9;SERPINB7;TIMP4
2911,GO_Biological_Process_2023,Detection Of Chemical Stimulus Involved In Sensory Perception Of Bitter Taste (GO:0001580),6/41,0.7563559996242574,0.999996300842126,0,0,0.7975725209370069,0.2227166349191381,PIGR;CST2;CST1;PIP;CA6;CST4
2910,GO_Biological_Process_2023,Axoneme Assembly (GO:0035082),6/41,0.7563559996242574,0.999996300842126,0,0,0.7975725209370069,0.2227166349191381,RSPH1;SPEF1;DNAAF3;DNAAF11;FOXJ1;PIERCE1
2909,GO_Biological_Process_2023,Vascular Endothelial Growth Factor Receptor Signaling Pathway (GO:0048010),4/28,0.7553272311278131,0.999996300842126,0,0,0.7754976884611756,0.2176079122875866,NELL1;HSPB1;VEGFD;SULF1
2908,GO_Biological_Process_2023,Regulation Of Protein Transport (GO:0051223),4/28,0.7553272311278131,0.999996300842126,0,0,0.7754976884611756,0.2176079122875866,DNAJC1;SAA1;STXBP5L;LLGL2
2907,GO_Biological_Process_2023,Regulation Of Platelet Activation (GO:0010543),4/28,0.7553272311278131,0.999996300842126,0,0,0.7754976884611756,0.2176079122875866,SELP;C1QTNF1;PLA2G4A;NRG1
2906,GO_Biological_Process_2023,Regulation Of Bone Resorption (GO:0045124),4/28,0.7553272311278131,0.999996300842126,0,0,0.7754976884611756,0.2176079122875866,DCSTAMP;IL6;S1PR1;SPP1
2905,GO_Biological_Process_2023,Phospholipid Catabolic Process (GO:0009395),4/28,0.7553272311278131,0.999996300842126,0,0,0.7754976884611756,0.2176079122875866,PNLIPRP2;PLA2G4D;ENPP2;PLA2G4A
2904,GO_Biological_Process_2023,Negative Regulation Of G2/M Transition Of Mitotic Cell Cycle (GO:0010972),4/28,0.7553272311278131,0.999996300842126,0,0,0.7754976884611756,0.2176079122875866,DEPDC1B;FHL1;CHEK1;AURKB
2903,GO_Biological_Process_2023,Cellular Response To Osmotic Stress (GO:0071470),4/28,0.7553272311278131,0.999996300842126,0,0,0.7754976884611756,0.2176079122875866,PYCARD;EPO;SCN2A;MYLK
2902,GO_Biological_Process_2023,Golgi To Plasma Membrane Protein Transport (GO:0043001),4/28,0.7553272311278131,0.999996300842126,0,0,0.7754976884611756,0.2176079122875866,KRT18;RAB31;RAB26;SPTBN1
2901,GO_Biological_Process_2023,Positive Regulation Of Cysteine-Type Endopeptidase Activity Involved In Apoptotic Process (GO:0043280),17/109,0.7532787813472589,0.999996300842126,0,0,0.8593966156126482,0.2434841564466595,NGFR;PRR7;EGLN3;GSN;ATP2A3;SORD;BBC3;PYCARD;ACVR1C;CLEC7A;COL4A3;PMAIP1;PPARG;SOX7;S100A9;S100A8;SNCA
2900,GO_Biological_Process_2023,Cell-Matrix Adhesion (GO:0007160),17/109,0.7532787813472589,0.999996300842126,0,0,0.8593966156126482,0.2434841564466595,COL17A1;FGA;ECM2;ACTN3;CCL21;ACTN2;MSLNL;FN1;SORBS1;NPNT;MSLN;LYVE1;FBLN5;CDH11;ITGA7;CD34;FERMT2
2899,GO_Biological_Process_2023,Negative Regulation Of Cell Motility (GO:2000146),21/133,0.7504192243128046,0.999996300842126,0,0,0.8719603242320819,0.250360093381937,NGFR;KANK1;ADIPOQ;GATA3;SULF1;MAPK15;CX3CL1;SLURP1;CLDN5;SFRP1;TMEFF2;CLDN3;WNT11;KRT16;CDH11;MMRN2;SPOCK3;CLDN19;DPEP1;AMH;RECK
2930,GO_Biological_Process_2023,Melanosome Transport (GO:0032402),2/15,0.7721928821927206,0.999996300842126,0,0,0.715917745620716,0.1850797090619039,GPR143;MLPH
2929,GO_Biological_Process_2023,Glucuronate Metabolic Process (GO:0019585),2/15,0.7721928821927206,0.999996300842126,0,0,0.715917745620716,0.1850797090619039,UGT2B17;UGT2B28
2928,GO_Biological_Process_2023,Ganglioside Biosynthetic Process (GO:0001574),2/15,0.7721928821927206,0.999996300842126,0,0,0.715917745620716,0.1850797090619039,ST8SIA2;ST6GALNAC3
2927,GO_Biological_Process_2023,Dendritic Spine Morphogenesis (GO:0060997),2/15,0.7721928821927206,0.999996300842126,0,0,0.715917745620716,0.1850797090619039,PAK3;EPHB1
2926,GO_Biological_Process_2023,Cellular Glucuronidation (GO:0052695),2/15,0.7721928821927206,0.999996300842126,0,0,0.715917745620716,0.1850797090619039,UGT2B17;UGT2B28
2925,GO_Biological_Process_2023,Astrocyte Development (GO:0014002),2/15,0.7721928821927206,0.999996300842126,0,0,0.715917745620716,0.1850797090619039,IFNG;S100A9
2924,GO_Biological_Process_2023,Amyloid-Beta Metabolic Process (GO:0050435),2/15,0.7721928821927206,0.999996300842126,0,0,0.715917745620716,0.1850797090619039,NAT8B;MME
2923,GO_Biological_Process_2023,T Cell Homeostasis (GO:0043029),2/15,0.7721928821927206,0.999996300842126,0,0,0.715917745620716,0.1850797090619039,PMAIP1;FOXP3
2922,GO_Biological_Process_2023,N-acetylglucosamine Metabolic Process (GO:0006044),2/15,0.7721928821927206,0.999996300842126,0,0,0.715917745620716,0.1850797090619039,CHST6;CHST1
2921,GO_Biological_Process_2023,Platelet Aggregation (GO:0070527),5/35,0.7663369230739021,0.999996300842126,0,0,0.7754341260853153,0.2063688883412194,P2RY12;FGA;TYRO3;HBB;HSPB1
2920,GO_Biological_Process_2023,Hexose Biosynthetic Process (GO:0019319),5/35,0.7663369230739021,0.999996300842126,0,0,0.7754341260853153,0.2063688883412194,PFKFB1;SORD;ENO2;PCK1;PPARGC1A
2919,GO_Biological_Process_2023,Regulation Of Rho Protein Signal Transduction (GO:0035023),11/73,0.7658682334664447,0.999996300842126,0,0,0.825256619032807,0.2201331948653538,RTN4R;KANK1;GPR17;NELL1;P2RY10;MYOC;STMN1;EPS8L1;SLC6A2;MET;F2RL2
2918,GO_Biological_Process_2023,Cellular Response To Reactive Oxygen Species (GO:0034614),11/73,0.7658682334664447,0.999996300842126,0,0,0.825256619032807,0.2201331948653538,IL6;ANXA1;TRPA1;FOS;ECT2;SLC6A2;MMP9;MT3;PAX2;EGFR;AQP1
2917,GO_Biological_Process_2023,Cellular Response To UV (GO:0034644),12/79,0.7626622385308742,0.999996300842126,0,0,0.8330771673547158,0.2257139454588991,MFAP4;H2AC25;MME;HYAL1;MMP1;MMP3;MAP3K20;MMP9;CRIP1;CDC25A;AURKB;AQP1
2916,GO_Biological_Process_2023,Negative Regulation Of Neuron Projection Development (GO:0010977),8/54,0.7622309377740305,0.999996300842126,0,0,0.8090480121231535,0.2196611478896688,RTN4R;KANK1;ZNF296;NLGN1;TNR;MGARP;KIAA0319;MT3
2915,GO_Biological_Process_2023,Epidermal Cell Differentiation (GO:0009913),8/54,0.7622309377740305,0.999996300842126,0,0,0.8090480121231535,0.2196611478896688,SPRR2F;ANXA1;KRT16;AKR1C3;TXNIP;EVPL;IVL;S100A7
2946,GO_Biological_Process_2023,Acetylcholine Receptor Signaling Pathway (GO:0095500),3/22,0.7736375007978349,0.999996300842126,0,0,0.7346975247967117,0.1885614865135771,LYPD1;LY6H;RGS8
2945,GO_Biological_Process_2023,Regulation Of miRNA-mediated Gene Silencing (GO:0060964),2/15,0.7721928821927206,0.999996300842126,0,0,0.715917745620716,0.1850797090619039,ZFP36;PPARG
2944,GO_Biological_Process_2023,Regulation Of Intrinsic Apoptotic Signaling Pathway In Response To DNA Damage (GO:1902229),2/15,0.7721928821927206,0.999996300842126,0,0,0.715917745620716,0.1850797090619039,CXCL12;DDIAS
2943,GO_Biological_Process_2023,Regulation Of Cholesterol Biosynthetic Process (GO:0045540),2/15,0.7721928821927206,0.999996300842126,0,0,0.715917745620716,0.1850797090619039,SH2D2A;FGF1
2942,GO_Biological_Process_2023,Regulation Of Carbohydrate Metabolic Process (GO:0006109),2/15,0.7721928821927206,0.999996300842126,0,0,0.715917745620716,0.1850797090619039,PRKN;PDK4
2941,GO_Biological_Process_2023,Protein Localization To Microtubule Organizing Center (GO:1905508),2/15,0.7721928821927206,0.999996300842126,0,0,0.715917745620716,0.1850797090619039,STIL;SPAG5
2940,GO_Biological_Process_2023,"Protein Localization To Chromosome, Telomeric Region (GO:0070198)",2/15,0.7721928821927206,0.999996300842126,0,0,0.715917745620716,0.1850797090619039,TERT;BRCA2
2939,GO_Biological_Process_2023,Positive Regulation Of Cell Activation (GO:0050867),2/15,0.7721928821927206,0.999996300842126,0,0,0.715917745620716,0.1850797090619039,SELP;PLA2G4A
2938,GO_Biological_Process_2023,"Positive Regulation Of DNA Damage Response, Signal Transduction By P53 Class Mediator (GO:0043517)",2/15,0.7721928821927206,0.999996300842126,0,0,0.715917745620716,0.1850797090619039,PMAIP1;PLA2R1
2937,GO_Biological_Process_2023,Polyol Biosynthetic Process (GO:0046173),2/15,0.7721928821927206,0.999996300842126,0,0,0.715917745620716,0.1850797090619039,ITPKA;FGF2
2936,GO_Biological_Process_2023,Pigment Granule Transport (GO:0051904),2/15,0.7721928821927206,0.999996300842126,0,0,0.715917745620716,0.1850797090619039,GPR143;MLPH
2935,GO_Biological_Process_2023,Nitric Oxide Biosynthetic Process (GO:0006809),2/15,0.7721928821927206,0.999996300842126,0,0,0.715917745620716,0.1850797090619039,MTARC1;NOS1
2934,GO_Biological_Process_2023,Negative Regulation Of Macrophage Activation (GO:0043031),2/15,0.7721928821927206,0.999996300842126,0,0,0.715917745620716,0.1850797090619039,LRFN5;CX3CL1
2933,GO_Biological_Process_2023,Negative Regulation Of Immune Effector Process (GO:0002698),2/15,0.7721928821927206,0.999996300842126,0,0,0.715917745620716,0.1850797090619039,IFNL1;SLAMF8
2932,GO_Biological_Process_2023,Negative Regulation Of Focal Adhesion Assembly (GO:0051895),2/15,0.7721928821927206,0.999996300842126,0,0,0.715917745620716,0.1850797090619039,FAM107A;APOD
2931,GO_Biological_Process_2023,Negative Regulation Of Cell-Substrate Junction Organization (GO:0150118),2/15,0.7721928821927206,0.999996300842126,0,0,0.715917745620716,0.1850797090619039,FAM107A;APOD
2962,GO_Biological_Process_2023,Positive Regulation Of Dephosphorylation (GO:0035306),4/29,0.7800389565330215,0.999996300842126,0,0,0.7444324936314747,0.1849255300623147,PPP1R16B;CDH5;BMP2;CDCA2
2961,GO_Biological_Process_2023,Phosphatidic Acid Biosynthetic Process (GO:0006654),4/29,0.7800389565330215,0.999996300842126,0,0,0.7444324936314747,0.1849255300623147,GPAM;MBOAT2;GPAT3;AGPAT2
2960,GO_Biological_Process_2023,Peptidyl-Tyrosine Dephosphorylation (GO:0035335),4/29,0.7800389565330215,0.999996300842126,0,0,0.7444324936314747,0.1849255300623147,PTPRB;PTPRZ1;DUSP1;TNS2
2959,GO_Biological_Process_2023,Organic Cyclic Compound Biosynthetic Process (GO:1901362),4/29,0.7800389565330215,0.999996300842126,0,0,0.7444324936314747,0.1849255300623147,SRD5A2;CYP21A2;PYCR1;PYCR3
2958,GO_Biological_Process_2023,Negative Regulation Of DNA Binding (GO:0043392),4/29,0.7800389565330215,0.999996300842126,0,0,0.7444324936314747,0.1849255300623147,LEF1;E2F1;HMGA2;SOX11
2957,GO_Biological_Process_2023,Modified Amino Acid Transport (GO:0072337),4/29,0.7800389565330215,0.999996300842126,0,0,0.7444324936314747,0.1849255300623147,SLC16A12;SLC7A11;FOLR2;SLC7A3
2956,GO_Biological_Process_2023,Cellular Response To Molecule Of Bacterial Origin (GO:0071219),18/117,0.7778990354554309,0.999996300842126,0,0,0.8454881293755974,0.212351562220118,CXCL9;CD80;PPBP;NOD2;CXCL13;CXCL2;PPM1E;PYCARD;CXCL10;ZFP36;CXCL11;IL6;CARD17P;TNFSF4;TNIP3;IL36RN;CTSG;PF4
2955,GO_Biological_Process_2023,Ceramide Biosynthetic Process (GO:0046513),6/42,0.777144360804396,0.999996300842126,0,0,0.7753705277069763,0.195493514668366,ST8SIA2;SPTSSB;DEGS2;ST6GALNAC3;TLCD3B;PNPLA1
2954,GO_Biological_Process_2023,Organonitrogen Compound Biosynthetic Process (GO:1901566),19/123,0.7765644568598249,0.999996300842126,0,0,0.8495348099881926,0.2148266505887717,PCSK1;ALAS2;SLC44A4;ELOVL2;ELOVL3;PLA2G4A;INHBA;PCSK5;MUC1;PAH;GSTA1;DMD;SPTSSB;DEGS2;PLPP3;GAL3ST2;CDO1;INHA;PLPP1
2953,GO_Biological_Process_2023,Exocytosis (GO:0006887),13/86,0.7747476372209045,0.999996300842126,0,0,0.82825400774338,0.2113852750683355,DOC2A;EXOC3L4;CADPS;DOC2B;SYNGR3;STX11;CRHBP;RIMS1;RAB31;RAB25;RAB26;TMEM79;STX1A
2952,GO_Biological_Process_2023,Regulation Of Vascular Endothelial Growth Factor Receptor Signaling Pathway (GO:0030947),3/22,0.7736375007978349,0.999996300842126,0,0,0.7346975247967117,0.1885614865135771,NELL1;MMRN2;MT3
2951,GO_Biological_Process_2023,Positive Regulation Of Receptor Internalization (GO:0002092),3/22,0.7736375007978349,0.999996300842126,0,0,0.7346975247967117,0.1885614865135771,CCL14;ANGPT1;EGF
2950,GO_Biological_Process_2023,Positive Regulation Of Phosphatase Activity (GO:0010922),3/22,0.7736375007978349,0.999996300842126,0,0,0.7346975247967117,0.1885614865135771,BMP2;IFNG;GPLD1
2949,GO_Biological_Process_2023,Oxoacid Metabolic Process (GO:0043436),3/22,0.7736375007978349,0.999996300842126,0,0,0.7346975247967117,0.1885614865135771,SULT1C3;MTARC1;AMH
2948,GO_Biological_Process_2023,Modulation By Host Of Viral Process (GO:0044788),3/22,0.7736375007978349,0.999996300842126,0,0,0.7346975247967117,0.1885614865135771,IFI27;CAV2;PIK3C2G
2947,GO_Biological_Process_2023,Homologous Chromosome Segregation (GO:0045143),3/22,0.7736375007978349,0.999996300842126,0,0,0.7346975247967117,0.1885614865135771,MAJIN;IHO1;PTTG1
2978,GO_Biological_Process_2023,DNA Topological Change (GO:0006265),1/8,0.7892812923438303,0.999996300842126,0,0,0.6648351648351648,0.1573216098869617,TOP2A
2977,GO_Biological_Process_2023,"DNA Damage Response, Signal Transduction By P53 Class Mediator Resulting In Transcription Of P21 Class Mediator (GO:0006978)",1/8,0.7892812923438303,0.999996300842126,0,0,0.6648351648351648,0.1573216098869617,MUC1
2976,GO_Biological_Process_2023,DNA Cytosine Deamination (GO:0070383),1/8,0.7892812923438303,0.999996300842126,0,0,0.6648351648351648,0.1573216098869617,APOBEC3B
2975,GO_Biological_Process_2023,Cdc42 Protein Signal Transduction (GO:0032488),1/8,0.7892812923438303,0.999996300842126,0,0,0.6648351648351648,0.1573216098869617,RHOJ
2974,GO_Biological_Process_2023,Regulation Of Receptor Internalization (GO:0002090),5/36,0.7880668318332605,0.999996300842126,0,0,0.7503744565813028,0.1787184707775414,CCL14;ANGPT1;EGF;RSPO1;DKK1
2973,GO_Biological_Process_2023,Regulation Of Peptidyl-Threonine Phosphorylation (GO:0010799),5/36,0.7880668318332605,0.999996300842126,0,0,0.7503744565813028,0.1787184707775414,CEMIP;EGF;PLK1;SPRY2;AZU1
2972,GO_Biological_Process_2023,Protein Destabilization (GO:0031648),5/36,0.7880668318332605,0.999996300842126,0,0,0.7503744565813028,0.1787184707775414,PRKN;GSN;SOX17;PLK1;SNCA
2971,GO_Biological_Process_2023,Positive Regulation Of Signaling Receptor Activity (GO:2000273),5/36,0.7880668318332605,0.999996300842126,0,0,0.7503744565813028,0.1787184707775414,NELL1;RELN;IFNG;EGF;ADRB2
2970,GO_Biological_Process_2023,Positive Regulation Of Interferon-Beta Production (GO:0032728),5/36,0.7880668318332605,0.999996300842126,0,0,0.7503744565813028,0.1787184707775414,OAS1;OAS2;OAS3;IRF7;ISG15
2969,GO_Biological_Process_2023,Base-Excision Repair (GO:0006284),5/36,0.7880668318332605,0.999996300842126,0,0,0.7503744565813028,0.1787184707775414,POLQ;FEN1;NEIL3;HMGA2;DNA2
2968,GO_Biological_Process_2023,"DNA Damage Response, Signal Transduction By P53 Class Mediator (GO:0030330)",5/36,0.7880668318332605,0.999996300842126,0,0,0.7503744565813028,0.1787184707775414,MUC1;FOXM1;GTSE1;E2F7;BATF
2967,GO_Biological_Process_2023,Positive Regulation Of Lymphocyte Proliferation (GO:0050671),11/74,0.7814467795705926,0.999996300842126,0,0,0.8121077888519749,0.2002724658374117,IL21;FCGR3A;IL6;ANXA1;CD209;CD80;FCRL3;LEP;IL12B;IRS2;AMH
2966,GO_Biological_Process_2023,Intrinsic Apoptotic Signaling Pathway (GO:0097193),16/105,0.781294821656796,0.999996300842126,0,0,0.8360239845038916,0.2063329832085587,BRSK2;BCL2A1;ATP2A3;IFI6;CRIP1;POU4F1;BBC3;PYCARD;MLLT11;LGALS12;E2F1;PMAIP1;TRIB3;CD24;RNF186;SCN2A
2965,GO_Biological_Process_2023,Regulation Of GTPase Activity (GO:0043087),34/214,0.7809562573276984,0.999996300842126,0,0,0.8780124972246012,0.2170764200308091,CCL14;RTN4R;ARHGAP11A;CCL13;CCL11;ADRB1;SLC6A2;RASGRP1;CX3CL1;PREX2;FGD3;DOCK11;WNT11;CCL7;ERBB2;RGS8;ECT2;CCL17;CCL16;RGS6;PLXNA4;CCL25;CCL24;NTRK2;CCL23;CCL21;CCL20;CAV2;MRAP;SFRP1;RASA4;RGL1;FERMT2;EZH2
2964,GO_Biological_Process_2023,Protein K11-linked Ubiquitination (GO:0070979),4/29,0.7800389565330215,0.999996300842126,0,0,0.7444324936314747,0.1849255300623147,PRKN;UBE2C;UBE2S;UBE2T
2963,GO_Biological_Process_2023,Positive Regulation Of Microtubule Polymerization (GO:0031116),4/29,0.7800389565330215,0.999996300842126,0,0,0.7444324936314747,0.1849255300623147,PSRC1;CAV3;ANKRD53;MET
2994,GO_Biological_Process_2023,"Complement Activation, Lectin Pathway (GO:0001867)",1/8,0.7892812923438303,0.999996300842126,0,0,0.6648351648351648,0.1573216098869617,MASP1
2993,GO_Biological_Process_2023,Commissural Neuron Axon Guidance (GO:0071679),1/8,0.7892812923438303,0.999996300842126,0,0,0.6648351648351648,0.1573216098869617,NELL1
2992,GO_Biological_Process_2023,Collagen-Activated Signaling Pathway (GO:0038065),1/8,0.7892812923438303,0.999996300842126,0,0,0.6648351648351648,0.1573216098869617,DDR2
2991,GO_Biological_Process_2023,Cobalamin Transport (GO:0015889),1/8,0.7892812923438303,0.999996300842126,0,0,0.6648351648351648,0.1573216098869617,CUBN
2990,GO_Biological_Process_2023,Cilium Movement Involved In Cell Motility (GO:0060294),1/8,0.7892812923438303,0.999996300842126,0,0,0.6648351648351648,0.1573216098869617,TEKT5
2989,GO_Biological_Process_2023,Cellular Response To Sterol Depletion (GO:0071501),1/8,0.7892812923438303,0.999996300842126,0,0,0.6648351648351648,0.1573216098869617,SH2D2A
2988,GO_Biological_Process_2023,Cellular Response To Muramyl Dipeptide (GO:0071225),1/8,0.7892812923438303,0.999996300842126,0,0,0.6648351648351648,0.1573216098869617,NOD2
2987,GO_Biological_Process_2023,Cellular Response To Hydroxyurea (GO:0072711),1/8,0.7892812923438303,0.999996300842126,0,0,0.6648351648351648,0.1573216098869617,BLM
2986,GO_Biological_Process_2023,Cell Surface Pattern Recognition Receptor Signaling Pathway (GO:0002752),1/8,0.7892812923438303,0.999996300842126,0,0,0.6648351648351648,0.1573216098869617,FFAR2
2985,GO_Biological_Process_2023,Auditory Behavior (GO:0031223),1/8,0.7892812923438303,0.999996300842126,0,0,0.6648351648351648,0.1573216098869617,TIFAB
2984,GO_Biological_Process_2023,Apoptotic DNA Fragmentation (GO:0006309),1/8,0.7892812923438303,0.999996300842126,0,0,0.6648351648351648,0.1573216098869617,DNASE1L3
2983,GO_Biological_Process_2023,Alcohol Catabolic Process (GO:0046164),1/8,0.7892812923438303,0.999996300842126,0,0,0.6648351648351648,0.1573216098869617,AKR1D1
2982,GO_Biological_Process_2023,Adult Heart Development (GO:0007512),1/8,0.7892812923438303,0.999996300842126,0,0,0.6648351648351648,0.1573216098869617,NKX2-5
2981,GO_Biological_Process_2023,Actin Filament Network Formation (GO:0051639),1/8,0.7892812923438303,0.999996300842126,0,0,0.6648351648351648,0.1573216098869617,CARMIL2
2980,GO_Biological_Process_2023,Acid Secretion (GO:0046717),1/8,0.7892812923438303,0.999996300842126,0,0,0.6648351648351648,0.1573216098869617,SLC51B
2979,GO_Biological_Process_2023,MyD88-independent Toll-Like Receptor Signaling Pathway (GO:0002756),1/8,0.7892812923438303,0.999996300842126,0,0,0.6648351648351648,0.1573216098869617,TNIP3
3010,GO_Biological_Process_2023,Negative Regulation Of Glycoprotein Biosynthetic Process (GO:0010561),1/8,0.7892812923438303,0.999996300842126,0,0,0.6648351648351648,0.1573216098869617,ITM2A
3009,GO_Biological_Process_2023,Negative Regulation Of Cytoplasmic Translation (GO:2000766),1/8,0.7892812923438303,0.999996300842126,0,0,0.6648351648351648,0.1573216098869617,NMNAT2
3008,GO_Biological_Process_2023,Negative Regulation By Host Of Viral Genome Replication (GO:0044828),1/8,0.7892812923438303,0.999996300842126,0,0,0.6648351648351648,0.1573216098869617,PRKN
3007,GO_Biological_Process_2023,Modification-Dependent Macromolecule Catabolic Process (GO:0043632),1/8,0.7892812923438303,0.999996300842126,0,0,0.6648351648351648,0.1573216098869617,ISG15
3006,GO_Biological_Process_2023,Mesodermal Cell Differentiation (GO:0048333),1/8,0.7892812923438303,0.999996300842126,0,0,0.6648351648351648,0.1573216098869617,HMGA2
3005,GO_Biological_Process_2023,Membrane Lipid Catabolic Process (GO:0046466),1/8,0.7892812923438303,0.999996300842126,0,0,0.6648351648351648,0.1573216098869617,ENPP2
3004,GO_Biological_Process_2023,Manganese Ion Transport (GO:0006828),1/8,0.7892812923438303,0.999996300842126,0,0,0.6648351648351648,0.1573216098869617,SLC11A1
3003,GO_Biological_Process_2023,Maintenance Of Epithelial Cell Apical/Basal Polarity (GO:0045199),1/8,0.7892812923438303,0.999996300842126,0,0,0.6648351648351648,0.1573216098869617,CRB2
3002,GO_Biological_Process_2023,Maintenance Of Apical/Basal Cell Polarity (GO:0035090),1/8,0.7892812923438303,0.999996300842126,0,0,0.6648351648351648,0.1573216098869617,CRB2
3001,GO_Biological_Process_2023,Learned Vocalization Behavior Or Vocal Learning (GO:0098598),1/8,0.7892812923438303,0.999996300842126,0,0,0.6648351648351648,0.1573216098869617,TIFAB
3000,GO_Biological_Process_2023,Internal Protein Amino Acid Acetylation (GO:0006475),1/8,0.7892812923438303,0.999996300842126,0,0,0.6648351648351648,0.1573216098869617,KAT2B
2999,GO_Biological_Process_2023,Interleukin-12-Mediated Signaling Pathway (GO:0035722),1/8,0.7892812923438303,0.999996300842126,0,0,0.6648351648351648,0.1573216098869617,IL12B
2998,GO_Biological_Process_2023,Glutamine Transport (GO:0006868),1/8,0.7892812923438303,0.999996300842126,0,0,0.6648351648351648,0.1573216098869617,SLC38A5
2997,GO_Biological_Process_2023,"Fructose 1,6-Bisphosphate Metabolic Process (GO:0030388)",1/8,0.7892812923438303,0.999996300842126,0,0,0.6648351648351648,0.1573216098869617,ALDOC
2996,GO_Biological_Process_2023,Establishment Of Protein Localization To Chromatin (GO:0071169),1/8,0.7892812923438303,0.999996300842126,0,0,0.6648351648351648,0.1573216098869617,H1-5
2995,GO_Biological_Process_2023,Cyclooxygenase Pathway (GO:0019371),1/8,0.7892812923438303,0.999996300842126,0,0,0.6648351648351648,0.1573216098869617,PTGIS
3026,GO_Biological_Process_2023,Positive Regulation Of Cell-Cell Adhesion Mediated By Cadherin (GO:2000049),1/8,0.7892812923438303,0.999996300842126,0,0,0.6648351648351648,0.1573216098869617,FOXA1
3025,GO_Biological_Process_2023,Positive Regulation Of Calcium Ion Transport Into Cytosol (GO:0010524),1/8,0.7892812923438303,0.999996300842126,0,0,0.6648351648351648,0.1573216098869617,P2RX5
3024,GO_Biological_Process_2023,Positive Regulation Of Calcium Ion Import Across Plasma Membrane (GO:1905665),1/8,0.7892812923438303,0.999996300842126,0,0,0.6648351648351648,0.1573216098869617,CALCR
3023,GO_Biological_Process_2023,Positive Regulation Of Blood Pressure (GO:0045777),1/8,0.7892812923438303,0.999996300842126,0,0,0.6648351648351648,0.1573216098869617,SPX
3022,GO_Biological_Process_2023,Positive Regulation Of Adaptive Immune Response (GO:0002821),1/8,0.7892812923438303,0.999996300842126,0,0,0.6648351648351648,0.1573216098869617,PYCARD
3021,GO_Biological_Process_2023,Positive Regulation Of Actin Cytoskeleton Reorganization (GO:2000251),1/8,0.7892812923438303,0.999996300842126,0,0,0.6648351648351648,0.1573216098869617,TEK
3020,GO_Biological_Process_2023,Positive Regulation Of NK T Cell Activation (GO:0051135),1/8,0.7892812923438303,0.999996300842126,0,0,0.6648351648351648,0.1573216098869617,IL12B
3019,GO_Biological_Process_2023,Plasminogen Activation (GO:0031639),1/8,0.7892812923438303,0.999996300842126,0,0,0.6648351648351648,0.1573216098869617,FGA
3018,GO_Biological_Process_2023,Nuclear Membrane Disassembly (GO:0051081),1/8,0.7892812923438303,0.999996300842126,0,0,0.6648351648351648,0.1573216098869617,PLK1
3017,GO_Biological_Process_2023,Nicotinamide Nucleotide Biosynthetic Process (GO:0019359),1/8,0.7892812923438303,0.999996300842126,0,0,0.6648351648351648,0.1573216098869617,NMNAT2
3016,GO_Biological_Process_2023,Negative Regulation Of Transporter Activity (GO:0032410),1/8,0.7892812923438303,0.999996300842126,0,0,0.6648351648351648,0.1573216098869617,SNCA
3015,GO_Biological_Process_2023,Negative Regulation Of Smooth Muscle Cell Differentiation (GO:0051151),1/8,0.7892812923438303,0.999996300842126,0,0,0.6648351648351648,0.1573216098869617,RBPMS2
3014,GO_Biological_Process_2023,Negative Regulation Of Production Of Molecular Mediator Of Immune Response (GO:0002701),1/8,0.7892812923438303,0.999996300842126,0,0,0.6648351648351648,0.1573216098869617,FCRL3
3013,GO_Biological_Process_2023,Negative Regulation Of Platelet Aggregation (GO:0090331),1/8,0.7892812923438303,0.999996300842126,0,0,0.6648351648351648,0.1573216098869617,C1QTNF1
3012,GO_Biological_Process_2023,Negative Regulation Of Oxidative Stress-Induced Neuron Death (GO:1903204),1/8,0.7892812923438303,0.999996300842126,0,0,0.6648351648351648,0.1573216098869617,PRKN
3011,GO_Biological_Process_2023,Negative Regulation Of Membrane Potential (GO:0045837),1/8,0.7892812923438303,0.999996300842126,0,0,0.6648351648351648,0.1573216098869617,PMAIP1
3042,GO_Biological_Process_2023,Regulation Of ER-associated Ubiquitin-Dependent Protein Catabolic Process (GO:1903069),1/8,0.7892812923438303,0.999996300842126,0,0,0.6648351648351648,0.1573216098869617,CAV1
3041,GO_Biological_Process_2023,Regulation Of DNA Methylation (GO:0044030),1/8,0.7892812923438303,0.999996300842126,0,0,0.6648351648351648,0.1573216098869617,WT1
3040,GO_Biological_Process_2023,"Regulation Of CD8-positive, Alpha-Beta T Cell Proliferation (GO:2000564)",1/8,0.7892812923438303,0.999996300842126,0,0,0.6648351648351648,0.1573216098869617,VSIR
3039,GO_Biological_Process_2023,Pyrimidine-Containing Compound Catabolic Process (GO:0072529),1/8,0.7892812923438303,0.999996300842126,0,0,0.6648351648351648,0.1573216098869617,DPYSL5
3038,GO_Biological_Process_2023,Purine Nucleoside Bisphosphate Catabolic Process (GO:0034034),1/8,0.7892812923438303,0.999996300842126,0,0,0.6648351648351648,0.1573216098869617,NUDT7
3037,GO_Biological_Process_2023,Proline Transport (GO:0015824),1/8,0.7892812923438303,0.999996300842126,0,0,0.6648351648351648,0.1573216098869617,SLC7A5
3036,GO_Biological_Process_2023,Presynaptic Membrane Assembly (GO:0097105),1/8,0.7892812923438303,0.999996300842126,0,0,0.6648351648351648,0.1573216098869617,NLGN1
3035,GO_Biological_Process_2023,Positive Regulation Of Tumor Necrosis Factor-Mediated Signaling Pathway (GO:1903265),1/8,0.7892812923438303,0.999996300842126,0,0,0.6648351648351648,0.1573216098869617,PRKN
3034,GO_Biological_Process_2023,Positive Regulation Of Sequestering Of Triglyceride (GO:0010890),1/8,0.7892812923438303,0.999996300842126,0,0,0.6648351648351648,0.1573216098869617,CIDEA
3033,GO_Biological_Process_2023,Positive Regulation Of Protein Localization To Endosome (GO:1905668),1/8,0.7892812923438303,0.999996300842126,0,0,0.6648351648351648,0.1573216098869617,EGF
3032,GO_Biological_Process_2023,Positive Regulation Of Protein Localization To Early Endosome (GO:1902966),1/8,0.7892812923438303,0.999996300842126,0,0,0.6648351648351648,0.1573216098869617,EGF
3031,GO_Biological_Process_2023,Positive Regulation Of Protein Kinase C Signaling (GO:0090037),1/8,0.7892812923438303,0.999996300842126,0,0,0.6648351648351648,0.1573216098869617,WNT11
3030,GO_Biological_Process_2023,Positive Regulation Of Peptide Secretion (GO:0002793),1/8,0.7892812923438303,0.999996300842126,0,0,0.6648351648351648,0.1573216098869617,TFR2
3029,GO_Biological_Process_2023,Positive Regulation Of Membrane Invagination (GO:1905155),1/8,0.7892812923438303,0.999996300842126,0,0,0.6648351648351648,0.1573216098869617,RAB31
3028,GO_Biological_Process_2023,Positive Regulation Of Macrophage Cytokine Production (GO:0060907),1/8,0.7892812923438303,0.999996300842126,0,0,0.6648351648351648,0.1573216098869617,SEMA7A
3027,GO_Biological_Process_2023,Positive Regulation Of Ligase Activity (GO:0051351),1/8,0.7892812923438303,0.999996300842126,0,0,0.6648351648351648,0.1573216098869617,ANTKMT
3058,GO_Biological_Process_2023,Regulation Of Podosome Assembly (GO:0071801),1/8,0.7892812923438303,0.999996300842126,0,0,0.6648351648351648,0.1573216098869617,GSN
3057,GO_Biological_Process_2023,Regulation Of Pinocytosis (GO:0048548),1/8,0.7892812923438303,0.999996300842126,0,0,0.6648351648351648,0.1573216098869617,CAV1
3056,GO_Biological_Process_2023,Regulation Of Pattern Recognition Receptor Signaling Pathway (GO:0062207),1/8,0.7892812923438303,0.999996300842126,0,0,0.6648351648351648,0.1573216098869617,CD36
3055,GO_Biological_Process_2023,Regulation Of Organ Growth (GO:0046620),1/8,0.7892812923438303,0.999996300842126,0,0,0.6648351648351648,0.1573216098869617,SLC6A4
3054,GO_Biological_Process_2023,Regulation Of Nuclear Cell Cycle DNA Replication (GO:0033262),1/8,0.7892812923438303,0.999996300842126,0,0,0.6648351648351648,0.1573216098869617,CDC7
3053,GO_Biological_Process_2023,Regulation Of Macrophage Migration (GO:1905521),1/8,0.7892812923438303,0.999996300842126,0,0,0.6648351648351648,0.1573216098869617,P2RY12
3052,GO_Biological_Process_2023,Regulation Of Lysosomal Protein Catabolic Process (GO:1905165),1/8,0.7892812923438303,0.999996300842126,0,0,0.6648351648351648,0.1573216098869617,LRP1
3051,GO_Biological_Process_2023,Regulation Of Intrinsic Apoptotic Signaling Pathway By P53 Class Mediator (GO:1902253),1/8,0.7892812923438303,0.999996300842126,0,0,0.6648351648351648,0.1573216098869617,PRKN
3050,GO_Biological_Process_2023,Regulation Of Interleukin-23 Production (GO:0032667),1/8,0.7892812923438303,0.999996300842126,0,0,0.6648351648351648,0.1573216098869617,IFNG
3049,GO_Biological_Process_2023,Regulation Of Interleukin-18 Production (GO:0032661),1/8,0.7892812923438303,0.999996300842126,0,0,0.6648351648351648,0.1573216098869617,GBP5
3048,GO_Biological_Process_2023,Regulation Of Helicase Activity (GO:0051095),1/8,0.7892812923438303,0.999996300842126,0,0,0.6648351648351648,0.1573216098869617,IFIT1
3047,GO_Biological_Process_2023,Regulation Of Generation Of Precursor Metabolites And Energy (GO:0043467),1/8,0.7892812923438303,0.999996300842126,0,0,0.6648351648351648,0.1573216098869617,PRDM16
3046,GO_Biological_Process_2023,Regulation Of Dendritic Spine Maintenance (GO:1902950),1/8,0.7892812923438303,0.999996300842126,0,0,0.6648351648351648,0.1573216098869617,GRIN2B
3045,GO_Biological_Process_2023,Regulation Of Defense Response To Bacterium (GO:1900424),1/8,0.7892812923438303,0.999996300842126,0,0,0.6648351648351648,0.1573216098869617,MMRN2
3044,GO_Biological_Process_2023,Regulation Of Cell Killing (GO:0031341),1/8,0.7892812923438303,0.999996300842126,0,0,0.6648351648351648,0.1573216098869617,IL11
3043,GO_Biological_Process_2023,Regulation Of Aspartic-Type Endopeptidase Activity Involved In Amyloid Precursor Protein Catabolic Process (GO:1902959),1/8,0.7892812923438303,0.999996300842126,0,0,0.6648351648351648,0.1573216098869617,EFNA3
3074,GO_Biological_Process_2023,Tetrahydrofolate Interconversion (GO:0035999),1/8,0.7892812923438303,0.999996300842126,0,0,0.6648351648351648,0.1573216098869617,TYMS
3073,GO_Biological_Process_2023,succinyl-CoA Metabolic Process (GO:0006104),1/8,0.7892812923438303,0.999996300842126,0,0,0.6648351648351648,0.1573216098869617,NUDT7
3072,GO_Biological_Process_2023,Sphingosine-1-Phosphate Receptor Signaling Pathway (GO:0003376),1/8,0.7892812923438303,0.999996300842126,0,0,0.6648351648351648,0.1573216098869617,S1PR1
3071,GO_Biological_Process_2023,Somite Development (GO:0061053),1/8,0.7892812923438303,0.999996300842126,0,0,0.6648351648351648,0.1573216098869617,MEOX1
3070,GO_Biological_Process_2023,Sequestering Of Actin Monomers (GO:0042989),1/8,0.7892812923438303,0.999996300842126,0,0,0.6648351648351648,0.1573216098869617,TMSB15A
3069,GO_Biological_Process_2023,Sensory Organ Morphogenesis (GO:0090596),1/8,0.7892812923438303,0.999996300842126,0,0,0.6648351648351648,0.1573216098869617,COL5A2
3068,GO_Biological_Process_2023,Semaphorin-Plexin Signaling Pathway Involved In Axon Guidance (GO:1902287),1/8,0.7892812923438303,0.999996300842126,0,0,0.6648351648351648,0.1573216098869617,PLXNA4
3067,GO_Biological_Process_2023,Ribonucleoside Bisphosphate Catabolic Process (GO:0034031),1/8,0.7892812923438303,0.999996300842126,0,0,0.6648351648351648,0.1573216098869617,NUDT7
3066,GO_Biological_Process_2023,Response To Misfolded Protein (GO:0051788),1/8,0.7892812923438303,0.999996300842126,0,0,0.6648351648351648,0.1573216098869617,F12
3065,GO_Biological_Process_2023,Regulation Of Type B Pancreatic Cell Development (GO:2000074),1/8,0.7892812923438303,0.999996300842126,0,0,0.6648351648351648,0.1573216098869617,NKX6-1
3064,GO_Biological_Process_2023,Regulation Of Tumor Necrosis Factor Superfamily Cytokine Production (GO:1903555),1/8,0.7892812923438303,0.999996300842126,0,0,0.6648351648351648,0.1573216098869617,ZFP36
3063,GO_Biological_Process_2023,Regulation Of Sterol Biosynthetic Process (GO:0106118),1/8,0.7892812923438303,0.999996300842126,0,0,0.6648351648351648,0.1573216098869617,SH2D2A
3062,GO_Biological_Process_2023,Regulation Of Skeletal Muscle Cell Differentiation (GO:2001014),1/8,0.7892812923438303,0.999996300842126,0,0,0.6648351648351648,0.1573216098869617,MYOCD
3061,GO_Biological_Process_2023,Regulation Of Rhodopsin Mediated Signaling Pathway (GO:0022400),1/8,0.7892812923438303,0.999996300842126,0,0,0.6648351648351648,0.1573216098869617,NMT2
3060,GO_Biological_Process_2023,Regulation Of Protein Localization To Early Endosome (GO:1902965),1/8,0.7892812923438303,0.999996300842126,0,0,0.6648351648351648,0.1573216098869617,EGF
3059,GO_Biological_Process_2023,Regulation Of Protein ADP-ribosylation (GO:0010835),1/8,0.7892812923438303,0.999996300842126,0,0,0.6648351648351648,0.1573216098869617,KAT2B
3090,GO_Biological_Process_2023,Negative Regulation Of Protein Tyrosine Kinase Activity (GO:0061099),3/23,0.7997061762125844,0.999996300842126,0,0,0.6979202037351443,0.1559927718266598,GPRC5A;CBLC;PTK6
3089,GO_Biological_Process_2023,Negative Regulation Of Protein Depolymerization (GO:1901880),3/23,0.7997061762125844,0.999996300842126,0,0,0.6979202037351443,0.1559927718266598,TPX2;PLEKHH2;SPEF1
3088,GO_Biological_Process_2023,Negative Regulation Of Epidermal Growth Factor Receptor Signaling Pathway (GO:0042059),3/23,0.7997061762125844,0.999996300842126,0,0,0.6979202037351443,0.1559927718266598,GPRC5A;CBLC;EGFR
3087,GO_Biological_Process_2023,Cytosolic Pattern Recognition Receptor Signaling Pathway (GO:0002753),3/23,0.7997061762125844,0.999996300842126,0,0,0.6979202037351443,0.1559927718266598,OAS3;IRF7;MAP2K6
3086,GO_Biological_Process_2023,Cholesterol Efflux (GO:0033344),3/23,0.7997061762125844,0.999996300842126,0,0,0.6979202037351443,0.1559927718266598,ABCG8;ABCA5;ABCA8
3085,GO_Biological_Process_2023,Cellular Response To Interleukin-6 (GO:0071354),3/23,0.7997061762125844,0.999996300842126,0,0,0.6979202037351443,0.1559927718266598,IL6;PID1;PTGIS
3084,GO_Biological_Process_2023,Cellular Lipid Catabolic Process (GO:0044242),3/23,0.7997061762125844,0.999996300842126,0,0,0.6979202037351443,0.1559927718266598,PNLIPRP2;ACADL;ENPP2
3083,GO_Biological_Process_2023,Axon Extension (GO:0048675),3/23,0.7997061762125844,0.999996300842126,0,0,0.6979202037351443,0.1559927718266598,SEMA5A;NELL2;NELL1
3082,GO_Biological_Process_2023,Adaptive Immune Response Based On Somatic Recombination Of Immune Receptors Built From Immunoglobulin Superfamily Domains (GO:0002460),3/23,0.7997061762125844,0.999996300842126,0,0,0.6979202037351443,0.1559927718266598,CR2;IL12B;C4BPA
3081,GO_Biological_Process_2023,Ephrin Receptor Signaling Pathway (GO:0048013),6/43,0.7965670329987786,0.999996300842126,0,0,0.7543686422191095,0.1715766167288731,EFNA3;EFNA2;EPHA8;PAK3;EPHB1;MMP9
3080,GO_Biological_Process_2023,DNA-templated DNA Replication Maintenance Of Fidelity (GO:0045005),6/43,0.7965670329987786,0.999996300842126,0,0,0.7543686422191095,0.1715766167288731,BLM;RAD51;EME1;CENPX;TONSL;DONSON
3079,GO_Biological_Process_2023,Regulation Of DNA Replication (GO:0006275),11/75,0.7962720398636951,0.999996300842126,0,0,0.7993698596142939,0.1821079592715457,CCNA2;CDT1;BLM;MCIDAS;EGF;DSCC1;GMNC;ESCO2;DNA2;CDC6;EGFR
3078,GO_Biological_Process_2023,Vascular Associated Smooth Muscle Cell Differentiation (GO:0035886),1/8,0.7892812923438303,0.999996300842126,0,0,0.6648351648351648,0.1573216098869617,MYOCD
3077,GO_Biological_Process_2023,Unsaturated Fatty Acid Biosynthetic Process (GO:0006636),1/8,0.7892812923438303,0.999996300842126,0,0,0.6648351648351648,0.1573216098869617,SCD
3076,GO_Biological_Process_2023,Triglyceride-Rich Lipoprotein Particle Remodeling (GO:0034370),1/8,0.7892812923438303,0.999996300842126,0,0,0.6648351648351648,0.1573216098869617,CETP
3075,GO_Biological_Process_2023,Tricarboxylic Acid Metabolic Process (GO:0072350),1/8,0.7892812923438303,0.999996300842126,0,0,0.6648351648351648,0.1573216098869617,PCK1
3106,GO_Biological_Process_2023,Lymphocyte Mediated Immunity (GO:0002449),2/16,0.8029601205556989,0.999996300842126,0,0,0.6647403515861791,0.1458774226054737,CR2;C4BPA
3105,GO_Biological_Process_2023,Establishment Of Melanosome Localization (GO:0032401),2/16,0.8029601205556989,0.999996300842126,0,0,0.6647403515861791,0.1458774226054737,GPR143;MLPH
3104,GO_Biological_Process_2023,Chondroitin Sulfate Metabolic Process (GO:0030204),2/16,0.8029601205556989,0.999996300842126,0,0,0.6647403515861791,0.1458774226054737,CHST9;NDNF
3103,GO_Biological_Process_2023,Cellular Response To Gamma Radiation (GO:0071480),2/16,0.8029601205556989,0.999996300842126,0,0,0.6647403515861791,0.1458774226054737,MAP3K20;CRYAB
3102,GO_Biological_Process_2023,Cell Communication By Electrical Coupling Involved In Cardiac Conduction (GO:0086064),2/16,0.8029601205556989,0.999996300842126,0,0,0.6647403515861791,0.1458774226054737,ATP1A3;ATP1A2
3101,GO_Biological_Process_2023,Antifungal Innate Immune Response (GO:0061760),2/16,0.8029601205556989,0.999996300842126,0,0,0.6647403515861791,0.1458774226054737,CLEC7A;CLEC6A
3100,GO_Biological_Process_2023,Activin Receptor Signaling Pathway (GO:0032924),2/16,0.8029601205556989,0.999996300842126,0,0,0.6647403515861791,0.1458774226054737,ACVR1C;INHBA
3099,GO_Biological_Process_2023,Response To Epidermal Growth Factor (GO:0070849),4/30,0.8027259418274743,0.999996300842126,0,0,0.7157569291732893,0.1572817991187916,VIL1;ZFP36;ERBB2;EGFR
3098,GO_Biological_Process_2023,Regulation Of Dendritic Spine Morphogenesis (GO:0061001),4/30,0.8027259418274743,0.999996300842126,0,0,0.7157569291732893,0.1572817991187916,NLGN1;RELN;KIF1A;LRP8
3097,GO_Biological_Process_2023,Positive Regulation Of Locomotion (GO:0040017),4/30,0.8027259418274743,0.999996300842126,0,0,0.7157569291732893,0.1572817991187916,P2RY12;CAVIN1;CCL21;CCR7
3096,GO_Biological_Process_2023,Negative Regulation Of Peptidyl-Tyrosine Phosphorylation (GO:0050732),4/30,0.8027259418274743,0.999996300842126,0,0,0.7157569291732893,0.1572817991187916,SOCS3;SFRP1;CAV1;PTK6
3095,GO_Biological_Process_2023,Negative Regulation Of Myeloid Leukocyte Differentiation (GO:0002762),4/30,0.8027259418274743,0.999996300842126,0,0,0.7157569291732893,0.1572817991187916,TMEM178A;INHBA;HOXA7;INHA
3094,GO_Biological_Process_2023,Innate Immune Response Activating Cell Surface Receptor Signaling Pathway (GO:0002220),4/30,0.8027259418274743,0.999996300842126,0,0,0.7157569291732893,0.1572817991187916,CLEC7A;CLEC6A;FFAR2;PAK3
3093,GO_Biological_Process_2023,DNA Geometric Change (GO:0032392),4/30,0.8027259418274743,0.999996300842126,0,0,0.7157569291732893,0.1572817991187916,RECQL4;BLM;HMGB3;DNA2
3092,GO_Biological_Process_2023,Regulation Of Cholesterol Metabolic Process (GO:0090181),3/23,0.7997061762125844,0.999996300842126,0,0,0.6979202037351443,0.1559927718266598,ACADL;SH2D2A;CES1
3091,GO_Biological_Process_2023,Regulation Of Cell Junction Assembly (GO:1901888),3/23,0.7997061762125844,0.999996300842126,0,0,0.6979202037351443,0.1559927718266598,CLDN3;CLDN19;CRB3
3122,GO_Biological_Process_2023,Ruffle Organization (GO:0031529),2/16,0.8029601205556989,0.999996300842126,0,0,0.6647403515861791,0.1458774226054737,CCL21;CCR7
3121,GO_Biological_Process_2023,"Regulation Of Synaptic Transmission, GABAergic (GO:0032228)",2/16,0.8029601205556989,0.999996300842126,0,0,0.6647403515861791,0.1458774226054737,NPAS4;NLGN1
3120,GO_Biological_Process_2023,Regulation Of Nucleocytoplasmic Transport (GO:0046822),2/16,0.8029601205556989,0.999996300842126,0,0,0.6647403515861791,0.1458774226054737,IFI27;PTPN14
3119,GO_Biological_Process_2023,Regulation Of Natural Killer Cell Activation (GO:0032814),2/16,0.8029601205556989,0.999996300842126,0,0,0.6647403515861791,0.1458774226054737,LEP;IL12B
3118,GO_Biological_Process_2023,Protein Localization To Mitochondrion (GO:0070585),2/16,0.8029601205556989,0.999996300842126,0,0,0.6647403515861791,0.1458774226054737,ISG15;RNF186
3117,GO_Biological_Process_2023,Protein Kinase A Signaling (GO:0010737),2/16,0.8029601205556989,0.999996300842126,0,0,0.6647403515861791,0.1458774226054737,MYOM1;GAL
3116,GO_Biological_Process_2023,Positive Regulation Of Muscle Hypertrophy (GO:0014742),2/16,0.8029601205556989,0.999996300842126,0,0,0.6647403515861791,0.1458774226054737,NR4A3;IGF1
3115,GO_Biological_Process_2023,Positive Regulation By Host Of Viral Transcription (GO:0043923),2/16,0.8029601205556989,0.999996300842126,0,0,0.6647403515861791,0.1458774226054737,HPN;LEF1
3114,GO_Biological_Process_2023,Nuclear Migration (GO:0007097),2/16,0.8029601205556989,0.999996300842126,0,0,0.6647403515861791,0.1458774226054737,SYNE3;LMNB1
3113,GO_Biological_Process_2023,Nitric Oxide Metabolic Process (GO:0046209),2/16,0.8029601205556989,0.999996300842126,0,0,0.6647403515861791,0.1458774226054737,MTARC1;NOS1
3112,GO_Biological_Process_2023,Neuron Projection Organization (GO:0106027),2/16,0.8029601205556989,0.999996300842126,0,0,0.6647403515861791,0.1458774226054737,ABCD2;ATP1A3
3111,GO_Biological_Process_2023,Negative Regulation Of Release Of Cytochrome C From Mitochondria (GO:0090201),2/16,0.8029601205556989,0.999996300842126,0,0,0.6647403515861791,0.1458774226054737,PRKN;IGF1
3110,GO_Biological_Process_2023,Negative Regulation Of Receptor Signaling Pathway Via JAK-STAT (GO:0046426),2/16,0.8029601205556989,0.999996300842126,0,0,0.6647403515861791,0.1458774226054737,SOCS3;CAV1
3109,GO_Biological_Process_2023,Negative Regulation Of Intrinsic Apoptotic Signaling Pathway By P53 Class Mediator (GO:1902254),2/16,0.8029601205556989,0.999996300842126,0,0,0.6647403515861791,0.1458774226054737,PRKN;MUC1
3108,GO_Biological_Process_2023,Negative Regulation Of Amyloid-Beta Formation (GO:1902430),2/16,0.8029601205556989,0.999996300842126,0,0,0.6647403515861791,0.1458774226054737,NTRK2;IGF1
3107,GO_Biological_Process_2023,Negative Regulation Of RNA Biosynthetic Process (GO:1902679),2/16,0.8029601205556989,0.999996300842126,0,0,0.6647403515861791,0.1458774226054737,HMGA2;APOBEC3B
3138,GO_Biological_Process_2023,Positive Regulation Of Natural Killer Cell Mediated Immunity (GO:0002717),3/24,0.8232067342368151,0.999996300842126,0,0,0.6646454846794405,0.1293053925513486,IL21;RASGRP1;KIR2DL4
3137,GO_Biological_Process_2023,Negative Regulation Of Ossification (GO:0030279),3/24,0.8232067342368151,0.999996300842126,0,0,0.6646454846794405,0.1293053925513486,SFRP1;KREMEN2;DKK1
3136,GO_Biological_Process_2023,Negative Regulation Of Cell Junction Assembly (GO:1901889),3/24,0.8232067342368151,0.999996300842126,0,0,0.6646454846794405,0.1293053925513486,ROBO2;FAM107A;APOD
3135,GO_Biological_Process_2023,Mononuclear Cell Differentiation (GO:1903131),3/24,0.8232067342368151,0.999996300842126,0,0,0.6646454846794405,0.1293053925513486,PDE1B;MT1G;PPARG
3134,GO_Biological_Process_2023,Ear Morphogenesis (GO:0042471),3/24,0.8232067342368151,0.999996300842126,0,0,0.6646454846794405,0.1293053925513486,TIFAB;ZIC1;PAX2
3133,GO_Biological_Process_2023,Dicarboxylic Acid Transport (GO:0006835),3/24,0.8232067342368151,0.999996300842126,0,0,0.6646454846794405,0.1293053925513486,SLC13A2;FOLR2;SLC1A7
3132,GO_Biological_Process_2023,"Negative Regulation Of Gene Expression, Epigenetic (GO:0045814)",7/51,0.8214967172587786,0.999996300842126,0,0,0.7399755343806336,0.1454994191743942,SDR16C5;HELLS;UHRF1;CHEK1;HMGA2;LMNB1;EZH2
3131,GO_Biological_Process_2023,Regulation Of Actin Filament-Based Process (GO:0032970),10/70,0.8154082011912999,0.999996300842126,0,0,0.7751157735563746,0.1581751093451407,LRP1;DAAM2;FAM107A;RAC3;NRG1;CELSR1;PAK3;CORO2B;GPM6B;SMIM22
3130,GO_Biological_Process_2023,Plasma Membrane Bounded Cell Projection Organization (GO:0120036),20/132,0.8091042708967432,0.999996300842126,0,0,0.8302022827897153,0.1758596587862006,GPM6A;CNTNAP2;NLGN1;TNXB;UNC5A;MYOC;CCL21;EPHA8;BICDL1;PTPRM;STMND1;POU4F1;SAMD14;IL6;CATIP;RAB25;GPRIN1;STMN1;CCR7;SH3GL2
3129,GO_Biological_Process_2023,Circulatory System Development (GO:0072359),20/132,0.8091042708967432,0.999996300842126,0,0,0.8302022827897153,0.1758596587862006,CRB2;NOTCH4;NTRK3;FN1;LDB3;PCSK5;CRIP1;POU4F1;TGFBR2;CDH5;KAT2B;BMP2;PDLIM3;SOX17;TH;WT1;MYL2;ALPK3;TNNI3;TEK
3128,GO_Biological_Process_2023,Regulation Of Cellular Component Biogenesis (GO:0044087),5/37,0.8081880004213897,0.999996300842126,0,0,0.7268810164212911,0.1547969982952782,HJURP;NRG1;CD36;INSM1;GFAP
3127,GO_Biological_Process_2023,Positive Regulation Of Receptor Signaling Pathway Via JAK-STAT (GO:0046427),5/37,0.8081880004213897,0.999996300842126,0,0,0.7268810164212911,0.1547969982952782,GHR;IL6;IFNL1;LEP;KIT
3126,GO_Biological_Process_2023,Regulation Of Interleukin-12 Production (GO:0032655),7/50,0.805067978614873,0.999996300842126,0,0,0.7572303840832729,0.1641891734998871,IFNG;CLEC7A;TNFSF4;IL12B;CCR7;LTB;TIGIT
3125,GO_Biological_Process_2023,Pyruvate Metabolic Process (GO:0006090),7/50,0.805067978614873,0.999996300842126,0,0,0.7572303840832729,0.1641891734998871,PFKFB1;SDS;NR4A3;ALDOC;HOGA1;ENO2;PCK1
3124,GO_Biological_Process_2023,Negative Regulation Of Cell Projection Organization (GO:0031345),7/50,0.805067978614873,0.999996300842126,0,0,0.7572303840832729,0.1641891734998871,RTN4R;KANK1;DPYSL5;TNR;SPRY2;GRIN2B;MT3
3123,GO_Biological_Process_2023,Vasculature Development (GO:0001944),2/16,0.8029601205556989,0.999996300842126,0,0,0.6647403515861791,0.1458774226054737,CDH5;NOTCH4
3154,GO_Biological_Process_2023,cAMP Biosynthetic Process (GO:0006171),1/9,0.8265615603884735,0.999996300842126,0,0,0.5816954185520362,0.1108018559542756,ADCY4
3153,GO_Biological_Process_2023,Apical Protein Localization (GO:0045176),1/9,0.8265615603884735,0.999996300842126,0,0,0.5816954185520362,0.1108018559542756,CELSR1
3152,GO_Biological_Process_2023,Aminoglycan Metabolic Process (GO:0006022),1/9,0.8265615603884735,0.999996300842126,0,0,0.5816954185520362,0.1108018559542756,CHST9
3151,GO_Biological_Process_2023,Adherens Junction Assembly (GO:0034333),1/9,0.8265615603884735,0.999996300842126,0,0,0.5816954185520362,0.1108018559542756,ZNF703
3150,GO_Biological_Process_2023,"DNA Damage Response, Signal Transduction Resulting In Transcription (GO:0042772)",1/9,0.8265615603884735,0.999996300842126,0,0,0.5816954185520362,0.1108018559542756,MUC1
3149,GO_Biological_Process_2023,B Cell Homeostasis (GO:0001782),1/9,0.8265615603884735,0.999996300842126,0,0,0.5816954185520362,0.1108018559542756,DOCK11
3148,GO_Biological_Process_2023,Negative Regulation Of Response To External Stimulus (GO:0032102),22/146,0.8259572437963478,0.999996300842126,0,0,0.8247097691919424,0.1576946268598793,RTN4R;PTGIS;ADIPOQ;CXCL17;GATA3;KLF4;FGF2;AURKB;CDH5;LRFN5;CLDN3;PROC;MMRN1;TYRO3;FFAR4;CLDN19;SAA1;PPARG;TEK;PPARA;LACRT;ELANE
3147,GO_Biological_Process_2023,Regulation Of T Cell Proliferation (GO:0042129),11/77,0.823693944804651,0.999996300842126,0,0,0.7750519947059936,0.1503261740121163,IL21;IL4I1;IL6;ANXA1;CD209;CD80;LEP;PLA2G2A;IL12B;FOXP3;IDO1
3146,GO_Biological_Process_2023,Regulation Of Transmembrane Receptor Protein Serine/Threonine Kinase Signaling Pathway (GO:0090092),4/31,0.8234740576122281,0.999996300842126,0,0,0.6892054806008953,0.1338597162691226,ZNF703;LTBP4;SOX11;FSTL4
3145,GO_Biological_Process_2023,Regulation Of Extrinsic Apoptotic Signaling Pathway Via Death Domain Receptors (GO:1902041),4/31,0.8234740576122281,0.999996300842126,0,0,0.6892054806008953,0.1338597162691226,FGA;SFRP1;PMAIP1;BMP5
3144,GO_Biological_Process_2023,Receptor Signaling Pathway Via STAT (GO:0097696),4/31,0.8234740576122281,0.999996300842126,0,0,0.6892054806008953,0.1338597162691226,GHR;STAT5A;THPO;IFNG
3143,GO_Biological_Process_2023,Negative Regulation Of Intracellular Steroid Hormone Receptor Signaling Pathway (GO:0033144),4/31,0.8234740576122281,0.999996300842126,0,0,0.6892054806008953,0.1338597162691226,PER1;SFRP1;FOXH1;ZNF366
3142,GO_Biological_Process_2023,B Cell Proliferation (GO:0042100),4/31,0.8234740576122281,0.999996300842126,0,0,0.6892054806008953,0.1338597162691226,CR2;CD19;RASGRP1;MS4A1
3141,GO_Biological_Process_2023,Response To Purine-Containing Compound (GO:0014074),3/24,0.8232067342368151,0.999996300842126,0,0,0.6646454846794405,0.1293053925513486,P2RY6;CITED1;VGF
3140,GO_Biological_Process_2023,Regulation Of Heterotypic Cell-Cell Adhesion (GO:0034114),3/24,0.8232067342368151,0.999996300842126,0,0,0.6646454846794405,0.1293053925513486,FGA;CEACAM6;KLF4
3139,GO_Biological_Process_2023,Regulation Of Actin Nucleation (GO:0051125),3/24,0.8232067342368151,0.999996300842126,0,0,0.6646454846794405,0.1293053925513486,VIL1;CARMIL2;GSN
3170,GO_Biological_Process_2023,Iron Ion Transmembrane Transport (GO:0034755),1/9,0.8265615603884735,0.999996300842126,0,0,0.5816954185520362,0.1108018559542756,SCARA5
3169,GO_Biological_Process_2023,Insulin Metabolic Process (GO:1901142),1/9,0.8265615603884735,0.999996300842126,0,0,0.5816954185520362,0.1108018559542756,SLC30A8
3168,GO_Biological_Process_2023,Histone Ubiquitination (GO:0016574),1/9,0.8265615603884735,0.999996300842126,0,0,0.5816954185520362,0.1108018559542756,UHRF1
3167,GO_Biological_Process_2023,Glycosphingolipid Catabolic Process (GO:0046479),1/9,0.8265615603884735,0.999996300842126,0,0,0.5816954185520362,0.1108018559542756,NEU4
3166,GO_Biological_Process_2023,Glycogen Biosynthetic Process (GO:0005978),1/9,0.8265615603884735,0.999996300842126,0,0,0.5816954185520362,0.1108018559542756,GYG2
3165,GO_Biological_Process_2023,Glucan Biosynthetic Process (GO:0009250),1/9,0.8265615603884735,0.999996300842126,0,0,0.5816954185520362,0.1108018559542756,GYG2
3164,GO_Biological_Process_2023,Excitatory Synapse Assembly (GO:1904861),1/9,0.8265615603884735,0.999996300842126,0,0,0.5816954185520362,0.1108018559542756,NLGN1
3163,GO_Biological_Process_2023,Ether Lipid Biosynthetic Process (GO:0008611),1/9,0.8265615603884735,0.999996300842126,0,0,0.5816954185520362,0.1108018559542756,PLA2G4A
3162,GO_Biological_Process_2023,Error-Prone Translesion Synthesis (GO:0042276),1/9,0.8265615603884735,0.999996300842126,0,0,0.5816954185520362,0.1108018559542756,POLE2
3161,GO_Biological_Process_2023,Epithelial Cilium Movement Involved In Determination Of Left/Right Asymmetry (GO:0060287),1/9,0.8265615603884735,0.999996300842126,0,0,0.5816954185520362,0.1108018559542756,DNAAF11
3160,GO_Biological_Process_2023,Ectoderm Development (GO:0007398),1/9,0.8265615603884735,0.999996300842126,0,0,0.5816954185520362,0.1108018559542756,LHX1
3159,GO_Biological_Process_2023,Chloride Ion Homeostasis (GO:0055064),1/9,0.8265615603884735,0.999996300842126,0,0,0.5816954185520362,0.1108018559542756,SLC12A8
3158,GO_Biological_Process_2023,Cellular Response To Oxidised Low-Density Lipoprotein Particle Stimulus (GO:0140052),1/9,0.8265615603884735,0.999996300842126,0,0,0.5816954185520362,0.1108018559542756,CD36
3157,GO_Biological_Process_2023,Carnitine Metabolic Process (GO:0009437),1/9,0.8265615603884735,0.999996300842126,0,0,0.5816954185520362,0.1108018559542756,BBOX1
3156,GO_Biological_Process_2023,Camera-Type Eye Morphogenesis (GO:0048593),1/9,0.8265615603884735,0.999996300842126,0,0,0.5816954185520362,0.1108018559542756,TH
3155,GO_Biological_Process_2023,Calcium Import Into The Mitochondrion (GO:0036444),1/9,0.8265615603884735,0.999996300842126,0,0,0.5816954185520362,0.1108018559542756,MICU3
3186,GO_Biological_Process_2023,Nerve Growth Factor Signaling Pathway (GO:0038180),1/9,0.8265615603884735,0.999996300842126,0,0,0.5816954185520362,0.1108018559542756,NTF4
3185,GO_Biological_Process_2023,Negative Regulation Of Tyrosine Phosphorylation Of STAT Protein (GO:0042532),1/9,0.8265615603884735,0.999996300842126,0,0,0.5816954185520362,0.1108018559542756,SOCS3
3184,GO_Biological_Process_2023,Negative Regulation Of Transforming Growth Factor Beta Production (GO:0071635),1/9,0.8265615603884735,0.999996300842126,0,0,0.5816954185520362,0.1108018559542756,FN1
3183,GO_Biological_Process_2023,Negative Regulation Of Transcription By Competitive Promoter Binding (GO:0010944),1/9,0.8265615603884735,0.999996300842126,0,0,0.5816954185520362,0.1108018559542756,MUC1
3182,GO_Biological_Process_2023,Negative Regulation Of Toll-Like Receptor 4 Signaling Pathway (GO:0034144),1/9,0.8265615603884735,0.999996300842126,0,0,0.5816954185520362,0.1108018559542756,BPIFB1
3181,GO_Biological_Process_2023,Negative Regulation Of Telomerase Activity (GO:0051974),1/9,0.8265615603884735,0.999996300842126,0,0,0.5816954185520362,0.1108018559542756,PIF1
3180,GO_Biological_Process_2023,Negative Regulation Of Protein Maturation (GO:1903318),1/9,0.8265615603884735,0.999996300842126,0,0,0.5816954185520362,0.1108018559542756,MAGEA3
3179,GO_Biological_Process_2023,Negative Regulation Of Protein Autophosphorylation (GO:0031953),1/9,0.8265615603884735,0.999996300842126,0,0,0.5816954185520362,0.1108018559542756,CAV1
3178,GO_Biological_Process_2023,Negative Regulation Of Heterotypic Cell-Cell Adhesion (GO:0034115),1/9,0.8265615603884735,0.999996300842126,0,0,0.5816954185520362,0.1108018559542756,KLF4
3177,GO_Biological_Process_2023,Negative Regulation Of Extracellular Matrix Organization (GO:1903054),1/9,0.8265615603884735,0.999996300842126,0,0,0.5816954185520362,0.1108018559542756,DPP4
3176,GO_Biological_Process_2023,Negative Regulation Of Cell-Cell Adhesion Mediated By Cadherin (GO:2000048),1/9,0.8265615603884735,0.999996300842126,0,0,0.5816954185520362,0.1108018559542756,NOTCH4
3175,GO_Biological_Process_2023,Negative Regulation Of Bone Resorption (GO:0045779),1/9,0.8265615603884735,0.999996300842126,0,0,0.5816954185520362,0.1108018559542756,IL6
3174,GO_Biological_Process_2023,Myelin Maintenance (GO:0043217),1/9,0.8265615603884735,0.999996300842126,0,0,0.5816954185520362,0.1108018559542756,ABCD2
3173,GO_Biological_Process_2023,Monoatomic Anion Homeostasis (GO:0055081),1/9,0.8265615603884735,0.999996300842126,0,0,0.5816954185520362,0.1108018559542756,SLC12A8
3172,GO_Biological_Process_2023,Mitochondrion Morphogenesis (GO:0070584),1/9,0.8265615603884735,0.999996300842126,0,0,0.5816954185520362,0.1108018559542756,PID1
3171,GO_Biological_Process_2023,Leucine Transport (GO:0015820),1/9,0.8265615603884735,0.999996300842126,0,0,0.5816954185520362,0.1108018559542756,SLC7A5
3202,GO_Biological_Process_2023,Positive Regulation Of Skeletal Muscle Tissue Development (GO:0048643),1/9,0.8265615603884735,0.999996300842126,0,0,0.5816954185520362,0.1108018559542756,MYOG
3201,GO_Biological_Process_2023,Positive Regulation Of Receptor Recycling (GO:0001921),1/9,0.8265615603884735,0.999996300842126,0,0,0.5816954185520362,0.1108018559542756,SNCA
3200,GO_Biological_Process_2023,"Positive Regulation Of Phagocytosis, Engulfment (GO:0060100)",1/9,0.8265615603884735,0.999996300842126,0,0,0.5816954185520362,0.1108018559542756,RAB31
3199,GO_Biological_Process_2023,Positive Regulation Of Monocyte Differentiation (GO:0045657),1/9,0.8265615603884735,0.999996300842126,0,0,0.5816954185520362,0.1108018559542756,DCSTAMP
3198,GO_Biological_Process_2023,Positive Regulation Of miRNA-mediated Gene Silencing (GO:2000637),1/9,0.8265615603884735,0.999996300842126,0,0,0.5816954185520362,0.1108018559542756,ZFP36
3197,GO_Biological_Process_2023,Positive Regulation Of Mesenchymal Cell Proliferation (GO:0002053),1/9,0.8265615603884735,0.999996300842126,0,0,0.5816954185520362,0.1108018559542756,TGFBR2
3196,GO_Biological_Process_2023,Positive Regulation Of Lipase Activity (GO:0060193),1/9,0.8265615603884735,0.999996300842126,0,0,0.5816954185520362,0.1108018559542756,FGFR3
3195,GO_Biological_Process_2023,Positive Regulation Of RIG-I Signaling Pathway (GO:1900246),1/9,0.8265615603884735,0.999996300842126,0,0,0.5816954185520362,0.1108018559542756,OASL
3194,GO_Biological_Process_2023,Pinocytosis (GO:0006907),1/9,0.8265615603884735,0.999996300842126,0,0,0.5816954185520362,0.1108018559542756,PYCARD
3193,GO_Biological_Process_2023,Phosphatidylglycerol Biosynthetic Process (GO:0006655),1/9,0.8265615603884735,0.999996300842126,0,0,0.5816954185520362,0.1108018559542756,GPAM
3192,GO_Biological_Process_2023,Peptidyl-Lysine Acetylation (GO:0018394),1/9,0.8265615603884735,0.999996300842126,0,0,0.5816954185520362,0.1108018559542756,KAT2B
3191,GO_Biological_Process_2023,Ornithine Metabolic Process (GO:0006591),1/9,0.8265615603884735,0.999996300842126,0,0,0.5816954185520362,0.1108018559542756,HNF4A
3190,GO_Biological_Process_2023,Oligosaccharide Catabolic Process (GO:0009313),1/9,0.8265615603884735,0.999996300842126,0,0,0.5816954185520362,0.1108018559542756,NEU4
3189,GO_Biological_Process_2023,Nucleoside Metabolic Process (GO:0009116),1/9,0.8265615603884735,0.999996300842126,0,0,0.5816954185520362,0.1108018559542756,TYMP
3188,GO_Biological_Process_2023,Nuclear mRNA Surveillance (GO:0071028),1/9,0.8265615603884735,0.999996300842126,0,0,0.5816954185520362,0.1108018559542756,EXOSC4
3187,GO_Biological_Process_2023,Neuron Projection Regeneration (GO:0031102),1/9,0.8265615603884735,0.999996300842126,0,0,0.5816954185520362,0.1108018559542756,PTN
3218,GO_Biological_Process_2023,Regulation Of Viral-Induced Cytoplasmic Pattern Recognition Receptor Signaling Pathway (GO:0039531),1/9,0.8265615603884735,0.999996300842126,0,0,0.5816954185520362,0.1108018559542756,FCRL3
3217,GO_Biological_Process_2023,Regulation Of Transmembrane Transporter Activity (GO:0022898),1/9,0.8265615603884735,0.999996300842126,0,0,0.5816954185520362,0.1108018559542756,SNCA
3216,GO_Biological_Process_2023,Regulation Of Sequestering Of Calcium Ion (GO:0051282),1/9,0.8265615603884735,0.999996300842126,0,0,0.5816954185520362,0.1108018559542756,TRDN
3215,GO_Biological_Process_2023,Regulation Of Mast Cell Activation (GO:0033003),1/9,0.8265615603884735,0.999996300842126,0,0,0.5816954185520362,0.1108018559542756,TSLP
3214,GO_Biological_Process_2023,Regulation Of Inflammatory Response To Wounding (GO:0106014),1/9,0.8265615603884735,0.999996300842126,0,0,0.5816954185520362,0.1108018559542756,IL33
3213,GO_Biological_Process_2023,Regulation Of Complement-Dependent Cytotoxicity (GO:1903659),1/9,0.8265615603884735,0.999996300842126,0,0,0.5816954185520362,0.1108018559542756,IL11
3212,GO_Biological_Process_2023,Regulation Of Complement Activation (GO:0030449),1/9,0.8265615603884735,0.999996300842126,0,0,0.5816954185520362,0.1108018559542756,SUSD4
3211,GO_Biological_Process_2023,Regulation Of Cell-Cell Adhesion Involved In Gastrulation (GO:0070587),1/9,0.8265615603884735,0.999996300842126,0,0,0.5816954185520362,0.1108018559542756,KLF4
3210,GO_Biological_Process_2023,Regulation Of PERK-mediated Unfolded Protein Response (GO:1903897),1/9,0.8265615603884735,0.999996300842126,0,0,0.5816954185520362,0.1108018559542756,AGR2
3209,GO_Biological_Process_2023,Quinone Metabolic Process (GO:1901661),1/9,0.8265615603884735,0.999996300842126,0,0,0.5816954185520362,0.1108018559542756,AIFM2
3208,GO_Biological_Process_2023,Protein O-linked Glycosylation Via Threonine (GO:0018243),1/9,0.8265615603884735,0.999996300842126,0,0,0.5816954185520362,0.1108018559542756,GALNT6
3207,GO_Biological_Process_2023,Protein O-linked Glycosylation Via Serine (GO:0018242),1/9,0.8265615603884735,0.999996300842126,0,0,0.5816954185520362,0.1108018559542756,MGAT5B
3206,GO_Biological_Process_2023,Primary Alcohol Catabolic Process (GO:0034310),1/9,0.8265615603884735,0.999996300842126,0,0,0.5816954185520362,0.1108018559542756,AKR1C3
3205,GO_Biological_Process_2023,Presynaptic Membrane Organization (GO:0097090),1/9,0.8265615603884735,0.999996300842126,0,0,0.5816954185520362,0.1108018559542756,NLGN1
3204,GO_Biological_Process_2023,Postsynapse Assembly (GO:0099068),1/9,0.8265615603884735,0.999996300842126,0,0,0.5816954185520362,0.1108018559542756,NLGN1
3203,GO_Biological_Process_2023,Positive Regulation Of Vascular Endothelial Growth Factor Receptor Signaling Pathway (GO:0030949),1/9,0.8265615603884735,0.999996300842126,0,0,0.5816954185520362,0.1108018559542756,MT3
3234,GO_Biological_Process_2023,"DNA Damage Response, Signal Transduction By P53 Class Mediator Resulting In Cell Cycle Arrest (GO:0006977)",2/17,0.82997320504006,0.999996300842126,0,0,0.6203866100895804,0.1156164036901421,MUC1;GTSE1
3233,GO_Biological_Process_2023,DNA Biosynthetic Process (GO:0071897),2/17,0.82997320504006,0.999996300842126,0,0,0.6203866100895804,0.1156164036901421,TERT;TYMS
3232,GO_Biological_Process_2023,Negative Regulation Of Protein Binding (GO:0032091),10/71,0.8290089809510411,0.999996300842126,0,0,0.7623624777477724,0.1429614826902622,ADRB3;CAV1;ADIPOQ;ATP2A3;XIRP1;ADRB2;IFIT1;DKK1;AURKB;AURKA
3231,GO_Biological_Process_2023,Negative Regulation Of Developmental Process (GO:0051093),16/109,0.8286326241140846,0.999996300842126,0,0,0.7998705157686752,0.150358361796917,PRKN;KANK1;ZNF296;ARHGEF15;NOTCH4;FOXJ1;SFRP1;BMP2;WNT11;PPARG;PRAME;MGARP;AMH;KIAA0319;FGFR3;SLC18A1
3230,GO_Biological_Process_2023,Regulation Of Phagocytosis (GO:0050764),8/58,0.8283985956769788,0.999996300842126,0,0,0.7441428166619439,0.1400929552314191,PYCARD;IFNG;CLEC7A;SLC11A1;SIRPG;ADIPOQ;AZU1;OLFM4
3229,GO_Biological_Process_2023,Regulation Of Neurotransmitter Secretion (GO:0046928),5/38,0.8267565966804696,0.999996300842126,0,0,0.7048114211194619,0.1340868122318643,RIMS2;RIMS1;RIMS4;CPLX2;SYN1
3228,GO_Biological_Process_2023,Positive Regulation Of Protein Tyrosine Kinase Activity (GO:0061098),5/38,0.8267565966804696,0.999996300842126,0,0,0.7048114211194619,0.1340868122318643,RELN;EGF;DOK7;FCGR1A;LRP8
3227,GO_Biological_Process_2023,Positive Regulation Of Axonogenesis (GO:0050772),5/38,0.8267565966804696,0.999996300842126,0,0,0.7048114211194619,0.1340868122318643,ROBO2;NTRK2;SEMA7A;METRN;PLXNA4
3226,GO_Biological_Process_2023,Amino Acid Catabolic Process (GO:0009063),5/38,0.8267565966804696,0.999996300842126,0,0,0.7048114211194619,0.1340868122318643,IL4I1;CBS;HOGA1;KMO;IDO1
3225,GO_Biological_Process_2023,Type II Interferon-Mediated Signaling Pathway (GO:0060333),1/9,0.8265615603884735,0.999996300842126,0,0,0.5816954185520362,0.1108018559542756,IFNG
3224,GO_Biological_Process_2023,Transferrin Transport (GO:0033572),1/9,0.8265615603884735,0.999996300842126,0,0,0.5816954185520362,0.1108018559542756,TFR2
3223,GO_Biological_Process_2023,Tetrapyrrole Metabolic Process (GO:0033013),1/9,0.8265615603884735,0.999996300842126,0,0,0.5816954185520362,0.1108018559542756,CUBN
3222,GO_Biological_Process_2023,Telomeric Loop Disassembly (GO:0090657),1/9,0.8265615603884735,0.999996300842126,0,0,0.5816954185520362,0.1108018559542756,RECQL4
3221,GO_Biological_Process_2023,Telomere Maintenance Via Recombination (GO:0000722),1/9,0.8265615603884735,0.999996300842126,0,0,0.5816954185520362,0.1108018559542756,RAD51
3220,GO_Biological_Process_2023,Response To Hydroxyurea (GO:0072710),1/9,0.8265615603884735,0.999996300842126,0,0,0.5816954185520362,0.1108018559542756,BLM
3219,GO_Biological_Process_2023,Response To Histamine (GO:0034776),1/9,0.8265615603884735,0.999996300842126,0,0,0.5816954185520362,0.1108018559542756,DRD4
3250,GO_Biological_Process_2023,Negative Regulation Of Leukocyte Activation (GO:0002695),2/17,0.82997320504006,0.999996300842126,0,0,0.6203866100895804,0.1156164036901421,LRFN5;FN1
3249,GO_Biological_Process_2023,Negative Regulation Of Interleukin-8 Production (GO:0032717),2/17,0.82997320504006,0.999996300842126,0,0,0.6203866100895804,0.1156164036901421,KLF4;ELANE
3248,GO_Biological_Process_2023,Intracellular Estrogen Receptor Signaling Pathway (GO:0030520),2/17,0.82997320504006,0.999996300842126,0,0,0.6203866100895804,0.1156164036901421,ESR1;ESR2
3247,GO_Biological_Process_2023,Growth Hormone Receptor Signaling Pathway (GO:0060396),2/17,0.82997320504006,0.999996300842126,0,0,0.6203866100895804,0.1156164036901421,STAT5A;GHR
3246,GO_Biological_Process_2023,Facultative Heterochromatin Formation (GO:0140718),2/17,0.82997320504006,0.999996300842126,0,0,0.6203866100895804,0.1156164036901421,HELLS;TEX15
3245,GO_Biological_Process_2023,Epoxygenase P450 Pathway (GO:0019373),2/17,0.82997320504006,0.999996300842126,0,0,0.6203866100895804,0.1156164036901421,CYP2A7;CYP2A13
3244,GO_Biological_Process_2023,Central Nervous System Neuron Development (GO:0021954),2/17,0.82997320504006,0.999996300842126,0,0,0.6203866100895804,0.1156164036901421,NTRK2;LHX6
3243,GO_Biological_Process_2023,Cellular Response To Unfolded Protein (GO:0034620),2/17,0.82997320504006,0.999996300842126,0,0,0.6203866100895804,0.1156164036901421,PRKN;PACRG
3242,GO_Biological_Process_2023,Carboxylic Acid Catabolic Process (GO:0046395),2/17,0.82997320504006,0.999996300842126,0,0,0.6203866100895804,0.1156164036901421,IL4I1;HOGA1
3241,GO_Biological_Process_2023,Carbohydrate Derivative Transport (GO:1901264),2/17,0.82997320504006,0.999996300842126,0,0,0.6203866100895804,0.1156164036901421,PLA2G10;VLDLR
3240,GO_Biological_Process_2023,Carbohydrate Derivative Catabolic Process (GO:1901136),2/17,0.82997320504006,0.999996300842126,0,0,0.6203866100895804,0.1156164036901421,NEU4;NCCRP1
3239,GO_Biological_Process_2023,Base Conversion Or Substitution Editing (GO:0016553),2/17,0.82997320504006,0.999996300842126,0,0,0.6203866100895804,0.1156164036901421,ADAD2;APOBEC3B
3238,GO_Biological_Process_2023,Amyloid Precursor Protein Metabolic Process (GO:0042982),2/17,0.82997320504006,0.999996300842126,0,0,0.6203866100895804,0.1156164036901421,ADAM19;NSG1
3237,GO_Biological_Process_2023,Rac Protein Signal Transduction (GO:0016601),2/17,0.82997320504006,0.999996300842126,0,0,0.6203866100895804,0.1156164036901421,CDH13;RAC3
3236,GO_Biological_Process_2023,NLS-bearing Protein Import Into Nucleus (GO:0006607),2/17,0.82997320504006,0.999996300842126,0,0,0.6203866100895804,0.1156164036901421,KPNA7;KPNA2
3235,GO_Biological_Process_2023,DNA Modification (GO:0006304),2/17,0.82997320504006,0.999996300842126,0,0,0.6203866100895804,0.1156164036901421,NEIL3;EXOSC4
3266,GO_Biological_Process_2023,Cell Cycle G1/S Phase Transition (GO:0044843),7/52,0.836821254311185,0.999996300842126,0,0,0.7234875668870003,0.1288855381258905,CCNA2;CCNE2;CCNE1;E2F1;CDC7;CDC25A;CDKN3
3265,GO_Biological_Process_2023,Long-Chain Fatty Acid Metabolic Process (GO:0001676),11/78,0.8363145053511449,0.999996300842126,0,0,0.7634374920632233,0.1364648594359281,CYP4Z1;ACADL;ACSL1;ELOVL2;ELOVL3;PLA2G10;GSTA1;CYP1A1;PLA2G4A;CYP3A4;MGLL
3264,GO_Biological_Process_2023,Canonical Wnt Signaling Pathway (GO:0060070),9/65,0.8352033084880808,0.999996300842126,0,0,0.7474034256559767,0.1345924840429833,CCL14;WNT10B;SFRP1;WNT11;FZD4;CAV1;WNT7B;LEF1;GATA3
3263,GO_Biological_Process_2023,Positive Regulation Of Macromolecule Biosynthetic Process (GO:0010557),18/122,0.8338027070457392,0.999996300842126,0,0,0.8045937438520558,0.1462417253630513,IL33;CCL21;EGF;SAMD4A;IRS2;AZU1;IGF1;NOD2;SORBS1;KLF4;FGF2;LARP6;FCER2;IL6;IFNL1;IFNG;ERBB2;FGFR4
3262,GO_Biological_Process_2023,Regulation Of Telomerase Activity (GO:0051972),6/45,0.8314544026591617,0.999996300842126,0,0,0.7155959305492016,0.1320838519596488,PIF1;PKIB;NEK2;KLF4;MAPK15;AURKB
3261,GO_Biological_Process_2023,Natural Killer Cell Activation (GO:0030101),6/45,0.8314544026591617,0.999996300842126,0,0,0.7155959305492016,0.1320838519596488,FCGR3A;IL21R;IL12B;ULBP2;RASGRP1;ULBP1
3260,GO_Biological_Process_2023,Response To Interferon-Alpha (GO:0035455),2/17,0.82997320504006,0.999996300842126,0,0,0.6203866100895804,0.1156164036901421,LAMP3;GATA3
3259,GO_Biological_Process_2023,Regulation Of Cellular Respiration (GO:0043457),2/17,0.82997320504006,0.999996300842126,0,0,0.6203866100895804,0.1156164036901421,IFNG;PRDM16
3258,GO_Biological_Process_2023,Regulation Of Brown Fat Cell Differentiation (GO:0090335),2/17,0.82997320504006,0.999996300842126,0,0,0.6203866100895804,0.1156164036901421,LEP;VSTM2A
3257,GO_Biological_Process_2023,Regulation Of Aerobic Respiration (GO:1903715),2/17,0.82997320504006,0.999996300842126,0,0,0.6203866100895804,0.1156164036901421,ACTN3;COX7A1
3256,GO_Biological_Process_2023,Protein Localization To Centrosome (GO:0071539),2/17,0.82997320504006,0.999996300842126,0,0,0.6203866100895804,0.1156164036901421,STIL;SPAG5
3255,GO_Biological_Process_2023,Positive Regulation Of Leukocyte Proliferation (GO:0070665),2/17,0.82997320504006,0.999996300842126,0,0,0.6203866100895804,0.1156164036901421,NMB;IL12B
3254,GO_Biological_Process_2023,Positive Regulation Of Dendrite Morphogenesis (GO:0050775),2/17,0.82997320504006,0.999996300842126,0,0,0.6203866100895804,0.1156164036901421,RELN;LRP8
3253,GO_Biological_Process_2023,Nicotinamide Nucleotide Metabolic Process (GO:0046496),2/17,0.82997320504006,0.999996300842126,0,0,0.6203866100895804,0.1156164036901421,FMO2;KMO
3252,GO_Biological_Process_2023,Neural Tube Development (GO:0021915),2/17,0.82997320504006,0.999996300842126,0,0,0.6203866100895804,0.1156164036901421,STIL;PROX1
3251,GO_Biological_Process_2023,Negative Regulation Of Oxidative Stress-Induced Intrinsic Apoptotic Signaling Pathway (GO:1902176),2/17,0.82997320504006,0.999996300842126,0,0,0.6203866100895804,0.1156164036901421,PRKN;HSPB1
3282,GO_Biological_Process_2023,Heterochromatin Organization (GO:0070828),5/39,0.8438377485952512,0.999996300842126,0,0,0.6840400373059756,0.1161466081416565,UHRF1;PRDM16;HMGA2;LMNB1;EZH2
3281,GO_Biological_Process_2023,Axonal Transport (GO:0098930),5/39,0.8438377485952512,0.999996300842126,0,0,0.6840400373059756,0.1161466081416565,DST;KIF4A;NEFL;KIF1A;MGARP
3280,GO_Biological_Process_2023,Positive Regulation Of Canonical Wnt Signaling Pathway (GO:0090263),12/85,0.8432744717949231,0.999996300842126,0,0,0.7643252696006995,0.1302890138384413,SEMA5A;COL1A1;KANK1;SFRP1;DAAM2;EGF;BAMBI;CAV1;GPC3;RSPO1;LGR6;EGFR
3279,GO_Biological_Process_2023,Positive Regulation Of Proteolysis (GO:0045862),8/59,0.8424734434222662,0.999996300842126,0,0,0.7295073314108869,0.1250471411723869,CCBE1;IFNG;ANGPTL8;PLK1;PRSS22;FGFR4;GPLD1;SH3D19
3278,GO_Biological_Process_2023,Cilium Movement (GO:0003341),8/59,0.8424734434222662,0.999996300842126,0,0,0.7295073314108869,0.1250471411723869,CLXN;ODAD3;DNAH11;SPEF1;DNAAF11;DNAH9;TEKT5;PIERCE1
3277,GO_Biological_Process_2023,Regulation Of Natural Killer Cell Mediated Cytotoxicity (GO:0042269),4/32,0.8423810315225424,0.999996300842126,0,0,0.6645505640693866,0.1139855971499919,IL21;LEP;RASGRP1;KIR2DL4
3276,GO_Biological_Process_2023,Proteoglycan Biosynthetic Process (GO:0030166),4/32,0.8423810315225424,0.999996300842126,0,0,0.6645505640693866,0.1139855971499919,CHST8;CHST9;IGF1;BMPR1B
3275,GO_Biological_Process_2023,Positive Regulation Of Telomere Maintenance Via Telomerase (GO:0032212),4/32,0.8423810315225424,0.999996300842126,0,0,0.6645505640693866,0.1139855971499919,PKIB;NEK2;MAPK15;AURKB
3274,GO_Biological_Process_2023,Heterochromatin Formation (GO:0031507),4/32,0.8423810315225424,0.999996300842126,0,0,0.6645505640693866,0.1139855971499919,UHRF1;HMGA2;LMNB1;EZH2
3273,GO_Biological_Process_2023,Gluconeogenesis (GO:0006094),4/32,0.8423810315225424,0.999996300842126,0,0,0.6645505640693866,0.1139855971499919,PFKFB1;ENO2;PCK1;PPARGC1A
3272,GO_Biological_Process_2023,Response To Ionizing Radiation (GO:0010212),10/72,0.8418276131112927,0.999996300842126,0,0,0.7500205785781574,0.1291385587623413,H2AX;RAD51AP1;DEPDC1B;BLM;ANXA1;RAD51;BRCA2;ECT2;SLC6A2;TICRR
3271,GO_Biological_Process_2023,Regulation Of JNK Cascade (GO:0046328),16/110,0.8391883733527223,0.999996300842126,0,0,0.7913129127967756,0.1387330403575024,PRKN;CCL21;WNT7B;NOD2;MAPK8IP2;MMP8;RASGRP1;MTURN;EGFR;KLHL31;PYCARD;EDAR;TGFBR3;PER1;CCR7;EPHB1
3270,GO_Biological_Process_2023,Regulation Of Actin Cytoskeleton Organization (GO:0032956),13/91,0.8389158744883328,0.999996300842126,0,0,0.7749243284146803,0.1361114645805628,CSF3;CARMIL2;LRP1;FAM107A;NRG1;CELSR1;CORO2B;MYO3B;DAAM2;RAC3;PAK3;GPM6B;SMIM22
3269,GO_Biological_Process_2023,Regulation Of Cell Growth (GO:0001558),35/227,0.8383227672377521,0.999996300842126,0,0,0.8469639372739387,0.149363859551383,SLC44A4;NPR1;HPN;FHL1;KIF14;FAM107A;LTBP4;AKAP6;SLC6A2;EGFR;EXOSC4;WNT11;SOX17;HYAL1;GNG4;HNF4A;ERBB2;PRSS2;ROS1;CDKN2A;NRG1;INHBA;MT3;ESR2;DCSTAMP;SFRP1;PSRC1;KIF26A;WT1;MYL2;SCGB3A1;SGK2;S100A9;S100A8;PAPPA2
3268,GO_Biological_Process_2023,Negative Regulation Of Innate Immune Response (GO:0045824),7/52,0.836821254311185,0.999996300842126,0,0,0.7234875668870003,0.1288855381258905,OAS1;OAS3;TYRO3;SLAMF8;SUSD4;ISG15;AURKB
3267,GO_Biological_Process_2023,Icosanoid Metabolic Process (GO:0006690),7/52,0.836821254311185,0.999996300842126,0,0,0.7234875668870003,0.1288855381258905,PYCARD;CYP4Z1;CPA1;PTGIS;PLA2G10;PLA2G4A;MGLL
3298,GO_Biological_Process_2023,Regulation Of Neutrophil Chemotaxis (GO:0090022),3/25,0.8443082045632357,0.999996300842126,0,0,0.6343957400833462,0.1073636631023047,DPP4;CCL21;CCR7
3297,GO_Biological_Process_2023,Regulation Of Intracellular Estrogen Receptor Signaling Pathway (GO:0033146),3/25,0.8443082045632357,0.999996300842126,0,0,0.6343957400833462,0.1073636631023047,FOXA1;FOXH1;ZNF366
3296,GO_Biological_Process_2023,Regulation Of Glycogen Biosynthetic Process (GO:0005979),3/25,0.8443082045632357,0.999996300842126,0,0,0.6343957400833462,0.1073636631023047,IRS2;IGF1;SORBS1
3295,GO_Biological_Process_2023,Regulation Of Biomineral Tissue Development (GO:0070167),3/25,0.8443082045632357,0.999996300842126,0,0,0.6343957400833462,0.1073636631023047,S1PR1;NOTUM;DDR2
3294,GO_Biological_Process_2023,Purine Ribonucleotide Catabolic Process (GO:0009154),3/25,0.8443082045632357,0.999996300842126,0,0,0.6343957400833462,0.1073636631023047,NUDT7;PDE2A;SORD
3293,GO_Biological_Process_2023,Positive Regulation Of Peptidase Activity (GO:0010952),3/25,0.8443082045632357,0.999996300842126,0,0,0.6343957400833462,0.1073636631023047,CLDN3;PRSS22;VSIR
3292,GO_Biological_Process_2023,Positive Regulation Of Interleukin-2 Production (GO:0032743),3/25,0.8443082045632357,0.999996300842126,0,0,0.6343957400833462,0.1073636631023047,CLEC7A;CD80;SPTBN1
3291,GO_Biological_Process_2023,Negative Regulation Of Response To Endoplasmic Reticulum Stress (GO:1903573),3/25,0.8443082045632357,0.999996300842126,0,0,0.6343957400833462,0.1073636631023047,PRKN;CREB3L1;MAGEA3
3290,GO_Biological_Process_2023,Negative Regulation Of Protein Transport (GO:0051224),3/25,0.8443082045632357,0.999996300842126,0,0,0.6343957400833462,0.1073636631023047,RSAD2;IL12B;DRD4
3289,GO_Biological_Process_2023,Negative Regulation Of Protein Localization To Membrane (GO:1905476),3/25,0.8443082045632357,0.999996300842126,0,0,0.6343957400833462,0.1073636631023047,LRRC15;KCNE1;PID1
3288,GO_Biological_Process_2023,fatty-acyl-CoA Biosynthetic Process (GO:0046949),3/25,0.8443082045632357,0.999996300842126,0,0,0.6343957400833462,0.1073636631023047,ACSL1;ELOVL2;ELOVL3
3287,GO_Biological_Process_2023,Cellular Response To Hexose Stimulus (GO:0071331),3/25,0.8443082045632357,0.999996300842126,0,0,0.6343957400833462,0.1073636631023047,KCNB1;PCK1;PAX2
3286,GO_Biological_Process_2023,Cardiac Conduction System Development (GO:0003161),3/25,0.8443082045632357,0.999996300842126,0,0,0.6343957400833462,0.1073636631023047,GATA4;SCN5A;NKX2-5
3285,GO_Biological_Process_2023,Regulation Of Mitochondrial Membrane Potential (GO:0051881),5/39,0.8438377485952512,0.999996300842126,0,0,0.6840400373059756,0.1161466081416565,OPRD1;TCL1A;PID1;PMAIP1;PYCR1
3284,GO_Biological_Process_2023,Positive Regulation Of Intrinsic Apoptotic Signaling Pathway (GO:2001244),5/39,0.8438377485952512,0.999996300842126,0,0,0.6840400373059756,0.1161466081416565,CAV1;PMAIP1;S100A9;S100A8;BBC3
3283,GO_Biological_Process_2023,Negative Regulation Of Transport (GO:0051051),5/39,0.8438377485952512,0.999996300842126,0,0,0.6840400373059756,0.1161466081416565,PRKN;EGF;NRG1;CRYAB;SNCA
3314,GO_Biological_Process_2023,Positive Regulation Of Neutrophil Chemotaxis (GO:0090023),2/18,0.8535973099696994,0.999996300842126,0,0,0.5815770862800566,0.0920611696531198,CCL21;CCR7
3313,GO_Biological_Process_2023,Positive Regulation Of Natural Killer Cell Activation (GO:0032816),2/18,0.8535973099696994,0.999996300842126,0,0,0.5815770862800566,0.0920611696531198,FCGR3A;IL12B
3312,GO_Biological_Process_2023,Nucleosome Disassembly (GO:0006337),2/18,0.8535973099696994,0.999996300842126,0,0,0.5815770862800566,0.0920611696531198,H2AC25;HMGA1
3311,GO_Biological_Process_2023,Negative Regulation Of Viral Entry Into Host Cell (GO:0046597),2/18,0.8535973099696994,0.999996300842126,0,0,0.5815770862800566,0.0920611696531198,LRRC15;GSN
3310,GO_Biological_Process_2023,Negative Regulation Of Amyloid Precursor Protein Catabolic Process (GO:1902992),2/18,0.8535973099696994,0.999996300842126,0,0,0.5815770862800566,0.0920611696531198,NTRK2;IGF1
3309,GO_Biological_Process_2023,Negative Regulation Of ERBB Signaling Pathway (GO:1901185),2/18,0.8535973099696994,0.999996300842126,0,0,0.5815770862800566,0.0920611696531198,CBLC;EGFR
3308,GO_Biological_Process_2023,Melanosome Localization (GO:0032400),2/18,0.8535973099696994,0.999996300842126,0,0,0.5815770862800566,0.0920611696531198,GPR143;MLPH
3307,GO_Biological_Process_2023,Icosanoid Biosynthetic Process (GO:0046456),2/18,0.8535973099696994,0.999996300842126,0,0,0.5815770862800566,0.0920611696531198,PYCARD;PLA2G4A
3306,GO_Biological_Process_2023,Detection Of Mechanical Stimulus (GO:0050982),2/18,0.8535973099696994,0.999996300842126,0,0,0.5815770862800566,0.0920611696531198,CDH2;PKD1L2
3305,GO_Biological_Process_2023,3'-UTR-mediated mRNA Stabilization (GO:0070935),2/18,0.8535973099696994,0.999996300842126,0,0,0.5815770862800566,0.0920611696531198,DAZL;ZFP36
3304,GO_Biological_Process_2023,Cellular Response To Lipopolysaccharide (GO:0071222),18/124,0.8529851368332545,0.999996300842126,0,0,0.7893162186942045,0.1255116631919962,CXCL9;CD80;PPBP;NOD2;CXCL13;CXCL2;PPM1E;PYCARD;CXCL10;ZFP36;CXCL11;IL6;CARD17P;TNFSF4;TNIP3;IL36RN;CTSG;PF4
3303,GO_Biological_Process_2023,Positive Regulation Of Stress-Activated MAPK Cascade (GO:0032874),15/105,0.8525387455127543,0.999996300842126,0,0,0.7747965171304183,0.1236084187513961,CCL21;WNT7B;SORD;NOD2;MMP8;RASGRP1;MTURN;INAVA;PYCARD;EDAR;BMP2;LEP;CCR7;RELL2;IGFBP6
3302,GO_Biological_Process_2023,Positive Regulation Of NIK/NF-kappaB Signaling (GO:1901224),7/53,0.8510790920263891,0.999996300842126,0,0,0.7077164675452642,0.1141194322859659,PYCARD;RTKN2;IL12B;NOD2;MMP8;EGFR;NR3C2
3301,GO_Biological_Process_2023,mRNA Stabilization (GO:0048255),7/53,0.8510790920263891,0.999996300842126,0,0,0.7077164675452642,0.1141194322859659,DAZL;ZFP36;SLC11A1;E2F1;IGF2BP1;IGF2BP3;VIP
3300,GO_Biological_Process_2023,Actin Cytoskeleton Reorganization (GO:0031532),7/53,0.8510790920263891,0.999996300842126,0,0,0.7077164675452642,0.1141194322859659,FGF7;BRSK2;ANXA1;THSD7B;KIT;S1PR1;PLEK2
3299,GO_Biological_Process_2023,Regulation Of Endocytosis (GO:0030100),9/66,0.8482010041046604,0.999996300842126,0,0,0.7342463301109917,0.1208845815993986,LRP1;CALY;TFR2;GPC3;CDH13;OLFM4;CD177;PACSIN1;SNCA
3330,GO_Biological_Process_2023,Ammonium Transmembrane Transport (GO:0072488),1/10,0.8572476946521755,0.999996300842126,0,0,0.5170311714429362,0.0796374721332192,RHBG
3329,GO_Biological_Process_2023,UDP-N-acetylglucosamine Metabolic Process (GO:0006047),1/10,0.8572476946521755,0.999996300842126,0,0,0.5170311714429362,0.0796374721332192,B4GALNT2
3328,GO_Biological_Process_2023,N-acetylneuraminate Metabolic Process (GO:0006054),1/10,0.8572476946521755,0.999996300842126,0,0,0.5170311714429362,0.0796374721332192,HOGA1
3327,GO_Biological_Process_2023,Cellular Response To Insulin Stimulus (GO:0032869),14/99,0.8562039329839713,0.999996300842126,0,0,0.7656976841261626,0.1188720323394269,TRARG1;CAV2;PDE3B;IRS2;SLC2A4;SORBS1;FOXO1;KAT2B;RAB31;PDK4;TRIB3;PPARG;PCK1;GPLD1
3326,GO_Biological_Process_2023,Positive Regulation Of Phagocytosis (GO:0050766),8/60,0.8556168168682822,0.999996300842126,0,0,0.7154347494387165,0.1115596341701385,PYCARD;C4A;RAB31;IFNG;CLEC7A;SLC11A1;SIRPG;AZU1
3325,GO_Biological_Process_2023,Regulation Of Mitotic Cell Cycle Phase Transition (GO:1901990),12/86,0.8543869142189106,0.999996300842126,0,0,0.7539505462909718,0.1186500469070731,ANLN;CENPE;CENPF;CDKN2A;UBE2C;PLK1;KIF14;E2F1;MAP3K20;CDC6;CDC14B;AURKA
3324,GO_Biological_Process_2023,Regulation Of Neuron Projection Development (GO:0010975),26/174,0.854333689177503,0.999996300842126,0,0,0.81633399277945,0.1285182562390141,RTN4R;RET;KANK1;BRSK2;NLGN1;PLPPR5;SEZ6;NDNF;PTN;CX3CL1;RELN;CDH2;TNR;GPC2;ALKAL2;KIF1A;CSMD3;PAK3;NTNG1;NTRK2;NTRK3;PTK6;MT3;KIF26A;S100A9;DDR2
3323,GO_Biological_Process_2023,Renal Absorption (GO:0070293),2/18,0.8535973099696994,0.999996300842126,0,0,0.5815770862800566,0.0920611696531198,GSN;HBB
3322,GO_Biological_Process_2023,Regulation Of Protein Deacetylation (GO:0090311),2/18,0.8535973099696994,0.999996300842126,0,0,0.5815770862800566,0.0920611696531198,KAT2B;IFNG
3321,GO_Biological_Process_2023,Regulation Of Histone Modification (GO:0031056),2/18,0.8535973099696994,0.999996300842126,0,0,0.5815770862800566,0.0920611696531198,KAT2B;MYOCD
3320,GO_Biological_Process_2023,Regulation Of Epidermal Cell Differentiation (GO:0045604),2/18,0.8535973099696994,0.999996300842126,0,0,0.5815770862800566,0.0920611696531198,ZFP36;IL20
3319,GO_Biological_Process_2023,Regulation Of T Cell Cytokine Production (GO:0002724),2/18,0.8535973099696994,0.999996300842126,0,0,0.5815770862800566,0.0920611696531198,TNFSF4;FOXP3
3318,GO_Biological_Process_2023,Pulmonary Valve Morphogenesis (GO:0003184),2/18,0.8535973099696994,0.999996300842126,0,0,0.5815770862800566,0.0920611696531198,ROBO2;TBX20
3317,GO_Biological_Process_2023,Protein Autoprocessing (GO:0016540),2/18,0.8535973099696994,0.999996300842126,0,0,0.5815770862800566,0.0920611696531198,F12;MYRFL
3316,GO_Biological_Process_2023,Positive Regulation Of Triglyceride Metabolic Process (GO:0090208),2/18,0.8535973099696994,0.999996300842126,0,0,0.5815770862800566,0.0920611696531198,GPLD1;PNPLA2
3315,GO_Biological_Process_2023,Positive Regulation Of Phosphoprotein Phosphatase Activity (GO:0032516),2/18,0.8535973099696994,0.999996300842126,0,0,0.5815770862800566,0.0920611696531198,FCRL3;PPP1R14D
3346,GO_Biological_Process_2023,Negative Regulation Of Alpha-Beta T Cell Activation (GO:0046636),1/10,0.8572476946521755,0.999996300842126,0,0,0.5170311714429362,0.0796374721332192,VSIR
3345,GO_Biological_Process_2023,Negative Regulation Of Activin Receptor Signaling Pathway (GO:0032926),1/10,0.8572476946521755,0.999996300842126,0,0,0.5170311714429362,0.0796374721332192,DACT2
3344,GO_Biological_Process_2023,Negative Regulation Of Activated T Cell Proliferation (GO:0046007),1/10,0.8572476946521755,0.999996300842126,0,0,0.5170311714429362,0.0796374721332192,FOXP3
3343,GO_Biological_Process_2023,Negative Regulation Of B Cell Proliferation (GO:0030889),1/10,0.8572476946521755,0.999996300842126,0,0,0.5170311714429362,0.0796374721332192,CTLA4
3342,GO_Biological_Process_2023,Midbrain Dopaminergic Neuron Differentiation (GO:1904948),1/10,0.8572476946521755,0.999996300842126,0,0,0.5170311714429362,0.0796374721332192,LMX1A
3341,GO_Biological_Process_2023,Lipoprotein Catabolic Process (GO:0042159),1/10,0.8572476946521755,0.999996300842126,0,0,0.5170311714429362,0.0796374721332192,NOTUM
3340,GO_Biological_Process_2023,Interleukin-15-Mediated Signaling Pathway (GO:0035723),1/10,0.8572476946521755,0.999996300842126,0,0,0.5170311714429362,0.0796374721332192,STAT5A
3339,GO_Biological_Process_2023,Inositol Phosphate Biosynthetic Process (GO:0032958),1/10,0.8572476946521755,0.999996300842126,0,0,0.5170311714429362,0.0796374721332192,ITPKA
3338,GO_Biological_Process_2023,Histone H3-K14 Acetylation (GO:0044154),1/10,0.8572476946521755,0.999996300842126,0,0,0.5170311714429362,0.0796374721332192,KAT2B
3337,GO_Biological_Process_2023,Fatty Acid Beta-Oxidation Using acyl-CoA Dehydrogenase (GO:0033539),1/10,0.8572476946521755,0.999996300842126,0,0,0.5170311714429362,0.0796374721332192,ACADL
3336,GO_Biological_Process_2023,Establishment Of Endothelial Intestinal Barrier (GO:0090557),1/10,0.8572476946521755,0.999996300842126,0,0,0.5170311714429362,0.0796374721332192,TJP3
3335,GO_Biological_Process_2023,Cellular Response To Interleukin-15 (GO:0071350),1/10,0.8572476946521755,0.999996300842126,0,0,0.5170311714429362,0.0796374721332192,STAT5A
3334,GO_Biological_Process_2023,Cellular Response To Interleukin-12 (GO:0071349),1/10,0.8572476946521755,0.999996300842126,0,0,0.5170311714429362,0.0796374721332192,IL12B
3333,GO_Biological_Process_2023,Cellular Response To Cholesterol (GO:0071397),1/10,0.8572476946521755,0.999996300842126,0,0,0.5170311714429362,0.0796374721332192,GPLD1
3332,GO_Biological_Process_2023,calcineurin-NFAT Signaling Cascade (GO:0033173),1/10,0.8572476946521755,0.999996300842126,0,0,0.5170311714429362,0.0796374721332192,LACRT
3331,GO_Biological_Process_2023,Branched-Chain Amino Acid Transport (GO:0015803),1/10,0.8572476946521755,0.999996300842126,0,0,0.5170311714429362,0.0796374721332192,SLC7A5
3362,GO_Biological_Process_2023,Positive Regulation Of Epidermal Growth Factor-Activated Receptor Activity (GO:0045741),1/10,0.8572476946521755,0.999996300842126,0,0,0.5170311714429362,0.0796374721332192,EGF
3361,GO_Biological_Process_2023,Positive Regulation Of Cellular Senescence (GO:2000774),1/10,0.8572476946521755,0.999996300842126,0,0,0.5170311714429362,0.0796374721332192,KIR2DL4
3360,GO_Biological_Process_2023,Positive Regulation Of Cellular Respiration (GO:1901857),1/10,0.8572476946521755,0.999996300842126,0,0,0.5170311714429362,0.0796374721332192,IFNG
3359,GO_Biological_Process_2023,Positive Regulation Of Autophagy Of Mitochondrion (GO:1903599),1/10,0.8572476946521755,0.999996300842126,0,0,0.5170311714429362,0.0796374721332192,PRKN
3358,GO_Biological_Process_2023,Positive Regulation Of MHC Class II Biosynthetic Process (GO:0045348),1/10,0.8572476946521755,0.999996300842126,0,0,0.5170311714429362,0.0796374721332192,IFNG
3357,GO_Biological_Process_2023,Nucleoside Triphosphate Metabolic Process (GO:0009141),1/10,0.8572476946521755,0.999996300842126,0,0,0.5170311714429362,0.0796374721332192,AK5
3356,GO_Biological_Process_2023,"Nuclear-Transcribed mRNA Catabolic Process, Exonucleolytic, 3'-5' (GO:0034427)",1/10,0.8572476946521755,0.999996300842126,0,0,0.5170311714429362,0.0796374721332192,EXOSC4
3355,GO_Biological_Process_2023,Nuclear RNA Surveillance (GO:0071027),1/10,0.8572476946521755,0.999996300842126,0,0,0.5170311714429362,0.0796374721332192,EXOSC4
3354,GO_Biological_Process_2023,Negative Regulation Of Vascular Endothelial Growth Factor Receptor Signaling Pathway (GO:0030948),1/10,0.8572476946521755,0.999996300842126,0,0,0.5170311714429362,0.0796374721332192,MMRN2
3353,GO_Biological_Process_2023,Negative Regulation Of Transmembrane Transport (GO:0034763),1/10,0.8572476946521755,0.999996300842126,0,0,0.5170311714429362,0.0796374721332192,IRS2
3352,GO_Biological_Process_2023,Negative Regulation Of Natural Killer Cell Mediated Immunity (GO:0002716),1/10,0.8572476946521755,0.999996300842126,0,0,0.5170311714429362,0.0796374721332192,KIR2DL4
3351,GO_Biological_Process_2023,Negative Regulation Of Lymphocyte Migration (GO:2000402),1/10,0.8572476946521755,0.999996300842126,0,0,0.5170311714429362,0.0796374721332192,APOD
3350,GO_Biological_Process_2023,Negative Regulation Of Lipopolysaccharide-Mediated Signaling Pathway (GO:0031665),1/10,0.8572476946521755,0.999996300842126,0,0,0.5170311714429362,0.0796374721332192,LACRT
3349,GO_Biological_Process_2023,Negative Regulation Of Interferon-Beta Production (GO:0032688),1/10,0.8572476946521755,0.999996300842126,0,0,0.5170311714429362,0.0796374721332192,PYCARD
3348,GO_Biological_Process_2023,Negative Regulation Of Glycolytic Process (GO:0045820),1/10,0.8572476946521755,0.999996300842126,0,0,0.5170311714429362,0.0796374721332192,PPARA
3347,GO_Biological_Process_2023,Negative Regulation Of Dephosphorylation (GO:0035305),1/10,0.8572476946521755,0.999996300842126,0,0,0.5170311714429362,0.0796374721332192,PPP1R16B
3378,GO_Biological_Process_2023,Response To Sterol (GO:0036314),1/10,0.8572476946521755,0.999996300842126,0,0,0.5170311714429362,0.0796374721332192,TGFBR2
3377,GO_Biological_Process_2023,Regulation Of Toll-Like Receptor 9 Signaling Pathway (GO:0034163),1/10,0.8572476946521755,0.999996300842126,0,0,0.5170311714429362,0.0796374721332192,RSAD2
3376,GO_Biological_Process_2023,Regulation Of Programmed Necrotic Cell Death (GO:0062098),1/10,0.8572476946521755,0.999996300842126,0,0,0.5170311714429362,0.0796374721332192,PRKN
3375,GO_Biological_Process_2023,"Regulation Of Phagocytosis, Engulfment (GO:0060099)",1/10,0.8572476946521755,0.999996300842126,0,0,0.5170311714429362,0.0796374721332192,RAB31
3374,GO_Biological_Process_2023,Regulation Of Melanin Biosynthetic Process (GO:0048021),1/10,0.8572476946521755,0.999996300842126,0,0,0.5170311714429362,0.0796374721332192,TYRP1
3373,GO_Biological_Process_2023,Regulation Of Chromatin Binding (GO:0035561),1/10,0.8572476946521755,0.999996300842126,0,0,0.5170311714429362,0.0796374721332192,CDT1
3372,GO_Biological_Process_2023,Regulation Of Calcium Ion Import Across Plasma Membrane (GO:1905664),1/10,0.8572476946521755,0.999996300842126,0,0,0.5170311714429362,0.0796374721332192,CALCR
3371,GO_Biological_Process_2023,Regulation Of B Cell Apoptotic Process (GO:0002902),1/10,0.8572476946521755,0.999996300842126,0,0,0.5170311714429362,0.0796374721332192,IRS2
3370,GO_Biological_Process_2023,Protein Oxidation (GO:0018158),1/10,0.8572476946521755,0.999996300842126,0,0,0.5170311714429362,0.0796374721332192,LOXL4
3369,GO_Biological_Process_2023,Protein Localization To Endosome (GO:0036010),1/10,0.8572476946521755,0.999996300842126,0,0,0.5170311714429362,0.0796374721332192,NELL1
3368,GO_Biological_Process_2023,Protein Kinase C-activating G Protein-Coupled Receptor Signaling Pathway (GO:0007205),1/10,0.8572476946521755,0.999996300842126,0,0,0.5170311714429362,0.0796374721332192,PLPP1
3367,GO_Biological_Process_2023,Protein Kinase C Signaling (GO:0070528),1/10,0.8572476946521755,0.999996300842126,0,0,0.5170311714429362,0.0796374721332192,AZU1
3366,GO_Biological_Process_2023,Positive Regulation Of Transforming Growth Factor Beta Production (GO:0071636),1/10,0.8572476946521755,0.999996300842126,0,0,0.5170311714429362,0.0796374721332192,TNXB
3365,GO_Biological_Process_2023,Positive Regulation Of Post-Transcriptional Gene Silencing By RNA (GO:1900370),1/10,0.8572476946521755,0.999996300842126,0,0,0.5170311714429362,0.0796374721332192,ZFP36
3364,GO_Biological_Process_2023,Positive Regulation Of Phospholipid Transport (GO:2001140),1/10,0.8572476946521755,0.999996300842126,0,0,0.5170311714429362,0.0796374721332192,CETP
3363,GO_Biological_Process_2023,Positive Regulation Of Macrophage Differentiation (GO:0045651),1/10,0.8572476946521755,0.999996300842126,0,0,0.5170311714429362,0.0796374721332192,PF4
3394,GO_Biological_Process_2023,Epithelial To Mesenchymal Transition (GO:0001837),6/47,0.861370334366299,0.999996300842126,0,0,0.6806059224568456,0.1015673294142092,TGFBR3;BMP2;NOTCH4;LEF1;HMGA2;IGF1
3393,GO_Biological_Process_2023,Protein Secretion (GO:0009306),9/67,0.8603738033039784,0.999996300842126,0,0,0.7215429275158339,0.1085116352899871,RIMS2;RAB3C;ANXA1;SLC30A8;GAL;PTPRN;VIP;PCSK5;AP1M2
3392,GO_Biological_Process_2023,Regulation Of Intracellular Signal Transduction (GO:1902531),46/297,0.859798923623533,0.999996300842126,0,0,0.8510809240836711,0.1285614986445691,ARHGAP11A;NLGN1;ITSN1;FAM13A;SEZ6;HSPB1;GATA4;AKAP6;ARHGAP39;AKAP5;FGF1;SEZ6L2;SLC6A2;EGFR;GNAI1;AURKB;AURKA;PREX2;AKAP12;FGD3;PYCARD;ARHGAP20;NUAK2;RACGAP1;CLEC7A;CHEK1;GPAT3;PAK3;ECT2;ROS1;MAP2K6;PPP1R16B;NTRK2;MYOC;ARHGEF15;VWF;NTRK3;PDE2A;RHOF;MRAP;PEX5L;GPR143;CLEC6A;RGN;TEK;CD24
3391,GO_Biological_Process_2023,Regulation Of Type I Interferon-Mediated Signaling Pathway (GO:0060338),4/33,0.8595525623262923,0.999996300842126,0,0,0.6415959866090165,0.0971012548361875,OAS1;OAS3;IGF2BP1;ISG15
3390,GO_Biological_Process_2023,Regulation Of NLRP3 Inflammasome Complex Assembly (GO:1900225),4/33,0.8595525623262923,0.999996300842126,0,0,0.6415959866090165,0.0971012548361875,GBP5;DEPDC1B;PYDC1;CD36
3389,GO_Biological_Process_2023,Negative Regulation Of Small Molecule Metabolic Process (GO:0062014),4/33,0.8595525623262923,0.999996300842126,0,0,0.6415959866090165,0.0971012548361875,ACTN3;ADIPOQ;ERFE;PPARA
3388,GO_Biological_Process_2023,Actin Filament Bundle Organization (GO:0061572),4/33,0.8595525623262923,0.999996300842126,0,0,0.6415959866090165,0.0971012548361875,FAM107A;SHROOM1;ESPN;LIMD2
3387,GO_Biological_Process_2023,Actin Filament Bundle Assembly (GO:0051017),4/33,0.8595525623262923,0.999996300842126,0,0,0.6415959866090165,0.0971012548361875,FAM107A;SHROOM1;ESPN;LIMD2
3386,GO_Biological_Process_2023,Regulation Of Microtubule Cytoskeleton Organization (GO:0070507),5/40,0.8595031826817078,0.999996300842126,0,0,0.6644555897104029,0.1005990754348354,STMN1;FAM107A;STMND1;SKA3;SKA1
3385,GO_Biological_Process_2023,Regulation Of Glycolytic Process (GO:0006110),5/40,0.8595031826817078,0.999996300842126,0,0,0.6644555897104029,0.1005990754348354,MLXIPL;IFNG;IGF1;PPARA;SLC2A6
3384,GO_Biological_Process_2023,Nucleic Acid-Templated Transcription (GO:0097659),5/40,0.8595031826817078,0.999996300842126,0,0,0.6644555897104029,0.1005990754348354,SPOCD1;TERT;E2F1;DTX1;SCX
3383,GO_Biological_Process_2023,Notch Signaling Pathway (GO:0007219),5/40,0.8595031826817078,0.999996300842126,0,0,0.6644555897104029,0.1005990754348354,BMP2;NOTCH4;DTX1;ASCL1;DLL3
3382,GO_Biological_Process_2023,Negative Regulation Of Defense Response (GO:0031348),16/112,0.8588186513045496,0.999996300842126,0,0,0.77473255703872,0.1179123547442253,PTGIS;ADIPOQ;CXCL17;GATA3;KLF4;AURKB;CDH5;LRFN5;PROC;TYRO3;FFAR4;SAA1;PPARG;TEK;PPARA;ELANE
3381,GO_Biological_Process_2023,Very-Low-Density Lipoprotein Particle Assembly (GO:0034379),1/10,0.8572476946521755,0.999996300842126,0,0,0.5170311714429362,0.0796374721332192,APOB
3380,GO_Biological_Process_2023,tRNA Threonylcarbamoyladenosine Metabolic Process (GO:0070525),1/10,0.8572476946521755,0.999996300842126,0,0,0.5170311714429362,0.0796374721332192,LAGE3
3379,GO_Biological_Process_2023,Surfactant Homeostasis (GO:0043129),1/10,0.8572476946521755,0.999996300842126,0,0,0.5170311714429362,0.0796374721332192,OAS1
3410,GO_Biological_Process_2023,Endocytosis (GO:0006897),28/189,0.8732569371333374,0.999996300842126,0,0,0.8079596565353687,0.1094990970730659,DENND1B;LRP1;STAB2;ADRB2;VLDLR;LRP8;P2RY6;MRC1;REPS2;CD36;ELANE;CUBN;ANXA1;SCARA5;CAV3;SLC11A1;CAV1;EPN3;EHD2;MARCO;ADRB3;TFR2;RHOJ;TYRO3;PECAM1;ENTHD1;CD302;MET
3409,GO_Biological_Process_2023,Positive Regulation Of Nucleic Acid-Templated Transcription (GO:1903508),89/557,0.8708428213829907,0.999996300842126,0,0,0.8821879895690801,0.1220011082797925,CDKN1C;RET;CITED1;EPO;CD80;SCX;MYRFL;HOXC13;FOXM1;BRCA2;FGF2;NAT14;SOX2;FGF7;SOX17;ZIC2;ZIC3;HNF4A;ZIC1;NOS1;MYBL1;TP63;KCNH2;MYOCD;TESC;FOXH1;PAX6;FOS;SOX10;FOXP3;PAX2;POU3F3;KAT2B;SFRP1;MYCN;PSRC1;RFX6;TAL1;IRF7;PPARG;PPARA;CREB5;BLM;DLX5;NOTCH4;LEF1;GATA4;GATA3;MRPL12;EGFR;FOXO1;IFNL1;WNT11;PRDM16;ATOH8;HAS3;SPP1;E2F1;NDP;NKX2-5;PPARGC1A;EGR1;ARNT2;EGR2;FZD4;IRX6;EGF;ZBTB16;ATAD2;ESRRB;HMGA1;HMGA2;IGF1;INHBA;KLF4;ESR1;MT3;KLF2;ESR2;KLF1;COL1A1;MLLT11;MLXIPL;BMP2;IL6;WT1;LHX2;BAMBI;LHX1
3408,GO_Biological_Process_2023,Positive Regulation Of Interleukin-8 Production (GO:0032757),8/61,0.8678627537458476,0.999996300842126,0,0,0.7018932082956848,0.0994734949275817,PYCARD;IL6;CLEC7A;LEP;FFAR2;NOD2;IL17D;ELANE
3407,GO_Biological_Process_2023,Protein Complex Oligomerization (GO:0051259),14/100,0.8659532848559452,0.999996300842126,0,0,0.7567480147073384,0.1089144399917625,TRIM72;POLQ;BLM;PRMT8;KCNC2;FOXM1;COMP;PYCARD;CALHM1;GLRA3;NLRP6;ECT2;MS4A1;SNCA
3406,GO_Biological_Process_2023,Negative Regulation Of Cell Migration (GO:0030336),24/163,0.8651245847272536,0.999996300842126,0,0,0.8023149371194761,0.116240795217854,NGFR;KANK1;LRP1;ADIPOQ;SULF1;FGF2;MAPK15;CX3CL1;SLURP1;CLDN5;SFRP1;TMEFF2;CLDN3;WNT11;KRT16;HAS1;CDH11;MMRN2;CLDN19;DPEP1;EVL;HOXA7;AMH;RECK
3405,GO_Biological_Process_2023,Regulation Of Protein Kinase Activity (GO:0045859),17/119,0.8647762871523397,0.999996300842126,0,0,0.7746685606060606,0.1125472826445601,CAV3;CCL21;MMD;HSPB1;AZU1;PPM1E;CCNA2;CENPE;DBNDD1;RELN;CAMK2N2;PYDC1;TRIB3;CCR7;ECT2;DDR2;SNCA
3404,GO_Biological_Process_2023,Regulation Of Blood Vessel Endothelial Cell Migration (GO:0043535),7/54,0.8643117711155907,0.999996300842126,0,0,0.6926164788138147,0.1009985325221833,STAT5A;ANGPT4;ANGPT1;HSPB1;NRG1;PPARG;FGF2
3403,GO_Biological_Process_2023,Mesenchymal Cell Differentiation (GO:0048762),7/54,0.8643117711155907,0.999996300842126,0,0,0.6926164788138147,0.1009985325221833,TGFBR3;BMP2;NOTCH4;LEF1;TBX20;HMGA2;IGF1
3402,GO_Biological_Process_2023,Regulation Of Epidermal Growth Factor-Activated Receptor Activity (GO:0007176),3/26,0.8631866479990931,0.999996300842126,0,0,0.6067764080608252,0.0892715744282436,GPRC5A;EGF;CBLC
3401,GO_Biological_Process_2023,Organelle Fusion (GO:0048284),3/26,0.8631866479990931,0.999996300842126,0,0,0.6067764080608252,0.0892715744282436,BCL2A1;CIDEA;CIDEC
3400,GO_Biological_Process_2023,Negative Regulation Of Insulin Receptor Signaling Pathway (GO:0046627),3/26,0.8631866479990931,0.999996300842126,0,0,0.6067764080608252,0.0892715744282436,KANK1;PID1;TNS2
3399,GO_Biological_Process_2023,"Wnt Signaling Pathway, Planar Cell Polarity Pathway (GO:0060071)",3/26,0.8631866479990931,0.999996300842126,0,0,0.6067764080608252,0.0892715744282436,WNT11;CELSR1;CELSR3
3398,GO_Biological_Process_2023,Regulation Of G1/S Transition Of Mitotic Cell Cycle (GO:2000045),15/106,0.8622032901674949,0.999996300842126,0,0,0.7662354681094034,0.113605289198209,STIL;ANXA1;RRM2;CDKN2A;FHL1;FAM107A;KIF14;INHBA;KLF4;EGFR;MYO16;ADAMTS1;HYAL1;E2F1;E2F7
3397,GO_Biological_Process_2023,Secondary Alcohol Metabolic Process (GO:1902652),6/47,0.861370334366299,0.999996300842126,0,0,0.6806059224568456,0.1015673294142092,CETP;SQLE;ABCA5;SH2D2A;APOB;CES1
3396,GO_Biological_Process_2023,Regulation Of Interleukin-2 Production (GO:0032663),6/47,0.861370334366299,0.999996300842126,0,0,0.6806059224568456,0.1015673294142092,ZFP36;CLEC7A;CD80;CD34;FOXP3;SPTBN1
3395,GO_Biological_Process_2023,Insulin Receptor Signaling Pathway (GO:0008286),6/47,0.861370334366299,0.999996300842126,0,0,0.6806059224568456,0.1015673294142092,CAV2;PDK4;IRS2;SORBS1;FOXO1;GPLD1
3426,GO_Biological_Process_2023,Phosphate Ion Transport (GO:0006817),2/19,0.8741858949349336,0.999996300842126,0,0,0.547333388801065,0.0735956688377348,SLC34A3;SLC17A7
3425,GO_Biological_Process_2023,Oligodendrocyte Differentiation (GO:0048709),2/19,0.8741858949349336,0.999996300842126,0,0,0.547333388801065,0.0735956688377348,PTPRZ1;SOX10
3424,GO_Biological_Process_2023,Nucleotide Biosynthetic Process (GO:0009165),2/19,0.8741858949349336,0.999996300842126,0,0,0.547333388801065,0.0735956688377348,RRM2;NMNAT2
3423,GO_Biological_Process_2023,Negative Regulation Of Telomere Maintenance Via Telomerase (GO:0032211),2/19,0.8741858949349336,0.999996300842126,0,0,0.547333388801065,0.0735956688377348,PIF1;TENM1
3422,GO_Biological_Process_2023,Multicellular Organismal-Level Water Homeostasis (GO:0050891),2/19,0.8741858949349336,0.999996300842126,0,0,0.547333388801065,0.0735956688377348,AQP4;AQP1
3421,GO_Biological_Process_2023,Heme Biosynthetic Process (GO:0006783),2/19,0.8741858949349336,0.999996300842126,0,0,0.547333388801065,0.0735956688377348,ALAS2;FLVCR1
3420,GO_Biological_Process_2023,Glycosphingolipid Biosynthetic Process (GO:0006688),2/19,0.8741858949349336,0.999996300842126,0,0,0.547333388801065,0.0735956688377348,ST8SIA2;ST6GALNAC3
3419,GO_Biological_Process_2023,Cortical Actin Cytoskeleton Organization (GO:0030866),2/19,0.8741858949349336,0.999996300842126,0,0,0.547333388801065,0.0735956688377348,FHOD3;LLGL2
3418,GO_Biological_Process_2023,Chondroitin Sulfate Proteoglycan Biosynthetic Process (GO:0050650),2/19,0.8741858949349336,0.999996300842126,0,0,0.547333388801065,0.0735956688377348,CHST9;CHPF
3417,GO_Biological_Process_2023,Cellular Response To Lectin (GO:1990858),2/19,0.8741858949349336,0.999996300842126,0,0,0.547333388801065,0.0735956688377348,CLEC7A;PAK3
3416,GO_Biological_Process_2023,Bicarbonate Transport (GO:0015701),2/19,0.8741858949349336,0.999996300842126,0,0,0.547333388801065,0.0735956688377348,SLC4A8;SLC4A1
3415,GO_Biological_Process_2023,RNA-templated DNA Biosynthetic Process (GO:0006278),2/19,0.8741858949349336,0.999996300842126,0,0,0.547333388801065,0.0735956688377348,PIF1;TERT
3414,GO_Biological_Process_2023,DNA Catabolic Process (GO:0006308),2/19,0.8741858949349336,0.999996300842126,0,0,0.547333388801065,0.0735956688377348,DNASE1L2;DNASE1L3
3413,GO_Biological_Process_2023,Positive Regulation Of Viral Process (GO:0048524),5/41,0.8738291498068218,0.999996300842126,0,0,0.6459591669812508,0.0871207733051693,CD209;TYRO3;IFIT1;KPNA2;PPARA
3412,GO_Biological_Process_2023,Non-Canonical Wnt Signaling Pathway (GO:0035567),5/41,0.8738291498068218,0.999996300842126,0,0,0.6459591669812508,0.0871207733051693,SFRP1;WNT11;FZD4;CELSR1;CELSR3
3411,GO_Biological_Process_2023,O-glycan Processing (GO:0016266),5/41,0.8738291498068218,0.999996300842126,0,0,0.6459591669812508,0.0871207733051693,GALNT6;GALNT14;GALNT5;B3GNT4;GALNT8
3442,GO_Biological_Process_2023,Smoothened Signaling Pathway (GO:0007224),4/34,0.8750990404555377,0.999996300842126,0,0,0.620171714312671,0.0827421999777038,DISP3;STIL;PTCHD1;GPC2
3441,GO_Biological_Process_2023,Positive Regulation Of Organelle Organization (GO:0010638),4/34,0.8750990404555377,0.999996300842126,0,0,0.620171714312671,0.0827421999777038,ANXA1;DOC2B;MGARP;PPARGC1A
3440,GO_Biological_Process_2023,Negative Regulation Of Mitotic Cell Cycle (GO:0045930),4/34,0.8750990404555377,0.999996300842126,0,0,0.620171714312671,0.0827421999777038,CDKN1C;CHEK1;ZWINT;MAD2L1
3439,GO_Biological_Process_2023,Negative Regulation Of Interleukin-6 Production (GO:0032715),4/34,0.8750990404555377,0.999996300842126,0,0,0.620171714312671,0.0827421999777038,ORM1;NMB;FOXJ1;CX3CL1
3438,GO_Biological_Process_2023,Apoptotic Mitochondrial Changes (GO:0008637),4/34,0.8750990404555377,0.999996300842126,0,0,0.620171714312671,0.0827421999777038,BCL2A1;BIK;IFI6;BBC3
3437,GO_Biological_Process_2023,Regulation Of Tumor Necrosis Factor-Mediated Signaling Pathway (GO:0010803),6/48,0.87459828202003,0.999996300842126,0,0,0.6643605615568232,0.0890180731219945,PRKN;PYCARD;ADIPOQ;H2BC11;PYDC1;CCDC3
3436,GO_Biological_Process_2023,Xenobiotic Catabolic Process (GO:0042178),2/19,0.8741858949349336,0.999996300842126,0,0,0.547333388801065,0.0735956688377348,NOS1;CYP3A4
3435,GO_Biological_Process_2023,Vesicle Docking (GO:0048278),2/19,0.8741858949349336,0.999996300842126,0,0,0.547333388801065,0.0735956688377348,STX11;STX1A
3434,GO_Biological_Process_2023,Telomere Maintenance Via Telomerase (GO:0007004),2/19,0.8741858949349336,0.999996300842126,0,0,0.547333388801065,0.0735956688377348,PIF1;TERT
3433,GO_Biological_Process_2023,Stimulatory C-type Lectin Receptor Signaling Pathway (GO:0002223),2/19,0.8741858949349336,0.999996300842126,0,0,0.547333388801065,0.0735956688377348,CLEC7A;PAK3
3432,GO_Biological_Process_2023,Purine Ribonucleotide Transport (GO:0015868),2/19,0.8741858949349336,0.999996300842126,0,0,0.547333388801065,0.0735956688377348,CALHM1;SLC17A9
3431,GO_Biological_Process_2023,Protein Heterooligomerization (GO:0051291),2/19,0.8741858949349336,0.999996300842126,0,0,0.547333388801065,0.0735956688377348,KCNC2;GRIN2B
3430,GO_Biological_Process_2023,Positive Regulation Of Mitochondrial Fission (GO:0090141),2/19,0.8741858949349336,0.999996300842126,0,0,0.547333388801065,0.0735956688377348,PRKN;DCN
3429,GO_Biological_Process_2023,Positive Regulation Of Alpha-Beta T Cell Activation (GO:0046635),2/19,0.8741858949349336,0.999996300842126,0,0,0.547333388801065,0.0735956688377348,TNFSF4;IL12B
3428,GO_Biological_Process_2023,piRNA Processing (GO:0034587),2/19,0.8741858949349336,0.999996300842126,0,0,0.547333388801065,0.0735956688377348,ANKRD34B;TEX15
3427,GO_Biological_Process_2023,Phosphatidylcholine Biosynthetic Process (GO:0006656),2/19,0.8741858949349336,0.999996300842126,0,0,0.547333388801065,0.0735956688377348,MUC1;SLC44A4
3458,GO_Biological_Process_2023,Cellular Response To Nitrogen Levels (GO:0043562),1/11,0.8825057920112541,0.999996300842126,0,0,0.4652997737556561,0.0581577847597987,MAP1LC3C
3457,GO_Biological_Process_2023,Cellular Response To Growth Hormone Stimulus (GO:0071378),1/11,0.8825057920112541,0.999996300842126,0,0,0.4652997737556561,0.0581577847597987,GHR
3456,GO_Biological_Process_2023,Cell Part Morphogenesis (GO:0032990),1/11,0.8825057920112541,0.999996300842126,0,0,0.4652997737556561,0.0581577847597987,PID1
3455,GO_Biological_Process_2023,Calcineurin-Mediated Signaling (GO:0097720),1/11,0.8825057920112541,0.999996300842126,0,0,0.4652997737556561,0.0581577847597987,LACRT
3454,GO_Biological_Process_2023,"Base-Excision Repair, AP Site Formation (GO:0006285)",1/11,0.8825057920112541,0.999996300842126,0,0,0.4652997737556561,0.0581577847597987,NEIL3
3453,GO_Biological_Process_2023,Regulation Of Endopeptidase Activity (GO:0052548),9/69,0.8823619254073098,0.999996300842126,0,0,0.697406462585034,0.0872824837276616,SERPINA11;CRB2;SERPINA12;SPOCK3;NRG1;SERPINA9;SERPINB7;VSIR;TIMP4
3452,GO_Biological_Process_2023,Regulation Of Mitochondrial Fission (GO:0090140),3/27,0.8800197784876675,0.999996300842126,0,0,0.5814586870401811,0.0743167558987004,PRKN;PPARG;DCN
3451,GO_Biological_Process_2023,Regulation Of Insulin Secretion Involved In Cellular Response To Glucose Stimulus (GO:0061178),3/27,0.8800197784876675,0.999996300842126,0,0,0.5814586870401811,0.0743167558987004,BRSK2;RFX6;GPLD1
3450,GO_Biological_Process_2023,Regulation Of Actin Polymerization Or Depolymerization (GO:0008064),3/27,0.8800197784876675,0.999996300842126,0,0,0.5814586870401811,0.0743167558987004,CXCL12;DAAM2;PAK3
3449,GO_Biological_Process_2023,Negative Regulation Of Cellular Response To Insulin Stimulus (GO:1900077),3/27,0.8800197784876675,0.999996300842126,0,0,0.5814586870401811,0.0743167558987004,KANK1;PID1;TNS2
3448,GO_Biological_Process_2023,Myeloid Cell Development (GO:0061515),3/27,0.8800197784876675,0.999996300842126,0,0,0.5814586870401811,0.0743167558987004,ALAS2;THPO;KIT
3447,GO_Biological_Process_2023,Cellular Response To Acid Chemical (GO:0071229),3/27,0.8800197784876675,0.999996300842126,0,0,0.5814586870401811,0.0743167558987004,SPAAR;NEURL1;KLF2
3446,GO_Biological_Process_2023,GPI Anchor Metabolic Process (GO:0006505),3/27,0.8800197784876675,0.999996300842126,0,0,0.5814586870401811,0.0743167558987004,PGAP4;PIGQ;GPLD1
3445,GO_Biological_Process_2023,Positive Regulation Of Apoptotic Signaling Pathway (GO:2001235),8/62,0.879247757720167,0.999996300842126,0,0,0.6888532057135061,0.0886475256136506,PYCARD;CAV1;PMAIP1;G0S2;LTB;S100A9;S100A8;BBC3
3444,GO_Biological_Process_2023,Regulation Of Response To External Stimulus (GO:0032101),18/127,0.8785302046159531,0.999996300842126,0,0,0.7674511368169127,0.0993887517322532,P2RY12;SEMA7A;SPAAR;IL20;ANXA1;CMA1;CAV1;NRG1;NOD2;LRP8;CX3CL1;NLRP6;TNFSF4;GGT2P;IGF2BP1;NMT2;CD36;MGLL
3443,GO_Biological_Process_2023,Regulation Of Interleukin-6 Production (GO:0032675),16/114,0.8765440494678213,0.999996300842126,0,0,0.7588289504952791,0.0999896158132629,IL33;NMB;ORM1;TSLP;FOXJ1;NOD2;MMP8;INAVA;CX3CL1;PYCARD;IL6;IFNG;CLEC7A;TNFSF4;LEP;IL17D
3474,GO_Biological_Process_2023,Mitochondrial Genome Maintenance (GO:0000002),1/11,0.8825057920112541,0.999996300842126,0,0,0.4652997737556561,0.0581577847597987,TYMP
3473,GO_Biological_Process_2023,Magnesium Ion Transport (GO:0015693),1/11,0.8825057920112541,0.999996300842126,0,0,0.4652997737556561,0.0581577847597987,NIPAL4
3472,GO_Biological_Process_2023,Macrophage Activation Involved In Immune Response (GO:0002281),1/11,0.8825057920112541,0.999996300842126,0,0,0.4652997737556561,0.0581577847597987,IFNG
3471,GO_Biological_Process_2023,Inner Ear Receptor Cell Stereocilium Organization (GO:0060122),1/11,0.8825057920112541,0.999996300842126,0,0,0.4652997737556561,0.0581577847597987,TPRN
3470,GO_Biological_Process_2023,Glutamine Family Amino Acid Biosynthetic Process (GO:0009084),1/11,0.8825057920112541,0.999996300842126,0,0,0.4652997737556561,0.0581577847597987,PYCR1
3469,GO_Biological_Process_2023,Erythrocyte Development (GO:0048821),1/11,0.8825057920112541,0.999996300842126,0,0,0.4652997737556561,0.0581577847597987,ALAS2
3468,GO_Biological_Process_2023,Epithelial Cell-Cell Adhesion (GO:0090136),1/11,0.8825057920112541,0.999996300842126,0,0,0.4652997737556561,0.0581577847597987,KIT
3467,GO_Biological_Process_2023,Endoplasmic Reticulum Membrane Organization (GO:0090158),1/11,0.8825057920112541,0.999996300842126,0,0,0.4652997737556561,0.0581577847597987,TRDN
3466,GO_Biological_Process_2023,Detection Of Light Stimulus Involved In Visual Perception (GO:0050908),1/11,0.8825057920112541,0.999996300842126,0,0,0.4652997737556561,0.0581577847597987,RPE65
3465,GO_Biological_Process_2023,Detection Of Light Stimulus Involved In Sensory Perception (GO:0050962),1/11,0.8825057920112541,0.999996300842126,0,0,0.4652997737556561,0.0581577847597987,RPE65
3464,GO_Biological_Process_2023,Cytidine To Uridine Editing (GO:0016554),1/11,0.8825057920112541,0.999996300842126,0,0,0.4652997737556561,0.0581577847597987,APOBEC3B
3463,GO_Biological_Process_2023,Complement Receptor Mediated Signaling Pathway (GO:0002430),1/11,0.8825057920112541,0.999996300842126,0,0,0.4652997737556561,0.0581577847597987,GPLD1
3462,GO_Biological_Process_2023,Central Nervous System Projection Neuron Axonogenesis (GO:0021952),1/11,0.8825057920112541,0.999996300842126,0,0,0.4652997737556561,0.0581577847597987,EPHB1
3461,GO_Biological_Process_2023,Central Nervous System Neuron Axonogenesis (GO:0021955),1/11,0.8825057920112541,0.999996300842126,0,0,0.4652997737556561,0.0581577847597987,EPHB1
3460,GO_Biological_Process_2023,Cellular Response To Thyroid Hormone Stimulus (GO:0097067),1/11,0.8825057920112541,0.999996300842126,0,0,0.4652997737556561,0.0581577847597987,KLF9
3459,GO_Biological_Process_2023,Cellular Response To Nitrogen Starvation (GO:0006995),1/11,0.8825057920112541,0.999996300842126,0,0,0.4652997737556561,0.0581577847597987,MAP1LC3C
3490,GO_Biological_Process_2023,Presynapse Organization (GO:0099172),1/11,0.8825057920112541,0.999996300842126,0,0,0.4652997737556561,0.0581577847597987,NLGN1
3489,GO_Biological_Process_2023,Positive Regulation Of Triglyceride Biosynthetic Process (GO:0010867),1/11,0.8825057920112541,0.999996300842126,0,0,0.4652997737556561,0.0581577847597987,GPLD1
3488,GO_Biological_Process_2023,Positive Regulation Of Protein Exit From Endoplasmic Reticulum (GO:0070863),1/11,0.8825057920112541,0.999996300842126,0,0,0.4652997737556561,0.0581577847597987,SLC51B
3487,GO_Biological_Process_2023,Positive Regulation Of Myelination (GO:0031643),1/11,0.8825057920112541,0.999996300842126,0,0,0.4652997737556561,0.0581577847597987,EGR2
3486,GO_Biological_Process_2023,Positive Regulation Of Hemostasis (GO:1900048),1/11,0.8825057920112541,0.999996300842126,0,0,0.4652997737556561,0.0581577847597987,F12
3485,GO_Biological_Process_2023,Positive Regulation Of Cytoplasmic Transport (GO:1903651),1/11,0.8825057920112541,0.999996300842126,0,0,0.4652997737556561,0.0581577847597987,PRKN
3484,GO_Biological_Process_2023,Positive Regulation Of Coagulation (GO:0050820),1/11,0.8825057920112541,0.999996300842126,0,0,0.4652997737556561,0.0581577847597987,F12
3483,GO_Biological_Process_2023,Positive Regulation Of Circadian Rhythm (GO:0042753),1/11,0.8825057920112541,0.999996300842126,0,0,0.4652997737556561,0.0581577847597987,NLGN1
3482,GO_Biological_Process_2023,Polyamine Metabolic Process (GO:0006595),1/11,0.8825057920112541,0.999996300842126,0,0,0.4652997737556561,0.0581577847597987,AOC1
3481,GO_Biological_Process_2023,Phosphatidylinositol-3-Phosphate Biosynthetic Process (GO:0036092),1/11,0.8825057920112541,0.999996300842126,0,0,0.4652997737556561,0.0581577847597987,PIK3C2G
3480,GO_Biological_Process_2023,Nucleoside Phosphate Catabolic Process (GO:1901292),1/11,0.8825057920112541,0.999996300842126,0,0,0.4652997737556561,0.0581577847597987,ENTPD8
3479,GO_Biological_Process_2023,"Negative Regulation Of Nuclear-Transcribed mRNA Catabolic Process, Deadenylation-Dependent Decay (GO:1900152)",1/11,0.8825057920112541,0.999996300842126,0,0,0.4652997737556561,0.0581577847597987,IGF2BP1
3478,GO_Biological_Process_2023,Negative Regulation Of Nitrogen Compound Metabolic Process (GO:0051172),1/11,0.8825057920112541,0.999996300842126,0,0,0.4652997737556561,0.0581577847597987,EDNRB
3477,GO_Biological_Process_2023,Negative Regulation Of Fibrinolysis (GO:0051918),1/11,0.8825057920112541,0.999996300842126,0,0,0.4652997737556561,0.0581577847597987,NRG1
3476,GO_Biological_Process_2023,Negative Regulation Of Amyloid Fibril Formation (GO:1905907),1/11,0.8825057920112541,0.999996300842126,0,0,0.4652997737556561,0.0581577847597987,CRYAB
3475,GO_Biological_Process_2023,Negative Regulation Of RNA Metabolic Process (GO:0051253),1/11,0.8825057920112541,0.999996300842126,0,0,0.4652997737556561,0.0581577847597987,KAT2B
3506,GO_Biological_Process_2023,Self Proteolysis (GO:0097264),1/11,0.8825057920112541,0.999996300842126,0,0,0.4652997737556561,0.0581577847597987,TMPRSS6
3505,GO_Biological_Process_2023,Regulation Of Ventricular Cardiac Muscle Cell Action Potential (GO:0098911),1/11,0.8825057920112541,0.999996300842126,0,0,0.4652997737556561,0.0581577847597987,CAV1
3504,GO_Biological_Process_2023,Regulation Of Type II Interferon-Mediated Signaling Pathway (GO:0060334),1/11,0.8825057920112541,0.999996300842126,0,0,0.4652997737556561,0.0581577847597987,PPARG
3503,GO_Biological_Process_2023,Regulation Of Protein Exit From Endoplasmic Reticulum (GO:0070861),1/11,0.8825057920112541,0.999996300842126,0,0,0.4652997737556561,0.0581577847597987,SLC51B
3502,GO_Biological_Process_2023,Regulation Of Protein K63-linked Ubiquitination (GO:1900044),1/11,0.8825057920112541,0.999996300842126,0,0,0.4652997737556561,0.0581577847597987,NOD2
3501,GO_Biological_Process_2023,Regulation Of Microtubule-Based Movement (GO:0060632),1/11,0.8825057920112541,0.999996300842126,0,0,0.4652997737556561,0.0581577847597987,CLXN
3500,GO_Biological_Process_2023,Regulation Of Mesenchymal Cell Proliferation (GO:0010464),1/11,0.8825057920112541,0.999996300842126,0,0,0.4652997737556561,0.0581577847597987,TGFBR2
3499,GO_Biological_Process_2023,Regulation Of Lipid Kinase Activity (GO:0043550),1/11,0.8825057920112541,0.999996300842126,0,0,0.4652997737556561,0.0581577847597987,EEF1A2
3498,GO_Biological_Process_2023,Regulation Of Endocytic Recycling (GO:2001135),1/11,0.8825057920112541,0.999996300842126,0,0,0.4652997737556561,0.0581577847597987,EHD2
3497,GO_Biological_Process_2023,Regulation Of Alcohol Biosynthetic Process (GO:1902930),1/11,0.8825057920112541,0.999996300842126,0,0,0.4652997737556561,0.0581577847597987,SH2D2A
3496,GO_Biological_Process_2023,Regulation Of Adipose Tissue Development (GO:1904177),1/11,0.8825057920112541,0.999996300842126,0,0,0.4652997737556561,0.0581577847597987,PPARG
3495,GO_Biological_Process_2023,Regulation Of T-helper 17 Cell Differentiation (GO:2000319),1/11,0.8825057920112541,0.999996300842126,0,0,0.4652997737556561,0.0581577847597987,FOXP3
3494,GO_Biological_Process_2023,"Regulation Of CD4-positive, Alpha-Beta T Cell Differentiation (GO:0043370)",1/11,0.8825057920112541,0.999996300842126,0,0,0.4652997737556561,0.0581577847597987,TNFSF4
3493,GO_Biological_Process_2023,Pyrimidine Nucleobase Metabolic Process (GO:0006206),1/11,0.8825057920112541,0.999996300842126,0,0,0.4652997737556561,0.0581577847597987,DPYSL5
3492,GO_Biological_Process_2023,Purine Ribonucleoside Monophosphate Metabolic Process (GO:0009167),1/11,0.8825057920112541,0.999996300842126,0,0,0.4652997737556561,0.0581577847597987,AMPD1
3491,GO_Biological_Process_2023,Purine Ribonucleoside Monophosphate Biosynthetic Process (GO:0009168),1/11,0.8825057920112541,0.999996300842126,0,0,0.4652997737556561,0.0581577847597987,AMPD1
3522,GO_Biological_Process_2023,Response To Nutrient Levels (GO:0031667),4/35,0.8891328271242335,0.999996300842126,0,0,0.6001296531322188,0.0705204210380725,KCNB1;FAM107A;SCTR;UTS2
3521,GO_Biological_Process_2023,Regulation Of Cellular Senescence (GO:2000772),4/35,0.8891328271242335,0.999996300842126,0,0,0.6001296531322188,0.0705204210380725,TERT;HMGA2;AMH;KIR2DL4
3520,GO_Biological_Process_2023,Positive Regulation Of Telomere Maintenance Via Telomere Lengthening (GO:1904358),4/35,0.8891328271242335,0.999996300842126,0,0,0.6001296531322188,0.0705204210380725,PKIB;NEK2;MAPK15;AURKB
3519,GO_Biological_Process_2023,Dendrite Morphogenesis (GO:0048813),4/35,0.8891328271242335,0.999996300842126,0,0,0.6001296531322188,0.0705204210380725,PTN;PAK3;MAPK8IP2;EPHB1
3518,GO_Biological_Process_2023,Stress-Activated MAPK Cascade (GO:0051403),5/42,0.8868946312302676,0.999996300842126,0,0,0.6284625508861069,0.0754337918706291,MAPK10;ZFP36;MAP3K20;MAPK8IP2;MAP2K6
3517,GO_Biological_Process_2023,Organic Hydroxy Compound Biosynthetic Process (GO:1901617),5/42,0.8868946312302676,0.999996300842126,0,0,0.6284625508861069,0.0754337918706291,SQLE;SRD5A2;FAXDC2;AKR1D1;AKR1C3
3516,GO_Biological_Process_2023,Negative Regulation Of I-kappaB kinase/NF-kappaB Signaling (GO:0043124),5/42,0.8868946312302676,0.999996300842126,0,0,0.6284625508861069,0.0754337918706291,PYCARD;PER1;TNIP3;TRIM59;ESR1
3515,GO_Biological_Process_2023,Modulation By Host Of Symbiont Process (GO:0051851),5/42,0.8868946312302676,0.999996300842126,0,0,0.6284625508861069,0.0754337918706291,MUC2;HPN;LEF1;HMGA2;PIK3C2G
3514,GO_Biological_Process_2023,Interferon-Mediated Signaling Pathway (GO:0140888),6/49,0.8867511360978466,0.999996300842126,0,0,0.6488707988381972,0.0779883679799922,IFNL2;IFNL1;IFI27;IFNG;OAS2;IFNL3
3513,GO_Biological_Process_2023,Regulation Of Vesicle-Mediated Transport (GO:0060627),12/89,0.8840452220437575,0.999996300842126,0,0,0.7244432163581099,0.0892854976359993,RIMS2;RAB3C;NELL1;SLC30A8;RAB25;SYT1;RAB26;CDH13;CPLX2;CD177;PACSIN1;STXBP5L
3512,GO_Biological_Process_2023,Positive Regulation Of GTPase Activity (GO:0043547),35/234,0.8839238862704686,0.999996300842126,0,0,0.816819678059056,0.100782741810446,CCL14;RTN4R;ARHGAP11A;CCL13;CCL11;AGAP11;ADRB1;CXCL13;SLC6A2;RASGRP1;CX3CL1;PREX2;DOCK11;WNT11;CCL7;ERBB2;CCR7;RGS8;ECT2;CCL17;CCL16;RGS6;CCL25;CCL24;CCL23;CCL21;ARHGEF15;CCL20;CAV2;NTRK3;FOXJ1;SFRP1;RGL1;FERMT2;EZH2
3511,GO_Biological_Process_2023,Regulation Of Cellular Component Organization (GO:0051128),22/153,0.8835770521873254,0.999996300842126,0,0,0.7803068637138545,0.0965838699014134,CTTNBP2;FAM107A;HJURP;LTBP4;KIF14;NRG1;MKI67;KLK8;SLC6A2;ERMN;GFAP;AURKA;ANGPTL7;CDH13;CD36;INSM1;ROS1;SGK2;CD177;PACSIN1;MCM2;PAPPA2
3510,GO_Biological_Process_2023,Visual Learning (GO:0008542),1/11,0.8825057920112541,0.999996300842126,0,0,0.4652997737556561,0.0581577847597987,NETO1
3509,GO_Biological_Process_2023,Tetrahydrofolate Metabolic Process (GO:0046653),1/11,0.8825057920112541,0.999996300842126,0,0,0.4652997737556561,0.0581577847597987,TYMS
3508,GO_Biological_Process_2023,sno(s)RNA 3'-End Processing (GO:0031126),1/11,0.8825057920112541,0.999996300842126,0,0,0.4652997737556561,0.0581577847597987,EXOSC4
3507,GO_Biological_Process_2023,Skeletal Muscle Fiber Development (GO:0048741),1/11,0.8825057920112541,0.999996300842126,0,0,0.4652997737556561,0.0581577847597987,CAV2
3538,GO_Biological_Process_2023,Regulation Of Necroptotic Process (GO:0060544),2/20,0.89207342803829,0.999996300842126,0,0,0.5168945465975169,0.0590328883149557,PRKN;IGF2BP1
3537,GO_Biological_Process_2023,protein-DNA Complex Disassembly (GO:0032986),2/20,0.89207342803829,0.999996300842126,0,0,0.5168945465975169,0.0590328883149557,H2AC25;HMGA1
3536,GO_Biological_Process_2023,Phosphatidylserine Metabolic Process (GO:0006658),2/20,0.89207342803829,0.999996300842126,0,0,0.5168945465975169,0.0590328883149557,PLA2G10;MBOAT2
3535,GO_Biological_Process_2023,Negative Regulation Of Viral Life Cycle (GO:1903901),2/20,0.89207342803829,0.999996300842126,0,0,0.5168945465975169,0.0590328883149557,LRRC15;GSN
3534,GO_Biological_Process_2023,Negative Regulation Of Small GTPase Mediated Signal Transduction (GO:0051058),2/20,0.89207342803829,0.999996300842126,0,0,0.5168945465975169,0.0590328883149557,SPRY2;SPRY1
3533,GO_Biological_Process_2023,Negative Regulation Of Protein Localization To Plasma Membrane (GO:1903077),2/20,0.89207342803829,0.999996300842126,0,0,0.5168945465975169,0.0590328883149557,LRRC15;PID1
3532,GO_Biological_Process_2023,Negative Regulation Of Microtubule Depolymerization (GO:0007026),2/20,0.89207342803829,0.999996300842126,0,0,0.5168945465975169,0.0590328883149557,TPX2;SPEF1
3531,GO_Biological_Process_2023,Limb Morphogenesis (GO:0035108),2/20,0.89207342803829,0.999996300842126,0,0,0.5168945465975169,0.0590328883149557,CYP26B1;PCSK5
3530,GO_Biological_Process_2023,Leukotriene Metabolic Process (GO:0006691),2/20,0.89207342803829,0.999996300842126,0,0,0.5168945465975169,0.0590328883149557,CPA1;PLA2G4A
3529,GO_Biological_Process_2023,Glutamate Metabolic Process (GO:0006536),2/20,0.89207342803829,0.999996300842126,0,0,0.5168945465975169,0.0590328883149557,GAD1;TAT
3528,GO_Biological_Process_2023,Epithelial Cilium Movement Involved In Extracellular Fluid Movement (GO:0003351),2/20,0.89207342803829,0.999996300842126,0,0,0.5168945465975169,0.0590328883149557,DNAAF11;AQP4
3527,GO_Biological_Process_2023,Cilium-Dependent Cell Motility (GO:0060285),2/20,0.89207342803829,0.999996300842126,0,0,0.5168945465975169,0.0590328883149557,DNAH8;TEKT5
3526,GO_Biological_Process_2023,Anterior/Posterior Axis Specification (GO:0009948),2/20,0.89207342803829,0.999996300842126,0,0,0.5168945465975169,0.0590328883149557,LHX1;SIX2
3525,GO_Biological_Process_2023,Adenine Nucleotide Transport (GO:0051503),2/20,0.89207342803829,0.999996300842126,0,0,0.5168945465975169,0.0590328883149557,CALHM1;SLC17A9
3524,GO_Biological_Process_2023,T Cell Mediated Immunity (GO:0002456),2/20,0.89207342803829,0.999996300842126,0,0,0.5168945465975169,0.0590328883149557,CR2;C4BPA
3523,GO_Biological_Process_2023,Fatty Acid Metabolic Process (GO:0006631),17/122,0.8892141261905095,0.999996300842126,0,0,0.7523971861471861,0.0883443788713765,ABCD2;ACSM3;ACSL1;ACSM1;ADIPOQ;ACSM2A;ACSM5;ABCB11;ACACB;ACSM2B;GPAM;CYP1A1;SLC27A6;ECHDC3;CD36;PPARGC1A;CES1
3554,GO_Biological_Process_2023,Intracellular Steroid Hormone Receptor Signaling Pathway (GO:0030518),5/43,0.8987798110184395,0.999996300842126,0,0,0.6118868093222865,0.0652988476652866,RHOXF1;SCGB2A2;ESR1;ESR2;PLPP1
3553,GO_Biological_Process_2023,SCF-dependent Proteasomal Ubiquitin-Dependent Protein Catabolic Process (GO:0031146),5/43,0.8987798110184395,0.999996300842126,0,0,0.6118868093222865,0.0652988476652866,CCNF;KIF14;FBXL16;NCCRP1;FBXL6
3552,GO_Biological_Process_2023,Steroid Biosynthetic Process (GO:0006694),6/50,0.8978897210973965,0.999996300842126,0,0,0.6340851162431451,0.068296054433364,SQLE;SRD5A2;CYP21A2;FAXDC2;AKR1D1;AKR1C3
3551,GO_Biological_Process_2023,Regulation Of Interferon-Beta Production (GO:0032648),6/50,0.8978897210973965,0.999996300842126,0,0,0.6340851162431451,0.068296054433364,PYCARD;OAS1;OAS2;OAS3;IRF7;ISG15
3550,GO_Biological_Process_2023,Sterol Biosynthetic Process (GO:0016126),3/28,0.8949828432330597,0.999996300842126,0,0,0.5581663837011884,0.0619289679915495,SQLE;FAXDC2;CES1
3549,GO_Biological_Process_2023,Regulation Of Plasma Membrane Bounded Cell Projection Organization (GO:0120035),3/28,0.8949828432330597,0.999996300842126,0,0,0.5581663837011884,0.0619289679915495,NTNG1;BRSK2;KIF26A
3548,GO_Biological_Process_2023,Regulation Of Chemotaxis (GO:0050920),3/28,0.8949828432330597,0.999996300842126,0,0,0.5581663837011884,0.0619289679915495,P2RY12;CCL21;ELANE
3547,GO_Biological_Process_2023,Primary Neural Tube Formation (GO:0014020),3/28,0.8949828432330597,0.999996300842126,0,0,0.5581663837011884,0.0619289679915495,STIL;CELSR1;PAX2
3546,GO_Biological_Process_2023,Positive Regulation Of Protein Import Into Nucleus (GO:0042307),3/28,0.8949828432330597,0.999996300842126,0,0,0.5581663837011884,0.0619289679915495,IFNG;ZIC1;ECT2
3545,GO_Biological_Process_2023,Fatty Acid Derivative Biosynthetic Process (GO:1901570),3/28,0.8949828432330597,0.999996300842126,0,0,0.5581663837011884,0.0619289679915495,GGT2P;HMGCS2;GGTA1
3544,GO_Biological_Process_2023,Neuron Projection Development (GO:0031175),28/192,0.8922885759675887,0.999996300842126,0,0,0.7930339405987391,0.0903786547327179,GPM6A;CNTNAP2;NLGN1;NYAP1;TNXB;BICDL1;PTPRM;STMND1;KLK8;NTF4;SAMD14;STMN1;PAK3;EPHB1;MNX1;SH3GL2;GPM6B;PACSIN1;UNC5A;MYOC;EPHA8;NMNAT2;POU4F1;MYO16;IL6;GPRIN1;PLP1;MGARP
3543,GO_Biological_Process_2023,Regulation Of Notch Signaling Pathway (GO:0008593),9/70,0.8922403225399244,0.999996300842126,0,0,0.68593174974908,0.0782097754042986,ENHO;NEURL1;MAGEA1;DTX1;NOD2;TP63;DLK1;LLGL2;DLK2
3542,GO_Biological_Process_2023,Regulation Of G Protein-Coupled Receptor Signaling Pathway (GO:0008277),9/70,0.8922403225399244,0.999996300842126,0,0,0.68593174974908,0.0782097754042986,RGS4;KCTD8;RGS2;CALCR;GNG4;NMT2;KCTD12;RGS6;MGLL
3541,GO_Biological_Process_2023,Sulfur Compound Catabolic Process (GO:0044273),2/20,0.89207342803829,0.999996300842126,0,0,0.5168945465975169,0.0590328883149557,NUDT7;DPEP1
3540,GO_Biological_Process_2023,Stress-Activated Protein Kinase Signaling Cascade (GO:0031098),2/20,0.89207342803829,0.999996300842126,0,0,0.5168945465975169,0.0590328883149557,MAP3K20;MAP2K6
3539,GO_Biological_Process_2023,Response To ATP (GO:0033198),2/20,0.89207342803829,0.999996300842126,0,0,0.5168945465975169,0.0590328883149557,P2RY12;RYR3
3570,GO_Biological_Process_2023,Fibrinolysis (GO:0042730),1/12,0.9032957862594818,0.999996300842126,0,0,0.4229740847387906,0.0430186722017027,FGA
3569,GO_Biological_Process_2023,Eye Photoreceptor Cell Differentiation (GO:0001754),1/12,0.9032957862594818,0.999996300842126,0,0,0.4229740847387906,0.0430186722017027,TH
3568,GO_Biological_Process_2023,cAMP Metabolic Process (GO:0046058),1/12,0.9032957862594818,0.999996300842126,0,0,0.4229740847387906,0.0430186722017027,ADCY4
3567,GO_Biological_Process_2023,"Base-Excision Repair, Gap-Filling (GO:0006287)",1/12,0.9032957862594818,0.999996300842126,0,0,0.4229740847387906,0.0430186722017027,FEN1
3566,GO_Biological_Process_2023,Adipose Tissue Development (GO:0060612),1/12,0.9032957862594818,0.999996300842126,0,0,0.4229740847387906,0.0430186722017027,DGAT2
3565,GO_Biological_Process_2023,acetyl-CoA Biosynthetic Process (GO:0006085),1/12,0.9032957862594818,0.999996300842126,0,0,0.4229740847387906,0.0430186722017027,ACSS2
3564,GO_Biological_Process_2023,UV-damage Excision Repair (GO:0070914),1/12,0.9032957862594818,0.999996300842126,0,0,0.4229740847387906,0.0430186722017027,H2AC25
3563,GO_Biological_Process_2023,NADPH Regeneration (GO:0006740),1/12,0.9032957862594818,0.999996300842126,0,0,0.4229740847387906,0.0430186722017027,DDR2
3562,GO_Biological_Process_2023,DNA Strand Elongation Involved In DNA Replication (GO:0006271),1/12,0.9032957862594818,0.999996300842126,0,0,0.4229740847387906,0.0430186722017027,MCM4
3561,GO_Biological_Process_2023,C-terminal Protein Amino Acid Modification (GO:0018410),1/12,0.9032957862594818,0.999996300842126,0,0,0.4229740847387906,0.0430186722017027,GPLD1
3560,GO_Biological_Process_2023,Regulation Of Erythrocyte Differentiation (GO:0045646),4/36,0.9017660417831614,0.999996300842126,0,0,0.5813402207755448,0.060110677507277,ZFP36;TAL1;INHBA;HOXA5
3559,GO_Biological_Process_2023,Regulation Of T Cell Mediated Cytotoxicity (GO:0001914),4/36,0.9017660417831614,0.999996300842126,0,0,0.5813402207755448,0.060110677507277,IL12B;ULBP2;ULBP1;CD1A
3558,GO_Biological_Process_2023,Negative Regulation Of T Cell Proliferation (GO:0042130),4/36,0.9017660417831614,0.999996300842126,0,0,0.5813402207755448,0.060110677507277,IL4I1;CD80;PLA2G2A;FOXP3
3557,GO_Biological_Process_2023,Protein Autoubiquitination (GO:0051865),9/71,0.9014190444976572,0.999996300842126,0,0,0.6748271889400922,0.0700369676482697,RNF157;PRKN;DEPDC1B;RAD51;UHRF1;UBE2T;ASB4;BRCA2;RNF186
3556,GO_Biological_Process_2023,Positive Regulation Of Receptor-Mediated Endocytosis (GO:0048260),5/43,0.8987798110184395,0.999996300842126,0,0,0.6118868093222865,0.0652988476652866,CCL14;ANGPT1;CCL21;EGF;F3
3555,GO_Biological_Process_2023,Positive Regulation Of T Cell Mediated Immunity (GO:0002711),5/43,0.8987798110184395,0.999996300842126,0,0,0.6118868093222865,0.0652988476652866,TNFSF4;IL12B;ULBP2;ULBP1;CD1A
3586,GO_Biological_Process_2023,Positive Regulation Of Viral Entry Into Host Cell (GO:0046598),1/12,0.9032957862594818,0.999996300842126,0,0,0.4229740847387906,0.0430186722017027,TMPRSS4
3585,GO_Biological_Process_2023,Positive Regulation Of Vascular Endothelial Cell Proliferation (GO:1905564),1/12,0.9032957862594818,0.999996300842126,0,0,0.4229740847387906,0.0430186722017027,FGF2
3584,GO_Biological_Process_2023,Positive Regulation Of Nuclear-Transcribed mRNA poly(A) Tail Shortening (GO:0060213),1/12,0.9032957862594818,0.999996300842126,0,0,0.4229740847387906,0.0430186722017027,ZFP36
3583,GO_Biological_Process_2023,Positive Regulation Of Myeloid Leukocyte Mediated Immunity (GO:0002888),1/12,0.9032957862594818,0.999996300842126,0,0,0.4229740847387906,0.0430186722017027,CD177
3582,GO_Biological_Process_2023,Positive Regulation Of ERAD Pathway (GO:1904294),1/12,0.9032957862594818,0.999996300842126,0,0,0.4229740847387906,0.0430186722017027,CAV1
3581,GO_Biological_Process_2023,Positive Regulation By Symbiont Of Entry Into Host (GO:0075294),1/12,0.9032957862594818,0.999996300842126,0,0,0.4229740847387906,0.0430186722017027,TMPRSS4
3580,GO_Biological_Process_2023,Nucleotide Metabolic Process (GO:0009117),1/12,0.9032957862594818,0.999996300842126,0,0,0.4229740847387906,0.0430186722017027,NMNAT2
3579,GO_Biological_Process_2023,Negative Regulation Of Substrate Adhesion-Dependent Cell Spreading (GO:1900025),1/12,0.9032957862594818,0.999996300842126,0,0,0.4229740847387906,0.0430186722017027,KANK1
3578,GO_Biological_Process_2023,Negative Regulation Of Stem Cell Differentiation (GO:2000737),1/12,0.9032957862594818,0.999996300842126,0,0,0.4229740847387906,0.0430186722017027,TCF15
3577,GO_Biological_Process_2023,Negative Regulation Of Intrinsic Apoptotic Signaling Pathway In Response To DNA Damage By P53 Class Mediator (GO:1902166),1/12,0.9032957862594818,0.999996300842126,0,0,0.4229740847387906,0.0430186722017027,MUC1
3576,GO_Biological_Process_2023,Negative Regulation Of Hippo Signaling (GO:0035331),1/12,0.9032957862594818,0.999996300842126,0,0,0.4229740847387906,0.0430186722017027,CIT
3575,GO_Biological_Process_2023,Negative Regulation Of Cell Cycle Phase Transition (GO:1901988),1/12,0.9032957862594818,0.999996300842126,0,0,0.4229740847387906,0.0430186722017027,SOX2
3574,GO_Biological_Process_2023,Negative Regulation By Host Of Viral Transcription (GO:0043922),1/12,0.9032957862594818,0.999996300842126,0,0,0.4229740847387906,0.0430186722017027,HMGA2
3573,GO_Biological_Process_2023,Negative Regulation By Host Of Viral Process (GO:0044793),1/12,0.9032957862594818,0.999996300842126,0,0,0.4229740847387906,0.0430186722017027,PRKN
3572,GO_Biological_Process_2023,Morphogenesis Of A Polarized Epithelium (GO:0001738),1/12,0.9032957862594818,0.999996300842126,0,0,0.4229740847387906,0.0430186722017027,CELSR1
3571,GO_Biological_Process_2023,Mitochondrial Transcription (GO:0006390),1/12,0.9032957862594818,0.999996300842126,0,0,0.4229740847387906,0.0430186722017027,MRPL12
3602,GO_Biological_Process_2023,Positive Regulation Of Interferon-Alpha Production (GO:0032727),2/21,0.9075710478709884,0.999996300842126,0,0,0.4896597930469739,0.0474888844229408,NMB;IRF7
3601,GO_Biological_Process_2023,Positive Regulation Of Blood Coagulation (GO:0030194),2/21,0.9075710478709884,0.999996300842126,0,0,0.4896597930469739,0.0474888844229408,F12;NRG1
3600,GO_Biological_Process_2023,Positive Regulation Of Amyloid Precursor Protein Catabolic Process (GO:1902993),2/21,0.9075710478709884,0.999996300842126,0,0,0.4896597930469739,0.0474888844229408,EFNA3;IFNG
3599,GO_Biological_Process_2023,Porphyrin-Containing Compound Biosynthetic Process (GO:0006779),2/21,0.9075710478709884,0.999996300842126,0,0,0.4896597930469739,0.0474888844229408,ALAS2;FLVCR1
3598,GO_Biological_Process_2023,Negative Regulation Of Interleukin-2 Production (GO:0032703),2/21,0.9075710478709884,0.999996300842126,0,0,0.4896597930469739,0.0474888844229408,ZFP36;FOXP3
3597,GO_Biological_Process_2023,Modulation By Host Of Viral Genome Replication (GO:0044827),2/21,0.9075710478709884,0.999996300842126,0,0,0.4896597930469739,0.0474888844229408,PRKN;IFI27
3596,GO_Biological_Process_2023,Negative Regulation Of MAPK Cascade (GO:0043409),14/105,0.9071161665404112,0.999996300842126,0,0,0.7149501080809625,0.0696967391941548,CAV3;PSCA;DUSP1;LMO3;CAV1;ADIPOQ;CBLC;FOXM1;FOXO1;RGS2;BMP2;SPRY2;PPARG;SPRY1
3595,GO_Biological_Process_2023,Regulation Of Protein Binding (GO:0043393),16/118,0.9066824286173488,0.999996300842126,0,0,0.7288927499429195,0.0714045379611017,PRKN;CSF3;PRMT8;LRP1;CAV1;PLK1;IFIT1;DKK1;AURKB;AURKA;CLDN5;BMP2;TERT;BAMBI;XIRP1;TRIB3
3594,GO_Biological_Process_2023,Regulation Of Canonical Wnt Signaling Pathway (GO:0060828),30/207,0.9060960955381864,0.999996300842126,0,0,0.7870940926862982,0.0776152798832001,CCL14;PRKN;SEMA5A;AMER2;KANK1;DRAXIN;EGFR;SOX2;WNT11;SOX17;TMEM88;ZNF703;GPC3;RSPO1;IGFBP6;NKX2-5;SOX7;IGFBP1;EGF;CAV1;DKK1;TLE6;DKK4;COL1A1;SFRP1;BMP2;DAAM2;BAMBI;LGR6;RBMS3
3593,GO_Biological_Process_2023,Protein Localization To Plasma Membrane (GO:0072659),19/137,0.9042110334181214,0.999996300842126,0,0,0.7481017720006552,0.0753282390141742,HYCC1;TRARG1;RAB3C;CAV3;ACTN2;KCNB1;TESC;ADIPOQ;ANK2;ZDHHC22;EHD2;DPP6;TMEM88;SCN3B;NECTIN3;RAMP1;SPTBN1;PACSIN1;CRB3
3592,GO_Biological_Process_2023,Cellular Response To Nutrient Levels (GO:0031669),10/78,0.9036117088186196,0.999996300842126,0,0,0.6835921212828766,0.0692858462036564,SFRP1;MAP1LC3C;KCNB1;ALB;FAM107A;PDK4;UTS2;NUPR2;PPARA;FOXO1
3591,GO_Biological_Process_2023,Sphingomyelin Metabolic Process (GO:0006684),1/12,0.9032957862594818,0.999996300842126,0,0,0.4229740847387906,0.0430186722017027,ABCA8
3590,GO_Biological_Process_2023,"Regulation Of Retrograde Protein Transport, ER To Cytosol (GO:1904152)",1/12,0.9032957862594818,0.999996300842126,0,0,0.4229740847387906,0.0430186722017027,BRSK2
3589,GO_Biological_Process_2023,Regulation Of Lymphocyte Migration (GO:2000401),1/12,0.9032957862594818,0.999996300842126,0,0,0.4229740847387906,0.0430186722017027,JAM2
3588,GO_Biological_Process_2023,Regulation Of T Cell Differentiation In Thymus (GO:0033081),1/12,0.9032957862594818,0.999996300842126,0,0,0.4229740847387906,0.0430186722017027,FOXJ1
3587,GO_Biological_Process_2023,Protein Heterotetramerization (GO:0051290),1/12,0.9032957862594818,0.999996300842126,0,0,0.4229740847387906,0.0430186722017027,GRIN2B
3618,GO_Biological_Process_2023,Tube Closure (GO:0060606),3/29,0.9082455586206062,0.999996300842126,0,0,0.5366657960036568,0.0516489834312178,STIL;CELSR1;PAX2
3617,GO_Biological_Process_2023,Regulation Of Spindle Assembly (GO:0090169),3/29,0.9082455586206062,0.999996300842126,0,0,0.5366657960036568,0.0516489834312178,STIL;SPAG5;PLK1
3616,GO_Biological_Process_2023,Regulation Of Protein Modification By Small Protein Conjugation Or Removal (GO:1903320),3/29,0.9082455586206062,0.999996300842126,0,0,0.5366657960036568,0.0516489834312178,PRKN;EGR1;EPAS1
3615,GO_Biological_Process_2023,Positive Regulation Of Viral Genome Replication (GO:0045070),3/29,0.9082455586206062,0.999996300842126,0,0,0.5366657960036568,0.0516489834312178,TOP2A;IFIT1;PPARA
3614,GO_Biological_Process_2023,Positive Regulation Of Calcium Ion Transport (GO:0051928),3/29,0.9082455586206062,0.999996300842126,0,0,0.5366657960036568,0.0516489834312178,CXCL12;CACNA1D;MYLK
3613,GO_Biological_Process_2023,Positive Regulation Of B Cell Proliferation (GO:0030890),3/29,0.9082455586206062,0.999996300842126,0,0,0.5366657960036568,0.0516489834312178,IL21;FCRL3;IRS2
3612,GO_Biological_Process_2023,Morphogenesis Of An Epithelium (GO:0002009),3/29,0.9082455586206062,0.999996300842126,0,0,0.5366657960036568,0.0516489834312178,KRT16;LHX1;SOX10
3611,GO_Biological_Process_2023,Glycolytic Process (GO:0006096),3/29,0.9082455586206062,0.999996300842126,0,0,0.5366657960036568,0.0516489834312178,PFKFB1;ALDOC;ENO2
3610,GO_Biological_Process_2023,Carbohydrate Derivative Biosynthetic Process (GO:1901137),3/29,0.9082455586206062,0.999996300842126,0,0,0.5366657960036568,0.0516489834312178,RRM2;GAL3ST2;DDR2
3609,GO_Biological_Process_2023,JNK Cascade (GO:0007254),3/29,0.9082455586206062,0.999996300842126,0,0,0.5366657960036568,0.0516489834312178,MAPK10;MAP3K20;MAPK8IP2
3608,GO_Biological_Process_2023,Regulation Of Telomere Maintenance Via Telomerase (GO:0032210),6/51,0.9080754276266474,0.999996300842126,0,0,0.619956575096762,0.0597810695603436,TENM1;PIF1;PKIB;NEK2;MAPK15;AURKB
3607,GO_Biological_Process_2023,Positive Regulation Of Leukocyte Mediated Cytotoxicity (GO:0001912),6/51,0.9080754276266474,0.999996300842126,0,0,0.619956575096762,0.0597810695603436,IL21;IL12B;ULBP2;RASGRP1;ULBP1;CD1A
3606,GO_Biological_Process_2023,Regulation Of Steroid Metabolic Process (GO:0019218),2/21,0.9075710478709884,0.999996300842126,0,0,0.4896597930469739,0.0474888844229408,ACADL;ABCB11
3605,GO_Biological_Process_2023,Regulation Of Histone Deacetylation (GO:0031063),2/21,0.9075710478709884,0.999996300842126,0,0,0.4896597930469739,0.0474888844229408,KAT2B;FOXP3
3604,GO_Biological_Process_2023,Positive Regulation Of Smoothened Signaling Pathway (GO:0045880),2/21,0.9075710478709884,0.999996300842126,0,0,0.4896597930469739,0.0474888844229408,TEDC2;SFRP1
3603,GO_Biological_Process_2023,Positive Regulation Of Signal Transduction By P53 Class Mediator (GO:1901798),2/21,0.9075710478709884,0.999996300842126,0,0,0.4896597930469739,0.0474888844229408,PMAIP1;PLA2R1
3634,GO_Biological_Process_2023,Negative Regulation Of Carbohydrate Metabolic Process (GO:0045912),3/30,0.91996992012721,0.999996300842126,0,0,0.5167578444318682,0.0431049964401038,ADIPOQ;ERFE;PPARA
3633,GO_Biological_Process_2023,Immunoglobulin Mediated Immune Response (GO:0016064),3/30,0.91996992012721,0.999996300842126,0,0,0.5167578444318682,0.0431049964401038,CD19;IL21R;IL9R
3632,GO_Biological_Process_2023,Artery Morphogenesis (GO:0048844),3/30,0.91996992012721,0.999996300842126,0,0,0.5167578444318682,0.0431049964401038,NELL1;LRP1;TGFBR2
3631,GO_Biological_Process_2023,Zymogen Activation (GO:0031638),5/45,0.9193285650576776,0.999996300842126,0,0,0.5812216874292185,0.0488875418684166,FGA;F12;GGT2P;MASP1;VSIR
3630,GO_Biological_Process_2023,Regulation Of Protein Modification Process (GO:0031399),5/45,0.9193285650576776,0.999996300842126,0,0,0.5812216874292185,0.0488875418684166,PPP1R16B;CDH5;FN1;HSPB1;IGF1
3629,GO_Biological_Process_2023,Regulation Of Protein Localization To Plasma Membrane (GO:1903076),10/80,0.9190928588311944,0.999996300842126,0,0,0.6639799100814128,0.0560187356617309,LRRC15;PID1;IFNG;LRP1;STAC2;AGR2;AKAP5;SORBS1;EGFR;SPTBN1
3628,GO_Biological_Process_2023,Regulation Of Proteolysis (GO:0030162),6/52,0.9173694230528588,0.999996300842126,0,0,0.6064423183480477,0.0523026343503947,DNAJC1;CAV1;PLK1;PLAUR;FGFR4;CST4
3627,GO_Biological_Process_2023,Positive Regulation Of B Cell Activation (GO:0050871),6/52,0.9173694230528588,0.999996300842126,0,0,0.6064423183480477,0.0523026343503947,IL21;IL6;FCRL3;TNFSF4;IRS2;NOD2
3626,GO_Biological_Process_2023,Negative Regulation Of Response To Stimulus (GO:0048585),6/52,0.9173694230528588,0.999996300842126,0,0,0.6064423183480477,0.0523026343503947,FCRLB;SRMS;KIF26A;PDCD1;KLF4;FOXP3
3625,GO_Biological_Process_2023,Apoptotic Process (GO:0006915),33/228,0.9167709709234598,0.999996300842126,0,0,0.7856866877414823,0.0682742851603014,CSRNP1;PRUNE2;IFI6;FOXO1;BBC3;TP53AIP1;PYCARD;CASP12;AIFM2;CHEK1;PMAIP1;RELT;TP63;NGFR;EGLN3;BIK;ZBTB16;MX1;EMP1;GZMB;NSG1;CIDEC;CIT;TGFBR2;MELK;IFI27;ESPL1;IFNG;LTA;LALBA;PDCD1;SCN2A;MCM2
3624,GO_Biological_Process_2023,Protein Acylation (GO:0043543),4/37,0.913108800071556,0.999996300842126,0,0,0.563689541895033,0.0512395134201401,KAT2B;ZDHHC22;LACRT;FOXO1
3623,GO_Biological_Process_2023,Positive Regulation Of Immune Effector Process (GO:0002699),4/37,0.913108800071556,0.999996300842126,0,0,0.563689541895033,0.0512395134201401,IFNG;TNFSF4;IL12B;PCK1
3622,GO_Biological_Process_2023,Response To Unfolded Protein (GO:0006986),5/44,0.9095647961903884,0.999996300842126,0,0,0.5961611057873799,0.0565095387908075,PRKN;PACRG;HSPB7;HSPA6;HSPB1
3621,GO_Biological_Process_2023,Regulation Of B Cell Proliferation (GO:0030888),5/44,0.9095647961903884,0.999996300842126,0,0,0.5961611057873799,0.0565095387908075,IL21;FCRL3;CTLA4;IRS2;AMH
3620,GO_Biological_Process_2023,Positive Regulation Of Leukocyte Cell-Cell Adhesion (GO:1903039),5/44,0.9095647961903884,0.999996300842126,0,0,0.5961611057873799,0.0565095387908075,PYCARD;IL6;FUT7;NR4A3;SIRPG
3619,GO_Biological_Process_2023,Positive Regulation Of Cytokine-Mediated Signaling Pathway (GO:0001961),5/44,0.9095647961903884,0.999996300842126,0,0,0.5961611057873799,0.0565095387908075,PRKN;NLRP6;TSLP;IGF2BP1;AGPAT2
3650,GO_Biological_Process_2023,Intraciliary Retrograde Transport (GO:0035721),1/13,0.9204078893355632,0.999996300842126,0,0,0.387702677224736,0.0321554200370851,DYNC2I2
3649,GO_Biological_Process_2023,Interleukin-6-Mediated Signaling Pathway (GO:0070102),1/13,0.9204078893355632,0.999996300842126,0,0,0.387702677224736,0.0321554200370851,IL6
3648,GO_Biological_Process_2023,Inhibitory Synapse Assembly (GO:1904862),1/13,0.9204078893355632,0.999996300842126,0,0,0.387702677224736,0.0321554200370851,NPAS4
3647,GO_Biological_Process_2023,Glutamine Metabolic Process (GO:0006541),1/13,0.9204078893355632,0.999996300842126,0,0,0.387702677224736,0.0321554200370851,GLYATL1
3646,GO_Biological_Process_2023,Extracellular Transport (GO:0006858),1/13,0.9204078893355632,0.999996300842126,0,0,0.387702677224736,0.0321554200370851,DNAAF11
3645,GO_Biological_Process_2023,Ether Lipid Metabolic Process (GO:0046485),1/13,0.9204078893355632,0.999996300842126,0,0,0.387702677224736,0.0321554200370851,LIPE
3644,GO_Biological_Process_2023,Endothelial Cell Differentiation (GO:0045446),1/13,0.9204078893355632,0.999996300842126,0,0,0.387702677224736,0.0321554200370851,PROX1
3643,GO_Biological_Process_2023,Endolysosomal Toll-Like Receptor Signaling Pathway (GO:0140894),1/13,0.9204078893355632,0.999996300842126,0,0,0.387702677224736,0.0321554200370851,OAS1
3642,GO_Biological_Process_2023,Cytoplasmic Sequestering Of Protein (GO:0051220),1/13,0.9204078893355632,0.999996300842126,0,0,0.387702677224736,0.0321554200370851,PTPRM
3641,GO_Biological_Process_2023,Chondroitin Sulfate Biosynthetic Process (GO:0030206),1/13,0.9204078893355632,0.999996300842126,0,0,0.387702677224736,0.0321554200370851,CHST9
3640,GO_Biological_Process_2023,Amyloid Precursor Protein Catabolic Process (GO:0042987),1/13,0.9204078893355632,0.999996300842126,0,0,0.387702677224736,0.0321554200370851,ADAM19
3639,GO_Biological_Process_2023,acyl-CoA Biosynthetic Process (GO:0071616),1/13,0.9204078893355632,0.999996300842126,0,0,0.387702677224736,0.0321554200370851,ACSS2
3638,GO_Biological_Process_2023,Acute-Phase Response (GO:0006953),1/13,0.9204078893355632,0.999996300842126,0,0,0.387702677224736,0.0321554200370851,IL6
3637,GO_Biological_Process_2023,N-terminal Protein Amino Acid Modification (GO:0031365),1/13,0.9204078893355632,0.999996300842126,0,0,0.387702677224736,0.0321554200370851,NTMT2
3636,GO_Biological_Process_2023,Cellular Component Assembly (GO:0022607),38/260,0.9200788360629436,0.999996300842126,0,0,0.7945101431811921,0.0661794543088808,NLGN1;SPEF1;FAM107A;SLC2A1;ESPN;JCHAIN;LIMD2;SYCE3;RIMS1;SYCE1;PARD6B;HAS1;HAS3;REPS2;RAC3;DMD;HORMAD1;PPARGC1A;GPM6B;SPTBN1;WASF3;PIERCE1;FGA;NFE4;GSN;TEX11;MYO7B;FANCA;FOXJ1;P3H4;TEX15;SHROOM1;VIL1;RSPH1;CLDN14;KRT14;TLCD1;TRIP13
3635,GO_Biological_Process_2023,Response To Amino Acid (GO:0043200),3/30,0.91996992012721,0.999996300842126,0,0,0.5167578444318682,0.0431049964401038,SPAAR;GLRA3;NEURL1
3666,GO_Biological_Process_2023,Protein Import Into Peroxisome Matrix (GO:0016558),1/13,0.9204078893355632,0.999996300842126,0,0,0.387702677224736,0.0321554200370851,PEX5L
3665,GO_Biological_Process_2023,Positive Regulation Of Superoxide Anion Generation (GO:0032930),1/13,0.9204078893355632,0.999996300842126,0,0,0.387702677224736,0.0321554200370851,CLEC7A
3664,GO_Biological_Process_2023,Positive Regulation Of Protein Deacetylation (GO:0090312),1/13,0.9204078893355632,0.999996300842126,0,0,0.387702677224736,0.0321554200370851,IFNG
3663,GO_Biological_Process_2023,Positive Regulation Of Macrophage Chemotaxis (GO:0010759),1/13,0.9204078893355632,0.999996300842126,0,0,0.387702677224736,0.0321554200370851,CXCL17
3662,GO_Biological_Process_2023,Positive Regulation Of Leukocyte Degranulation (GO:0043302),1/13,0.9204078893355632,0.999996300842126,0,0,0.387702677224736,0.0321554200370851,CD177
3661,GO_Biological_Process_2023,Positive Regulation Of Brown Fat Cell Differentiation (GO:0090336),1/13,0.9204078893355632,0.999996300842126,0,0,0.387702677224736,0.0321554200370851,VSTM2A
3660,GO_Biological_Process_2023,Nucleotide-Sugar Metabolic Process (GO:0009225),1/13,0.9204078893355632,0.999996300842126,0,0,0.387702677224736,0.0321554200370851,GFUS
3659,GO_Biological_Process_2023,Neuromuscular Process Controlling Balance (GO:0050885),1/13,0.9204078893355632,0.999996300842126,0,0,0.387702677224736,0.0321554200370851,TIFAB
3658,GO_Biological_Process_2023,Negative Regulation Of Viral Transcription (GO:0032897),1/13,0.9204078893355632,0.999996300842126,0,0,0.387702677224736,0.0321554200370851,ZFP36
3657,GO_Biological_Process_2023,Negative Regulation Of Translational Initiation (GO:0045947),1/13,0.9204078893355632,0.999996300842126,0,0,0.387702677224736,0.0321554200370851,C8ORF88
3656,GO_Biological_Process_2023,Negative Regulation Of Toll-Like Receptor Signaling Pathway (GO:0034122),1/13,0.9204078893355632,0.999996300842126,0,0,0.387702677224736,0.0321554200370851,TYRO3
3655,GO_Biological_Process_2023,Negative Regulation Of Myoblast Differentiation (GO:0045662),1/13,0.9204078893355632,0.999996300842126,0,0,0.387702677224736,0.0321554200370851,SOSTDC1
3654,GO_Biological_Process_2023,Negative Regulation Of Cell Activation (GO:0050866),1/13,0.9204078893355632,0.999996300842126,0,0,0.387702677224736,0.0321554200370851,C1QTNF1
3653,GO_Biological_Process_2023,Negative Regulation Of NLRP3 Inflammasome Complex Assembly (GO:1900226),1/13,0.9204078893355632,0.999996300842126,0,0,0.387702677224736,0.0321554200370851,PYDC1
3652,GO_Biological_Process_2023,ncRNA Transcription (GO:0098781),1/13,0.9204078893355632,0.999996300842126,0,0,0.387702677224736,0.0321554200370851,CAVIN1
3651,GO_Biological_Process_2023,Microtubule-Based Transport (GO:0099111),1/13,0.9204078893355632,0.999996300842126,0,0,0.387702677224736,0.0321554200370851,DNAAF11
3682,GO_Biological_Process_2023,Organelle Fission (GO:0048285),2/22,0.920964352731028,0.999996300842126,0,0,0.4651485148514852,0.0382975138372214,PRKN;MTFR2
3681,GO_Biological_Process_2023,Cellular Response To Topologically Incorrect Protein (GO:0035967),2/22,0.920964352731028,0.999996300842126,0,0,0.4651485148514852,0.0382975138372214,PRKN;PACRG
3680,GO_Biological_Process_2023,Cellular Response To Interferon-Beta (GO:0035458),2/22,0.920964352731028,0.999996300842126,0,0,0.4651485148514852,0.0382975138372214,AIM2;OAS1
3679,GO_Biological_Process_2023,NAD Metabolic Process (GO:0019674),2/22,0.920964352731028,0.999996300842126,0,0,0.4651485148514852,0.0382975138372214,NMNAT2;KMO
3678,GO_Biological_Process_2023,Fc-epsilon Receptor Signaling Pathway (GO:0038095),2/22,0.920964352731028,0.999996300842126,0,0,0.4651485148514852,0.0382975138372214,MAPK10;NR4A3
3677,GO_Biological_Process_2023,Fc Receptor Mediated Stimulatory Signaling Pathway (GO:0002431),2/22,0.920964352731028,0.999996300842126,0,0,0.4651485148514852,0.0382975138372214,NR4A3;PLPP4
3676,GO_Biological_Process_2023,Sphingosine Biosynthetic Process (GO:0046512),1/13,0.9204078893355632,0.999996300842126,0,0,0.387702677224736,0.0321554200370851,SPTSSB
3675,GO_Biological_Process_2023,Sphingoid Biosynthetic Process (GO:0046520),1/13,0.9204078893355632,0.999996300842126,0,0,0.387702677224736,0.0321554200370851,SPTSSB
3674,GO_Biological_Process_2023,Signal Peptide Processing (GO:0006465),1/13,0.9204078893355632,0.999996300842126,0,0,0.387702677224736,0.0321554200370851,PCSK5
3673,GO_Biological_Process_2023,Response To Nerve Growth Factor (GO:1990089),1/13,0.9204078893355632,0.999996300842126,0,0,0.387702677224736,0.0321554200370851,NTRK3
3672,GO_Biological_Process_2023,Regulation Of Trophoblast Cell Migration (GO:1901163),1/13,0.9204078893355632,0.999996300842126,0,0,0.387702677224736,0.0321554200370851,ACVR1C
3671,GO_Biological_Process_2023,Regulation Of Macrophage Cytokine Production (GO:0010935),1/13,0.9204078893355632,0.999996300842126,0,0,0.387702677224736,0.0321554200370851,SEMA7A
3670,GO_Biological_Process_2023,Regulation Of Intrinsic Apoptotic Signaling Pathway In Response To DNA Damage By P53 Class Mediator (GO:1902165),1/13,0.9204078893355632,0.999996300842126,0,0,0.387702677224736,0.0321554200370851,MUC1
3669,GO_Biological_Process_2023,Regulation Of ERBB Signaling Pathway (GO:1901184),1/13,0.9204078893355632,0.999996300842126,0,0,0.387702677224736,0.0321554200370851,IFI6
3668,GO_Biological_Process_2023,Purine Ribonucleoside Bisphosphate Metabolic Process (GO:0034035),1/13,0.9204078893355632,0.999996300842126,0,0,0.387702677224736,0.0321554200370851,SULT1C3
3667,GO_Biological_Process_2023,Protein Localization To Phagophore Assembly Site (GO:0034497),1/13,0.9204078893355632,0.999996300842126,0,0,0.387702677224736,0.0321554200370851,ATG9B
3698,GO_Biological_Process_2023,Regulation Of Gluconeogenesis (GO:0006111),3/31,0.9303087225502612,0.999996300842126,0,0,0.4982718894009216,0.035994557479371,ERFE;PPARGC1A;FOXO1
3697,GO_Biological_Process_2023,Regulation Of Centrosome Duplication (GO:0010824),3/31,0.9303087225502612,0.999996300842126,0,0,0.4982718894009216,0.035994557479371,C10ORF90;STIL;CCNF
3696,GO_Biological_Process_2023,Positive Regulation Of Proteolysis Involved In Protein Catabolic Process (GO:1903052),3/31,0.9303087225502612,0.999996300842126,0,0,0.4982718894009216,0.035994557479371,PRKN;CAV3;ECSCR
3695,GO_Biological_Process_2023,Positive Regulation Of Lamellipodium Organization (GO:1902745),3/31,0.9303087225502612,0.999996300842126,0,0,0.4982718894009216,0.035994557479371,VIL1;CARMIL2;ENPP2
3694,GO_Biological_Process_2023,Negative Regulation Of DNA Biosynthetic Process (GO:2000279),3/31,0.9303087225502612,0.999996300842126,0,0,0.4982718894009216,0.035994557479371,PIF1;TENM1;ADIPOQ
3693,GO_Biological_Process_2023,Glutamine Family Amino Acid Metabolic Process (GO:0009064),3/31,0.9303087225502612,0.999996300842126,0,0,0.4982718894009216,0.035994557479371,GLYATL1;TAT;ART4
3692,GO_Biological_Process_2023,Recombinational Repair (GO:0000725),12/95,0.9286726848582082,0.999996300842126,0,0,0.6718277364778262,0.0497145355696798,RAD51AP1;RECQL4;FEN1;RMI2;BLM;RAD51;XRCC2;TONSL;HUS1B;AUNIP;BRCA2;RAD54B
3691,GO_Biological_Process_2023,Spindle Assembly (GO:0051225),10/81,0.9260052564865344,0.999996300842126,0,0,0.6545881469708527,0.0503217045563867,TPX2;KIFC2;KIFC1;STARD9;GOLGA8IP;GOLGA8K;NEK2;GOLGA8M;KIF11;MISP
3690,GO_Biological_Process_2023,Regulation Of Interleukin-8 Production (GO:0032677),10/81,0.9260052564865344,0.999996300842126,0,0,0.6545881469708527,0.0503217045563867,PYCARD;IL6;ANXA1;CLEC7A;LEP;FFAR2;NOD2;KLF4;IL17D;ELANE
3689,GO_Biological_Process_2023,Negative Regulation Of NF-kappaB Transcription Factor Activity (GO:0032088),10/81,0.9260052564865344,0.999996300842126,0,0,0.6545881469708527,0.0503217045563867,PYCARD;TCEAL7;PTGIS;AIM2;CDKN2A;FOXJ1;PYDC1;KLF4;FOXP3;MTURN
3688,GO_Biological_Process_2023,Lymphocyte Proliferation (GO:0046651),4/38,0.9232678484855176,0.999996300842126,0,0,0.5470771382427865,0.0436763919819045,HELLS;CR2;RASGRP1;MS4A1
3687,GO_Biological_Process_2023,Import Into Cell (GO:0098657),4/38,0.9232678484855176,0.999996300842126,0,0,0.5470771382427865,0.0436763919819045,SLC7A5;SLC1A6;SLC1A7;SLC38A5
3686,GO_Biological_Process_2023,Vesicle Transport Along Microtubule (GO:0047496),2/22,0.920964352731028,0.999996300842126,0,0,0.4651485148514852,0.0382975138372214,BICDL1;KIF1A
3685,GO_Biological_Process_2023,Response To Gamma Radiation (GO:0010332),2/22,0.920964352731028,0.999996300842126,0,0,0.4651485148514852,0.0382975138372214,MAP3K20;CRYAB
3684,GO_Biological_Process_2023,Regulation Of Protein Export From Nucleus (GO:0046825),2/22,0.920964352731028,0.999996300842126,0,0,0.4651485148514852,0.0382975138372214,IFI27;PTPN14
3683,GO_Biological_Process_2023,Regulation Of Mononuclear Cell Migration (GO:0071675),2/22,0.920964352731028,0.999996300842126,0,0,0.4651485148514852,0.0382975138372214,CXCL17;BMP5
3714,GO_Biological_Process_2023,Negative Regulation Of Protein Ubiquitination (GO:0031397),6/54,0.933521992219546,0.999996300842126,0,0,0.5811030869442084,0.0399745214739764,CDC20;CAV1;BUB1B;SPRY2;ISG15;MAD2L1
3713,GO_Biological_Process_2023,Negative Regulation Of Protein Catabolic Process (GO:0042177),6/54,0.933521992219546,0.999996300842126,0,0,0.5811030869442084,0.0399745214739764,NELL1;LAMP3;TIMP4;EGFR;SNCA;MAD2L1
3712,GO_Biological_Process_2023,Translesion Synthesis (GO:0019985),2/23,0.9325127013835692,0.999996300842126,0,0,0.4429716441031858,0.0309515392016327,POLE2;PCLAF
3711,GO_Biological_Process_2023,"Regulation Of Nuclear-Transcribed mRNA Catabolic Process, Deadenylation-Dependent Decay (GO:1900151)",2/23,0.9325127013835692,0.999996300842126,0,0,0.4429716441031858,0.0309515392016327,ZFP36;IGF2BP1
3710,GO_Biological_Process_2023,Regulation Of Centrosome Cycle (GO:0046605),2/23,0.9325127013835692,0.999996300842126,0,0,0.4429716441031858,0.0309515392016327,AURKA;MCM2
3709,GO_Biological_Process_2023,Negative Regulation Of Extrinsic Apoptotic Signaling Pathway Via Death Domain Receptors (GO:1902042),2/23,0.9325127013835692,0.999996300842126,0,0,0.4429716441031858,0.0309515392016327,FGA;BMP5
3708,GO_Biological_Process_2023,Immune Response-Activating Cell Surface Receptor Signaling Pathway (GO:0002429),2/23,0.9325127013835692,0.999996300842126,0,0,0.4429716441031858,0.0309515392016327,CD19;GPLD1
3707,GO_Biological_Process_2023,Glial Cell Development (GO:0021782),2/23,0.9325127013835692,0.999996300842126,0,0,0.4429716441031858,0.0309515392016327,SOX10;S100A9
3706,GO_Biological_Process_2023,Vesicle Cytoskeletal Trafficking (GO:0099518),4/39,0.9323455401423244,0.999996300842126,0,0,0.5314140147992398,0.0372264986006814,SYT4;MYO7B;BICDL1;KIF1A
3705,GO_Biological_Process_2023,Regulation Of Receptor-Mediated Endocytosis (GO:0048259),4/39,0.9323455401423244,0.999996300842126,0,0,0.5314140147992398,0.0372264986006814,CCL21;RSPO1;DKK1;F3
3704,GO_Biological_Process_2023,Positive Regulation Of Intracellular Transport (GO:0032388),4/39,0.9323455401423244,0.999996300842126,0,0,0.5314140147992398,0.0372264986006814,TENM1;EHD2;SPAG5;ACTN2
3703,GO_Biological_Process_2023,Positive Regulation Of ATP-dependent Activity (GO:0032781),4/39,0.9323455401423244,0.999996300842126,0,0,0.5314140147992398,0.0372264986006814,UHRF1;FXYD2;TNNT3;RGN
3702,GO_Biological_Process_2023,Negative Regulation Of Mitochondrion Organization (GO:0010823),4/39,0.9323455401423244,0.999996300842126,0,0,0.5314140147992398,0.0372264986006814,PRKN;PPARG;IGF1;SLC18A1
3701,GO_Biological_Process_2023,Protein Localization To Cell Periphery (GO:1990778),19/142,0.9320447679509828,0.999996300842126,0,0,0.7174715863133617,0.0504916547659943,HYCC1;TRARG1;RAB3C;CAV3;ACTN2;KCNB1;CAV1;TESC;ADIPOQ;ANK2;ZDHHC22;EHD2;DPP6;TMEM88;SCN3B;RAMP1;SPTBN1;PACSIN1;CRB3
3700,GO_Biological_Process_2023,Telomere Maintenance (GO:0000723),8/68,0.93168444810129,0.999996300842126,0,0,0.6197411920279589,0.0438535663713457,RECQL4;TENM1;BLM;RAD51;TERT;ZSCAN4;HUS1B;DNA2
3699,GO_Biological_Process_2023,Regulation Of Response To Biotic Stimulus (GO:0002831),3/31,0.9303087225502612,0.999996300842126,0,0,0.4982718894009216,0.035994557479371,CD36;LRP8;CX3CL1
3730,GO_Biological_Process_2023,Negative Regulation Of Peptidyl-Threonine Phosphorylation (GO:0010801),1/14,0.9344925920012668,0.999996300842126,0,0,0.3578576400974591,0.0242454202992097,SPRY2
3729,GO_Biological_Process_2023,Negative Regulation Of Leukocyte Mediated Cytotoxicity (GO:0001911),1/14,0.9344925920012668,0.999996300842126,0,0,0.3578576400974591,0.0242454202992097,KIR2DL4
3728,GO_Biological_Process_2023,Negative Regulation Of Fatty Acid Biosynthetic Process (GO:0045717),1/14,0.9344925920012668,0.999996300842126,0,0,0.3578576400974591,0.0242454202992097,TRIB3
3727,GO_Biological_Process_2023,Negative Regulation Of Cilium Assembly (GO:1902018),1/14,0.9344925920012668,0.999996300842126,0,0,0.3578576400974591,0.0242454202992097,KIF24
3726,GO_Biological_Process_2023,Mitochondrial Calcium Ion Transmembrane Transport (GO:0006851),1/14,0.9344925920012668,0.999996300842126,0,0,0.3578576400974591,0.0242454202992097,MICU3
3725,GO_Biological_Process_2023,miRNA-mediated Gene Silencing By Inhibition Of Translation (GO:0035278),1/14,0.9344925920012668,0.999996300842126,0,0,0.3578576400974591,0.0242454202992097,ZFP36
3724,GO_Biological_Process_2023,Membrane Raft Organization (GO:0031579),1/14,0.9344925920012668,0.999996300842126,0,0,0.3578576400974591,0.0242454202992097,CAV3
3723,GO_Biological_Process_2023,Icosanoid Transport (GO:0071715),1/14,0.9344925920012668,0.999996300842126,0,0,0.3578576400974591,0.0242454202992097,SLC22A11
3722,GO_Biological_Process_2023,Histone mRNA Catabolic Process (GO:0071044),1/14,0.9344925920012668,0.999996300842126,0,0,0.3578576400974591,0.0242454202992097,EXOSC4
3721,GO_Biological_Process_2023,Establishment Of Apical/Basal Cell Polarity (GO:0035089),1/14,0.9344925920012668,0.999996300842126,0,0,0.3578576400974591,0.0242454202992097,FOXJ1
3720,GO_Biological_Process_2023,Contractile Actin Filament Bundle Assembly (GO:0030038),1/14,0.9344925920012668,0.999996300842126,0,0,0.3578576400974591,0.0242454202992097,SORBS1
3719,GO_Biological_Process_2023,Ceramide Transport (GO:0035627),1/14,0.9344925920012668,0.999996300842126,0,0,0.3578576400974591,0.0242454202992097,ABCB1
3718,GO_Biological_Process_2023,Cellular Response To Exogenous dsRNA (GO:0071360),1/14,0.9344925920012668,0.999996300842126,0,0,0.3578576400974591,0.0242454202992097,IFIT1
3717,GO_Biological_Process_2023,Aminoglycan Catabolic Process (GO:0006026),1/14,0.9344925920012668,0.999996300842126,0,0,0.3578576400974591,0.0242454202992097,HYAL1
3716,GO_Biological_Process_2023,COPII-coated Vesicle Cargo Loading (GO:0090110),1/14,0.9344925920012668,0.999996300842126,0,0,0.3578576400974591,0.0242454202992097,SH2D2A
3715,GO_Biological_Process_2023,Protein Autophosphorylation (GO:0046777),22/162,0.934333375397346,0.999996300842126,0,0,0.7297419223735013,0.0495655100283478,MYLK2;NTRK2;SRMS;EPHA8;PTK6;BMX;MAPK15;AURKB;EGFR;AURKA;MELK;KIT;ERBB2;TYRO3;MAP3K20;NEK2;SIK2;TEK;FGFR4;EPHB1;FGFR3;DDR2
3746,GO_Biological_Process_2023,Protein Monoubiquitination (GO:0006513),5/47,0.93609782743915,0.999996300842126,0,0,0.5534770533354905,0.0365490185396271,PRKN;UHRF1;UBE2T;NEURL1;FANCA
3745,GO_Biological_Process_2023,Negative Regulation Of Tumor Necrosis Factor Production (GO:0032720),5/47,0.93609782743915,0.999996300842126,0,0,0.5534770533354905,0.0365490185396271,ORM1;CIDEA;IGF1;CX3CL1;VSIR
3744,GO_Biological_Process_2023,Cognition (GO:0050890),5/47,0.93609782743915,0.999996300842126,0,0,0.5534770533354905,0.0365490185396271,LHCGR;PTCHD1;FAM107A;JAKMIP1;SLC8A2
3743,GO_Biological_Process_2023,Telomere Capping (GO:0016233),1/14,0.9344925920012668,0.999996300842126,0,0,0.3578576400974591,0.0242454202992097,TENM1
3742,GO_Biological_Process_2023,Stress Fiber Assembly (GO:0043149),1/14,0.9344925920012668,0.999996300842126,0,0,0.3578576400974591,0.0242454202992097,SORBS1
3741,GO_Biological_Process_2023,Regulation Of Phosphate Metabolic Process (GO:0019220),1/14,0.9344925920012668,0.999996300842126,0,0,0.3578576400974591,0.0242454202992097,CD24
3740,GO_Biological_Process_2023,Regulation Of Nuclear-Transcribed mRNA poly(A) Tail Shortening (GO:0060211),1/14,0.9344925920012668,0.999996300842126,0,0,0.3578576400974591,0.0242454202992097,ZFP36
3739,GO_Biological_Process_2023,Regulation Of Establishment Of Protein Localization (GO:0070201),1/14,0.9344925920012668,0.999996300842126,0,0,0.3578576400974591,0.0242454202992097,CORO2B
3738,GO_Biological_Process_2023,Regulation Of Carbohydrate Catabolic Process (GO:0043470),1/14,0.9344925920012668,0.999996300842126,0,0,0.3578576400974591,0.0242454202992097,SLC2A6
3737,GO_Biological_Process_2023,Positive Regulation Of Type I Interferon-Mediated Signaling Pathway (GO:0060340),1/14,0.9344925920012668,0.999996300842126,0,0,0.3578576400974591,0.0242454202992097,IGF2BP1
3736,GO_Biological_Process_2023,"Positive Regulation Of Nuclear-Transcribed mRNA Catabolic Process, Deadenylation-Dependent Decay (GO:1900153)",1/14,0.9344925920012668,0.999996300842126,0,0,0.3578576400974591,0.0242454202992097,ZFP36
3735,GO_Biological_Process_2023,Positive Regulation Of Cytoplasmic Translation (GO:2000767),1/14,0.9344925920012668,0.999996300842126,0,0,0.3578576400974591,0.0242454202992097,IGF2BP1
3734,GO_Biological_Process_2023,Photoreceptor Cell Development (GO:0042461),1/14,0.9344925920012668,0.999996300842126,0,0,0.3578576400974591,0.0242454202992097,TH
3733,GO_Biological_Process_2023,Phagolysosome Assembly (GO:0001845),1/14,0.9344925920012668,0.999996300842126,0,0,0.3578576400974591,0.0242454202992097,SRPX
3732,GO_Biological_Process_2023,Negative Regulation Of Transcription Regulatory Region DNA Binding (GO:2000678),1/14,0.9344925920012668,0.999996300842126,0,0,0.3578576400974591,0.0242454202992097,SOX11
3731,GO_Biological_Process_2023,Negative Regulation Of Smooth Muscle Cell Migration (GO:0014912),1/14,0.9344925920012668,0.999996300842126,0,0,0.3578576400974591,0.0242454202992097,LRP1
3762,GO_Biological_Process_2023,Cellular Defense Response (GO:0006968),5/48,0.9432489078449052,0.999996300842126,0,0,0.5405725723616635,0.0315829947061108,CXCL9;CLEC5A;CXCR2;UMOD;KIR2DL4
3761,GO_Biological_Process_2023,Regulation Of Muscle Cell Differentiation (GO:0051147),2/24,0.9424495592188888,0.999996300842126,0,0,0.4228108525138228,0.0250612165695434,MYOCD;LAMA2
3760,GO_Biological_Process_2023,Regulation Of Microtubule Depolymerization (GO:0031114),2/24,0.9424495592188888,0.999996300842126,0,0,0.4228108525138228,0.0250612165695434,TPX2;SPEF1
3759,GO_Biological_Process_2023,Regulation Of Execution Phase Of Apoptosis (GO:1900117),2/24,0.9424495592188888,0.999996300842126,0,0,0.4228108525138228,0.0250612165695434,PTGIS;CIDEA
3758,GO_Biological_Process_2023,Regulation Of Cytoplasmic Translation (GO:2000765),2/24,0.9424495592188888,0.999996300842126,0,0,0.4228108525138228,0.0250612165695434,IGF2BP1;NMNAT2
3757,GO_Biological_Process_2023,Lipid Translocation (GO:0034204),2/24,0.9424495592188888,0.999996300842126,0,0,0.4228108525138228,0.0250612165695434,ABCB1;SLC52A1
3756,GO_Biological_Process_2023,Fc-gamma Receptor Signaling Pathway (GO:0038094),2/24,0.9424495592188888,0.999996300842126,0,0,0.4228108525138228,0.0250612165695434,FCGR3A;PLPP4
3755,GO_Biological_Process_2023,Actin Filament Organization (GO:0007015),19/144,0.9410953708849424,0.999996300842126,0,0,0.7059056281978396,0.0428560911514738,CARMIL2;MARCKSL1;GSN;MYO7B;LMOD1;PROX1;RHOF;ACTL8;ERMN;TLE6;RND1;VIL1;CNN1;SAMD14;ACTC1;XIRP1;RAC3;EVL;TAGLN3
3754,GO_Biological_Process_2023,Positive Regulation Of Catalytic Activity (GO:0043085),4/40,0.9404391017971734,0.999996300842126,0,0,0.5166210648803347,0.031724864330497,FTMT;CAV1;NOD2;FGFR4
3753,GO_Biological_Process_2023,Establishment Or Maintenance Of Epithelial Cell Apical/Basal Polarity (GO:0045197),4/40,0.9404391017971734,0.999996300842126,0,0,0.5166210648803347,0.031724864330497,CRB2;PARD6B;CRB3;LLGL2
3752,GO_Biological_Process_2023,Neural Tube Closure (GO:0001843),3/32,0.939404651229052,0.999996300842126,0,0,0.4810608278203852,0.030070609217606,STIL;CELSR1;PAX2
3751,GO_Biological_Process_2023,Cellular Nitrogen Compound Biosynthetic Process (GO:0044271),3/32,0.939404651229052,0.999996300842126,0,0,0.4810608278203852,0.030070609217606,MTARC1;SPTSSB;NOS1
3750,GO_Biological_Process_2023,Regulation Of Embryonic Development (GO:0045995),7/62,0.9389059277127566,0.999996300842126,0,0,0.5915838269379345,0.0372934375121116,CRB2;KAT2B;SOX17;RACGAP1;LHX1;CDK1;TLE6
3749,GO_Biological_Process_2023,Regulation Of T Cell Activation (GO:0050863),7/62,0.9389059277127566,0.999996300842126,0,0,0.5915838269379345,0.0372934375121116,PYCARD;IL4I1;CD209;SIRPG;ILDR2;CTSG;TIGIT
3748,GO_Biological_Process_2023,Regulation Of Ras Protein Signal Transduction (GO:0046578),9/76,0.9380114239190556,0.999996300842126,0,0,0.6242765763021627,0.0399494252329775,KANK1;EPO;KIF14;EPS8L1;SPRY2;SPRY1;IGF1;FOXM1;RASGRP1
3747,GO_Biological_Process_2023,Wnt Signaling Pathway (GO:0016055),9/76,0.9380114239190556,0.999996300842126,0,0,0.6242765763021627,0.0399494252329775,WNT10B;SFRP1;WNT11;FZD4;WNT7B;LEF1;RAC3;CD24;FERMT2
3778,GO_Biological_Process_2023,High-Density Lipoprotein Particle Remodeling (GO:0034375),1/15,0.9460853627316752,0.999996300842126,0,0,0.3322761797026503,0.018415569444069,CETP
3777,GO_Biological_Process_2023,Folic Acid-Containing Compound Metabolic Process (GO:0006760),1/15,0.9460853627316752,0.999996300842126,0,0,0.3322761797026503,0.018415569444069,GGH
3776,GO_Biological_Process_2023,Coenzyme A Metabolic Process (GO:0015936),1/15,0.9460853627316752,0.999996300842126,0,0,0.3322761797026503,0.018415569444069,NUDT7
3775,GO_Biological_Process_2023,Ceramide Catabolic Process (GO:0046514),1/15,0.9460853627316752,0.999996300842126,0,0,0.3322761797026503,0.018415569444069,NEU4
3774,GO_Biological_Process_2023,Cellular Response To Sterol (GO:0036315),1/15,0.9460853627316752,0.999996300842126,0,0,0.3322761797026503,0.018415569444069,GPLD1
3773,GO_Biological_Process_2023,Anterograde Synaptic Vesicle Transport (GO:0048490),1/15,0.9460853627316752,0.999996300842126,0,0,0.3322761797026503,0.018415569444069,TRIM46
3772,GO_Biological_Process_2023,Alpha-Beta T Cell Activation (GO:0046631),1/15,0.9460853627316752,0.999996300842126,0,0,0.3322761797026503,0.018415569444069,RSAD2
3771,GO_Biological_Process_2023,N-terminal Protein Amino Acid Acetylation (GO:0006474),1/15,0.9460853627316752,0.999996300842126,0,0,0.3322761797026503,0.018415569444069,KAT2B
3770,GO_Biological_Process_2023,DNA Double-Strand Break Processing (GO:0000729),1/15,0.9460853627316752,0.999996300842126,0,0,0.3322761797026503,0.018415569444069,DNA2
3769,GO_Biological_Process_2023,3'-Phosphoadenosine 5'-Phosphosulfate Metabolic Process (GO:0050427),1/15,0.9460853627316752,0.999996300842126,0,0,0.3322761797026503,0.018415569444069,SULT1C3
3768,GO_Biological_Process_2023,3'-UTR-mediated mRNA Destabilization (GO:0061158),1/15,0.9460853627316752,0.999996300842126,0,0,0.3322761797026503,0.018415569444069,ZFP36
3767,GO_Biological_Process_2023,Telomere Organization (GO:0032200),7/63,0.9450428750011748,0.999996300842126,0,0,0.5809844192634561,0.0328401339259623,RECQL4;BLM;H4C9;TERT;HUS1B;DNA2;EZH2
3766,GO_Biological_Process_2023,G1/S Transition Of Mitotic Cell Cycle (GO:0000082),7/63,0.9450428750011748,0.999996300842126,0,0,0.5809844192634561,0.0328401339259623,CCNE2;CCNE1;E2F1;E2F2;CDC7;CDC25A;CDKN3
3765,GO_Biological_Process_2023,Sphingolipid Biosynthetic Process (GO:0030148),9/77,0.9437062253573384,0.999996300842126,0,0,0.6150585234093637,0.035636714249116,ELOVL2;ELOVL3;SPTSSB;ABCA8;DEGS2;PLPP3;TLCD3B;PLPP1;PNPLA1
3764,GO_Biological_Process_2023,Positive Regulation Of JNK Cascade (GO:0046330),9/77,0.9437062253573384,0.999996300842126,0,0,0.6150585234093637,0.035636714249116,PYCARD;EDAR;CCL21;WNT7B;CCR7;NOD2;MMP8;RASGRP1;MTURN
3763,GO_Biological_Process_2023,Regulation Of Small GTPase Mediated Signal Transduction (GO:0051056),15/118,0.943430170740671,0.999996300842126,0,0,0.6764691288599263,0.0393927779304697,ARHGAP11A;ARHGEF15;FAM13A;ITSN1;ARHGAP39;RHOF;FOXM1;SLC6A2;PREX2;MRAP;FGD3;ARHGAP20;RELN;RACGAP1;ECT2
3794,GO_Biological_Process_2023,Regulation Of rRNA Processing (GO:2000232),1/15,0.9460853627316752,0.999996300842126,0,0,0.3322761797026503,0.018415569444069,KAT2B
3793,GO_Biological_Process_2023,Regulation Of mRNA Metabolic Process (GO:1903311),1/15,0.9460853627316752,0.999996300842126,0,0,0.3322761797026503,0.018415569444069,SRPK3
3792,GO_Biological_Process_2023,Regulation Of Dephosphorylation (GO:0035303),1/15,0.9460853627316752,0.999996300842126,0,0,0.3322761797026503,0.018415569444069,PPP1R16B
3791,GO_Biological_Process_2023,Regulation Of Clathrin-Dependent Endocytosis (GO:2000369),1/15,0.9460853627316752,0.999996300842126,0,0,0.3322761797026503,0.018415569444069,CCL14
3790,GO_Biological_Process_2023,Regulation Of Bicellular Tight Junction Assembly (GO:2000810),1/15,0.9460853627316752,0.999996300842126,0,0,0.3322761797026503,0.018415569444069,CLDN5
3789,GO_Biological_Process_2023,Regulation Of Amyloid Fibril Formation (GO:1905906),1/15,0.9460853627316752,0.999996300842126,0,0,0.3322761797026503,0.018415569444069,CRYAB
3788,GO_Biological_Process_2023,Receptor Catabolic Process (GO:0032801),1/15,0.9460853627316752,0.999996300842126,0,0,0.3322761797026503,0.018415569444069,GPRASP1
3787,GO_Biological_Process_2023,Presynapse Assembly (GO:0099054),1/15,0.9460853627316752,0.999996300842126,0,0,0.3322761797026503,0.018415569444069,NLGN1
3786,GO_Biological_Process_2023,Positive Regulation Of Transmembrane Transport (GO:0034764),1/15,0.9460853627316752,0.999996300842126,0,0,0.3322761797026503,0.018415569444069,NR4A3
3785,GO_Biological_Process_2023,Positive Regulation Of Immunoglobulin Mediated Immune Response (GO:0002891),1/15,0.9460853627316752,0.999996300842126,0,0,0.3322761797026503,0.018415569444069,TNFSF4
3784,GO_Biological_Process_2023,Positive Regulation Of Endothelial Cell Apoptotic Process (GO:2000353),1/15,0.9460853627316752,0.999996300842126,0,0,0.3322761797026503,0.018415569444069,ECSCR
3783,GO_Biological_Process_2023,Neurotrophin Signaling Pathway (GO:0038179),1/15,0.9460853627316752,0.999996300842126,0,0,0.3322761797026503,0.018415569444069,NTF4
3782,GO_Biological_Process_2023,Negative Regulation Of Protein Processing (GO:0010955),1/15,0.9460853627316752,0.999996300842126,0,0,0.3322761797026503,0.018415569444069,MAGEA3
3781,GO_Biological_Process_2023,Negative Regulation Of Platelet Activation (GO:0010544),1/15,0.9460853627316752,0.999996300842126,0,0,0.3322761797026503,0.018415569444069,C1QTNF1
3780,GO_Biological_Process_2023,Negative Regulation Of Gluconeogenesis (GO:0045721),1/15,0.9460853627316752,0.999996300842126,0,0,0.3322761797026503,0.018415569444069,ERFE
3779,GO_Biological_Process_2023,Midbody Abscission (GO:0061952),1/15,0.9460853627316752,0.999996300842126,0,0,0.3322761797026503,0.018415569444069,KIF20A
3810,GO_Biological_Process_2023,Regulation Of Microtubule-Based Process (GO:0032886),4/41,0.9476401445068486,0.999996300842126,0,0,0.5026277338759648,0.0270315422891266,ERBB2;FAM107A;AURKA;MCM2
3809,GO_Biological_Process_2023,Positive Regulation Of Response To Biotic Stimulus (GO:0002833),4/41,0.9476401445068486,0.999996300842126,0,0,0.5026277338759648,0.0270315422891266,GBP5;MMRN2;ADAM8;BMP6
3808,GO_Biological_Process_2023,Negative Regulation Of Proteolysis (GO:0045861),4/41,0.9476401445068486,0.999996300842126,0,0,0.5026277338759648,0.0270315422891266,DNAJC1;MAGEA3;TIMP4;CST4
3807,GO_Biological_Process_2023,Negative Regulation Of mRNA Catabolic Process (GO:1902373),4/41,0.9476401445068486,0.999996300842126,0,0,0.5026277338759648,0.0270315422891266,SLC11A1;E2F1;IGF2BP1;VIP
3806,GO_Biological_Process_2023,Carbohydrate Catabolic Process (GO:0016052),4/41,0.9476401445068486,0.999996300842126,0,0,0.5026277338759648,0.0270315422891266,PFKFB1;NEU4;ALDOC;ENO2
3805,GO_Biological_Process_2023,Regulation Of Protein Polymerization (GO:0032271),3/33,0.9473898212567328,0.999996300842126,0,0,0.4649971703452178,0.025130601148148,TPPP2;DAAM2;PAK3
3804,GO_Biological_Process_2023,Regulation Of Amyloid-Beta Formation (GO:1902003),3/33,0.9473898212567328,0.999996300842126,0,0,0.4649971703452178,0.025130601148148,NTRK2;IFNG;IGF1
3803,GO_Biological_Process_2023,Positive Regulation Of Protein Dephosphorylation (GO:0035307),3/33,0.9473898212567328,0.999996300842126,0,0,0.4649971703452178,0.025130601148148,PPP1R16B;CDH5;CDCA2
3802,GO_Biological_Process_2023,Positive Regulation Of Establishment Of Protein Localization To Mitochondrion (GO:1903749),3/33,0.9473898212567328,0.999996300842126,0,0,0.4649971703452178,0.025130601148148,UBL4B;GZMB;BBC3
3801,GO_Biological_Process_2023,Positive Regulation Of T Cell Mediated Cytotoxicity (GO:0001916),3/33,0.9473898212567328,0.999996300842126,0,0,0.4649971703452178,0.025130601148148,IL12B;ULBP2;ULBP1
3800,GO_Biological_Process_2023,Negative Regulation Of Epithelial Cell Migration (GO:0010633),3/33,0.9473898212567328,0.999996300842126,0,0,0.4649971703452178,0.025130601148148,PTPRM;EVL;DCN
3799,GO_Biological_Process_2023,tRNA Wobble Uridine Modification (GO:0002098),1/15,0.9460853627316752,0.999996300842126,0,0,0.3322761797026503,0.018415569444069,TRMT9B
3798,GO_Biological_Process_2023,tRNA Wobble Base Modification (GO:0002097),1/15,0.9460853627316752,0.999996300842126,0,0,0.3322761797026503,0.018415569444069,TRMT9B
3797,GO_Biological_Process_2023,Synaptic Vesicle Transport Along Microtubule (GO:0099517),1/15,0.9460853627316752,0.999996300842126,0,0,0.3322761797026503,0.018415569444069,TRIM46
3796,GO_Biological_Process_2023,Stem Cell Development (GO:0048864),1/15,0.9460853627316752,0.999996300842126,0,0,0.3322761797026503,0.018415569444069,NRG1
3795,GO_Biological_Process_2023,Sphingolipid Catabolic Process (GO:0030149),1/15,0.9460853627316752,0.999996300842126,0,0,0.3322761797026503,0.018415569444069,ENPP2
3826,GO_Biological_Process_2023,Lysosome Localization (GO:0032418),4/42,0.9540343763254804,0.999996300842126,0,0,0.4893708939770882,0.0230276284612599,CHGA;NR4A3;MRGPRX2;KIT
3825,GO_Biological_Process_2023,Negative Regulation Of Binding (GO:0051100),10/86,0.953444096899575,0.999996300842126,0,0,0.6113366063301151,0.0291451578845587,PLN;CAV1;LEF1;E2F1;XIRP1;HMGA2;IFIT1;DKK1;AURKB;AURKA
3824,GO_Biological_Process_2023,Regulation Of Anatomical Structure Morphogenesis (GO:0022603),16/127,0.9528570798821916,0.999996300842126,0,0,0.669424892088908,0.0323267658310369,CRB2;BRSK2;PID1;CXCL13;FGF2;SFRP1;IL6;CLDN3;CDH2;ADGRB3;LEP;ERBB2;KIF1A;PAK3;FERMT2;SH3D19
3823,GO_Biological_Process_2023,Membrane Lipid Biosynthetic Process (GO:0046467),6/57,0.9525153484074288,0.999996300842126,0,0,0.5468205973978376,0.0266023071210995,ELOVL2;ELOVL3;SPTSSB;DEGS2;PLPP3;PLPP1
3822,GO_Biological_Process_2023,Positive Regulation Of Cytokine Production (GO:0001819),46/320,0.9522905567733728,0.999996300842126,0,0,0.7785337478855953,0.0380586877106011,IL21;ORM1;CD80;CXCL17;GATA4;GATA3;NOD2;ORM2;RASGRP1;AGPAT2;INAVA;PYCARD;IFNL1;CLEC7A;IL12B;FFAR3;CCR7;FFAR2;AMH;TIGIT;ELANE;SPTBN1;CCBE1;GBP5;EGR1;IL33;ANXA1;TSLP;SLC11A1;ADIPOQ;OSM;ISG15;SULF1;MMP8;BATF;SLC7A5;IL6;IFNG;TNFSF4;CLEC6A;LEP;SAA1;IRF7;LTB;IL17D;PLA2R1
3821,GO_Biological_Process_2023,Regulation Of Synapse Organization (GO:0050807),2/25,0.95098354275455,0.999996300842126,0,0,0.4044031732365783,0.0203247056927399,CTTNBP2;KLK8
3820,GO_Biological_Process_2023,Regulation Of Double-Strand Break Repair Via Nonhomologous End Joining (GO:2001032),2/25,0.95098354275455,0.999996300842126,0,0,0.4044031732365783,0.0203247056927399,HMGA2;AUNIP
3819,GO_Biological_Process_2023,Regulation Of Cell Cycle Phase Transition (GO:1901987),2/25,0.95098354275455,0.999996300842126,0,0,0.4044031732365783,0.0203247056927399,SIX3;PLK1
3818,GO_Biological_Process_2023,Regulation Of Actin Cytoskeleton Reorganization (GO:2000249),2/25,0.95098354275455,0.999996300842126,0,0,0.4044031732365783,0.0203247056927399,CARMIL2;TEK
3817,GO_Biological_Process_2023,Negative Regulation Of Telomere Maintenance Via Telomere Lengthening (GO:1904357),2/25,0.95098354275455,0.999996300842126,0,0,0.4044031732365783,0.0203247056927399,PIF1;TENM1
3816,GO_Biological_Process_2023,Negative Regulation Of Intracellular Protein Transport (GO:0090317),2/25,0.95098354275455,0.999996300842126,0,0,0.4044031732365783,0.0203247056927399,KCNE1;APOD
3815,GO_Biological_Process_2023,Mismatch Repair (GO:0006298),2/25,0.95098354275455,0.999996300842126,0,0,0.4044031732365783,0.0203247056927399,RNASEH2A;EXO1
3814,GO_Biological_Process_2023,Long-Chain Fatty Acid Biosynthetic Process (GO:0042759),2/25,0.95098354275455,0.999996300842126,0,0,0.4044031732365783,0.0203247056927399,CYP1A1;CYP3A4
3813,GO_Biological_Process_2023,Negative Regulation Of Tumor Necrosis Factor Superfamily Cytokine Production (GO:1903556),5/49,0.949669080092876,0.999996300842126,0,0,0.5282546587048286,0.027279964284793,ORM1;CIDEA;IGF1;CX3CL1;VSIR
3812,GO_Biological_Process_2023,Positive Regulation Of Protein Catabolic Process (GO:0045732),11/92,0.949021129093626,0.999996300842126,0,0,0.6309461285827328,0.0330137615368122,PRKN;IFNG;ECSCR;GPC3;C4BPA;ADAM8;ASB5;VIP;GPLD1;FOXO1;SH3D19
3811,GO_Biological_Process_2023,Integrin-Mediated Signaling Pathway (GO:0007229),10/85,0.9488126554202851,0.999996300842126,0,0,0.619525564691428,0.0325522970528462,NELL1;SEMA7A;DST;ADAMTS1;FN1;ITGA7;ISG15;PTN;PLPP3;FERMT2
3842,GO_Biological_Process_2023,Cell Surface Receptor Signaling Pathway Involved In Heart Development (GO:0061311),1/16,0.9556269816591848,0.999996300842126,0,0,0.310105580693816,0.0140749569302287,BMP2
3841,GO_Biological_Process_2023,DNA-templated Transcription Termination (GO:0006353),1/16,0.9556269816591848,0.999996300842126,0,0,0.310105580693816,0.0140749569302287,POLR3K
3840,GO_Biological_Process_2023,DNA Repair-Dependent Chromatin Remodeling (GO:0140861),1/16,0.9556269816591848,0.999996300842126,0,0,0.310105580693816,0.0140749569302287,DEPDC1B
3839,GO_Biological_Process_2023,B Cell Activation Involved In Immune Response (GO:0002312),1/16,0.9556269816591848,0.999996300842126,0,0,0.310105580693816,0.0140749569302287,CD19
3838,GO_Biological_Process_2023,Regulation Of Mitochondrion Organization (GO:0010821),5/50,0.9554223134370742,0.999996300842126,0,0,0.5164842078771864,0.0235526215464582,PRKN;PID1;PDE2A;MGARP;PPARGC1A
3837,GO_Biological_Process_2023,Positive Regulation Of Protein Localization To Nucleus (GO:1900182),8/72,0.9544392410291658,0.999996300842126,0,0,0.5808656843298384,0.0270865179944353,NGFR;IFNG;TERT;ZIC1;PLK1;CDK1;ECT2;FERMT2
3836,GO_Biological_Process_2023,Negative Regulation Of Catabolic Process (GO:0009895),8/72,0.9544392410291658,0.999996300842126,0,0,0.5808656843298384,0.0270865179944353,HCAR2;NELL1;PDE3B;CIDEA;PPARA;EGFR;CIDEC;MAD2L1
3835,GO_Biological_Process_2023,Regulation Of DNA Biosynthetic Process (GO:2000278),3/34,0.95438566513265,0.999996300842126,0,0,0.4499698778684484,0.0210079363111659,ADIPOQ;FGFR4;FGF2
3834,GO_Biological_Process_2023,Positive Regulation Of Neuron Death (GO:1901216),3/34,0.95438566513265,0.999996300842126,0,0,0.4499698778684484,0.0210079363111659,IFNG;GRIN2B;SNCA
3833,GO_Biological_Process_2023,Positive Regulation Of Immunoglobulin Production (GO:0002639),3/34,0.95438566513265,0.999996300842126,0,0,0.4499698778684484,0.0210079363111659,IL21;IL6;TNFSF4
3832,GO_Biological_Process_2023,Organophosphate Biosynthetic Process (GO:0090407),3/34,0.95438566513265,0.999996300842126,0,0,0.4499698778684484,0.0210079363111659,ITPKA;FGF2;DDR2
3831,GO_Biological_Process_2023,Negative Regulation Of JNK Cascade (GO:0046329),3/34,0.95438566513265,0.999996300842126,0,0,0.4499698778684484,0.0210079363111659,PRKN;PER1;KLHL31
3830,GO_Biological_Process_2023,Microtubule Polymerization (GO:0046785),3/34,0.95438566513265,0.999996300842126,0,0,0.4499698778684484,0.0210079363111659,TPX2;TPPP2;MAP7D3
3829,GO_Biological_Process_2023,Membrane Protein Proteolysis (GO:0033619),3/34,0.95438566513265,0.999996300842126,0,0,0.4499698778684484,0.0210079363111659,RET;ADAM19;TMPRSS6
3828,GO_Biological_Process_2023,Substantia Nigra Development (GO:0021762),4/42,0.9540343763254804,0.999996300842126,0,0,0.4893708939770882,0.0230276284612599,PLP1;NDRG2;SYNGR3;INA
3827,GO_Biological_Process_2023,Regulation Of Osteoclast Differentiation (GO:0045670),4/42,0.9540343763254804,0.999996300842126,0,0,0.4893708939770882,0.0230276284612599,IFNG;TMEM178A;IL12B;POU4F1
3858,GO_Biological_Process_2023,Dendritic Spine Organization (GO:0097061),2/26,0.9582999043775596,0.999996300842126,0,0,0.3875294672324375,0.0165066228905916,PAK3;EPHB1
3857,GO_Biological_Process_2023,Positive Regulation Of DNA Metabolic Process (GO:0051054),13/108,0.95807441231527,0.999996300842126,0,0,0.6355935241053826,0.0272223621906874,H2AX;GINS1;CDT1;GINS2;EGF;GINS4;FGF2;EGFR;DEPDC1B;RAD51;WT1;DNA2;FGFR4
3856,GO_Biological_Process_2023,Sphingolipid Metabolic Process (GO:0006665),11/94,0.957595207788814,0.999996300842126,0,0,0.6156674343431582,0.0266769494426404,CERKL;FUT7;ELOVL2;ELOVL3;ENPP2;SPTSSB;DEGS2;PLPP3;ST6GALNAC3;PLPP1;FUT3
3855,GO_Biological_Process_2023,"Synaptic Transmission, Cholinergic (GO:0007271)",1/16,0.9556269816591848,0.999996300842126,0,0,0.310105580693816,0.0140749569302287,RIC3
3854,GO_Biological_Process_2023,Regulation Of Triglyceride Biosynthetic Process (GO:0010866),1/16,0.9556269816591848,0.999996300842126,0,0,0.310105580693816,0.0140749569302287,GPLD1
3853,GO_Biological_Process_2023,Regulation Of Transforming Growth Factor Beta Production (GO:0071634),1/16,0.9556269816591848,0.999996300842126,0,0,0.310105580693816,0.0140749569302287,FN1
3852,GO_Biological_Process_2023,Regulation Of B Cell Receptor Signaling Pathway (GO:0050855),1/16,0.9556269816591848,0.999996300842126,0,0,0.310105580693816,0.0140749569302287,FCRL3
3851,GO_Biological_Process_2023,Protein O-linked Mannosylation (GO:0035269),1/16,0.9556269816591848,0.999996300842126,0,0,0.310105580693816,0.0140749569302287,TMTC1
3850,GO_Biological_Process_2023,Negative Regulation Of Natural Killer Cell Mediated Cytotoxicity (GO:0045953),1/16,0.9556269816591848,0.999996300842126,0,0,0.310105580693816,0.0140749569302287,KIR2DL4
3849,GO_Biological_Process_2023,Negative Regulation Of Cytokine Production Involved In Immune Response (GO:0002719),1/16,0.9556269816591848,0.999996300842126,0,0,0.310105580693816,0.0140749569302287,FOXP3
3848,GO_Biological_Process_2023,Mitophagy (GO:0000423),1/16,0.9556269816591848,0.999996300842126,0,0,0.310105580693816,0.0140749569302287,PRKN
3847,GO_Biological_Process_2023,"Mitochondrial Electron Transport, Cytochrome C To Oxygen (GO:0006123)",1/16,0.9556269816591848,0.999996300842126,0,0,0.310105580693816,0.0140749569302287,COX6C
3846,GO_Biological_Process_2023,Maturation Of 5.8S rRNA (GO:0000460),1/16,0.9556269816591848,0.999996300842126,0,0,0.310105580693816,0.0140749569302287,EXOSC4
3845,GO_Biological_Process_2023,Male Meiosis I (GO:0007141),1/16,0.9556269816591848,0.999996300842126,0,0,0.310105580693816,0.0140749569302287,MYBL1
3844,GO_Biological_Process_2023,Extrinsic Apoptotic Signaling Pathway In Absence Of Ligand (GO:0097192),1/16,0.9556269816591848,0.999996300842126,0,0,0.310105580693816,0.0140749569302287,BCL2A1
3843,GO_Biological_Process_2023,Cellular Response To Nitrogen Compound (GO:1901699),1/16,0.9556269816591848,0.999996300842126,0,0,0.310105580693816,0.0140749569302287,BLM
3874,GO_Biological_Process_2023,Hippo Signaling (GO:0035329),1/17,0.9634802807195224,0.999996300842126,0,0,0.290706306561086,0.0108152216198664,FAT4
3873,GO_Biological_Process_2023,Embryonic Digit Morphogenesis (GO:0042733),1/17,0.9634802807195224,0.999996300842126,0,0,0.290706306561086,0.0108152216198664,MAP3K20
3872,GO_Biological_Process_2023,Embryonic Axis Specification (GO:0000578),1/17,0.9634802807195224,0.999996300842126,0,0,0.290706306561086,0.0108152216198664,STIL
3871,GO_Biological_Process_2023,Diol Biosynthetic Process (GO:0034312),1/17,0.9634802807195224,0.999996300842126,0,0,0.290706306561086,0.0108152216198664,SPTSSB
3870,GO_Biological_Process_2023,Detection Of Visible Light (GO:0009584),1/17,0.9634802807195224,0.999996300842126,0,0,0.290706306561086,0.0108152216198664,RPE65
3869,GO_Biological_Process_2023,Cellular Response To dsRNA (GO:0071359),1/17,0.9634802807195224,0.999996300842126,0,0,0.290706306561086,0.0108152216198664,IFIT1
3868,GO_Biological_Process_2023,G Protein-Coupled Acetylcholine Receptor Signaling Pathway (GO:0007213),1/17,0.9634802807195224,0.999996300842126,0,0,0.290706306561086,0.0108152216198664,RGS8
3867,GO_Biological_Process_2023,Negative Regulation Of Protein-Containing Complex Assembly (GO:0031333),6/59,0.962296759257644,0.999996300842126,0,0,0.5261217357849345,0.0202201180154183,OPRD1;PRRT2;KIF14;PYDC1;DKK1;CRYAB
3866,GO_Biological_Process_2023,Regulatory ncRNA Processing (GO:0070918),3/35,0.9605030811584088,0.999996300842126,0,0,0.4358817911714771,0.0175652031746284,ANKRD34B;TERT;TEX15
3865,GO_Biological_Process_2023,Intrinsic Apoptotic Signaling Pathway By P53 Class Mediator (GO:0072332),3/35,0.9605030811584088,0.999996300842126,0,0,0.4358817911714771,0.0175652031746284,PYCARD;PMAIP1;POU4F1
3864,GO_Biological_Process_2023,Negative Regulation Of DNA-binding Transcription Factor Activity (GO:0043433),19/149,0.9593446835431176,0.999996300842126,0,0,0.678547688809201,0.0281630193100691,HES6;PTGIS;CDKN2A;FOXH1;FOXJ1;PROX1;KLF4;FOXP3;ESR1;MTURN;PYCARD;ADGRG3;TCEAL7;AIM2;TNFSF4;PLA2G10;E2F1;PYDC1;E2F2
3863,GO_Biological_Process_2023,Regulation Of Interferon-Alpha Production (GO:0032647),2/26,0.9582999043775596,0.999996300842126,0,0,0.3875294672324375,0.0165066228905916,NMB;IRF7
3862,GO_Biological_Process_2023,Positive Regulation Of Erythrocyte Differentiation (GO:0045648),2/26,0.9582999043775596,0.999996300842126,0,0,0.3875294672324375,0.0165066228905916,TAL1;INHBA
3861,GO_Biological_Process_2023,Organelle Membrane Fusion (GO:0090174),2/26,0.9582999043775596,0.999996300842126,0,0,0.3875294672324375,0.0165066228905916,SYT4;CAV2
3860,GO_Biological_Process_2023,Mitotic G1 DNA Damage Checkpoint Signaling (GO:0031571),2/26,0.9582999043775596,0.999996300842126,0,0,0.3875294672324375,0.0165066228905916,MUC1;GTSE1
3859,GO_Biological_Process_2023,Meiosis I (GO:0007127),2/26,0.9582999043775596,0.999996300842126,0,0,0.3875294672324375,0.0165066228905916,PTTG1;MYBL1
3890,GO_Biological_Process_2023,Regulation Of Tubulin Deacetylation (GO:0090043),1/17,0.9634802807195224,0.999996300842126,0,0,0.290706306561086,0.0108152216198664,KAT2B
3889,GO_Biological_Process_2023,Regulation Of Receptor Recycling (GO:0001919),1/17,0.9634802807195224,0.999996300842126,0,0,0.290706306561086,0.0108152216198664,SNCA
3888,GO_Biological_Process_2023,Regulation Of Protein Sumoylation (GO:0033233),1/17,0.9634802807195224,0.999996300842126,0,0,0.290706306561086,0.0108152216198664,EGR1
3887,GO_Biological_Process_2023,Regulation Of Hematopoietic Progenitor Cell Differentiation (GO:1901532),1/17,0.9634802807195224,0.999996300842126,0,0,0.290706306561086,0.0108152216198664,OSM
3886,GO_Biological_Process_2023,Receptor Recycling (GO:0001881),1/17,0.9634802807195224,0.999996300842126,0,0,0.290706306561086,0.0108152216198664,NSG1
3885,GO_Biological_Process_2023,rRNA Transcription (GO:0009303),1/17,0.9634802807195224,0.999996300842126,0,0,0.290706306561086,0.0108152216198664,CAVIN1
3884,GO_Biological_Process_2023,Postsynaptic Membrane Organization (GO:0001941),1/17,0.9634802807195224,0.999996300842126,0,0,0.290706306561086,0.0108152216198664,NLGN1
3883,GO_Biological_Process_2023,Positive Regulation Of Peptidyl-Serine Phosphorylation Of STAT Protein (GO:0033141),1/17,0.9634802807195224,0.999996300842126,0,0,0.290706306561086,0.0108152216198664,IFNG
3882,GO_Biological_Process_2023,Positive Regulation Of Cell Cycle Phase Transition (GO:1901989),1/17,0.9634802807195224,0.999996300842126,0,0,0.290706306561086,0.0108152216198664,EZH2
3881,GO_Biological_Process_2023,Positive Regulation Of Amyloid-Beta Formation (GO:1902004),1/17,0.9634802807195224,0.999996300842126,0,0,0.290706306561086,0.0108152216198664,IFNG
3880,GO_Biological_Process_2023,Positive Regulation By Host Of Viral Process (GO:0044794),1/17,0.9634802807195224,0.999996300842126,0,0,0.290706306561086,0.0108152216198664,CAV2
3879,GO_Biological_Process_2023,Peroxisomal Membrane Transport (GO:0015919),1/17,0.9634802807195224,0.999996300842126,0,0,0.290706306561086,0.0108152216198664,ABCD2
3878,GO_Biological_Process_2023,Peptidyl-Threonine Dephosphorylation (GO:0035970),1/17,0.9634802807195224,0.999996300842126,0,0,0.290706306561086,0.0108152216198664,PPM1E
3877,GO_Biological_Process_2023,"Nuclear-Transcribed mRNA Catabolic Process, Exonucleolytic (GO:0000291)",1/17,0.9634802807195224,0.999996300842126,0,0,0.290706306561086,0.0108152216198664,EXOSC4
3876,GO_Biological_Process_2023,Nuclear Envelope Organization (GO:0006998),1/17,0.9634802807195224,0.999996300842126,0,0,0.290706306561086,0.0108152216198664,LMNB1
3875,GO_Biological_Process_2023,Negative Regulation Of Fibroblast Proliferation (GO:0048147),1/17,0.9634802807195224,0.999996300842126,0,0,0.290706306561086,0.0108152216198664,SFRP1
3906,GO_Biological_Process_2023,Fatty Acid Oxidation (GO:0019395),5/52,0.9651643240169498,0.999996300842126,0,0,0.4944459169658562,0.0175315234800245,ADH4;ABCD2;ACSM1;ADIPOQ;PPARGC1A
3905,GO_Biological_Process_2023,Protein Processing (GO:0016485),14/117,0.9651227026804892,0.999996300842126,0,0,0.6311919728607294,0.0224073356699923,CPM;PCSK1;MME;F12;TMPRSS4;MYRFL;PCSK5;PCSK4;VSIR;ADAM19;F7;GGT2P;CTSG;MASP1
3904,GO_Biological_Process_2023,Regulation Of Viral Entry Into Host Cell (GO:0046596),4/44,0.9647151156829322,0.999996300842126,0,0,0.4648457401641664,0.0166983923443508,LRRC15;GSN;TMPRSS4;HS3ST6
3903,GO_Biological_Process_2023,Phosphatidylinositol Phosphate Biosynthetic Process (GO:0046854),4/44,0.9647151156829322,0.999996300842126,0,0,0.4648457401641664,0.0166983923443508,HYCC1;SOCS3;ITPKA;PIK3C2G
3902,GO_Biological_Process_2023,Nucleobase-Containing Compound Catabolic Process (GO:0034655),4/44,0.9647151156829322,0.999996300842126,0,0,0.4648457401641664,0.0166983923443508,RNASEH2A;EXOSC4;DNASE1L2;DNASE1L3
3901,GO_Biological_Process_2023,Regulation Of Peptidase Activity (GO:0052547),2/27,0.9645622692093409,0.999996300842126,0,0,0.372005657708628,0.0134222943189629,CAV1;PRSS22
3900,GO_Biological_Process_2023,Regulation Of Chromatin Organization (GO:1902275),2/27,0.9645622692093409,0.999996300842126,0,0,0.372005657708628,0.0134222943189629,TAL1;MKI67
3899,GO_Biological_Process_2023,Regulation Of Androgen Receptor Signaling Pathway (GO:0060765),2/27,0.9645622692093409,0.999996300842126,0,0,0.372005657708628,0.0134222943189629,SFRP1;FOXH1
3898,GO_Biological_Process_2023,Peptidyl-Lysine Methylation (GO:0018022),2/27,0.9645622692093409,0.999996300842126,0,0,0.372005657708628,0.0134222943189629,SMYD1;SMYD3
3897,GO_Biological_Process_2023,Establishment Of Protein Localization To Vacuole (GO:0072666),2/27,0.9645622692093409,0.999996300842126,0,0,0.372005657708628,0.0134222943189629,CACNG4;CACNG5
3896,GO_Biological_Process_2023,Chaperone Cofactor-Dependent Protein Refolding (GO:0051085),2/27,0.9645622692093409,0.999996300842126,0,0,0.372005657708628,0.0134222943189629,SDF2L1;HSPA6
3895,GO_Biological_Process_2023,Negative Regulation Of Cellular Catabolic Process (GO:0031330),7/67,0.96444883767566,0.999996300842126,0,0,0.5421199244570349,0.019623924551204,LEP;LEPR;KIF25;MET;MAGEA3;TIMP4;GPLD1
3894,GO_Biological_Process_2023,Extrinsic Apoptotic Signaling Pathway (GO:0097191),7/67,0.96444883767566,0.999996300842126,0,0,0.5421199244570349,0.019623924551204,MLLT11;IFI27;IFNG;BCL2A1;G0S2;INHBA;FGFR3
3893,GO_Biological_Process_2023,Cholesterol Metabolic Process (GO:0008203),7/67,0.96444883767566,0.999996300842126,0,0,0.5421199244570349,0.019623924551204,CETP;SQLE;ABCA5;SH2D2A;AKR1D1;APOB;CES1
3892,GO_Biological_Process_2023,Regulation Of Viral Transcription (GO:0046782),1/17,0.9634802807195224,0.999996300842126,0,0,0.290706306561086,0.0108152216198664,ZFP36
3891,GO_Biological_Process_2023,Regulation Of Vacuole Organization (GO:0044088),1/17,0.9634802807195224,0.999996300842126,0,0,0.290706306561086,0.0108152216198664,RNF186
3922,GO_Biological_Process_2023,Intracellular Lipid Transport (GO:0032365),1/18,0.9699439249709636,0.999996300842126,0,0,0.273589299973383,0.0083491297188448,ABCD2
3921,GO_Biological_Process_2023,Autophagy Of Nucleus (GO:0044804),1/18,0.9699439249709636,0.999996300842126,0,0,0.273589299973383,0.0083491297188448,ATG9B
3920,GO_Biological_Process_2023,Associative Learning (GO:0008306),1/18,0.9699439249709636,0.999996300842126,0,0,0.273589299973383,0.0083491297188448,NETO1
3919,GO_Biological_Process_2023,Antigen Processing And Presentation Of Peptide Antigen Via MHC Class I (GO:0002474),1/18,0.9699439249709636,0.999996300842126,0,0,0.273589299973383,0.0083491297188448,TAP1
3918,GO_Biological_Process_2023,"Regulation Of DNA Damage Response, Signal Transduction By P53 Class Mediator (GO:0043516)",2/28,0.9699144886770288,0.999996300842126,0,0,0.3576759873789576,0.0109260597872304,PMAIP1;PLA2R1
3917,GO_Biological_Process_2023,Protein Localization To Golgi Apparatus (GO:0034067),2/28,0.9699144886770288,0.999996300842126,0,0,0.3576759873789576,0.0109260597872304,GBP5;LACRT
3916,GO_Biological_Process_2023,Positive Regulation Of Programmed Cell Death (GO:0043068),33/245,0.9694000489894586,0.999996300842126,0,0,0.7219283083484105,0.022436019408935,TOP2A;FOXA1;PRR7;CSRNP3;BCL2A1;SLC6A2;FOXO1;PYCARD;ACVR1C;ADAMTSL4;AIFM2;CLEC7A;MAP3K20;E2F1;IGF2BP1;CTLA4;PMAIP1;ECT2;HOXA5;SPDEF;SNCA;GBP5;WNT10B;NRG1;MLLT11;FCER2;SFRP1;BMP2;IL6;MELK;IFNG;NEURL1;GPLD1
3915,GO_Biological_Process_2023,Glycoprotein Metabolic Process (GO:0009100),5/53,0.969261414515768,0.999996300842126,0,0,0.4841154681011702,0.01511453313376,NEU4;ST8SIA2;GAL3ST2;NCCRP1;ST6GALNAC3
3914,GO_Biological_Process_2023,Regulation Of Stem Cell Differentiation (GO:2000736),4/45,0.9691430406835824,0.999996300842126,0,0,0.4534804249825685,0.0142134647046764,TCF15;ESRRB;OSM;PTN
3913,GO_Biological_Process_2023,Regulation Of Apoptotic Signaling Pathway (GO:2001233),4/45,0.9691430406835824,0.999996300842126,0,0,0.4534804249825685,0.0142134647046764,PYCARD;GATA4;MAPK8IP2;CX3CL1
3912,GO_Biological_Process_2023,B Cell Differentiation (GO:0030183),7/68,0.9682086629666952,0.999996300842126,0,0,0.5332002043375285,0.0172264477248468,TPD52;ADGRG3;IL11;CR2;KIT;PAX5;MS4A1
3911,GO_Biological_Process_2023,Regulation Of Defense Response (GO:0031347),11/97,0.9680652661385132,0.999996300842126,0,0,0.5940818372488754,0.0192813836382348,SEMA7A;IL20;ANXA1;NLRP6;CMA1;TNFSF4;GGT2P;IGF2BP1;NOD2;LRP8;MGLL
3910,GO_Biological_Process_2023,Regulation Of Apoptotic Process (GO:0042981),107/705,0.968019317712812,0.999996300842126,0,0,0.8276153748647094,0.026900177506965,FOXA1;SCX;AQP1;PYCARD;COMP;TCL1A;CLEC5A;PROK2;HOXA5;MAGEA4;ACTN3;ACTN2;OLFM4;DKK1;POU3F3;SFRP1;MELK;DPEP1;GPLD1;HPN;FOXO1;SOCS3;NUAK2;MAP3K20;PMAIP1;NKX2-5;ECT2;NTSR1;WNT10B;EGR1;STIL;EGR3;TSLP;CBX4;PLK1;CIDEA;HMGA2;AZU1;IGF1;MT3;CIDEC;MLLT11;CXCL10;BMP2;IL6;PROC;ALB;CDK1;LACRT;TOP2A;PRR7;CSRNP3;CITED1;KIF14;HSPB1;SLC6A2;CX3CL1;RNF157;GRM4;ADAMTSL4;AIFM2;FFAR4;CTLA4;AMH;NAT8B;ANXA1;PLAUR;NRG1;MMP9;PAX2;NME1;TOX3;PAX7;CEACAM5;CAT;BIRC5;ANGPTL4;CRYAB;MCM2;PRKN;BCL2A1;LEF1;IFI6;ASCL1;LRP8;EGFR;MIEN1;ACVR1C;ERBB2;E2F1;IGF2BP1;PRAME;SPDEF;SNCA;ANGPT4;EGLN3;ANGPT1;BIK;DHRS2;POU4F1;KRT18;WT1;NEURL1;SPRY2;TEK;VIP;MAD2L1
3909,GO_Biological_Process_2023,Response To Light Stimulus (GO:0009416),6/60,0.9664640617929742,0.999996300842126,0,0,0.5163472733566191,0.0176132069828184,TRPM1;MAPK10;OPN4;DCT;PCLAF;ELANE
3908,GO_Biological_Process_2023,Regulation Of Intracellular Protein Transport (GO:0033157),3/36,0.9658427753029524,0.999996300842126,0,0,0.4226475279106858,0.0146887836889481,TENM1;IFI27;PTPN14
3907,GO_Biological_Process_2023,Negative Regulation Of Organelle Assembly (GO:1902116),3/36,0.9658427753029524,0.999996300842126,0,0,0.4226475279106858,0.0146887836889481,KAT2B;CAV3;KIF24
3938,GO_Biological_Process_2023,RNA Stabilization (GO:0043489),3/37,0.97049573714201,0.999996300842126,0,0,0.4101917507240587,0.0122845328174197,SLC11A1;E2F1;VIP
3937,GO_Biological_Process_2023,Negative Regulation Of Autophagy (GO:0010507),6/61,0.9702051694219,0.999996300842126,0,0,0.5069282459256971,0.0153334210995349,LEP;LEPR;KIF25;MET;MAGEA3;SNCA
3936,GO_Biological_Process_2023,Vesicle Transport Along Actin Filament (GO:0030050),1/18,0.9699439249709636,0.999996300842126,0,0,0.273589299973383,0.0083491297188448,MYO7B
3935,GO_Biological_Process_2023,Response To Axon Injury (GO:0048678),1/18,0.9699439249709636,0.999996300842126,0,0,0.273589299973383,0.0083491297188448,P2RY12
3934,GO_Biological_Process_2023,Regulation Of Protein Neddylation (GO:2000434),1/18,0.9699439249709636,0.999996300842126,0,0,0.273589299973383,0.0083491297188448,EPAS1
3933,GO_Biological_Process_2023,Regulation Of Peptidyl-Serine Phosphorylation Of STAT Protein (GO:0033139),1/18,0.9699439249709636,0.999996300842126,0,0,0.273589299973383,0.0083491297188448,IFNG
3932,GO_Biological_Process_2023,Regulation Of Oxidative Stress-Induced Intrinsic Apoptotic Signaling Pathway (GO:1902175),1/18,0.9699439249709636,0.999996300842126,0,0,0.273589299973383,0.0083491297188448,HSPB1
3931,GO_Biological_Process_2023,Regulation Of Mitochondrial Membrane Permeability (GO:0046902),1/18,0.9699439249709636,0.999996300842126,0,0,0.273589299973383,0.0083491297188448,PMAIP1
3930,GO_Biological_Process_2023,Regulation Of RIG-I Signaling Pathway (GO:0039535),1/18,0.9699439249709636,0.999996300842126,0,0,0.273589299973383,0.0083491297188448,OASL
3929,GO_Biological_Process_2023,Positive Regulation Of Response To Endoplasmic Reticulum Stress (GO:1905898),1/18,0.9699439249709636,0.999996300842126,0,0,0.273589299973383,0.0083491297188448,PMAIP1
3928,GO_Biological_Process_2023,Positive Regulation Of Establishment Of Protein Localization (GO:1904951),1/18,0.9699439249709636,0.999996300842126,0,0,0.273589299973383,0.0083491297188448,CORO2B
3927,GO_Biological_Process_2023,Positive Regulation Of G Protein-Coupled Receptor Signaling Pathway (GO:0045745),1/18,0.9699439249709636,0.999996300842126,0,0,0.273589299973383,0.0083491297188448,CHGA
3926,GO_Biological_Process_2023,Neural Crest Cell Differentiation (GO:0014033),1/18,0.9699439249709636,0.999996300842126,0,0,0.273589299973383,0.0083491297188448,NRG1
3925,GO_Biological_Process_2023,Negative Regulation Of Signal Transduction By P53 Class Mediator (GO:1901797),1/18,0.9699439249709636,0.999996300842126,0,0,0.273589299973383,0.0083491297188448,PRKN
3924,GO_Biological_Process_2023,Mitotic Cytokinetic Process (GO:1902410),1/18,0.9699439249709636,0.999996300842126,0,0,0.273589299973383,0.0083491297188448,KIF20A
3923,GO_Biological_Process_2023,Mitochondrial Fusion (GO:0008053),1/18,0.9699439249709636,0.999996300842126,0,0,0.273589299973383,0.0083491297188448,BCL2A1
3954,GO_Biological_Process_2023,Positive Regulation Of Protein Localization (GO:1903829),9/85,0.9749564658551992,0.999996300842126,0,0,0.550046992481203,0.0139505445072359,PRKN;NGFR;RIC3;PLK1;PECAM1;CDK1;CORO2B;FERMT2;TMEM35A
3953,GO_Biological_Process_2023,Negative Regulation Of Extrinsic Apoptotic Signaling Pathway (GO:2001237),7/70,0.9746603256934164,0.999996300842126,0,0,0.5162102612527542,0.013249182953959,FGA;TERT;UNC5B;IFI6;IGF1;BMP5;PF4
3952,GO_Biological_Process_2023,Tumor Necrosis Factor-Mediated Signaling Pathway (GO:0033209),3/38,0.9745438066836728,0.999996300842126,0,0,0.3984477322338103,0.0102742967453599,PYCARD;AIM2;PYDC1
3951,GO_Biological_Process_2023,Regulation Of Protein Import Into Nucleus (GO:0042306),3/38,0.9745438066836728,0.999996300842126,0,0,0.3984477322338103,0.0102742967453599,IFNG;ZIC1;ECT2
3950,GO_Biological_Process_2023,Regulation Of Intracellular Transport (GO:0032386),3/38,0.9745438066836728,0.999996300842126,0,0,0.3984477322338103,0.0102742967453599,MYLK2;SPAG5;CRYAB
3949,GO_Biological_Process_2023,Positive Regulation Of Myoblast Differentiation (GO:0045663),3/38,0.9745438066836728,0.999996300842126,0,0,0.3984477322338103,0.0102742967453599,MYOG;BOC;SMYD1
3948,GO_Biological_Process_2023,Membrane Assembly (GO:0071709),3/38,0.9745438066836728,0.999996300842126,0,0,0.3984477322338103,0.0102742967453599,NLGN1;TLCD1;SPTBN1
3947,GO_Biological_Process_2023,Cellular Response To Type I Interferon (GO:0071357),3/38,0.9745438066836728,0.999996300842126,0,0,0.3984477322338103,0.0102742967453599,IFI27;OAS2;IFIT1
3946,GO_Biological_Process_2023,Response To Interferon-Beta (GO:0035456),2/29,0.9744825145864966,0.999996300842126,0,0,0.3444077741107444,0.0089024943170752,AIM2;OAS1
3945,GO_Biological_Process_2023,mRNA Splice Site Recognition (GO:0006376),2/29,0.9744825145864966,0.999996300842126,0,0,0.3444077741107444,0.0089024943170752,CELF2;CELF3
3944,GO_Biological_Process_2023,Glycerophospholipid Metabolic Process (GO:0006650),6/62,0.973558635366674,0.999996300842126,0,0,0.4978456123315936,0.0133408806311598,CETP;PLA2G4D;PLA2G10;PLA2G2A;PLA2G4A;GPLD1
3943,GO_Biological_Process_2023,Purine Ribonucleotide Metabolic Process (GO:0009150),9/84,0.9721883146558892,0.999996300842126,0,0,0.5574149659863945,0.015722309366861,SULT1C3;ACSM3;ACSM1;ACSM2A;AMPD1;ACSM5;ATP1A2;GLYAT;ACSM2B
3942,GO_Biological_Process_2023,Positive Regulation Of Protein Ubiquitination (GO:0031398),9/84,0.9721883146558892,0.999996300842126,0,0,0.5574149659863945,0.015722309366861,FANCI;ANGPT1;CENPX;CAV1;PLK1;FAM107A;TRIB3;MAGEC2;INAVA
3941,GO_Biological_Process_2023,Regulation Of RNA Metabolic Process (GO:0051252),10/91,0.9714640585541332,0.999996300842126,0,0,0.5734247620647772,0.0166012241146862,KAT2B;OAS1;AHNAK;OAS2;ESRP1;OAS3;HOXB-AS3;ILDR2;OASL;MCM2
3940,GO_Biological_Process_2023,Lymphocyte Differentiation (GO:0030098),10/91,0.9714640585541332,0.999996300842126,0,0,0.5734247620647772,0.0166012241146862,TPD52;ADGRG3;IL11;CR2;LEP;KIT;LEPR;PAX5;GATA3;MS4A1
3939,GO_Biological_Process_2023,Mitochondrion Disassembly (GO:0061726),3/37,0.97049573714201,0.999996300842126,0,0,0.4101917507240587,0.0122845328174197,PRKN;MAP1LC3C;ATG9B
3970,GO_Biological_Process_2023,Regulation Of Signal Transduction By P53 Class Mediator (GO:1901796),4/47,0.9764844174692412,0.999996300842126,0,0,0.4323356525516887,0.0102880694439746,CHEK1;AURKB;AURKA;MAP2K6
3969,GO_Biological_Process_2023,Golgi To Plasma Membrane Transport (GO:0006893),4/47,0.9764844174692412,0.999996300842126,0,0,0.4323356525516887,0.0102880694439746,KRT18;RAB31;RAB26;SPTBN1
3968,GO_Biological_Process_2023,Response To UV (GO:0009411),11/100,0.9761518478963398,0.999996300842126,0,0,0.5739514489474657,0.0138535366100176,MFAP4;FEN1;CAT;PCLAF;IL12B;CDC25A;ELANE;IVL;AURKB;EGFR;AQP1
3967,GO_Biological_Process_2023,Purine Ribonucleotide Biosynthetic Process (GO:0009152),5/55,0.976149424900986,0.999996300842126,0,0,0.4646942242355606,0.0112175350205688,NPR1;NPR2;ADCY4;AMPD1;AK5
3966,GO_Biological_Process_2023,Positive Regulation Of T Cell Activation (GO:0050870),12/107,0.975797229193345,0.999996300842126,0,0,0.586535274356103,0.014370390554649,PYCARD;IL21;IL6;ANXA1;CD209;CD80;LEP;SIRPG;IL12B;CCR7;GATA3;NOD2
3965,GO_Biological_Process_2023,Non-Membrane-Bounded Organelle Assembly (GO:0140694),16/135,0.9757242447389451,0.999996300842126,0,0,0.6241160480096611,0.0153378195286581,TMOD1;CENPW;STARD9;GOLGA8K;LMOD1;GOLGA8M;CENPA;SQLE;CENPE;CENPF;MCIDAS;GOLGA8IP;NEK2;PGM5;DLGAP5;SMIM22
3964,GO_Biological_Process_2023,Regulation Of Cytoskeleton Organization (GO:0051493),13/114,0.9756017031724904,0.999996300842126,0,0,0.5976163450624291,0.0147616417802979,SPEF1;LRP1;FAM107A;NRG1;CELSR1;CORO2B;DAAM2;RAC3;PAK3;S100A9;S100A8;GPM6B;SMIM22
3963,GO_Biological_Process_2023,Regulation Of Autophagy Of Mitochondrion (GO:1903146),1/19,0.9752637576256395,0.999996300842126,0,0,0.258374183006536,0.0064715818560661,PRKN
3962,GO_Biological_Process_2023,rRNA Catabolic Process (GO:0016075),1/19,0.9752637576256395,0.999996300842126,0,0,0.258374183006536,0.0064715818560661,EXOSC4
3961,GO_Biological_Process_2023,Protein Insertion Into Membrane (GO:0051205),1/19,0.9752637576256395,0.999996300842126,0,0,0.258374183006536,0.0064715818560661,EGFR
3960,GO_Biological_Process_2023,Negative Regulation Of Protein Dephosphorylation (GO:0035308),1/19,0.9752637576256395,0.999996300842126,0,0,0.258374183006536,0.0064715818560661,PPP1R16B
3959,GO_Biological_Process_2023,Negative Regulation Of Fatty Acid Metabolic Process (GO:0045922),1/19,0.9752637576256395,0.999996300842126,0,0,0.258374183006536,0.0064715818560661,TRIB3
3958,GO_Biological_Process_2023,Negative Regulation Of Execution Phase Of Apoptosis (GO:1900118),1/19,0.9752637576256395,0.999996300842126,0,0,0.258374183006536,0.0064715818560661,CIDEA
3957,GO_Biological_Process_2023,Intrinsic Apoptotic Signaling Pathway In Response To DNA Damage By P53 Class Mediator (GO:0042771),1/19,0.9752637576256395,0.999996300842126,0,0,0.258374183006536,0.0064715818560661,PYCARD
3956,GO_Biological_Process_2023,NADP Metabolic Process (GO:0006739),1/19,0.9752637576256395,0.999996300842126,0,0,0.258374183006536,0.0064715818560661,FMO2
3955,GO_Biological_Process_2023,N-glycan Processing (GO:0006491),1/19,0.9752637576256395,0.999996300842126,0,0,0.258374183006536,0.0064715818560661,ST8SIA2
3986,GO_Biological_Process_2023,Negative Regulation Of Phosphoprotein Phosphatase Activity (GO:0032515),1/20,0.9796421401247078,0.999996300842126,0,0,0.2447606572993569,0.0050342218146246,PPP1R14D
3985,GO_Biological_Process_2023,Mitochondrial RNA Metabolic Process (GO:0000959),1/20,0.9796421401247078,0.999996300842126,0,0,0.2447606572993569,0.0050342218146246,MRPL12
3984,GO_Biological_Process_2023,Actin Filament-Based Transport (GO:0099515),1/20,0.9796421401247078,0.999996300842126,0,0,0.2447606572993569,0.0050342218146246,MYO7B
3983,GO_Biological_Process_2023,Fc-gamma Receptor Signaling Pathway Involved In Phagocytosis (GO:0038096),1/20,0.9796421401247078,0.999996300842126,0,0,0.2447606572993569,0.0050342218146246,PLPP4
3982,GO_Biological_Process_2023,Post-Translational Protein Modification (GO:0043687),4/48,0.9795057980296692,0.999996300842126,0,0,0.4224841108509379,0.0087484301270729,CCNA2;DSCC1;ESCO2;AURKB
3981,GO_Biological_Process_2023,Negative Regulation Of ERK1 And ERK2 Cascade (GO:0070373),4/48,0.9795057980296692,0.999996300842126,0,0,0.4224841108509379,0.0087484301270729,PSCA;LMO3;SPRY2;SPRY1
3980,GO_Biological_Process_2023,Positive Regulation Of Type I Interferon Production (GO:0032481),6/64,0.9792432223330224,0.999996300842126,0,0,0.4806199279289836,0.0100811124465004,NMB;OAS1;OAS2;OAS3;IRF7;ISG15
3979,GO_Biological_Process_2023,Positive Regulation Of Cysteine-Type Endopeptidase Activity (GO:2001056),6/64,0.9792432223330224,0.999996300842126,0,0,0.4806199279289836,0.0100811124465004,PYCARD;AIM2;CLEC7A;PMAIP1;SOX7;GRIN2B
3978,GO_Biological_Process_2023,Positive Regulation Of Catabolic Process (GO:0009896),8/79,0.9785170408304564,0.999996300842126,0,0,0.523373736325576,0.0113661477520427,PRKN;CAV3;GPC3;C4BPA;ASB5;VIP;VSIR;FOXO1
3977,GO_Biological_Process_2023,Regulation Of Arp2/3 Complex-Mediated Actin Nucleation (GO:0034315),2/30,0.978376229573367,0.999996300842126,0,0,0.3320872903616892,0.0072597569693655,CARMIL2;WASF3
3976,GO_Biological_Process_2023,GPI Anchor Biosynthetic Process (GO:0006506),2/30,0.978376229573367,0.999996300842126,0,0,0.3320872903616892,0.0072597569693655,PGAP4;PIGQ
3975,GO_Biological_Process_2023,Positive Regulation Of Pattern Recognition Receptor Signaling Pathway (GO:0062208),3/39,0.978060294451642,0.999996300842126,0,0,0.3873561592152424,0.0085930935724244,RSAD2;CAV1;OASL
3974,GO_Biological_Process_2023,"Nuclear-Transcribed mRNA Catabolic Process, Deadenylation-Dependent Decay (GO:0000288)",3/39,0.978060294451642,0.999996300842126,0,0,0.3873561592152424,0.0085930935724244,ZFP36;NLRP6;SAMD4A
3973,GO_Biological_Process_2023,Synapse Assembly (GO:0007416),7/71,0.9774128685302328,0.999996300842126,0,0,0.5081134915014164,0.0116084259410923,NPAS4;GPM6A;NLGN1;CDH2;SLITRK6;POU4F1;ADGRL3
3972,GO_Biological_Process_2023,Regulation Of Double-Strand Break Repair Via Homologous Recombination (GO:0010569),7/71,0.9774128685302328,0.999996300842126,0,0,0.5081134915014164,0.0116084259410923,RAD51AP1;POLQ;RMI2;PARPBP;RAD51;CHEK1;TEX15
3971,GO_Biological_Process_2023,Regulation Of Cellular Catabolic Process (GO:0031329),6/63,0.9765602704589598,0.999996300842126,0,0,0.4890816676355289,0.0116004349877075,PRKN;LAMP3;HSPB1;TRIB3;MAPK15;DEPP1
4002,GO_Biological_Process_2023,Proton Transmembrane Transport (GO:1902600),4/49,0.9821579220056093,0.999996300842126,0,0,0.4130704154479982,0.0074365756105091,SLC36A2;FXYD2;ATP1A3;ATP1A2
4001,GO_Biological_Process_2023,Intrinsic Apoptotic Signaling Pathway In Response To DNA Damage (GO:0008630),4/49,0.9821579220056093,0.999996300842126,0,0,0.4130704154479982,0.0074365756105091,PYCARD;BCL2A1;E2F1;CRIP1
4000,GO_Biological_Process_2023,Phospholipid Translocation (GO:0045332),2/31,0.981691189366402,0.999996300842126,0,0,0.3206164951470516,0.0059245090834199,ABCB1;PLSCR4
3999,GO_Biological_Process_2023,Bile Acid Metabolic Process (GO:0008206),2/31,0.981691189366402,0.999996300842126,0,0,0.3206164951470516,0.0059245090834199,AKR1C1;AKR1D1
3998,GO_Biological_Process_2023,Protein Maturation (GO:0051604),13/117,0.9815986367839457,0.999996300842126,0,0,0.5802709988649262,0.0107772423271395,CPM;PCSK1;MME;TESC;F12;TMPRSS4;GZMB;PCSK5;PCSK4;ADAM19;F7;NNAT;CTSG
3997,GO_Biological_Process_2023,RNA Catabolic Process (GO:0006401),5/57,0.9815748604516792,0.999996300842126,0,0,0.446766922205767,0.008308522978017,FEN1;ZFP36;RNASEH2A;EXOSC4;DNA2
3996,GO_Biological_Process_2023,Regulation Of Protein Dephosphorylation (GO:0035304),3/40,0.9811106278067596,0.999996300842126,0,0,0.3768641306841646,0.0071868198239127,PPP1R16B;CDH5;CDCA2
3995,GO_Biological_Process_2023,Protein Localization To Cilium (GO:0061512),3/40,0.9811106278067596,0.999996300842126,0,0,0.3768641306841646,0.0071868198239127,DNAH11;DNAAF11;MAPK15
3994,GO_Biological_Process_2023,Negative Regulation Of Protein Localization (GO:1903828),3/40,0.9811106278067596,0.999996300842126,0,0,0.3768641306841646,0.0071868198239127,CAV3;CORO2B;GPM6B
3993,GO_Biological_Process_2023,Glycoprotein Biosynthetic Process (GO:0009101),8/80,0.9807831257998048,0.999996300842126,0,0,0.5160731714996379,0.0100138417470713,CHST8;CHST9;FUT7;ST8SIA2;IGF1;GAL3ST2;FUT2;BMPR1B
3992,GO_Biological_Process_2023,Protein Localization To Membrane (GO:0072657),24/192,0.9802034687943932,0.999996300842126,0,0,0.6626408035460127,0.0132495741995577,HYCC1;TRARG1;RAB3C;PIGR;NLGN1;CAV3;ACTN2;KCNB1;CAV1;TESC;ADIPOQ;ANK2;PTN;ZDHHC22;SYNE3;EHD2;DPP6;TMEM88;SCN3B;RAMP1;SPTBN1;FERMT2;PACSIN1;CRB3
3991,GO_Biological_Process_2023,Ras Protein Signal Transduction (GO:0007265),17/144,0.9796986049680796,0.999996300842126,0,0,0.6212240515390122,0.0127414920186349,NGFR;PLEKHG7;CDKN2A;IGF1;CELSR1;FGF2;RASGRP1;ART4;CCNA2;CNKSR2;COL1A2;MRAS;RACGAP1;RAC3;CDH13;EPS8L1;RGL1
3990,GO_Biological_Process_2023,Regulation Of Mitotic Spindle Assembly (GO:1901673),1/20,0.9796421401247078,0.999996300842126,0,0,0.2447606572993569,0.0050342218146246,PLK1
3989,GO_Biological_Process_2023,Receptor Metabolic Process (GO:0043112),1/20,0.9796421401247078,0.999996300842126,0,0,0.2447606572993569,0.0050342218146246,NSG1
3988,GO_Biological_Process_2023,Pulmonary Valve Development (GO:0003177),1/20,0.9796421401247078,0.999996300842126,0,0,0.2447606572993569,0.0050342218146246,ROBO2
3987,GO_Biological_Process_2023,Protein Deacylation (GO:0035601),1/20,0.9796421401247078,0.999996300842126,0,0,0.2447606572993569,0.0050342218146246,NOTUM
4018,GO_Biological_Process_2023,Peptidyl-Threonine Phosphorylation (GO:0018107),5/58,0.9838307738504226,0.999996300842126,0,0,0.4383106476634116,0.0071450660210554,MYLK2;SBK1;CHEK1;CDK1;TGFBR2
4017,GO_Biological_Process_2023,Peptidyl-Threonine Modification (GO:0018210),6/66,0.9837729544098592,0.999996300842126,0,0,0.4645426224865477,0.0075999851002545,MYLK2;GALNT6;SBK1;CHEK1;CDK1;TGFBR2
4016,GO_Biological_Process_2023,Negative Regulation Of Immune Response (GO:0050777),6/66,0.9837729544098592,0.999996300842126,0,0,0.4645426224865477,0.0075999851002545,FCRLB;IFNL1;TYRO3;PDCD1;FOXP3;AURKB
4015,GO_Biological_Process_2023,T Cell Activation (GO:0042110),12/111,0.9835971499266416,0.999996300842126,0,0,0.5626993337631635,0.0093064090134309,DPP4;CCL21;CLEC7A;CD80;TNFSF4;LEP;KIT;LEPR;CCR7;GATA3;FOXP3;RASGRP1
4014,GO_Biological_Process_2023,Sodium Ion Import Across Plasma Membrane (GO:0098719),1/21,0.983245640902166,0.999996300842126,0,0,0.2325084841628959,0.0039285333419802,SLC9A9
4013,GO_Biological_Process_2023,Regulation Of Cell-Substrate Junction Assembly (GO:0090109),1/21,0.983245640902166,0.999996300842126,0,0,0.2325084841628959,0.0039285333419802,GPM6B
4012,GO_Biological_Process_2023,Purine Nucleotide Biosynthetic Process (GO:0006164),1/21,0.983245640902166,0.999996300842126,0,0,0.2325084841628959,0.0039285333419802,NMNAT2
4011,GO_Biological_Process_2023,Protein Mannosylation (GO:0035268),1/21,0.983245640902166,0.999996300842126,0,0,0.2325084841628959,0.0039285333419802,TMTC1
4010,GO_Biological_Process_2023,Positive Regulation Of Translational Initiation (GO:0045948),1/21,0.983245640902166,0.999996300842126,0,0,0.2325084841628959,0.0039285333419802,DAZL
4009,GO_Biological_Process_2023,Plasma Membrane Repair (GO:0001778),1/21,0.983245640902166,0.999996300842126,0,0,0.2325084841628959,0.0039285333419802,TRIM72
4008,GO_Biological_Process_2023,Negative Regulation Of Osteoclast Differentiation (GO:0045671),1/21,0.983245640902166,0.999996300842126,0,0,0.2325084841628959,0.0039285333419802,TMEM178A
4007,GO_Biological_Process_2023,Negative Regulation Of Biomineral Tissue Development (GO:0070168),1/21,0.983245640902166,0.999996300842126,0,0,0.2325084841628959,0.0039285333419802,ASPN
4006,GO_Biological_Process_2023,Negative Regulation Of GTPase Activity (GO:0034260),1/21,0.983245640902166,0.999996300842126,0,0,0.2325084841628959,0.0039285333419802,RASA4
4005,GO_Biological_Process_2023,Modulation By Symbiont Of Entry Into Host (GO:0052372),1/21,0.983245640902166,0.999996300842126,0,0,0.2325084841628959,0.0039285333419802,HS3ST6
4004,GO_Biological_Process_2023,Mitochondrial Calcium Ion Homeostasis (GO:0051560),1/21,0.983245640902166,0.999996300842126,0,0,0.2325084841628959,0.0039285333419802,MICU3
4003,GO_Biological_Process_2023,Chaperone-Mediated Protein Complex Assembly (GO:0051131),1/21,0.983245640902166,0.999996300842126,0,0,0.2325084841628959,0.0039285333419802,TMEM35A
4034,GO_Biological_Process_2023,peptidyl-L-cysteine S-palmitoylation (GO:0018230),1/22,0.9862113645916082,0.999996300842126,0,0,0.2214231846584787,0.0030743682845959,ZDHHC22
4033,GO_Biological_Process_2023,Natural Killer Cell Activation Involved In Immune Response (GO:0002323),1/22,0.9862113645916082,0.999996300842126,0,0,0.2214231846584787,0.0030743682845959,FCGR3A
4032,GO_Biological_Process_2023,Mitochondrial Cytochrome C Oxidase Assembly (GO:0033617),1/22,0.9862113645916082,0.999996300842126,0,0,0.2214231846584787,0.0030743682845959,SCO2
4031,GO_Biological_Process_2023,Membrane Protein Ectodomain Proteolysis (GO:0006509),1/22,0.9862113645916082,0.999996300842126,0,0,0.2214231846584787,0.0030743682845959,ADAM19
4030,GO_Biological_Process_2023,Inositol Phosphate Metabolic Process (GO:0043647),1/22,0.9862113645916082,0.999996300842126,0,0,0.2214231846584787,0.0030743682845959,ITPKA
4029,GO_Biological_Process_2023,Cytoskeleton-Dependent Intracellular Transport (GO:0030705),1/22,0.9862113645916082,0.999996300842126,0,0,0.2214231846584787,0.0030743682845959,KIF1A
4028,GO_Biological_Process_2023,MAPK Cascade (GO:0000165),10/98,0.986177449615934,0.999996300842126,0,0,0.5275858958166869,0.0073434529883185,SBK2;ZFP36;EGF;MAP3K20;CDK1;IGF1;PTPN7;MT3;FGFR3;MAP2K6
4027,GO_Biological_Process_2023,Regulation Of Plasma Membrane Bounded Cell Projection Assembly (GO:0120032),7/75,0.9858818616536906,0.999996300842126,0,0,0.4781078153641059,0.0067980942207853,PPP1R16B;ODAD3;MCIDAS;DAAM2;CAV1;CCR7;MAPK15
4026,GO_Biological_Process_2023,Antigen Receptor-Mediated Signaling Pathway (GO:0050851),15/134,0.985804307422812,0.999996300842126,0,0,0.5849426653114398,0.0083631681840605,BTNL9;DENND1B;BTN1A1;GATA3;BTNL2;BMX;IGHG3;IGHG4;IGHG1;IGHG2;CD19;CTLA4;IGHE;IGHA2;MS4A1
4025,GO_Biological_Process_2023,Negative Regulation Of Nucleic Acid-Templated Transcription (GO:1903507),64/456,0.9853387766059548,0.999996300842126,0,0,0.7554957485441628,0.0111584918705138,CDKN1C;CITED1;FOXM1;NR3C1;DMBX1;ZIC2;CREB3L1;HNF4A;SIX3;HOXA7;SOX7;TP63;FOXD1;ADIPOQ;NRG1;PROX1;FOXP3;PAX2;POU3F3;SFRP1;IFNG;PAX9;DEPDC1;BIRC5;DPEP1;PPARG;TRIB3;CRYAB;CEBPA;TMPRSS6;LEF1;TWIST2;GATA3;ASCL1;FOXO1;TCEAL7;IFNL1;WNT11;PRDM16;ZNF703;ATOH8;TBX20;E2F1;PRAME;NKX2-5;RUNX1T1;CBX4;CDKN2A;ZBTB16;HMGA1;HMGA2;FOXN3;KLF4;MLXIPL;PER1;CENPF;BMP2;WT1;TNFSF4;LHX1;ID4;RCOR2;LHX9;EZH2
4024,GO_Biological_Process_2023,Negative Regulation Of Apoptotic Signaling Pathway (GO:2001234),8/82,0.9846669986306203,0.999996300842126,0,0,0.5020639795363513,0.0077577758445905,PRKN;RTKN2;PLAUR;GATA4;IGF1;MAPK8IP2;MMP9;CX3CL1
4023,GO_Biological_Process_2023,Monocarboxylic Acid Metabolic Process (GO:0032787),10/97,0.9846287930223064,0.999996300842126,0,0,0.5336826908349057,0.008267048394602,GPAM;ACSM1;AKR1C1;CYP1A1;ECHDC3;HOGA1;GLYAT;IGF1;CD36;ABCB11
4022,GO_Biological_Process_2023,Regulation Of Transcription By RNA Polymerase I (GO:0006356),2/32,0.9845102524453296,0.999996300842126,0,0,0.3099104196133899,0.0048380013636078,PRR7;ERBB2
4021,GO_Biological_Process_2023,Intracellular pH Reduction (GO:0051452),2/32,0.9845102524453296,0.999996300842126,0,0,0.3099104196133899,0.0048380013636078,SLC11A1;SLAMF8
4020,GO_Biological_Process_2023,Histone Lysine Methylation (GO:0034968),2/32,0.9845102524453296,0.999996300842126,0,0,0.3099104196133899,0.0048380013636078,SMYD1;SMYD3
4019,GO_Biological_Process_2023,'De Novo' Post-Translational Protein Folding (GO:0051084),2/32,0.9845102524453296,0.999996300842126,0,0,0.3099104196133899,0.0048380013636078,SDF2L1;HSPA6
4050,GO_Biological_Process_2023,B Cell Activation (GO:0042113),9/92,0.9882869286510856,0.999996300842126,0,0,0.5034423407917383,0.0059316632721889,FCRLA;TPD52;ADGRG3;IL11;CR2;KIT;PAX5;MS4A1;RASGRP1
4049,GO_Biological_Process_2023,Positive Regulation Of DNA-binding Transcription Factor Activity (GO:0051091),31/246,0.988266851402832,0.999996300842126,0,0,0.6682073256477268,0.0078865337928977,OPRD1;FOXA1;CSF3;RTKN2;NOD2;NTS;LRP8;CX3CL1;PYCARD;RELN;ZIC2;CLEC7A;CD36;NKX6-1;PPARGC1A;NTSR1;MYOCD;FZD4;CAV1;ESR1;ESR2;BMP2;IL6;AIM2;KIT;PPARG;ADAM8;PLPP3;S100A9;S100A8;DDR2
4048,GO_Biological_Process_2023,Positive Regulation Of Transcription By RNA Polymerase II (GO:0045944),141/938,0.9881421207991262,0.999996300842126,0,0,0.8161147589680383,0.0097352245375458,FOXA1;CSF3;PID1;SCX;NR3C1;FGF1;FGF2;SPIB;SOX2;HOXA10;IL4I1;MCIDAS;CREB3L3;SOX17;CREB3L4;HOXA7;TP63;HOXA5;SLC11A1;LMO3;FOXH1;SOX11;SOX12;FOXP3;NPAS4;ISL2;MYCN;RFX6;LMX1A;TFR2;HOXB2;HOXB1;ERG;ATF3;DLX5;EPAS1;NOTCH4;STXBP2;GATA5;GATA4;GATA3;FOXO1;GALR1;CYTL1;OTX1;CGA;NKX2-5;NKX6-1;PPARGC1A;STAT5A;EGR1;EGR2;NFE4;ESRRB;HMGA1;HMGA2;IGF1;INHBA;ESR1;BMP6;BMP5;CXCL10;MLXIPL;NR4A1;BMP2;IL6;NR4A3;TLX2;BMPR1B;CSRNP1;CSRNP3;ONECUT2;CITED1;PTPRN;LDB2;FOXM1;MEOX2;HOXC11;HOXC10;CX3CL1;ZIC3;HNF4A;MYBL2;NOS1;MYBL1;MYOG;FOXD3;IL11;FOXD2;MYOCD;TCF15;PAX6;FOS;PROX1;KLF15;PAX2;DCN;MMP12;CCNA2;TOX3;KAT2B;GAL;TAL1;IRF7;CDH13;PPARG;PPARA;MET;PRKN;CEBPA;UHRF1;TMPRSS6;CEBPE;LEF1;NOD2;ASCL1;ASCL2;EGFR;MUC1;ATOH8;E2F1;SHOX;E2F2;RXRG;E2F7;E2F8;H2AZ1;IL33;ARNT2;DMRT1;ATAD2;OSM;FOXJ1;KLF4;POU4F1;MEIS2;KLF2;PER1;WT1;FOXA3;PF4
4047,GO_Biological_Process_2023,Regulation Of Chromosome Organization (GO:0033044),3/43,0.9880143016452414,0.999996300842126,0,0,0.3485356536502547,0.0042026798528698,PIF1;RMI2;BUB1
4046,GO_Biological_Process_2023,Glycolipid Biosynthetic Process (GO:0009247),3/43,0.9880143016452414,0.999996300842126,0,0,0.3485356536502547,0.0042026798528698,PGAP4;PIGQ;CWH43
4045,GO_Biological_Process_2023,Regulation Of Extrinsic Apoptotic Signaling Pathway (GO:2001236),5/60,0.9875846676634736,0.999996300842126,0,0,0.4223206012560486,0.0052760708993585,PYCARD;CAV1;G0S2;LTB;IGF1
4044,GO_Biological_Process_2023,Regulation Of Lamellipodium Assembly (GO:0010591),2/33,0.9869050805277836,0.999996300842126,0,0,0.299895058630287,0.0039530408797616,CARMIL2;NRG1
4043,GO_Biological_Process_2023,Negative Regulation Of Endocytosis (GO:0045806),2/33,0.9869050805277836,0.999996300842126,0,0,0.299895058630287,0.0039530408797616,CAV1;ADIPOQ
4042,GO_Biological_Process_2023,Glycolipid Metabolic Process (GO:0006664),2/33,0.9869050805277836,0.999996300842126,0,0,0.299895058630287,0.0039530408797616,FUT2;ST6GALNAC3
4041,GO_Biological_Process_2023,Regulation Of Smoothened Signaling Pathway (GO:0008589),4/51,0.9865179394590736,0.999996300842126,0,0,0.3954447729914303,0.0053676758936111,SFRP1;TEDC2;ZIC1;GPC3
4040,GO_Biological_Process_2023,Regulation Of NIK/NF-kappaB Signaling (GO:1901222),8/83,0.9863226997980732,0.999996300842126,0,0,0.4953395673939737,0.0068216660290833,PYCARD;ADGRG3;RTKN2;IL12B;NOD2;MMP8;EGFR;NR3C2
4039,GO_Biological_Process_2023,snRNA 3'-End Processing (GO:0034472),1/22,0.9862113645916082,0.999996300842126,0,0,0.2214231846584787,0.0030743682845959,EXOSC4
4038,GO_Biological_Process_2023,Postreplication Repair (GO:0006301),1/22,0.9862113645916082,0.999996300842126,0,0,0.2214231846584787,0.0030743682845959,PCLAF
4037,GO_Biological_Process_2023,Positive Regulation Of Protein Autophosphorylation (GO:0031954),1/22,0.9862113645916082,0.999996300842126,0,0,0.2214231846584787,0.0030743682845959,PDGFD
4036,GO_Biological_Process_2023,Positive Regulation Of Cilium Assembly (GO:0045724),1/22,0.9862113645916082,0.999996300842126,0,0,0.2214231846584787,0.0030743682845959,ZMYND10
4035,GO_Biological_Process_2023,peptidyl-S-diacylglycerol-L-cysteine Biosynthetic Process From Peptidyl-Cysteine (GO:0018231),1/22,0.9862113645916082,0.999996300842126,0,0,0.2214231846584787,0.0030743682845959,ZDHHC22
4066,GO_Biological_Process_2023,Protein O-linked Glycosylation (GO:0006493),9/93,0.9895286665175638,0.999996300842126,0,0,0.4974186103012634,0.005236098713231,GALNT6;GALNT14;GALNT5;MGAT5B;B3GALT1;B3GNT4;TMTC1;GALNT8;FUT3
4065,GO_Biological_Process_2023,Macromolecule Catabolic Process (GO:0009057),8/85,0.9891459780559038,0.999996300842126,0,0,0.4824147232761571,0.0052647638931841,PRKN;RNASEH2A;EXOSC4;MAGEC2;DNASE1L2;SLC16A3;DNASE1L3;ELANE
4064,GO_Biological_Process_2023,Superoxide Metabolic Process (GO:0006801),2/34,0.9889375066885222,0.999996300842126,0,0,0.290505657708628,0.0032316249504819,MT3;SOD3
4063,GO_Biological_Process_2023,Purine Nucleotide Metabolic Process (GO:0006163),2/34,0.9889375066885222,0.999996300842126,0,0,0.290505657708628,0.0032316249504819,FMO2;KMO
4062,GO_Biological_Process_2023,Histone Deubiquitination (GO:0016578),2/34,0.9889375066885222,0.999996300842126,0,0,0.290505657708628,0.0032316249504819,KAT2B;DEPDC1B
4061,GO_Biological_Process_2023,Embryonic Limb Morphogenesis (GO:0030326),2/34,0.9889375066885222,0.999996300842126,0,0,0.290505657708628,0.0032316249504819,CYP26B1;MAP3K20
4060,GO_Biological_Process_2023,Regulation Of Toll-Like Receptor 4 Signaling Pathway (GO:0034143),1/23,0.9886521628928268,0.999996300842126,0,0,0.2113456396544631,0.0024120275717785,BPIFB1
4059,GO_Biological_Process_2023,Protein Alkylation (GO:0008213),1/23,0.9886521628928268,0.999996300842126,0,0,0.2113456396544631,0.0024120275717785,PRMT8
4058,GO_Biological_Process_2023,Protein N-linked Glycosylation Via Asparagine (GO:0018279),1/23,0.9886521628928268,0.999996300842126,0,0,0.2113456396544631,0.0024120275717785,B4GALNT2
4057,GO_Biological_Process_2023,Positive Regulation Of Lamellipodium Assembly (GO:0010592),1/23,0.9886521628928268,0.999996300842126,0,0,0.2113456396544631,0.0024120275717785,CARMIL2
4056,GO_Biological_Process_2023,Microtubule Nucleation (GO:0007020),1/23,0.9886521628928268,0.999996300842126,0,0,0.2113456396544631,0.0024120275717785,TPX2
4055,GO_Biological_Process_2023,Histone mRNA Metabolic Process (GO:0008334),1/23,0.9886521628928268,0.999996300842126,0,0,0.2113456396544631,0.0024120275717785,EXOSC4
4054,GO_Biological_Process_2023,Entrainment Of Circadian Clock By Photoperiod (GO:0043153),1/23,0.9886521628928268,0.999996300842126,0,0,0.2113456396544631,0.0024120275717785,PER1
4053,GO_Biological_Process_2023,Actin Nucleation (GO:0045010),1/23,0.9886521628928268,0.999996300842126,0,0,0.2113456396544631,0.0024120275717785,LMOD1
4052,GO_Biological_Process_2023,Regulation Of Protein Localization To Nucleus (GO:1900180),4/52,0.9882973803814415,0.999996300842126,0,0,0.3871827530899141,0.0045577737512626,NGFR;PLK1;CDK1;FERMT2
4051,GO_Biological_Process_2023,Positive Regulation Of Telomere Maintenance (GO:0032206),4/52,0.9882973803814415,0.999996300842126,0,0,0.3871827530899141,0.0045577737512626,PKIB;NEK2;MAPK15;AURKB
4082,GO_Biological_Process_2023,Negative Regulation Of Response To Biotic Stimulus (GO:0002832),3/45,0.9911887773901312,0.999996300842126,0,0,0.3318982941224028,0.0029373898397647,TYRO3;LACRT;AURKB
4081,GO_Biological_Process_2023,Negative Regulation Of Gene Expression (GO:0010629),44/336,0.9911089246397388,0.999996300842126,0,0,0.6976026416825823,0.0062301753634505,OPRD1;PRKN;LRP1;GATA5;TYMS;NTS;FGF2;AURKA;SDR16C5;ZFP36;TERT;CREB3L1;CHEK1;ATOH8;FFAR4;IGF2BP1;IGF2BP3;AMH;CD34;SH3GL2;SLC11A1;CIDEA;SORD;GZMB;SOX11;IGF1;MMP8;KLF4;POU4F1;FOXP3;ESR1;CLDN5;KAT2B;SLC7A5;SFRP1;BMP2;CLDN3;MYCN;IFNG;CLDN19;PPARG;CCDC3;EZH2;RBMS3
4080,GO_Biological_Process_2023,Secondary Alcohol Biosynthetic Process (GO:1902653),1/24,0.9906609235341745,0.999996300842126,0,0,0.2021444029116663,0.001896712658642,CES1
4079,GO_Biological_Process_2023,Regulation Of Supramolecular Fiber Organization (GO:1902903),1/24,0.9906609235341745,0.999996300842126,0,0,0.2021444029116663,0.001896712658642,CSF3
4078,GO_Biological_Process_2023,Protein Exit From Endoplasmic Reticulum (GO:0032527),1/24,0.9906609235341745,0.999996300842126,0,0,0.2021444029116663,0.001896712658642,MAP1LC3C
4077,GO_Biological_Process_2023,Photoperiodism (GO:0009648),1/24,0.9906609235341745,0.999996300842126,0,0,0.2021444029116663,0.001896712658642,PER1
4076,GO_Biological_Process_2023,Peroxisome Organization (GO:0007031),1/24,0.9906609235341745,0.999996300842126,0,0,0.2021444029116663,0.001896712658642,ABCD2
4075,GO_Biological_Process_2023,Negative Regulation Of Antigen Receptor-Mediated Signaling Pathway (GO:0050858),1/24,0.9906609235341745,0.999996300842126,0,0,0.2021444029116663,0.001896712658642,FCRL3
4074,GO_Biological_Process_2023,Protein Methylation (GO:0006479),2/35,0.9906607688498308,0.999996300842126,0,0,0.2816853113882817,0.0026430857302985,PRMT8;NTMT2
4073,GO_Biological_Process_2023,Cellular Response To Amino Acid Stimulus (GO:0071230),2/35,0.9906607688498308,0.999996300842126,0,0,0.2816853113882817,0.0026430857302985,SPAAR;NEURL1
4072,GO_Biological_Process_2023,Protein Lipidation (GO:0006497),5/62,0.9905028307338376,0.999996300842126,0,0,0.4074526633685005,0.003888139435374,PGAP4;PIGQ;CWH43;ZDHHC22;GPLD1
4071,GO_Biological_Process_2023,Positive Regulation Of Protein Transport (GO:0051222),6/70,0.990196562159777,0.999996300842126,0,0,0.4354025063721325,0.0042895018629882,MYOM1;TENM1;FGA;ADAM8;IGF1;BMP6
4070,GO_Biological_Process_2023,Peptidyl-Serine Modification (GO:0018209),19/166,0.989907155112949,0.999996300842126,0,0,0.5994516055427287,0.0060809107985326,SRPK3;PNCK;PLK1;MAST1;CDC7;NDNF;TTK;TGFBR2;AURKA;SBK1;MYO3B;MGAT5B;MAP3K20;CDK1;PBK;CLSPN;STK32A;PCK1;SGK2
4069,GO_Biological_Process_2023,Spermatid Development (GO:0007286),4/53,0.9898513103071442,0.999996300842126,0,0,0.3792579584905006,0.0038686354989215,IQCN;RSPH1;JAM2;ADAD2
4068,GO_Biological_Process_2023,Mitochondrial Transport (GO:0006839),4/53,0.9898513103071442,0.999996300842126,0,0,0.3792579584905006,0.0038686354989215,PRKN;FLVCR1;PMAIP1;MGARP
4067,GO_Biological_Process_2023,Positive Regulation Of Nucleocytoplasmic Transport (GO:0046824),3/44,0.9897190895349512,0.999996300842126,0,0,0.3400140792579403,0.0035137476778986,IFNG;ZIC1;ECT2
4098,GO_Biological_Process_2023,Regulation Of Postsynapse Organization (GO:0099175),1/25,0.9923141012697816,0.999996300842126,0,0,0.1937099358974359,0.0014945859543799,KIF1A
4097,GO_Biological_Process_2023,Regulation Of Lysosomal Lumen pH (GO:0035751),1/25,0.9923141012697816,0.999996300842126,0,0,0.1937099358974359,0.0014945859543799,SLC45A2
4096,GO_Biological_Process_2023,Regulation Of Cell Size (GO:0008361),1/25,0.9923141012697816,0.999996300842126,0,0,0.1937099358974359,0.0014945859543799,CAV3
4095,GO_Biological_Process_2023,Organophosphate Ester Transport (GO:0015748),1/25,0.9923141012697816,0.999996300842126,0,0,0.1937099358974359,0.0014945859543799,SLC44A4
4094,GO_Biological_Process_2023,Negative Regulation Of Smoothened Signaling Pathway (GO:0045879),1/25,0.9923141012697816,0.999996300842126,0,0,0.1937099358974359,0.0014945859543799,GPC3
4093,GO_Biological_Process_2023,Negative Regulation Of Proteolysis Involved In Protein Catabolic Process (GO:1903051),1/25,0.9923141012697816,0.999996300842126,0,0,0.1937099358974359,0.0014945859543799,LAMP3
4092,GO_Biological_Process_2023,Negative Regulation Of TORC1 Signaling (GO:1904262),1/25,0.9923141012697816,0.999996300842126,0,0,0.1937099358974359,0.0014945859543799,SPAAR
4091,GO_Biological_Process_2023,Cholesterol Biosynthetic Process (GO:0006695),1/25,0.9923141012697816,0.999996300842126,0,0,0.1937099358974359,0.0014945859543799,CES1
4090,GO_Biological_Process_2023,Bile Acid Biosynthetic Process (GO:0006699),1/25,0.9923141012697816,0.999996300842126,0,0,0.1937099358974359,0.0014945859543799,AKR1D1
4089,GO_Biological_Process_2023,Negative Regulation Of Protein Kinase B Signaling (GO:0051898),2/36,0.9921206155702466,0.999996300842126,0,0,0.2733838089691322,0.0021626274473975,SORD;PPARA
4088,GO_Biological_Process_2023,Double-Strand Break Repair (GO:0006302),19/168,0.9915385619849428,0.999996300842126,0,0,0.5913327813621986,0.0050248143606012,H2AX;POLQ;BLM;FEN1;RMI2;CDCA5;XRCC2;TONSL;HUS1B;BRCA2;RAD54B;RAD51AP1;RECQL4;DEPDC1B;RAD51;EME1;AUNIP;DNA2;TRIP13
4087,GO_Biological_Process_2023,Regulation Of Hydrolase Activity (GO:0051336),6/71,0.9913765745043028,0.999996300842126,0,0,0.4286778641918828,0.0037127028388739,MRAP;FGD3;NTRK2;CAV1;NOS1;PLXNA4
4086,GO_Biological_Process_2023,Negative Regulation Of Cellular Component Organization (GO:0051129),7/79,0.9913054069805576,0.999996300842126,0,0,0.4514361032420522,0.003942216117533,OPRD1;TMEFF2;CARMIL2;CRACD;SPRY2;CRYAB;BMP6
4085,GO_Biological_Process_2023,Regulation Of Myoblast Differentiation (GO:0045661),4/54,0.991206727807559,0.999996300842126,0,0,0.3716501556750637,0.003282474067217,MYOG;BOC;SOSTDC1;SMYD1
4084,GO_Biological_Process_2023,Protein K63-linked Ubiquitination (GO:0070534),4/54,0.991206727807559,0.999996300842126,0,0,0.3716501556750637,0.003282474067217,PRKN;UBE2S;UBE2T;RNF186
4083,GO_Biological_Process_2023,Endoplasmic Reticulum Organization (GO:0007029),4/54,0.991206727807559,0.999996300842126,0,0,0.3716501556750637,0.003282474067217,CAV2;SPTSSB;MAPK15;TRDN
4114,GO_Biological_Process_2023,Nuclear Membrane Organization (GO:0071763),1/26,0.9936746243430072,0.999996300842126,0,0,0.1859502262443439,0.0011799407654443,PLK1
4113,GO_Biological_Process_2023,Negative Regulation Of Receptor-Mediated Endocytosis (GO:0048261),1/26,0.9936746243430072,0.999996300842126,0,0,0.1859502262443439,0.0011799407654443,ADIPOQ
4112,GO_Biological_Process_2023,miRNA-mediated Gene Silencing (GO:0035195),1/26,0.9936746243430072,0.999996300842126,0,0,0.1859502262443439,0.0011799407654443,ZFP36
4111,GO_Biological_Process_2023,Antigen Processing And Presentation Of Exogenous Peptide Antigen Via MHC Class II (GO:0019886),1/26,0.9936746243430072,0.999996300842126,0,0,0.1859502262443439,0.0011799407654443,CTSE
4110,GO_Biological_Process_2023,DNA Metabolic Process (GO:0006259),36/288,0.9936554587683296,0.999996300842126,0,0,0.6614844738238055,0.0042101855339114,TOP2A;FEN1;BLM;RNASEH2A;HMGB3;HUS1B;MCM10;TYMS;RECQL4;RAD51AP1;ORC6;CDC45;TERT;ORC1;EXO1;CBS;CHEK1;PCLAF;KPNA2;POLQ;RMI2;XRCC2;FANCA;DONSON;TICRR;FAM111B;NEIL3;RAD51;UBE2T;POLE2;CDK1;MCM4;DNA2;DNASE1L2;DNASE1L3;MCM2
4109,GO_Biological_Process_2023,Regulation Of T Cell Differentiation (GO:0045580),3/47,0.9935432697686758,0.999996300842126,0,0,0.3167734218243556,0.002051952131678,IFNL1;FANCA;GATA3
4108,GO_Biological_Process_2023,Pattern Recognition Receptor Signaling Pathway (GO:0002221),4/56,0.9934154780928046,0.999996300842126,0,0,0.3573123734459709,0.002360511125986,PYCARD;FFAR2;NOD2;INAVA
4107,GO_Biological_Process_2023,Type I Interferon-Mediated Signaling Pathway (GO:0060337),2/37,0.9933562886029752,0.999996300842126,0,0,0.2655566781167913,0.0017701687067954,IFI27;OAS2
4106,GO_Biological_Process_2023,Melanosome Organization (GO:0032438),2/37,0.9933562886029752,0.999996300842126,0,0,0.2655566781167913,0.0017701687067954,GPR143;TYRP1
4105,GO_Biological_Process_2023,Small GTPase Mediated Signal Transduction (GO:0007264),11/112,0.9931274460270522,0.999996300842126,0,0,0.5053885422575156,0.0034853002565234,CCNA2;CNKSR2;MRAS;RASL10A;RRAD;CDKN2A;IGF1;RGL1;FGF2;RASGRP1;ART4
4104,GO_Biological_Process_2023,Protein Sumoylation (GO:0016925),3/46,0.9924544335318424,0.999996300842126,0,0,0.3241599873652623,0.0024552455335617,EGR2;CBX4;STX1A
4103,GO_Biological_Process_2023,Protein-Containing Complex Organization (GO:0043933),13/126,0.9924286067566744,0.999996300842126,0,0,0.5337609112733921,0.0040566906103094,FGA;NFE4;FANCA;SLC2A1;JCHAIN;VIL1;RIMS1;PARD6B;CLDN14;REPS2;DMD;PPARGC1A;WASF3
4102,GO_Biological_Process_2023,Regulation Of Cellular Localization (GO:0060341),6/72,0.9924210671031586,0.999996300842126,0,0,0.4221569990473983,0.0032116855743049,PARD6B;GSN;MMD;TRIM46;KRT5;VIP
4101,GO_Biological_Process_2023,Regulation Of Organelle Assembly (GO:1902115),7/80,0.9923143738650606,0.999996300842126,0,0,0.445224882610889,0.0034350492197439,C10ORF90;ODAD3;STIL;GSN;MCIDAS;RNF186;MAPK15
4100,GO_Biological_Process_2023,Vesicle Cargo Loading (GO:0035459),1/25,0.9923141012697816,0.999996300842126,0,0,0.1937099358974359,0.0014945859543799,SH2D2A
4099,GO_Biological_Process_2023,Response To dsRNA (GO:0043331),1/25,0.9923141012697816,0.999996300842126,0,0,0.1937099358974359,0.0014945859543799,PMAIP1
4130,GO_Biological_Process_2023,RNA Transport (GO:0050658),2/39,0.9952846632216272,0.999996300842126,0,0,0.2511716808746512,0.0011871601994402,ZFP36;TGFBR2
4129,GO_Biological_Process_2023,Fatty Acid Beta-Oxidation (GO:0006635),3/49,0.995282599487236,0.999996300842126,0,0,0.3029637558130951,0.0014325830740804,ABCD2;ACADL;ADIPOQ
4128,GO_Biological_Process_2023,Autophagy Of Mitochondrion (GO:0000422),3/49,0.995282599487236,0.999996300842126,0,0,0.3029637558130951,0.0014325830740804,PRKN;MAP1LC3C;ATG9B
4127,GO_Biological_Process_2023,Monoubiquitinated Histone Deubiquitination (GO:0035521),1/27,0.9947942870175722,0.999996300842126,0,0,0.1787874173337974,0.000933146939896122,KAT2B
4126,GO_Biological_Process_2023,Monoubiquitinated Histone H2A Deubiquitination (GO:0035522),1/27,0.9947942870175722,0.999996300842126,0,0,0.1787874173337974,0.000933146939896122,KAT2B
4125,GO_Biological_Process_2023,Clathrin-Dependent Endocytosis (GO:0072583),1/27,0.9947942870175722,0.999996300842126,0,0,0.1787874173337974,0.000933146939896122,ITSN1
4124,GO_Biological_Process_2023,T Cell Activation Involved In Immune Response (GO:0002286),1/27,0.9947942870175722,0.999996300842126,0,0,0.1787874173337974,0.000933146939896122,SLC11A1
4123,GO_Biological_Process_2023,DNA Synthesis Involved In DNA Repair (GO:0000731),1/27,0.9947942870175722,0.999996300842126,0,0,0.1787874173337974,0.000933146939896122,PCLAF
4122,GO_Biological_Process_2023,Positive Regulation Of Proteasomal Ubiquitin-Dependent Protein Catabolic Process (GO:0032436),7/83,0.994717316399938,0.999996300842126,0,0,0.4275719397644252,0.002264714439647,CDC20;CDC20B;PRKN;CEBPA;CAV1;PLK1;TRIB3
4121,GO_Biological_Process_2023,Cellular Response To Mechanical Stimulus (GO:0071260),3/48,0.9944790733231136,0.999996300842126,0,0,0.3097151480852669,0.0017146522252776,CHEK1;PDE2A;AQP1
4120,GO_Biological_Process_2023,Response To Endoplasmic Reticulum Stress (GO:0034976),11/114,0.9944744088892788,0.999996300842126,0,0,0.4955145961484451,0.0027456035942522,PRKN;BRSK2;CREB3L3;CREB3L1;ATP2A3;ERP27;TRIB3;SEL1L2;RNF186;ATF3;BBC3
4119,GO_Biological_Process_2023,Endosome To Lysosome Transport (GO:0008333),4/57,0.9943090851888572,0.999996300842126,0,0,0.3505492686209272,0.0020006441875595,CCL14;GPRASP1;CACNG4;CACNG5
4118,GO_Biological_Process_2023,Peptidyl-Serine Phosphorylation (GO:0018105),17/158,0.9942750163318546,0.999996300842126,0,0,0.5590627014829143,0.0032098217160393,SRPK3;PNCK;PLK1;MAST1;CDC7;TTK;TGFBR2;AURKA;SBK1;MYO3B;MAP3K20;CDK1;PBK;CLSPN;STK32A;PCK1;SGK2
4117,GO_Biological_Process_2023,Respiratory Chain Complex IV Assembly (GO:0008535),1/26,0.9936746243430072,0.999996300842126,0,0,0.1859502262443439,0.0011799407654443,SCO2
4116,GO_Biological_Process_2023,Regulation Of Transcription By RNA Polymerase III (GO:0006359),1/26,0.9936746243430072,0.999996300842126,0,0,0.1859502262443439,0.0011799407654443,TENM1
4115,GO_Biological_Process_2023,Protein Export From Nucleus (GO:0006611),1/26,0.9936746243430072,0.999996300842126,0,0,0.1859502262443439,0.0011799407654443,EGR2
4146,GO_Biological_Process_2023,RNA Biosynthetic Process (GO:0032774),1/29,0.9964740075932352,0.999996300842126,0,0,0.165996687136393,0.0005863373775107935,NAT14
4145,GO_Biological_Process_2023,protein-DNA Complex Organization (GO:0071824),4/60,0.996342543680042,0.999996300842126,0,0,0.3317091908940197,0.0012154359359355,SOX2;H1-5;HMGA2;EZH2
4144,GO_Biological_Process_2023,Peptidyl-Lysine Modification (GO:0018205),8/94,0.9963169492222492,0.999996300842126,0,0,0.4316922245579814,0.0015928795153992,KAT2B;EGR2;CBX4;NNAT;LOXL4;P3H4;IVL;STX1A
4143,GO_Biological_Process_2023,Protein Catabolic Process (GO:0030163),9/102,0.9963132451574176,0.999996300842126,0,0,0.4490344524906737,0.0016585391378707,PRKN;CPA2;NEU4;PMAIP1;GZMB;MAGEC2;NCCRP1;SLC16A3;ELANE
4142,GO_Biological_Process_2023,Activation Of GTPase Activity (GO:0090630),9/102,0.9963132451574176,0.999996300842126,0,0,0.4490344524906737,0.0016585391378707,ARHGEF15;CCL21;NTRK3;AGAP11;FOXJ1;CCR7;CXCL13;ECT2;RASGRP1
4141,GO_Biological_Process_2023,Regulation Of Macromolecule Metabolic Process (GO:0060255),17/162,0.9961018848373576,0.999996300842126,0,0,0.543507053291536,0.0021227932249599,TCF19;EDN3;TMPRSS4;NRG1;IGF1;PROX1;ASCL1;CRIP1;NKAPL;SLC8A2;SOX2;NELL1;TRIML2;LHX1;IGF2BP1;IGF2BP3;INSM1
4140,GO_Biological_Process_2023,Cellular Response To Heat (GO:0034605),2/40,0.9960306334618452,0.999996300842126,0,0,0.2445470110920866,0.0009726283616626188,HSPA6;FGF1
4139,GO_Biological_Process_2023,Dicarboxylic Acid Metabolic Process (GO:0043648),3/50,0.9959719262632196,0.999996300842126,0,0,0.2964996568291009,0.0011967343691684,TAT;ADHFE1;PCK1
4138,GO_Biological_Process_2023,Transcription By RNA Polymerase III (GO:0006383),1/28,0.9957157192731598,0.999996300842126,0,0,0.1721551868610692,0.0007391456358124622,POLR3K
4137,GO_Biological_Process_2023,Positive Regulation Of mRNA Processing (GO:0050685),1/28,0.9957157192731598,0.999996300842126,0,0,0.1721551868610692,0.0007391456358124622,CELF3
4136,GO_Biological_Process_2023,Positive Regulation Of Defense Response To Virus By Host (GO:0002230),1/28,0.9957157192731598,0.999996300842126,0,0,0.1721551868610692,0.0007391456358124622,IL12B
4135,GO_Biological_Process_2023,Antigen Processing And Presentation Of Peptide Antigen Via MHC Class II (GO:0002495),1/28,0.9957157192731598,0.999996300842126,0,0,0.1721551868610692,0.0007391456358124622,CTSE
4134,GO_Biological_Process_2023,Positive Regulation Of Protein Metabolic Process (GO:0051247),22/196,0.9953770208146844,0.999996300842126,0,0,0.5859256715881035,0.0027150027310661,PRKN;UHRF1;CD80;PLK1;SAMD4A;C4BPA;INHBA;KLF4;RASGRP1;LARP6;FOXO1;KLF2;IL6;TFR2;PLA2G10;ERBB2;GPC3;IL12B;ASB5;IL17D;FGFR4;VIP
4133,GO_Biological_Process_2023,Regulation Of Protein Targeting To Mitochondrion (GO:1903214),2/39,0.9952846632216272,0.999996300842126,0,0,0.2511716808746512,0.0011871601994402,PRKN;UBL4B
4132,GO_Biological_Process_2023,Nuclear Transport (GO:0051169),2/39,0.9952846632216272,0.999996300842126,0,0,0.2511716808746512,0.0011871601994402,CITED1;NUP210
4131,GO_Biological_Process_2023,Internal Peptidyl-Lysine Acetylation (GO:0018393),2/39,0.9952846632216272,0.999996300842126,0,0,0.2511716808746512,0.0011871601994402,KAT2B;NAT8B
4162,GO_Biological_Process_2023,Regulation Of Proteasomal Protein Catabolic Process (GO:0061136),3/53,0.9975018174389436,0.999996300842126,0,0,0.2786587436332767,0.0006970114076549196,PRKN;LAMP3;ECSCR
4161,GO_Biological_Process_2023,Cellular Response To Glucose Starvation (GO:0042149),2/42,0.9971912550891836,0.999996300842126,0,0,0.2322913719943423,0.0006533652071560114,NUAK2;PMAIP1
4160,GO_Biological_Process_2023,Regulation Of Protein Metabolic Process (GO:0051246),8/96,0.9971269019888584,0.999996300842126,0,0,0.4218295164738916,0.0012137019232089,EDNRB;UHRF1;ANGPTL8;PLA2G10;PLAUR;INHBA;KLF4;KLF2
4159,GO_Biological_Process_2023,Protein Palmitoylation (GO:0018345),1/30,0.9970980298713532,0.999996300842126,0,0,0.16026291153066,0.0004657543118770431,ZDHHC22
4158,GO_Biological_Process_2023,Positive Regulation Of Protein Targeting To Mitochondrion (GO:1903955),1/30,0.9970980298713532,0.999996300842126,0,0,0.16026291153066,0.0004657543118770431,UBL4B
4157,GO_Biological_Process_2023,Positive Regulation Of JUN Kinase Activity (GO:0043507),1/30,0.9970980298713532,0.999996300842126,0,0,0.16026291153066,0.0004657543118770431,DKK1
4156,GO_Biological_Process_2023,Positive Regulation Of Protein Modification By Small Protein Conjugation Or Removal (GO:1903322),6/79,0.9969978196675412,0.999996300842126,0,0,0.3815132505441044,0.0011470943322452,FANCI;ANGPT1;CENPX;CAV1;FAM107A;INAVA
4155,GO_Biological_Process_2023,Positive Regulation Of Organelle Assembly (GO:1902117),4/61,0.9968482164989384,0.999996300842126,0,0,0.3258698685576097,0.0010286932373083,PLK4;STIL;SPAG5;SDC1
4154,GO_Biological_Process_2023,Fatty Acid Catabolic Process (GO:0009062),4/61,0.9968482164989384,0.999996300842126,0,0,0.3258698685576097,0.0010286932373083,ABCD2;NUDT7;ACADL;ADIPOQ
4153,GO_Biological_Process_2023,Autophagosome Organization (GO:1905037),4/61,0.9968482164989384,0.999996300842126,0,0,0.3258698685576097,0.0010286932373083,MAP1LC3C;RUFY4;ATG9B;RAB19
4152,GO_Biological_Process_2023,Positive Regulation Of Apoptotic Process (GO:0043065),32/270,0.9968081469203406,0.999996300842126,0,0,0.622400172622544,0.0019897871539118,TOP2A;FOXA1;PRR7;CSRNP3;BCL2A1;SLC6A2;FOXO1;PYCARD;ACVR1C;ADAMTSL4;AIFM2;MAP3K20;E2F1;IGF2BP1;CTLA4;PMAIP1;ECT2;HOXA5;TP63;SPDEF;SNCA;WNT10B;PTGIS;ADIPOQ;NRG1;MLLT11;SFRP1;BMP2;IL6;MELK;NEURL1;GPLD1
4151,GO_Biological_Process_2023,Protein Localization To Lysosome (GO:0061462),2/41,0.9966602247975214,0.999996300842126,0,0,0.2382620679650382,0.0007970735115813651,CACNG4;CACNG5
4150,GO_Biological_Process_2023,Positive Regulation Of Intracellular Protein Transport (GO:0090316),12/126,0.9965797718622408,0.999996300842126,0,0,0.4882120194102277,0.0016726585562609,TENM1;UBL4B;CEMIP;IFNG;KCNB1;ZIC1;ERBB2;GZMB;AKAP5;SLC51B;ECT2;BBC3
4149,GO_Biological_Process_2023,Vacuolar Acidification (GO:0007035),1/29,0.9964740075932352,0.999996300842126,0,0,0.165996687136393,0.0005863373775107935,SLC11A1
4148,GO_Biological_Process_2023,Heterotypic Cell-Cell Adhesion (GO:0034113),1/29,0.9964740075932352,0.999996300842126,0,0,0.165996687136393,0.0005863373775107935,ITGA7
4147,GO_Biological_Process_2023,TOR Signaling (GO:0031929),1/29,0.9964740075932352,0.999996300842126,0,0,0.165996687136393,0.0005863373775107935,GATA3
4178,GO_Biological_Process_2023,Glycerophospholipid Biosynthetic Process (GO:0046474),9/108,0.9982191891992912,0.999996300842126,0,0,0.4216656359513502,0.0007515761250294861,MUC1;SLC44A4;GPAM;PLA2G4A;MBOAT2;GPAT3;BMX;FGF2;AGPAT2
4177,GO_Biological_Process_2023,Purine Ribonucleoside Triphosphate Metabolic Process (GO:0009205),1/32,0.9980341393518036,0.999996300842126,0,0,0.1499051233396584,0.0002949826253968735,ATP1A2
4176,GO_Biological_Process_2023,Mitochondrial Membrane Organization (GO:0007006),1/32,0.9980341393518036,0.999996300842126,0,0,0.1499051233396584,0.0002949826253968735,PMAIP1
4175,GO_Biological_Process_2023,Glycosphingolipid Metabolic Process (GO:0006687),1/32,0.9980341393518036,0.999996300842126,0,0,0.1499051233396584,0.0002949826253968735,ST6GALNAC3
4174,GO_Biological_Process_2023,Nucleus Organization (GO:0006997),2/44,0.9980159864204295,0.999996300842126,0,0,0.2212029366201926,0.00043930556844871873,CEP55;LMNB1
4173,GO_Biological_Process_2023,Autophagosome Maturation (GO:0097352),2/44,0.9980159864204295,0.999996300842126,0,0,0.2212029366201926,0.00043930556844871873,MAP1LC3C;LIX1
4172,GO_Biological_Process_2023,Protein N-linked Glycosylation (GO:0006487),4/64,0.9979910320108564,0.999996300842126,0,0,0.3095197660156618,0.0006224407432525087,MGAT4C;MGAT5B;B4GALNT2;FUT3
4171,GO_Biological_Process_2023,Organelle Disassembly (GO:1903008),3/54,0.9978720923637632,0.999996300842126,0,0,0.2731782016711608,0.000581917334369509,CDK1;AURKA;PNPLA2
4170,GO_Biological_Process_2023,Negative Regulation Of Protein Modification By Small Protein Conjugation Or Removal (GO:1903321),3/54,0.9978720923637632,0.999996300842126,0,0,0.2731782016711608,0.000581917334369509,CAV1;SPRY2;ISG15
4169,GO_Biological_Process_2023,Regulation Of Protein Catabolic Process (GO:0042176),11/122,0.997752878483756,0.999996300842126,0,0,0.4595769904902066,0.001033887414574,PRKN;NELL1;EEF1A2;GPC3;C4BPA;ASB5;VIP;FOXO1;EGFR;GFAP;MAD2L1
4168,GO_Biological_Process_2023,mRNA Catabolic Process (GO:0006402),2/43,0.9976388820764586,0.999996300842126,0,0,0.2266119294856315,0.0005356901513672667,ZFP36;EXOSC4
4167,GO_Biological_Process_2023,Toll-Like Receptor Signaling Pathway (GO:0002224),1/31,0.9976115533537931,0.999996300842126,0,0,0.1549113876319758,0.00037044014882847465,TNIP3
4166,GO_Biological_Process_2023,Regulation Of Protein Autophosphorylation (GO:0031952),1/31,0.9976115533537931,0.999996300842126,0,0,0.1549113876319758,0.00037044014882847465,PDGFD
4165,GO_Biological_Process_2023,Regulation Of Dendrite Morphogenesis (GO:0048814),1/31,0.9976115533537931,0.999996300842126,0,0,0.1549113876319758,0.00037044014882847465,DPYSL5
4164,GO_Biological_Process_2023,Antigen Processing And Presentation Of Exogenous Peptide Antigen (GO:0002478),1/31,0.9976115533537931,0.999996300842126,0,0,0.1549113876319758,0.00037044014882847465,CTSE
4163,GO_Biological_Process_2023,Cellular Response To Chemical Stress (GO:0062197),7/89,0.9975542671960032,0.999996300842126,0,0,0.3961410903060872,0.0009700419754394968,CAV1;PYCR1;PPARGC1A;DHRS2;MT3;FOXO1;SNCA
4194,GO_Biological_Process_2023,Transcription Initiation-Coupled Chromatin Remodeling (GO:0045815),1/34,0.9986680456478954,0.999996300842126,0,0,0.140802824626354,0.00018766794538167307,KAT2B
4193,GO_Biological_Process_2023,Positive Regulation Of Transcription By RNA Polymerase I (GO:0045943),1/34,0.9986680456478954,0.999996300842126,0,0,0.140802824626354,0.00018766794538167307,ERBB2
4192,GO_Biological_Process_2023,ATP Metabolic Process (GO:0046034),1/34,0.9986680456478954,0.999996300842126,0,0,0.140802824626354,0.00018766794538167307,ATP1A2
4191,GO_Biological_Process_2023,Protein-Containing Complex Assembly (GO:0065003),39/328,0.998536729359811,0.999996300842126,0,0,0.6239709888596746,0.0009137070918609252,BLM;DNAAF11;SLC2A1;ADRB2;CENPA;COX7A1;CX3CL1;JCHAIN;RIMS1;PARD6B;REPS2;DMD;STXBP6;PPARGC1A;DLGAP5;WASF3;SNCA;FGA;NFE4;CENPW;DNAAF3;ANGPT1;FN1;FANCA;NRG1;NSG1;MAPK8IP2;VIL1;ANLN;CENPE;CENPF;CXCL12;AIM2;CALY;NSG2;CLDN14;CASQ2;FERMT2;TMEM35A
4190,GO_Biological_Process_2023,Regulation Of Stem Cell Population Maintenance (GO:2000036),3/56,0.9984586237825136,0.999996300842126,0,0,0.2628375564596213,0.0004054441098778467,ESRRB;HMGA2;PTN
4189,GO_Biological_Process_2023,Nucleotide-Excision Repair (GO:0006289),3/56,0.9984586237825136,0.999996300842126,0,0,0.2628375564596213,0.0004054441098778467,USP44;HUS1B;BRCA2
4188,GO_Biological_Process_2023,Cellular Response To Oxidative Stress (GO:0034599),10/117,0.9984077209755567,0.999996300842126,0,0,0.4333989596941087,0.0006906420662088806,PYCR1;FOS;PLA2R1;PPARGC1A;MT3;MMP9;DHRS2;FOXO1;EGFR;SNCA
4187,GO_Biological_Process_2023,Regulation Of G0 To G1 Transition (GO:0070316),1/33,0.9983818868292412,0.999996300842126,0,0,0.1452117505656108,0.0002351593547148895,CHEK1
4186,GO_Biological_Process_2023,Protein K63-linked Deubiquitination (GO:0070536),1/33,0.9983818868292412,0.999996300842126,0,0,0.1452117505656108,0.0002351593547148895,DEPDC1B
4185,GO_Biological_Process_2023,ncRNA Catabolic Process (GO:0034661),1/33,0.9983818868292412,0.999996300842126,0,0,0.1452117505656108,0.0002351593547148895,EXOSC4
4184,GO_Biological_Process_2023,Monoubiquitinated Protein Deubiquitination (GO:0035520),1/33,0.9983818868292412,0.999996300842126,0,0,0.1452117505656108,0.0002351593547148895,KAT2B
4183,GO_Biological_Process_2023,Positive Regulation Of Innate Immune Response (GO:0045089),2/45,0.9983335030124268,0.999996300842126,0,0,0.2160455248182625,0.0003603395521419056,GBP5;IGF2BP1
4182,GO_Biological_Process_2023,Cellular Response To Light Stimulus (GO:0071482),4/65,0.9982731991072992,0.999996300842126,0,0,0.3044271111255469,0.000526139407104521,TRPM1;OPN4;CDC25A;AURKB
4181,GO_Biological_Process_2023,Autophagosome Assembly (GO:0000045),4/65,0.9982731991072992,0.999996300842126,0,0,0.3044271111255469,0.000526139407104521,MAP1LC3C;RUFY4;ATG9B;RAB19
4180,GO_Biological_Process_2023,Regulation Of mRNA Stability (GO:0043488),5/74,0.9982215815583492,0.999996300842126,0,0,0.3363451343410967,0.000598694912643583,ZFP36;SLC11A1;E2F1;IGF2BP1;VIP
4179,GO_Biological_Process_2023,Regulation Of Cell Cycle G1/S Phase Transition (GO:1902806),5/74,0.9982215815583492,0.999996300842126,0,0,0.3363451343410967,0.000598694912643583,SOX2;CDKN2A;KIF14;E2F1;EZH2
4210,GO_Biological_Process_2023,COPII-coated Vesicle Budding (GO:0090114),1/36,0.9990972847501604,0.999996300842126,0,0,0.1327407886231415,0.0001198812516274041,SH2D2A
4209,GO_Biological_Process_2023,Phosphate-Containing Compound Metabolic Process (GO:0006796),18/184,0.9990966554217366,0.999996300842126,0,0,0.5021723723538656,0.0004538397076153846,CERKL;PFKFB1;SLC22A3;PFKFB3;PLPPR1;PLPPR3;PLPPR5;PLA2G2A;MBOAT2;TRH;PLAAT4;AGPAT2;PTPRB;PLA2G10;SLC29A4;ALDOC;PLPP3;PLPP1
4208,GO_Biological_Process_2023,Establishment Of Protein Localization To Membrane (GO:0090150),4/69,0.9990625907995836,0.999996300842126,0,0,0.2856234623005073,0.00026787163370717147,ZDHHC22;SYNE3;NECTIN3;EGFR
4207,GO_Biological_Process_2023,DNA-templated Transcription Initiation (GO:0006352),3/59,0.9990531786655126,0.999996300842126,0,0,0.2487114964831433,0.00023559690269825385,E2F2;NAT14;PPARGC1A
4206,GO_Biological_Process_2023,Regulation Of Protein Ubiquitination (GO:0031396),9/113,0.9990449589853436,0.999996300842126,0,0,0.4012706043956044,0.00038341300190151,FANCI;PRKN;ANGPT1;CENPX;CAV1;FAM107A;SPRY2;ISG15;INAVA
4205,GO_Biological_Process_2023,"Retrograde Vesicle-Mediated Transport, Golgi To Endoplasmic Reticulum (GO:0006890)",2/48,0.9990144012257046,0.999996300842126,0,0,0.2019187011868888,0.00019910896129711635,CCL13;PLPP3
4204,GO_Biological_Process_2023,Cytoplasmic Microtubule Organization (GO:0031122),2/48,0.9990144012257046,0.999996300842126,0,0,0.2019187011868888,0.00019910896129711635,FSD1;TRDN
4203,GO_Biological_Process_2023,Negative Regulation Of Cellular Biosynthetic Process (GO:0031327),12/137,0.9990128216424988,0.999996300842126,0,0,0.4449497872340425,0.0004394617494025342,PTGIS;ACADL;CAV1;ADIPOQ;IGF2BP1;AKR1C3;GZMB;TRIB3;IGF2BP3;PROX1;ERFE;TYMS
4202,GO_Biological_Process_2023,Regulation Of Innate Immune Response (GO:0045088),5/78,0.999004046672488,0.999996300842126,0,0,0.3178376952791697,0.00031670925023019494,GBP5;TYRO3;ADAM8;LRP8;AURKB
4201,GO_Biological_Process_2023,Regulation Of Cell Cycle (GO:0051726),34/298,0.9989827374660766,0.999996300842126,0,0,0.595556622462132,0.0006061457958625589,CCNF;GATA3;FOXM1;CDC20;MCIDAS;SPATA22;CHEK1;ZNF703;PCLAF;DLGAP5;MAGEA4;MAP2K6;MYOG;CDT1;CDKN2A;PLK1;HMGA2;PTK6;PROX1;POU4F1;KAT2B;NR4A1;SFRP1;BMP2;LEP;CKS2;GMNC;NUPR2;INSM1;INHA;PRR11;CDKN3;MCM2;SMIM22
4200,GO_Biological_Process_2023,Positive Regulation Of DNA-templated Transcription (GO:0045893),181/1243,0.9989683032182528,0.999996300842126,0,0,0.7821337503843918,0.0008073414105830045,FOXA1;CSF3;PID1;EPO;CD80;SCX;MYRFL;NR3C1;FGF1;FGF2;SPIB;SOX2;HOXA10;IL4I1;FGF7;MCIDAS;CREB3L3;SOX17;CREB3L4;HOXA7;TP63;HOXA5;KCNH2;SLC11A1;LMO3;FOXH1;SOX11;SOX12;FOXP3;SOX10;POU3F3;NPAS4;ISL2;SFRP1;MYCN;RFX6;LMX1A;TFR2;HOXB2;HOXB1;ERG;ATF3;BLM;DLX5;EPAS1;NOTCH4;STXBP2;GATA5;GATA4;GATA3;MRPL12;FOXO1;TERT;GALR1;PRDM16;CYTL1;NDP;OTX1;CGA;NKX2-5;NKX6-1;PPARGC1A;STAT5A;NGFR;EGR1;EGR2;NFE4;FZD4;ZBTB16;ESRRB;HMGA1;HMGA2;IGF1;INHBA;MT3;ESR1;BMP6;ESR2;BMP5;COL1A1;MLLT11;CXCL10;MLXIPL;NR4A1;BMP2;IL6;NR4A3;LHX2;BAMBI;TLX2;LHX1;BMPR1B;CDKN1C;RET;CSRNP1;CSRNP3;ONECUT2;CITED1;PTPRN;HOXC13;LDB2;FOXM1;BRCA2;MEOX2;HOXC11;NAT14;HOXC10;CX3CL1;ZIC2;ZIC3;HNF4A;ZIC1;MYBL2;NOS1;MYBL1;MYOG;FOXD3;IL11;FOXD2;MYOCD;TCF15;TESC;PAX6;FOS;PROX1;KLF15;PAX2;DCN;MMP12;CCNA2;TOX3;KAT2B;GAL;PSRC1;TAL1;IRF7;CDH13;PPARG;PPARA;MET;CREB5;PRKN;CEBPA;UHRF1;TMPRSS6;CEBPE;LEF1;NOD2;ASCL1;ASCL2;EGFR;IFNL1;WNT11;ATOH8;ERBB2;HAS3;SPP1;E2F1;SHOX;E2F2;RXRG;E2F7;E2F8;H2AZ1;IL33;ARNT2;DMRT1;EGF;IRX6;ATAD2;OSM;FOXJ1;KLF4;POU4F1;MEIS2;KLF2;KLF1;PER1;WT1;FOXA3;PF4
4199,GO_Biological_Process_2023,Protein Phosphorylation (GO:0006468),64/500,0.998917876904836,0.999996300842126,0,0,0.6773933648037151,0.0007334199014795061,MYLK2;MAST1;LIPE;EFEMP1;CHEK1;PBK;PDK4;NEK2;CTSG;STK32A;AMH;ROS1;EPHB1;EPHA8;LMTK3;HASPIN;TGFBR2;TGFBR3;MELK;MYO3B;CCNE1;KIT;TYRO3;BIRC5;ERG;SIK2;SGK2;DDR2;BRSK2;CCL11;PNCK;CDCA8;TTK;EGFR;AURKB;AURKA;GRK3;NUAK2;RELN;ACVR1C;WNT11;ERBB2;MAP3K20;CLSPN;PCK1;PAK3;PLK4;NTRK2;SRPK3;SRMS;PLK1;CDC7;PTK6;BMX;MAPK15;MAPK10;BMP2;SBK1;ADM2;CDK1;TEK;BMPR1B;FGFR4;FGFR3
4198,GO_Biological_Process_2023,Response To Exogenous dsRNA (GO:0043330),1/35,0.998903520134229,0.999996300842126,0,0,0.1366532472717593,0.00014991974124313711,IFIT1
4197,GO_Biological_Process_2023,Regulation Of mRNA Processing (GO:0050684),1/35,0.998903520134229,0.999996300842126,0,0,0.1366532472717593,0.00014991974124313711,SRPK3
4196,GO_Biological_Process_2023,Selective Autophagy (GO:0061912),3/58,0.9988856842022458,0.999996300842126,0,0,0.2532489581725575,0.0002823566613337816,PRKN;MAP1LC3C;STBD1
4195,GO_Biological_Process_2023,Negative Regulation Of Hydrolase Activity (GO:0051346),2/47,0.9988254543512036,0.999996300842126,0,0,0.2064183561213264,0.0002425902765962626,RASA4;NOS1
4226,GO_Biological_Process_2023,Maturation Of SSU-rRNA (GO:0030490),1/38,0.999387919193106,0.999996300842126,0,0,0.1255503240797358,7.687047153930188e-05,IGF2BP3
4225,GO_Biological_Process_2023,mRNA Transcription By RNA Polymerase II (GO:0042789),1/38,0.999387919193106,0.999996300842126,0,0,0.1255503240797358,7.687047153930188e-05,PPARG
4224,GO_Biological_Process_2023,Regulation Of Cilium Assembly (GO:1902017),4/71,0.9993113391590214,0.999996300842126,0,0,0.2770635923129892,0.00019086857588976056,ODAD3;MCIDAS;KIF24;MAPK15
4223,GO_Biological_Process_2023,Nucleocytoplasmic Transport (GO:0006913),2/50,0.999306535976534,0.999996300842126,0,0,0.1934818481848184,0.00013421924439912993,CITED1;NUP210
4222,GO_Biological_Process_2023,Regulation Of Cellular Response To Stress (GO:0080135),8/107,0.9992988629043325,0.999996300842126,0,0,0.3747076889610185,0.0002628136057168012,PRKN;CRHBP;KAT2B;DEPDC1B;RAD51;AIFM2;BRCA2;CORO2B
4221,GO_Biological_Process_2023,Phosphatidylinositol Biosynthetic Process (GO:0006661),7/98,0.9992621976905072,0.999996300842126,0,0,0.3567661799956417,0.00026332006257418487,HYCC1;SOCS3;PGAP4;PIGQ;ITPKA;CWH43;FGF2
4220,GO_Biological_Process_2023,Negative Regulation Of Macromolecule Biosynthetic Process (GO:0010558),7/98,0.9992621976905072,0.999996300842126,0,0,0.3567661799956417,0.00026332006257418487,TMEFF2;ADIPOQ;IGF2BP1;GZMB;IGF2BP3;TYMS;PF4
4219,GO_Biological_Process_2023,Regulation Of Defense Response To Virus By Host (GO:0050691),1/37,0.9992567250362476,0.999996300842126,0,0,0.1290456887883358,9.595209347003212e-05,IL12B
4218,GO_Biological_Process_2023,Dephosphorylation (GO:0016311),13/147,0.9992247467268622,0.999996300842126,0,0,0.4495336879733003,0.00034863762168388547,PLPPR1;PLPPR3;PLPPR5;PTPRM;PPM1E;CDC14B;PTPRB;PLPP4;PTPRZ1;PTPN7;PLPP3;PPEF1;PLPP1
4217,GO_Biological_Process_2023,Regulation Of Cellular Biosynthetic Process (GO:0031326),4/70,0.9991963588135624,0.999996300842126,0,0,0.2812786798068428,0.00022613801104497903,PDK4;FFAR3;FGFR4;CES1
4216,GO_Biological_Process_2023,Protein K48-linked Ubiquitination (GO:0070936),4/70,0.9991963588135624,0.999996300842126,0,0,0.2812786798068428,0.00022613801104497903,PRKN;IFI27;UBE2C;UBE2T
4215,GO_Biological_Process_2023,Regulation Of Protein Localization (GO:0032880),7/97,0.9991552517177998,0.999996300842126,0,0,0.3607522820270695,0.0003048736594296731,MMD;EGF;GPC3;TRIM46;GPC2;KRT5;VIP
4214,GO_Biological_Process_2023,Positive Regulation Of Cellular Catabolic Process (GO:0031331),13/146,0.9991311000587366,0.999996300842126,0,0,0.4529413772797487,0.00039373181767339126,ABCD2;IRS2;IGF1;FOXO1;DCN;MLXIPL;IFNG;ADAM8;PPARA;GPLD1;SH3D19;SNCA;PNPLA2
4213,GO_Biological_Process_2023,tRNA Methylation (GO:0030488),1/36,0.9990972847501604,0.999996300842126,0,0,0.1327407886231415,0.0001198812516274041,TRMT9B
4212,GO_Biological_Process_2023,Positive Regulation Of Double-Strand Break Repair Via Homologous Recombination (GO:1905168),1/36,0.9990972847501604,0.999996300842126,0,0,0.1327407886231415,0.0001198812516274041,RAD51AP1
4211,GO_Biological_Process_2023,Histone H3 Acetylation (GO:0043966),1/36,0.9990972847501604,0.999996300842126,0,0,0.1327407886231415,0.0001198812516274041,KAT2B
4242,GO_Biological_Process_2023,Positive Regulation Of Stem Cell Population Maintenance (GO:1902459),1/40,0.9995846919740112,0.999996300842126,0,0,0.1190973430792435,4.947235629931246e-05,ESRRB
4241,GO_Biological_Process_2023,Positive Regulation Of Macroautophagy (GO:0016239),3/64,0.999582894797899,0.999996300842126,0,0,0.22825572657185,9.522651208014046e-05,RUFY4;LACRT;DCN
4240,GO_Biological_Process_2023,Endocytic Recycling (GO:0032456),3/64,0.999582894797899,0.999996300842126,0,0,0.22825572657185,9.522651208014046e-05,TRARG1;DENND1B;EHD2
4239,GO_Biological_Process_2023,Negative Regulation Of Amide Metabolic Process (GO:0034249),6/93,0.9995714780887874,0.999996300842126,0,0,0.3198468735046241,0.00013709076882699152,NTRK2;IGF2BP1;GZMB;IGF2BP3;IGF1;TYMS
4238,GO_Biological_Process_2023,Positive Regulation Of NF-kappaB Transcription Factor Activity (GO:0051092),13/152,0.9995644919414572,0.999996300842126,0,0,0.4332307139532415,0.0001887165639105271,CAV1;RTKN2;NOD2;NTS;CX3CL1;PYCARD;IL6;AIM2;CLEC7A;CD36;S100A9;S100A8;NTSR1
4237,GO_Biological_Process_2023,Membrane Organization (GO:0061024),15/167,0.9995230882490485,0.999996300842126,0,0,0.4570238949161661,0.000218012056340052,CAV3;ANK2;SGCZ;EGFR;STX11;LMNB1;TRDN;DPP4;RIMS1;ACE2;DCSTAMP;KIF20A;TLCD1;SPTBN1;CEP55
4236,GO_Biological_Process_2023,Positive Regulation Of Ubiquitin-Dependent Protein Catabolic Process (GO:2000060),5/83,0.9995228907856968,0.999996300842126,0,0,0.2973727386241542,0.00014191313040392653,PRKN;CEBPA;CAV3;PLK1;TRIB3
4235,GO_Biological_Process_2023,Phosphatidylinositol Metabolic Process (GO:0046488),3/63,0.9995082957524132,0.999996300842126,0,0,0.2320741369552914,0.00011413990273368763,PLA2G4D;BMX;FGF2
4234,GO_Biological_Process_2023,Positive Regulation Of Lymphocyte Differentiation (GO:0045621),1/39,0.9994958693144794,0.999996300842126,0,0,0.1222389259347463,6.16399321252015e-05,GATA3
4233,GO_Biological_Process_2023,Organelle Transport Along Microtubule (GO:0072384),1/39,0.9994958693144794,0.999996300842126,0,0,0.1222389259347463,6.16399321252015e-05,BICDL1
4232,GO_Biological_Process_2023,Negative Regulation Of Proteasomal Protein Catabolic Process (GO:1901799),1/39,0.9994958693144794,0.999996300842126,0,0,0.1222389259347463,6.16399321252015e-05,LAMP3
4231,GO_Biological_Process_2023,Cellular Response To Starvation (GO:0009267),10/126,0.9994709989437622,0.999996300842126,0,0,0.3995532004340897,0.00021141999068365985,SFRP1;AOC1;NUAK2;MAP1LC3C;ALB;PDK4;PMAIP1;NUPR2;PPARA;FOXO1
4230,GO_Biological_Process_2023,Regulation Of Organelle Organization (GO:0033043),7/100,0.99943797304604,0.999996300842126,0,0,0.3490511438057814,0.0001962312999361695,PRKN;SPEF1;PDE2A;MGARP;S100A9;MAPK15;S100A8
4229,GO_Biological_Process_2023,Spliceosomal Complex Assembly (GO:0000245),3/62,0.9994204996536206,0.999996300842126,0,0,0.2360219849788495,0.00013681446789404254,SRPK3;CELF2;CELF3
4228,GO_Biological_Process_2023,Regulation Of Telomere Maintenance (GO:0032204),1/38,0.999387919193106,0.999996300842126,0,0,0.1255503240797358,7.687047153930188e-05,PIF1
4227,GO_Biological_Process_2023,Negative Regulation Of Type I Interferon Production (GO:0032480),1/38,0.999387919193106,0.999996300842126,0,0,0.1255503240797358,7.687047153930188e-05,PYCARD
4258,GO_Biological_Process_2023,mRNA Transcription (GO:0009299),1/43,0.9997673785228732,0.999996300842126,0,0,0.1105701896143072,2.5723992926908877e-05,PPARG
4257,GO_Biological_Process_2023,mRNA Destabilization (GO:0061157),1/43,0.9997673785228732,0.999996300842126,0,0,0.1105701896143072,2.5723992926908877e-05,ZFP36
4256,GO_Biological_Process_2023,Lysosome Organization (GO:0007040),1/43,0.9997673785228732,0.999996300842126,0,0,0.1105701896143072,2.5723992926908877e-05,SRPX
4255,GO_Biological_Process_2023,Protein Dephosphorylation (GO:0006470),9/124,0.999767232888426,0.999996300842126,0,0,0.3626441881100266,8.442146584703826e-05,PTPRB;PTPRZ1;DUSP1;PTPRM;PTPN7;PPEF1;PPM1E;TNS2;CDC14B
4254,GO_Biological_Process_2023,Translational Elongation (GO:0006414),1/42,0.9997179055515912,0.999996300842126,0,0,0.1132739212007504,3.195845218316696e-05,EEF1A2
4253,GO_Biological_Process_2023,Regulation Of Ubiquitin-Dependent Protein Catabolic Process (GO:2000058),1/42,0.9997179055515912,0.999996300842126,0,0,0.1132739212007504,3.195845218316696e-05,CAV3
4252,GO_Biological_Process_2023,Regulation Of Programmed Cell Death (GO:0043067),18/195,0.999715151936608,0.999996300842126,0,0,0.4706460329157455,0.00013408170838339806,PRKN;ACTN3;CITED1;ACTN2;BIK;CIDEA;OLFM4;POU4F1;LRP8;CIDEC;PAX2;NME1;TOX3;CXCL10;ALB;MAP3K20;CRYAB;MCM2
4251,GO_Biological_Process_2023,Protein Glycosylation (GO:0006486),12/147,0.9996971567418558,0.999996300842126,0,0,0.4117383766745469,0.00012471107640277704,MGAT4C;GALNT6;GALNT14;GALNT5;FUT7;ST8SIA2;MGAT5B;B3GALT1;B3GNT4;FUT2;FUT3;GALNT8
4250,GO_Biological_Process_2023,T Cell Receptor Signaling Pathway (GO:0050852),6/95,0.9996779040417124,0.999996300842126,0,0,0.3126211182495966,0.00010071021871157098,BTNL9;DENND1B;BTN1A1;CTLA4;GATA3;BTNL2
4249,GO_Biological_Process_2023,Double-Strand Break Repair Via Nonhomologous End Joining (GO:0006303),1/41,0.99965777478775,0.999996300842126,0,0,0.1161128393665158,3.9743542106169486e-05,POLQ
4248,GO_Biological_Process_2023,Negative Regulation Of TOR Signaling (GO:0032007),2/54,0.9996573907633798,0.999996300842126,0,0,0.1785551082580785,6.118511122566575e-05,SPAAR;NUAK2
4247,GO_Biological_Process_2023,Negative Regulation Of Intracellular Signal Transduction (GO:1902532),23/231,0.9996569882546108,0.999996300842126,0,0,0.5115048049560001,0.0001754822538809261,CAV3;LRP1;DUSP1;CAV1;PDE2A;RTKN2;ADIPOQ;PDE3B;PLAUR;SORD;ESR1;MMP9;CIT;PYCARD;ADGRG3;PER1;PDE11A;NUAK2;AIM2;TNIP3;PPARG;TRIM59;PPARA
4246,GO_Biological_Process_2023,Regulation Of Translational Initiation (GO:0006446),3/65,0.999646246984347,0.999996300842126,0,0,0.2245604907169067,7.945300498639652e-05,DAZL;HSPB1;C8ORF88
4245,GO_Biological_Process_2023,Positive Regulation Of Amide Metabolic Process (GO:0034250),5/85,0.9996455121049856,0.999996300842126,0,0,0.2899030294450736,0.00010278533382111983,IL6;IFNG;ERBB2;SAMD4A;LARP6
4244,GO_Biological_Process_2023,"Regulation Of Alternative mRNA Splicing, Via Spliceosome (GO:0000381)",2/53,0.9995912910283552,0.999996300842126,0,0,0.1820672823584879,7.442774242221959e-05,CELF2;CELF3
4243,GO_Biological_Process_2023,Regulation Of Autophagosome Assembly (GO:2000785),1/40,0.9995846919740112,0.999996300842126,0,0,0.1190973430792435,4.947235629931246e-05,RNF186
4274,GO_Biological_Process_2023,Regulation Of mRNA Catabolic Process (GO:0061013),1/46,0.999869116851975,0.999996300842126,0,0,0.1031799899446958,1.35054057314398e-05,ZFP36
4273,GO_Biological_Process_2023,Phospholipid Transport (GO:0015914),2/59,0.999857942065175,0.999996300842126,0,0,0.1628427504404575,2.3134748104975983e-05,ABCB1;PLA2G10
4272,GO_Biological_Process_2023,DNA Repair (GO:0006281),30/291,0.9998455949330216,0.999996300842126,0,0,0.5310233392000892,8.199902495167237e-05,H2AX;FEN1;BLM;RNASEH2A;CDCA5;HUS1B;BRCA2;RECQL4;RAD51AP1;EME1;EXO1;CHEK1;FANCI;POLQ;RMI2;CENPX;XRCC2;USP44;FANCA;HMGA2;TICRR;DEPDC1B;NEIL3;H2AC25;RAD51;UBE2T;POLE2;CDK1;DNA2;TRIP13
4271,GO_Biological_Process_2023,Positive Regulation Of mRNA Catabolic Process (GO:0061014),1/45,0.99984156810124,0.999996300842126,0,0,0.1055314171122994,1.672086738629461e-05,ZFP36
4270,GO_Biological_Process_2023,Establishment Of Protein Localization To Extracellular Region (GO:0035592),1/45,0.99984156810124,0.999996300842126,0,0,0.1055314171122994,1.672086738629461e-05,RAB3C
4269,GO_Biological_Process_2023,Protein Stabilization (GO:0050821),19/208,0.9998374722439696,0.999996300842126,0,0,0.4650399607761745,7.558804403347486e-05,PRKN;WNT10B;TESC;HOXB-AS3;CSN3;ANK2;IGF1;MT3;CPN2;H1-5;C10ORF90;SOX17;TMEM88;DSG1;PLPP3;PPARGC1A;TSPAN1;CRYAB;GPIHBP1
4268,GO_Biological_Process_2023,Positive Regulation Of Proteasomal Protein Catabolic Process (GO:1901800),5/90,0.9998319125389488,0.999996300842126,0,0,0.2727666377989474,4.585250533067565e-05,PRKN;CEBPA;PLK1;ECSCR;TRIB3
4267,GO_Biological_Process_2023,Establishment Of Protein Localization To Mitochondrion (GO:0072655),1/44,0.9998080815091014,0.999996300842126,0,0,0.107992212985373,2.072769162222985e-05,MGARP
4266,GO_Biological_Process_2023,ERAD Pathway (GO:0036503),5/89,0.9998048291315644,0.999996300842126,0,0,0.2760307123982096,5.387841177289813e-05,PRKN;BRSK2;NCCRP1;SEL1L2;CLGN
4265,GO_Biological_Process_2023,Vesicle Fusion (GO:0006906),4/79,0.9998019328601954,0.999996300842126,0,0,0.24738937635626,4.9004559449623286e-05,SYT4;CAV2;STXBP6;SNCA
4264,GO_Biological_Process_2023,Negative Regulation Of Translation (GO:0017148),7/107,0.9997856066851782,0.999996300842126,0,0,0.3244787535410764,6.957353387770122e-05,ZFP36;IGF2BP1;GZMB;IGF2BP3;NMNAT2;TYMS;C8ORF88
4263,GO_Biological_Process_2023,Regulation Of Double-Strand Break Repair (GO:2000779),5/88,0.9997733828924243,0.999996300842126,0,0,0.2793734393974539,6.331797550895419e-05,RAD51AP1;RAD51;CHEK1;TEX15;FOXM1
4262,GO_Biological_Process_2023,Regulation Of TOR Signaling (GO:0032006),4/78,0.9997684124695744,0.999996300842126,0,0,0.2507477757973088,5.807678334565839e-05,NUAK2;LEP;GPAT3;ROS1
4261,GO_Biological_Process_2023,Proteolysis Involved In Protein Catabolic Process (GO:0051603),4/78,0.9997684124695744,0.999996300842126,0,0,0.2507477757973088,5.807678334565839e-05,PRKN;PMAIP1;GZMB;ISG15
4260,GO_Biological_Process_2023,Regulation Of Cellular Component Size (GO:0032535),1/43,0.9997673785228732,0.999996300842126,0,0,0.1105701896143072,2.5723992926908877e-05,MYO3B
4259,GO_Biological_Process_2023,Regulation Of JUN Kinase Activity (GO:0043506),1/43,0.9997673785228732,0.999996300842126,0,0,0.1105701896143072,2.5723992926908877e-05,DKK1
4290,GO_Biological_Process_2023,tRNA Processing (GO:0008033),1/50,0.9999383700673892,0.999996300842126,0,0,0.0947340474651399,5.83863288034075e-06,TRMT9B
4289,GO_Biological_Process_2023,Regulation Of TORC1 Signaling (GO:1903432),1/50,0.9999383700673892,0.999996300842126,0,0,0.0947340474651399,5.83863288034075e-06,SPAAR
4288,GO_Biological_Process_2023,Regulation Of Cell Differentiation (GO:0045595),16/193,0.999936443504388,0.999996300842126,0,0,0.4181143967510514,2.657473032971736e-05,DLX2;NLGN1;TNXB;EDN3;NOTCH4;LEF1;MBOAT2;GATA3;KLF4;NTF4;NELL1;RELN;TNR;PRAME;INSM1;CD24
4287,GO_Biological_Process_2023,Nuclear Export (GO:0051168),1/49,0.9999257570403456,0.999996300842126,0,0,0.0967135652337858,7.180567878290511e-06,EGR2
4286,GO_Biological_Process_2023,Positive Regulation Of I-kappaB kinase/NF-kappaB Signaling (GO:0043123),14/175,0.999923042259516,0.999996300842126,0,0,0.4023744585271939,3.0967020747936786e-05,PRKN;CCL21;PELI2;SECTM1;NOD2;S100B;INAVA;CX3CL1;EDAR;CLEC7A;CLEC6A;CCR7;LTB;ECT2
4285,GO_Biological_Process_2023,Nuclear-Transcribed mRNA Catabolic Process (GO:0000956),4/85,0.9999221208514188,0.999996300842126,0,0,0.2289803720127335,1.7833490851702563e-05,ZFP36;EXOSC4;NLRP6;SAMD4A
4284,GO_Biological_Process_2023,Cellular Respiration (GO:0045333),4/85,0.9999221208514188,0.999996300842126,0,0,0.2289803720127335,1.7833490851702563e-05,NR4A3;MTFR2;COX6C;PPARGC1A
4283,GO_Biological_Process_2023,Import Into Nucleus (GO:0051170),3/74,0.9999194022012396,0.999996300842126,0,0,0.1959874698103732,1.5796795253341002e-05,MMP12;KPNA7;KPNA2
4282,GO_Biological_Process_2023,Protein-Containing Complex Disassembly (GO:0032984),2/62,0.9999157918625018,0.999996300842126,0,0,0.1546723243752946,1.3025216780482432e-05,MAP1LC3C;LIX1
4281,GO_Biological_Process_2023,Vesicle Organization (GO:0016050),5/94,0.9999073518891276,0.999996300842126,0,0,0.2604438393118454,2.413074755197407e-05,SRPX;SYT4;CAV2;CAV1;CD34
4280,GO_Biological_Process_2023,Epigenetic Regulation Of Gene Expression (GO:0040029),4/83,0.9998938757866352,0.999996300842126,0,0,0.2348060062986596,2.4919925038901404e-05,SDR16C5;KAT2B;CHEK1;EZH2
4279,GO_Biological_Process_2023,Positive Regulation Of TOR Signaling (GO:0032008),1/47,0.999891779684434,0.999996300842126,0,0,0.100930798740901,1.0923353965126558e-05,LEP
4278,GO_Biological_Process_2023,Negative Regulation Of Protein Metabolic Process (GO:0051248),11/147,0.9998901797647964,0.999996300842126,0,0,0.3745224550398718,4.113240272786547e-05,NELL1;DNAJC1;EDNRB;IGF2BP1;GZMB;IGF2BP3;TYMS;CRYAB;EGFR;CST4;MAD2L1
4277,GO_Biological_Process_2023,Regulation Of Gene Expression (GO:0010468),155/1127,0.9998865807826444,0.999996300842126,0,0,0.7304176918228433,8.284810132148102e-05,MYLK2;PID1;SCX;NR3C1;FGF1;FGF2;ACTG2;SLC8A2;TPRXL;FGF5;SOX2;CDH5;RIMS1;FGF7;EFEMP1;SOX17;CREB3L1;LAMP3;CCN4;IL12B;SOX7;SH3GL2;HOXA5;HES6;BTN1A1;SLC11A1;ANK2;SOX11;FOXP3;MYT1;DKK1;POU3F3;LGALS9C;LGALS9B;ADAM19;ACE2;CLDN5;SFRP1;CLDN3;MYCN;HOXB1;CRABP2;DLX4;HPN;GATA5;ILDR2;GATA4;GATA3;NTS;NKAPL;CALCR;TERT;CLEC7A;ZNF703;PPARGC1A;NTSR1;BTNL9;EGR1;NFE4;ESRRB;PDE2A;FN1;HMGA1;HMGA2;AZU1;FOXN3;IGF1;INHBA;BTNL2;MT3;ESR1;BMP6;SCRT1;ESR2;FGF17;MLXIPL;BMP2;IL6;LHX1;PIP;SLC26A9;BMPR1B;FGFR4;EZH2;MYOM1;RHOXF1;CITED1;BRCA2;VSIR;ELAVL2;C1QTNF1;DNMT3B;CD36;AMH;CD34;TCF19;NAT8B;FOXD1;EDN3;TESC;AVPR2;SORD;NRG1;PAX6;PROX1;MMP8;ACTA2;SLC7A5;KAT2B;IFNG;ESRP1;CLDN19;PPARG;TESMIN;VSTM2A;MCM2;RBMS3;PRKN;OPRD1;CEBPA;LRP1;AHNAK;TMPRSS4;LEF1;ASCL1;CRIP1;AURKA;ATOH8;AGR2;E2F1;IGF2BP1;IGF2BP3;NTRK2;IL33;ARNT2;GSN;ANGPT1;EGF;NTRK3;HOXB-AS3;KLF4;POU4F1;KLF1;NELL1;PER1;ACTC1;TRIML2;WT1;ADM2;SPRY2;CCDC3;INSM1;ZNF730;ZNF695;PF4
4276,GO_Biological_Process_2023,Regulation Of RNA Splicing (GO:0043484),6/102,0.999881970443577,0.999996300842126,0,0,0.2897019258000566,3.419540787119229e-05,KAT2B;AHNAK;ESRP1;HOXB-AS3;ILDR2;MCM2
4275,GO_Biological_Process_2023,Vacuolar Transport (GO:0007034),1/46,0.999869116851975,0.999996300842126,0,0,0.1031799899446958,1.35054057314398e-05,LRP1
4306,GO_Biological_Process_2023,Negative Regulation Of Transcription By RNA Polymerase II (GO:0000122),95/763,0.9999699132574444,0.999996300842126,0,0,0.6526132801219177,1.9635303130074743e-05,TENM2;EPO;MAGEB17;LDB2;FOXM1;NR3C1;SOX2;SDR16C5;ZFP36;EDNRB;DNMT3B;MAGEA1;HOXA7;MYOZ2;ZNF366;MAGEA3;MAGEA4;FOXD3;EN1;SOX11;PAX6;SOX12;PROX1;DKK1;SOX10;TLE6;ETV7;RIPPLY3;IFI27;IFNG;IRF7;PPARG;TRIB3;NUPR2;PPARA;ATF3;PRKN;CEBPA;DLX2;DLX4;UHRF1;TMPRSS6;NOTCH4;LEF1;GATA5;GATA4;GATA3;ASCL1;HOXB13;ASCL2;AURKB;PRDM16;TBX20;E2F1;ZBED2;NDN;MAGEC1;MAGEC2;NKX2-5;NKX6-1;ELANE;E2F7;SPDEF;E2F8;SNCA;IRX1;CBX8;IL33;CBX7;DMRT1;CBX4;ZBTB16;CAV1;CBX2;PLK1;PDE2A;FOXJ1;HMGA2;KLF4;POU4F1;ESR1;MEIS2;SCRT1;KLF2;BMP6;ESR2;H1-5;PER1;BMP2;NR4A3;WT1;ID4;FOSB;INSM1;EZH2
4305,GO_Biological_Process_2023,Regulation Of I-kappaB kinase/NF-kappaB Signaling (GO:0043122),20/232,0.999968951264749,0.999996300842126,0,0,0.4359150433742308,1.353482089425518e-05,PRKN;CCL21;PELI2;SECTM1;HSPB1;NOD2;S100B;ESR1;CX3CL1;INAVA;PYCARD;EDAR;PER1;CLEC7A;CLEC6A;TNIP3;CCR7;TRIM59;LTB;ECT2
4304,GO_Biological_Process_2023,Negative Regulation Of DNA-templated Transcription (GO:0045892),135/1025,0.9999685642164912,0.999996300842126,0,0,0.6943552701979668,2.182794504323861e-05,EPO;MAGEB17;NR3C1;SOX2;ZFP36;EDNRB;CREB3L1;MAGEA1;HOXA7;MYOZ2;SOX7;TP63;MAGEA3;MAGEA4;ADIPOQ;SOX11;SOX12;FOXP3;DKK1;SOX10;POU3F3;TLE6;SFRP1;IFI27;DPEP1;TRIB3;NUPR2;ATF3;DLX2;DLX4;NOTCH4;TWIST2;GATA5;GATA4;GATA3;HOXB13;FOXO1;ZNF703;PRDM16;ZBED2;NDN;MAGEC1;MAGEC2;NKX2-5;NKX6-1;ELANE;CBX8;CBX7;CBX4;ZBTB16;CAV1;CBX2;PLK1;PDE2A;HMGA1;HMGA2;FOXN3;ESR1;BMP6;SCRT1;ESR2;H1-5;MLXIPL;BMP2;NR4A3;TNFSF4;LHX1;ID4;RCOR2;LHX9;EZH2;CDKN1C;TENM2;CITED1;LDB2;FOXM1;DMBX1;SDR16C5;ZIC2;HNF4A;SIX3;DNMT3B;ZNF366;FOXD3;FOXD1;EN1;NRG1;PAX6;PROX1;PAX2;ETV7;RIPPLY3;IFNG;PAX9;DEPDC1;IRF7;BIRC5;PPARG;PPARA;CRYAB;PRKN;CEBPA;UHRF1;TMPRSS6;LEF1;ASCL1;ASCL2;AURKB;TCEAL7;MUC1;IFNL1;WNT11;ATOH8;TBX20;E2F1;PRAME;E2F7;SPDEF;E2F8;RUNX1T1;SNCA;IRX1;IL33;DMRT1;CDKN2A;FOXJ1;KLF4;POU4F1;MEIS2;KLF2;PER1;CENPF;WT1;FOSB;INSM1
4303,GO_Biological_Process_2023,DNA-templated Transcription (GO:0006351),16/199,0.9999664762703177,0.999996300842126,0,0,0.4042567390349549,1.355242080679116e-05,SCX;DTX1;PAX5;MRPL12;NAT14;PAX1;SPOCD1;ETV7;LHX1;NFE2L3;E2F1;DPEP1;TRIP13;POLR3K;NKX3-2;SOX5
4302,GO_Biological_Process_2023,Regulation Of Macromolecule Biosynthetic Process (GO:0010556),1/53,0.999964290117534,0.999996300842126,0,0,0.0892523059519665,3.1872462637912587e-06,S100A9
4301,GO_Biological_Process_2023,Protein Import Into Nucleus (GO:0006606),3/79,0.9999635871688228,0.999996300842126,0,0,0.1830377088732016,6.665042539546729e-06,MMP12;KPNA7;KPNA2
4300,GO_Biological_Process_2023,Positive Regulation Of DNA Repair (GO:0045739),4/89,0.9999575443322416,0.999996300842126,0,0,0.2181515459283062,9.261966167759934e-06,H2AX;DEPDC1B;FOXM1;EGFR
4299,GO_Biological_Process_2023,Positive Regulation Of Transcription Initiation By RNA Polymerase II (GO:0060261),1/52,0.9999572748801744,0.999996300842126,0,0,0.0910078963712181,3.888406344442473e-06,NKX2-5
4298,GO_Biological_Process_2023,Plasma Membrane Bounded Cell Projection Assembly (GO:0120031),26/275,0.9999567802653108,0.999996300842126,0,0,0.4822068107233834,2.0841300805744248e-05,DYNC2I2;SPEF1;MYLK;CDC14B;FGD3;MCIDAS;ABLIM3;CFAP47;POC1A;S1PR1;TEKT5;PLK4;P2RY12;GSN;CCL21;ACTN2;EMP1;KIF24;FOXJ1;MRAP;EHD2;NELL1;KIT;CDH13;CIBAR2;CCNO
4297,GO_Biological_Process_2023,Protein Localization To Organelle (GO:0033365),9/137,0.9999564601965056,0.999996300842126,0,0,0.3255540497448979,1.4174867940444918e-05,COL1A1;GBP5;NUAK2;DNAAF11;ANK2;ISG15;RNF186;LACRT;SGCG
4296,GO_Biological_Process_2023,Mitochondrion Organization (GO:0007005),12/162,0.9999498923051624,0.999996300842126,0,0,0.3702241134751773,1.8551541690910944e-05,PRKN;PID1;TERT;BCL2A1;CAV2;AIFM2;BIK;MGARP;MTFR2;COX7A1;PPARGC1A;TYMP
4295,GO_Biological_Process_2023,Positive Regulation Of Translation (GO:0045727),6/108,0.999949486417062,0.999996300842126,0,0,0.2725606810268712,1.376836431433931e-05,DAZL;IL6;ERBB2;IGF2BP1;SAMD4A;LARP6
4294,GO_Biological_Process_2023,Positive Regulation Of DNA Recombination (GO:0045911),1/51,0.9999487437088648,0.999996300842126,0,0,0.0928337104072398,4.758433638668571e-06,RAD51AP1
4293,GO_Biological_Process_2023,RNA Modification (GO:0009451),1/51,0.9999487437088648,0.999996300842126,0,0,0.0928337104072398,4.758433638668571e-06,TRMT9B
4292,GO_Biological_Process_2023,Positive Regulation Of Autophagy (GO:0010508),6/107,0.9999419352838702,0.999996300842126,0,0,0.2752761257434155,1.5984294164842724e-05,PRKN;IFNG;RUFY4;LACRT;FOXO1;DCN
4291,GO_Biological_Process_2023,Transcription Initiation At RNA Polymerase II Promoter (GO:0006367),3/76,0.9999416165533662,0.999996300842126,0,0,0.1905946926529758,1.11278999129232e-05,E2F2;PPARGC1A;ESR1
4322,GO_Biological_Process_2023,Histone Acetylation (GO:0016573),1/60,0.999988469221811,0.999996300842126,0,0,0.0786294961270036,9.06664506240992e-07,KAT2B
4321,GO_Biological_Process_2023,Transcription Preinitiation Complex Assembly (GO:0070897),1/59,0.9999866942377004,0.999996300842126,0,0,0.0799900530503978,1.0643357131470798e-06,ESR1
4320,GO_Biological_Process_2023,Regulation Of Type I Interferon Production (GO:0032479),1/59,0.9999866942377004,0.999996300842126,0,0,0.0799900530503978,1.0643357131470798e-06,IRF7
4319,GO_Biological_Process_2023,Protein Targeting To Mitochondrion (GO:0006626),1/59,0.9999866942377004,0.999996300842126,0,0,0.0799900530503978,1.0643357131470798e-06,MGARP
4318,GO_Biological_Process_2023,Aerobic Respiration (GO:0009060),1/59,0.9999866942377004,0.999996300842126,0,0,0.0799900530503978,1.0643357131470798e-06,MTFR2
4317,GO_Biological_Process_2023,Ubiquitin-Dependent ERAD Pathway (GO:0030433),2/73,0.999985546199362,0.999996300842126,0,0,0.1306213518736179,1.8879886233891327e-06,NCCRP1;CLGN
4316,GO_Biological_Process_2023,Establishment Of Protein Localization To Organelle (GO:0072594),3/85,0.9999846679144012,0.999996300842126,0,0,0.1695825914116526,2.600074739941215e-06,MMP12;KPNA7;KPNA2
4315,GO_Biological_Process_2023,mRNA Transport (GO:0051028),1/58,0.9999845324762412,0.999996300842126,0,0,0.0813983488132095,1.25904063135042e-06,ZFP36
4314,GO_Biological_Process_2023,Regulation Of Transcription Initiation By RNA Polymerase II (GO:0060260),1/57,0.9999819007325907,0.999996300842126,0,0,0.0828569408532643,1.4996635006531623e-06,NKX2-5
4313,GO_Biological_Process_2023,Post-Transcriptional Regulation Of Gene Expression (GO:0010608),1/57,0.9999819007325907,0.999996300842126,0,0,0.0828569408532643,1.4996635006531623e-06,PER1
4312,GO_Biological_Process_2023,Lysosomal Transport (GO:0007041),5/105,0.9999802398774584,0.999996300842126,0,0,0.2316392978482446,4.577266134768552e-06,CCL14;PRKN;LRP1;SLC30A2;GPRASP1
4311,GO_Biological_Process_2023,post-Golgi Vesicle-Mediated Transport (GO:0006892),1/56,0.9999786976392556,0.999996300842126,0,0,0.0843685726038667,1.7972689122086475e-06,SORCS1
4310,GO_Biological_Process_2023,Positive Regulation Of DNA-templated Transcription Initiation (GO:2000144),1/56,0.9999786976392556,0.999996300842126,0,0,0.0843685726038667,1.7972689122086475e-06,NKX2-5
4309,GO_Biological_Process_2023,RNA Polymerase II Preinitiation Complex Assembly (GO:0051123),1/56,0.9999786976392556,0.999996300842126,0,0,0.0843685726038667,1.7972689122086475e-06,ESR1
4308,GO_Biological_Process_2023,Regulation Of DNA Metabolic Process (GO:0051052),7/124,0.9999779650412696,0.999996300842126,0,0,0.2770441393670855,6.104723436373416e-06,CCNA2;PIF1;KAT2B;DEPDC1B;DSCC1;ESCO2;KPNA2
4307,GO_Biological_Process_2023,Protein Localization To Nucleus (GO:0034504),7/122,0.9999718173017792,0.999996300842126,0,0,0.2818967853183889,7.944723982478803e-06,COL1A1;MMP12;NUAK2;PLK1;KPNA7;KPNA2;LMNB1
4338,GO_Biological_Process_2023,Regulation Of Nucleic Acid-Templated Transcription (GO:1903506),37/452,0.9999939178754448,0.999996300842126,0,0,0.4087958691910499,2.486354955201046e-06,CEBPA;RHOXF1;CRABP2;DLX4;GATA4;BRCA2;NR3C1;ELAVL2;SOX2;EFEMP1;SOX17;ZNF703;E2F1;PPARGC1A;SOX7;HES6;ARNT2;NFE4;ESRRB;HMGA1;HMGA2;FOXN3;FOXP3;MYT1;ESR1;SCRT1;ESR2;KLF1;KAT2B;MLXIPL;BMP2;WT1;TESMIN;HOXB1;ZNF730;EZH2;ZNF695
4337,GO_Biological_Process_2023,Macromolecule Modification (GO:0043412),2/81,0.9999938799982876,0.999996300842126,0,0,0.1173365799509426,7.181022676234678e-07,UBE2S;ST8SIA2
4336,GO_Biological_Process_2023,Histone Modification (GO:0016570),2/81,0.9999938799982876,0.999996300842126,0,0,0.1173365799509426,7.181022676234678e-07,KAT2B;AURKB
4335,GO_Biological_Process_2023,Detection Of Chemical Stimulus Involved In Sensory Perception Of Smell (GO:0050911),7/139,0.9999938502426294,0.999996300842126,0,0,0.245336509571637,1.5087646472801212e-06,OR2L13;OR13J1;OR2B11;OR2B6;OR10A3;OR10A6;OR10AC1
4334,GO_Biological_Process_2023,Phosphorylation (GO:0016310),40/429,0.9999937331391272,0.999996300842126,0,0,0.4726489763903397,2.9620346579937564e-06,CERKL;BRSK2;CCL11;MAST1;CDCA8;AURKB;AURKA;LIPE;GRK3;NUAK2;ACVR1C;WNT11;CHEK1;ERBB2;MAP3K20;PDK4;NEK2;CTSG;PAK3;ROS1;EPHB1;PLK4;EPHA8;PLK1;LMTK3;PTK6;BMX;HASPIN;TGFBR2;MAPK10;BMP2;MELK;CCNE1;ADM2;CDK1;BIRC5;ERG;SIK2;BMPR1B;SGK2
4333,GO_Biological_Process_2023,Organelle Organization (GO:0006996),39/418,0.999993660570297,0.999996300842126,0,0,0.4731508845612495,2.999516279191555e-06,PRKN;CCL13;ABCD2;CCL11;MAST1;CDCA8;SYNE3;FGD3;STRIP2;CATIP;TERT;CCL7;GOLGA8IP;SPTSSB;NDP;PPARGC1A;CEP55;WASF3;SH3D19;PACSIN1;CHGA;CCL24;CENPW;DST;CAV2;CAV1;GOLGA8K;KIF25;GOLGA8M;MAPK15;CIDEC;MRAP;KISS1;RAB31;DIAPH3;DES;KRT16;KIF4A;MTFR2
4332,GO_Biological_Process_2023,Protein Localization (GO:0008104),31/351,0.9999936379576734,0.999996300842126,0,0,0.4460505205362236,2.8378013185798284e-06,ITSN1;STXBP2;DOC2B;CELSR1;PHYHIP;EGFR;STX11;FBLN5;FGF7;WNT11;SYNDIG1;DMD;TNS4;GPIHBP1;CD177;PACSIN1;AKAIN1;NGFR;RIC3;CAV3;ANGPT1;ATG9B;CAV1;FOXJ1;ANK2;PEX5L;ARL4A;RAB31;RAB19;STX1A;FERMT2
4331,GO_Biological_Process_2023,Protein Modification Process (GO:0036211),60/711,0.999993161890628,0.999996300842126,0,0,0.4191335027150107,2.8660905323049072e-06,MAST1;PTPRM;CDC14B;LIPE;CHEK1;PDK4;NEK2;CTSG;ROS1;EPHB1;ANXA1;EPHA8;KRT2;LMTK3;HASPIN;TGFBR2;CCNA2;MELK;CCNE1;BIRC5;ERG;SIK2;PPEF1;SGK2;IVL;BRSK2;CCL11;EPB42;CDCA8;FUT2;PPM1E;EVPL;AURKB;AURKA;GRK3;NUAK2;FUT7;ACVR1C;WNT11;PTPRZ1;ERBB2;MAP3K20;PAK3;PLK4;EGLN3;ST8SIA2;GAD1;PLK1;FN1;PTK6;HS3ST6;BMX;MAPK10;PTPRB;BMP2;UBE2S;ADM2;CDK1;PTPN7;BMPR1B
4330,GO_Biological_Process_2023,Transcription By RNA Polymerase II (GO:0006366),13/192,0.9999924837683598,0.999996300842126,0,0,0.3355950259671906,2.5224194320219745e-06,DTX1;PAX5;PAX1;ETV7;LHX1;NFE2L3;DPEP1;E2F2;PPARG;TRIP13;PPARGC1A;NKX3-2;SOX5
4329,GO_Biological_Process_2023,Chromatin Organization (GO:0006325),22/268,0.999992164885483,0.999996300842126,0,0,0.412603360742,3.2328072462214216e-06,H2AX;H2BC9;FOXA1;H4C9;H2BC8;HMGA2;NAP1L2;FOXP3;ESR1;H2BC17;SOX2;H1-5;KAT2B;PER1;H2BC13;H2BC14;H2BC15;H2BC21;CHEK1;H2BC11;ASF1B;EZH2
4328,GO_Biological_Process_2023,rRNA Metabolic Process (GO:0016072),3/91,0.9999921524347034,0.999996300842126,0,0,0.1579622626948603,1.239624034917068e-06,EXOSC4;CAVIN1;IGF2BP3
4327,GO_Biological_Process_2023,Cilium Assembly (GO:0060271),19/243,0.9999921453033952,0.999996300842126,0,0,0.3915335925444652,3.075389658167576e-06,DYNC2I2;PLK4;GSN;DNAAF3;DNAAF11;KIF24;FOXJ1;CDC14B;EHD2;RSPH1;MCIDAS;ABLIM3;CFAP47;POC1A;TEKT5;ZMYND10;CIBAR2;CCNO;PIERCE1
4326,GO_Biological_Process_2023,Regulation Of DNA-templated Transcription (GO:0006355),246/1922,0.9999914085268462,0.999996300842126,0,0,0.6594976971258129,5.666081099873492e-06,ZNF296;SCX;SPIB;SOX2;HOXA9;ERFL;CREB3L3;SOX17;CREB3L4;CREB3L1;HOXA3;HOXA7;HOXA6;SOX7;TP63;HOXA5;HOXA4;SOX5;HES6;FOXH1;EBF1;EBF2;SOX10;SFRP1;HOXB9;RFX6;TRIB3;HOXB1;ATF3;HOXB6;HOXB5;CRABP2;EPAS1;SP140;TSHZ2;TWIST2;GATA4;GATA3;MRPL12;PRDM16;ZNF703;ALX4;NKX2-5;PPARGC1A;NKX2-3;NKX2-2;STAT5A;EGR1;EGR2;EGR3;NFE4;FZD4;IGF1;COL1A1;MLLT11;TNFSF4;ID4;CYP1A1;SIM1;SIM2;RCOR2;EZH2;CDKN1C;RET;CSRNP1;HMX3;TENM1;CSRNP3;CITED1;TCF24;HOXC13;HIF3A;MEOX2;BRCA2;HOXC11;NAT14;MEOX1;HOXC10;DMBX1;HNF4A;ZNF367;FOXD4;FOXD3;FOXD2;FOXD1;TCF15;TESC;EN1;PAX6;FOS;PROX1;PAX5;PAX2;PAX1;TOX3;KAT2B;PAX7;TAL1;PAX9;DEPDC1;PPARG;PPARA;CRYAB;HMX2;VGLL3;ASCL4;TMPRSS6;ASCL1;EGFR;TCEAL7;GBX2;SPP1;SHOX;HAS3;PRAME;SPDEF;RUNX1T1;ARNT2;DMRT1;CDKN2A;DMRT2;ATAD2;POU4F1;BATF;PER1;CENPF;WT1;FOSB;FOXA3;ZNF695;FOXA1;EPO;CD80;MYRFL;NR3C1;FGF2;NR3C2;HOXA10;FGF7;EFEMP1;SALL3;SALL4;PITX1;KCNH2;ADIPOQ;FOXP3;MYT1;POU3F3;NPAS4;MYCN;LMX1A;DPEP1;NUPR2;ERG;BLM;DLX4;DLX5;DLX6;NOTCH4;FOXO6;HOXB13;FOXO1;STRA8;NDP;OTX1;NKX6-1;CBX4;ZBTB16;ESRRB;HMGA1;HMGA2;FOXN3;INHBA;MT3;ESR1;SCRT1;ESR2;MLXIPL;NR4A1;BMP2;IL6;NR4A3;TLX3;LHX2;BAMBI;TLX2;LHX1;TLX1;ZSCAN4;NFE2L3;LHX6;MXD3;LHX9;PRR7;RHOXF1;ONECUT2;HMGB3;FOXM1;ELAVL2;ZIC2;ZIC3;SIX2;ZIC1;SIX3;NOS1;MYBL1;NKX3-2;MYOCD;NRG1;KLF15;ETV7;DMRTA2;PSRC1;IFNG;IRF7;BIRC5;TESMIN;FOXD4L1;MCM2;CREB5;CEBPA;CEBPE;LEF1;DBX2;IFNL1;WNT11;TBX20;ATOH8;E2F1;E2F2;HES2;E2F7;E2F8;IRX1;EGF;IRX6;ZIC4;ZIC5;KLF4;KLF2;KLF1;TBX15;TBX10;TNIP3;KLF9;ZNF730
4325,GO_Biological_Process_2023,Regulation Of Transcription By RNA Polymerase II (GO:0006357),274/2028,0.9999912770721467,0.999996300842126,0,0,0.7041854509861615,6.142585674969075e-06,ZNF296;PID1;SCX;SPIB;SOX2;IL4I1;HOXA9;ERFL;EDNRB;MCIDAS;CREB3L3;SOX17;CREB3L4;CREB3L1;MAGEA1;HOXA3;HOXA7;HOXA6;MYOZ2;TP63;MAGEA3;HOXA5;MAGEA4;HOXA4;SOX5;HES6;SLC11A1;FOXH1;EBF1;EBF2;SOX11;SOX12;DKK1;SOX10;ISL2;HOXB9;RFX6;IFI27;TFR2;TRIB3;HOXB2;HOXB1;ATF3;HOXB6;HOXB5;EPAS1;SP140;STXBP2;TSHZ2;TWIST2;GATA5;GATA4;GATA3;GALR1;PRDM16;ZBED2;ALX4;MAGEC1;MAGEC2;CGA;NKX2-5;PPARGC1A;ELANE;NKX2-3;NKX2-2;STAT5A;EGR1;EGR2;EGR3;NFE4;PLK1;PDE2A;IGF1;H1-5;ID4;CYP1A1;SIM1;SIM2;RCOR2;EZH2;CSRNP1;HMX3;TENM2;CSRNP3;CITED1;PTPRN;TCF24;HOXC13;HIF3A;MEOX2;HOXC11;MEOX1;HOXC10;CX3CL1;DMBX1;HNF4A;ZNF367;ZNF366;MYOG;FOXD4;IL11;FOXD3;FOXD2;FOXD1;TCF15;EN1;PAX6;FOS;PROX1;PAX5;PAX2;PAX1;MMP12;TOX3;KAT2B;RIPPLY3;GAL;PAX7;TAL1;PAX9;PPARG;PPARA;HMX2;VGLL3;PRKN;ASCL4;TMPRSS6;ASCL1;ASCL2;EGFR;GBX2;SHOX;RXRG;SPDEF;IL33;ARNT2;DMRT1;DMRT2;ATAD2;OSM;POU4F1;BATF;PER1;WT1;FOSB;FOXA3;PF4;FOXA1;CSF3;EPO;MAGEB17;NR3C1;FGF1;FGF2;NR3C2;HOXA10;ZFP36;SALL3;SALL4;PITX1;LMO3;FOXP3;POU3F3;TLE6;NPAS4;MYCN;LMX1A;NUPR2;ERG;DLX2;DLX4;DLX5;DLX6;NOTCH4;FOXO6;HOXB13;FOXO1;STRA8;NDN;CYTL1;OTX1;NKX6-1;CBX8;CBX7;CBX4;CAV1;CBX2;ZBTB16;ESRRB;HMGA1;HMGA2;INHBA;ESR1;SCRT1;BMP6;ESR2;BMP5;CXCL10;MLXIPL;NR4A1;BMP2;IL6;NR4A3;TLX3;LHX2;TLX2;LHX1;TLX1;ZSCAN4;NFE2L3;LHX6;BMPR1B;MXD3;LHX9;RHOXF1;ONECUT2;HMGB3;LDB2;FOXM1;SDR16C5;ZIC2;ZIC3;SIX2;ZIC1;SIX3;DNMT3B;MYBL2;NOS1;MYBL1;NKX3-2;MYOCD;KLF15;DCN;ETV7;CCNA2;DMRTA2;IFNG;IRF7;CDH13;MET;FOXD4L1;MCM2;CREB5;CEBPA;UHRF1;CEBPE;LEF1;DBX2;NOD2;AURKB;MUC1;TBX20;ATOH8;E2F1;E2F2;HES2;E2F7;E2F8;SNCA;H2AZ1;IRX1;IRX6;FOXJ1;ZIC4;ZIC5;KLF4;MEIS2;KLF2;KLF1;TBX15;TBX10;TNIP3;KLF9;INSM1
4324,GO_Biological_Process_2023,RNA Methylation (GO:0001510),1/62,0.9999911215238596,0.999996300842126,0,0,0.0760422075513685,6.75141922527938e-07,TRMT9B
4323,GO_Biological_Process_2023,RNA Metabolic Process (GO:0016070),5/111,0.9999899371262224,0.999996300842126,0,0,0.2184475095621701,2.19822077600342e-06,RNASEH2A;EXOSC4;CELF2;LAGE3;ADAD2
4354,GO_Biological_Process_2023,Gene Expression (GO:0010467),8/296,0.999994593592066,0.999996300842126,0,0,0.1273180945184345,6.883354170737669e-07,EXOSC4;TESC;CELF2;EEF1A2;GZMB;IGF2BP3;MRPL12;ADAD2
4353,GO_Biological_Process_2023,tRNA Modification (GO:0006400),1/67,0.9999945390225936,0.999996300842126,0,0,0.0702600095982449,3.83689372657063e-07,TRMT9B
4352,GO_Biological_Process_2023,Macromolecule Biosynthetic Process (GO:0009059),11/183,0.9999945176770568,0.999996300842126,0,0,0.2954810774446306,1.619927130666965e-06,ALAS2;TERT;COL5A1;SLC11A1;EEF1A2;IGF2BP3;INHBA;MRPL12;GAL3ST2;TYMS;INHA
4351,GO_Biological_Process_2023,Regulation Of Macroautophagy (GO:0016241),3/96,0.9999944869983404,0.999996300842126,0,0,0.1494240283330594,8.237771869498463e-07,RUFY4;LACRT;DCN
4350,GO_Biological_Process_2023,Proteasome-Mediated Ubiquitin-Dependent Protein Catabolic Process (GO:0043161),17/319,0.9999944769076932,0.999996300842126,0,0,0.258444649307646,1.427417596217219e-06,PRKN;TRIM72;UBE2C;USP44;CCNF;KIF14;FBXL16;NCCRP1;ECRG4;CLGN;CDC20;CDC20B;IFI27;UBE2S;PRAME;RNF186;FBXL6
4349,GO_Biological_Process_2023,Organelle Assembly (GO:0070925),21/322,0.9999944612335548,0.999996300842126,0,0,0.320700055559965,1.7762876259211203e-06,DYNC2I2;PLK4;SRPX;GSN;ATG9B;KIF24;FOXJ1;CDC14B;EHD2;MCIDAS;ABLIM3;RUFY4;MAP1LC3C;CFAP47;POC1A;RAB19;TEKT5;SYNPO;CIBAR2;CD34;CCNO
4348,GO_Biological_Process_2023,Intracellular Protein Transport (GO:0006886),21/325,0.9999944470632216,0.999996300842126,0,0,0.3174763112987246,1.7629307799713228e-06,TRARG1;NGFR;EGR2;NLGN1;STXBP2;RASSF9;AKAP6;STX11;MMP12;ARL4A;RAB31;MAP1LC3C;SYNDIG1;KPNA7;RAB19;KPNA2;STX1A;AP1M2;CACNG4;GPIHBP1;CACNG5
4347,GO_Biological_Process_2023,Protein Transport (GO:0015031),24/313,0.9999944230327632,0.999996300842126,0,0,0.382342598967552,2.1323180935713066e-06,RD3;NGFR;RAB3C;LRP1;STXBP2;VLDLR;STX11;CENPF;ARL4A;KRT18;RAB31;TFR2;RAB26;SYNDIG1;TXNIP;RAB19;PPARG;ZG16;CD36;APOB;RAMP1;STX1A;SPTBN1;GPIHBP1
4346,GO_Biological_Process_2023,Detection Of Chemical Stimulus Involved In Sensory Perception (GO:0050907),7/141,0.999994321845088,0.999996300842126,0,0,0.2416451735655997,1.3721026247339356e-06,OR2L13;OR13J1;OR2B11;OR2B6;OR10A3;OR10A6;OR10AC1
4345,GO_Biological_Process_2023,Protein Modification By Small Protein Conjugation (GO:0032446),20/364,0.9999942686767224,0.999996300842126,0,0,0.2664632251324133,1.527191261252876e-06,PRKN;TRIM72;TRIM50;EGR2;CBX4;UBE2C;HERC2P3;CCNF;PLK1;CBLC;DTX1;ISG15;KLHL13;RNF223;RNF157;C10ORF90;TRIML2;MKRN3;ASB5;STX1A
4344,GO_Biological_Process_2023,Ubiquitin-Dependent Protein Catabolic Process (GO:0006511),12/367,0.99999425556633,0.999996300842126,0,0,0.1544668864249326,8.873273318726777e-07,PRKN;TRIM72;IFI27;UBE2C;UBE2S;UHRF1;USP44;KIF14;CBLC;PRAME;RNF150;RNF186
4343,GO_Biological_Process_2023,Cilium Organization (GO:0044782),16/228,0.9999942408232592,0.999996300842126,0,0,0.3483358608457074,2.006133564626897e-06,DYNC2I2;PLK4;GSN;KIF24;FOXJ1;CDC14B;AURKA;EHD2;CATIP;MCIDAS;ABLIM3;CFAP47;POC1A;TEKT5;CIBAR2;CCNO
4342,GO_Biological_Process_2023,DNA Damage Response (GO:0006974),31/384,0.9999941671004008,0.999996300842126,0,0,0.4035251588131394,2.3537286016958413e-06,H2AX;TOP2A;FEN1;BLM;BCL2A1;MCM10;CRIP1;FOXO1;RECQL4;RAD51AP1;EXO1;CHEK1;PCLAF;E2F1;CTLA4;MAP2K6;POLQ;RMI2;XRCC2;FANCA;MAPK15;BATF;TICRR;DEPDC1B;AIM2;RAD51;UBE2T;POLE2;CDK1;IRF7;NUPR2
4341,GO_Biological_Process_2023,Vesicle-Mediated Transport (GO:0016192),34/411,0.9999940623077652,0.999996300842126,0,0,0.4141383929348924,2.4590336203997768e-06,CCL14;DENND1B;TINAGL1;EXOC3L4;DOC2A;ITSN1;STXBP2;STAB2;DOC2B;ADRB2;LRP8;STX11;NCALD;RAB25;REPS2;KIF1A;GPRASP1;AP1M2;SYT4;SCARA5;CAV3;CAV2;CACFD1;CADPS;RASSF9;NSG1;EPN3;EHD2;ARL4A;NSG2;CALY;RHOJ;ENTHD1;STX1A
4340,GO_Biological_Process_2023,Protein Targeting (GO:0006605),6/129,0.9999939950985044,0.999996300842126,0,0,0.2257358172562184,1.355525416530634e-06,NLGN1;RASSF9;AKAP6;MGARP;ZDHHC22;AP1M2
4339,GO_Biological_Process_2023,Protein Ubiquitination (GO:0016567),30/434,0.999993985725343,0.999996300842126,0,0,0.3400342172797262,2.045065325283971e-06,PRKN;TRIM72;TRIM50;UHRF1;HERC2P3;PELI2;CCNF;CBLC;DTX1;KLHL13;BRCA2;RNF157;C10ORF90;RUSC1;PRAME;UBE2C;PLK1;FANCA;ISG15;RNF223;DEPDC1B;RAD51;TRIML2;UBE2S;UBE2T;NEURL1;MKRN3;ASB4;ASB5;RNF186
4370,GO_Biological_Process_2023,"mRNA Splicing, Via Spliceosome (GO:0000398)",1/211,0.9999951067019662,0.999996300842126,0,0,0.02188779357897,1.0710375932906209e-07,SRPK3
4369,GO_Biological_Process_2023,mRNA Processing (GO:0006397),1/214,0.9999950858125158,0.999996300842126,0,0,0.0215755316210991,1.0602646797372767e-07,PPARGC1A
4368,GO_Biological_Process_2023,Peptide Biosynthetic Process (GO:0043043),8/158,0.9999950606591772,0.999996300842126,0,0,0.2465363181260036,1.217729907788221e-06,PCSK1;EEF1A2;GGT2P;DMD;IGF2BP3;MRPL12;PCSK5;GGTA1
4367,GO_Biological_Process_2023,Proteasomal Protein Catabolic Process (GO:0010498),10/220,0.9999950439263622,0.999996300842126,0,0,0.2194364561815653,1.0875459306388485e-06,PRKN;TRIM72;BRSK2;IFI27;USP44;KIF14;PMAIP1;PRAME;SEL1L2;RNF186
4366,GO_Biological_Process_2023,Endosomal Transport (GO:0016197),10/180,0.9999950215991522,0.999996300842126,0,0,0.2717356860521356,1.3528125372406014e-06,EHD2;DENND1B;TINAGL1;CALY;NSG2;ITSN1;DENND2A;REPS2;RASSF9;NSG1
4365,GO_Biological_Process_2023,Protein Polyubiquitination (GO:0000209),11/226,0.9999950031139084,0.999996300842126,0,0,0.2357609254837816,1.1780734328370157e-06,PRKN;C10ORF90;IFI27;RUSC1;UBE2C;UBE2S;UBE2T;PELI2;MKRN3;PRAME;RNF186
4364,GO_Biological_Process_2023,Chromatin Remodeling (GO:0006338),8/228,0.9999949913765852,0.999996300842126,0,0,0.1673716479043767,8.383036540603075e-07,FOXA1;KAT2B;PER1;DEPDC1B;CHEK1;PRDM16;FOXP3;ESR1
4363,GO_Biological_Process_2023,Sensory Perception Of Smell (GO:0007608),8/230,0.99999497829463,0.999996300842126,0,0,0.1658433724174727,8.328186449124506e-07,OR13J1;OR2L13;OBP2B;OR2B11;OR2B6;OR10A3;OR10A6;OR10AC1
4362,GO_Biological_Process_2023,RNA Splicing (GO:0008380),3/98,0.9999949692465324,0.999996300842126,0,0,0.1462603878116343,7.358018039574779e-07,WT1;CELF3;PPARGC1A
4361,GO_Biological_Process_2023,Translation (GO:0006412),3/234,0.9999949524318746,0.999996300842126,0,0,0.0596505927575537,3.010911905516656e-07,EEF1A2;IGF2BP3;MRPL12
4360,GO_Biological_Process_2023,Positive Regulation Of Double-Strand Break Repair (GO:2000781),2/84,0.9999949125407992,0.999996300842126,0,0,0.1130230793114154,5.750017673962293e-07,RAD51AP1;FOXM1
4359,GO_Biological_Process_2023,Aerobic Electron Transport Chain (GO:0019646),1/68,0.9999948973104256,0.999996300842126,0,0,0.0692071317620044,3.5314341071738294e-07,COX6C
4358,GO_Biological_Process_2023,Sensory Perception Of Chemical Stimulus (GO:0007606),4/110,0.9999948494099228,0.999996300842126,0,0,0.1747085431697899,8.998544062676168e-07,OBP2A;OBP2B;CD36;OR10A3
4357,GO_Biological_Process_2023,Regulation Of Autophagy (GO:0010506),16/241,0.999994773418844,0.999996300842126,0,0,0.3279472372116507,1.7140473295106612e-06,PRKN;KIF25;HSPB1;MAPK15;FOXO1;DCN;DEPP1;GFAP;IFNG;LAMP3;LEP;EEF1A2;LEPR;TRIB3;MET;MAGEA3
4356,GO_Biological_Process_2023,Regulation Of Proteasomal Ubiquitin-Dependent Protein Catabolic Process (GO:0032434),4/109,0.9999946449245404,0.999996300842126,0,0,0.176383216745515,9.445479645483804e-07,PRKN;CEBPA;PLK1;TRIB3
4355,GO_Biological_Process_2023,Vesicle-Mediated Transport To The Plasma Membrane (GO:0098876),2/83,0.9999946317604016,0.999996300842126,0,0,0.1144254107950477,6.142646700675636e-07,DENND1B;EHD2
4386,GO_Biological_Process_2023,Cytosolic Transport (GO:0016482),1/127,0.9999958300625756,0.999996300842126,0,0,0.0366681929181929,1.529043887383353e-07,DENND2A
4385,GO_Biological_Process_2023,Protein Targeting To Membrane (GO:0006612),1/72,0.9999957729874984,0.999996300842126,0,0,0.0652922057230259,2.7599155314991e-07,ZDHHC22
4384,GO_Biological_Process_2023,Regulation Of DNA Repair (GO:0006282),4/129,0.999995763379256,0.999996300842126,0,0,0.1479807529012171,6.269396554916953e-07,H2AX;KAT2B;DEPDC1B;EGFR
4383,GO_Biological_Process_2023,Golgi Organization (GO:0007030),4/130,0.9999957600075324,0.999996300842126,0,0,0.1467973169077046,6.22420837462556e-07,GOLGA8IP;GOLGA8K;CDK1;GOLGA8M
4382,GO_Biological_Process_2023,Macroautophagy (GO:0016236),3/104,0.9999956804128272,0.999996300842126,0,0,0.1375212224108658,5.940361913158366e-07,PRKN;LIX1;MAP1LC3C
4381,GO_Biological_Process_2023,protein-RNA Complex Assembly (GO:0022618),3/150,0.9999955990747696,0.999996300842126,0,0,0.0942217294388043,4.146636987977587e-07,SRPK3;CELF2;CELF3
4380,GO_Biological_Process_2023,Ribosome Biogenesis (GO:0042254),2/155,0.9999955529044192,0.999996300842126,0,0,0.0603119135442956,2.682134405840075e-07,EXOSC4;IGF2BP3
4379,GO_Biological_Process_2023,Mitochondrial ATP Synthesis Coupled Electron Transport (GO:0042775),1/70,0.9999954259883186,0.999996300842126,0,0,0.0671929306839792,3.073419527502739e-07,COX6C
4378,GO_Biological_Process_2023,Protein Modification By Small Protein Removal (GO:0070646),4/114,0.9999953808835964,0.999996300842126,0,0,0.1683143349715667,7.774653012483542e-07,PRKN;DEPDC1B;USP44;CDK1
4377,GO_Biological_Process_2023,RNA Processing (GO:0006396),6/183,0.999995315025863,0.999996300842126,0,0,0.1563488520561227,7.324920440824166e-07,EXOSC4;WT1;CELF2;CELF3;PPARGC1A;ADAD2
4376,GO_Biological_Process_2023,Modification-Dependent Protein Catabolic Process (GO:0019941),7/192,0.9999952450786228,0.999996300842126,0,0,0.1744828114233213,8.29654022480151e-07,PRKN;UBE2C;UBE2S;UHRF1;CBLC;ISG15;RNF150
4375,GO_Biological_Process_2023,Golgi Vesicle Transport (GO:0048193),4/197,0.9999952078194476,0.999996300842126,0,0,0.0954435529405208,4.573838341962412e-07,CCL13;GOLT1A;SORCS1;PLPP3
4374,GO_Biological_Process_2023,Endomembrane System Organization (GO:0010256),10/196,0.9999951859264304,0.999996300842126,0,0,0.2481166790138135,1.1944548217336977e-06,CAV3;CAV2;GOLGA8IP;GOLGA8K;SPTSSB;GOLGA8M;TLCD1;MAPK15;SPTBN1;LMNB1
4373,GO_Biological_Process_2023,Regulation Of Translation (GO:0006417),9/202,0.9999951686165154,0.999996300842126,0,0,0.2150523421803954,1.0390028442509357e-06,IL6;ERBB2;SAMD4A;IGF2BP1;HSPB1;GZMB;IGF2BP3;TYMS;LARP6
4372,GO_Biological_Process_2023,Protein Deubiquitination (GO:0016579),4/112,0.9999951632888114,0.999996300842126,0,0,0.1714522334392133,8.292669412431015e-07,PRKN;DEPDC1B;USP44;CDK1
4371,GO_Biological_Process_2023,mRNA Metabolic Process (GO:0016071),2/85,0.9999951438604052,0.999996300842126,0,0,0.1116545389478707,5.422113440618547e-07,ZFP36;PPARGC1A
4396,GO_Biological_Process_2023,Ribosomal Small Subunit Biogenesis (GO:0042274),1/84,0.999996300842126,0.999996300842126,0,0,0.0558114812189936,2.064558620683474e-07,IGF2BP3
4395,GO_Biological_Process_2023,Mitochondrial Respiratory Chain Complex Assembly (GO:0033108),1/90,0.9999962649880124,0.999996300842126,0,0,0.0520298439168234,1.9433245365284318e-07,SCO2
4394,GO_Biological_Process_2023,"Retrograde Transport, Endosome To Golgi (GO:0042147)",1/94,0.9999962213695176,0.999996300842126,0,0,0.0497798374933099,1.8809996673588841e-07,DENND2A
4393,GO_Biological_Process_2023,Mitochondrial Translation (GO:0032543),1/98,0.9999961727198003,0.999996300842126,0,0,0.0477153986098801,1.8262054978837733e-07,MRPL12
4392,GO_Biological_Process_2023,Mitochondrial Gene Expression (GO:0140053),1/103,0.999996110190188,0.999996300842126,0,0,0.0453625454706769,1.764520176480732e-07,MRPL12
4391,GO_Biological_Process_2023,ncRNA Processing (GO:0034470),2/100,0.999996075378912,0.999996300842126,0,0,0.094477960915625,3.7079092537887833e-07,EXOSC4;IGF2BP3
4390,GO_Biological_Process_2023,rRNA Processing (GO:0006364),2/101,0.9999960751463676,0.999996300842126,0,0,0.0935179232208935,3.670448809501158e-07,EXOSC4;IGF2BP3
4389,GO_Biological_Process_2023,"Regulation Of mRNA Splicing, Via Spliceosome (GO:0048024)",2/94,0.9999960014685196,0.999996300842126,0,0,0.1006764651620441,4.025588201048749e-07,CELF2;CELF3
4388,GO_Biological_Process_2023,Endoplasmic Reticulum To Golgi Vesicle-Mediated Transport (GO:0006888),1/115,0.9999959647388676,0.999996300842126,0,0,0.0405577716916726,1.6366152993541494e-07,GOLT1A
4387,GO_Biological_Process_2023,Ribonucleoprotein Complex Biogenesis (GO:0022613),1/118,0.9999959300361728,0.999996300842126,0,0,0.039510577406505,1.608069480749303e-07,IGF2BP3
1314,GO_Biological_Process_2023,Positive Regulation Of Cardiac Muscle Tissue Growth (GO:0055023),4/16,0.3099853419180109,0.999996300842126,0,0,1.5521275592036985,1.817898775205989,TGFBR3;TBX20;IGF1;FGF2
1313,GO_Biological_Process_2023,Nuclear Chromosome Segregation (GO:0098813),4/16,0.3099853419180109,0.999996300842126,0,0,1.5521275592036985,1.817898775205989,TOP2A;CENPF;KIF2C;NDC80
1312,GO_Biological_Process_2023,Negative Regulation Of Interleukin-10 Production (GO:0032693),4/16,0.3099853419180109,0.999996300842126,0,0,1.5521275592036985,1.817898775205989,IL12B;MMP8;FOXP3;VSIR
1311,GO_Biological_Process_2023,Negative Regulation Of Anoikis (GO:2000811),4/16,0.3099853419180109,0.999996300842126,0,0,1.5521275592036985,1.817898775205989,CEACAM6;CAV1;CEACAM5;PDK4
1310,GO_Biological_Process_2023,Regulation Of Lipid Storage (GO:0010883),5/21,0.3090886920391,0.999996300842126,0,0,1.4551776613816534,1.7085634024217813,IL6;PLA2G10;PPARG;APOB;VSTM2A
1309,GO_Biological_Process_2023,Regulation Of Cardiac Conduction (GO:1903779),5/21,0.3090886920391,0.999996300842126,0,0,1.4551776613816534,1.7085634024217813,ATP2A3;ANK2;NKX2-5;CORIN;SLC8A2
1308,GO_Biological_Process_2023,Positive Regulation Of Transcription Regulatory Region DNA Binding (GO:2000679),5/21,0.3090886920391,0.999996300842126,0,0,1.4551776613816534,1.7085634024217813,IFNG;PAX6;GATA3;IGF1;POU4F1
1307,GO_Biological_Process_2023,Positive Regulation Of Dendritic Spine Development (GO:0060999),5/21,0.3090886920391,0.999996300842126,0,0,1.4551776613816534,1.7085634024217813,NLGN1;RELN;NEURL1;FOXO6;LRP8
1306,GO_Biological_Process_2023,Positive Regulation Of G2/M Transition Of Mitotic Cell Cycle (GO:0010971),5/21,0.3090886920391,0.999996300842126,0,0,1.4551776613816534,1.7085634024217813,CCNB1;CDK1;CDC7;CDC25C;CDC25A
1305,GO_Biological_Process_2023,Focal Adhesion Assembly (GO:0048041),5/21,0.3090886920391,0.999996300842126,0,0,1.4551776613816534,1.7085634024217813,ACTN3;ACTN2;CDH11;SORBS1;FERMT2
1304,GO_Biological_Process_2023,Endocardial Cushion Morphogenesis (GO:0003203),5/21,0.3090886920391,0.999996300842126,0,0,1.4551776613816534,1.7085634024217813,ADAMTS5;BMP2;TBX20;GATA5;TGFBR2
1303,GO_Biological_Process_2023,Anaphase-Promoting Complex-Dependent Catabolic Process (GO:0031145),5/21,0.3090886920391,0.999996300842126,0,0,1.4551776613816534,1.7085634024217813,CDC20;CDC20B;UBE2C;UBE2S;ECRG4
1302,GO_Biological_Process_2023,DNA Replication Initiation (GO:0006270),5/21,0.3090886920391,0.999996300842126,0,0,1.4551776613816534,1.7085634024217813,CDC45;ORC6;ORC1;MCM10;MCM2
1301,GO_Biological_Process_2023,Positive Regulation Of Transferase Activity (GO:0051347),28/143,0.3071837768472724,0.999996300842126,0,0,1.1343353116830015,1.3388662781773353,RET;DSCC1;CHTF18;AURKB;EGFR;ERBB2;NEK2;MAGEC2;ROS1;DRD4;GINS1;GINS2;NTRK2;NTRK3;ADIPOQ;PLK1;GINS4;KLF4;PLAAT4;MAPK15;PKIB;TYRO3;TRIB3;TEK;FGFR4;FGFR3;MET;DDR2
1300,GO_Biological_Process_2023,Negative Regulation Of Lipid Metabolic Process (GO:0045833),6/26,0.3061617179436324,0.999996300842126,0,0,1.3970263381478334,1.653578806720921,HCAR2;PDE3B;CIDEA;APOD;CCDC3;CIDEC
1299,GO_Biological_Process_2023,Vitamin D Metabolic Process (GO:0042359),3/11,0.3061241574969663,0.999996300842126,0,0,1.7460738539898133,2.0669402704366875,CYP24A1;CYP1A1;CYP3A4
1298,GO_Biological_Process_2023,Sphingoid Metabolic Process (GO:0046519),3/11,0.3061241574969663,0.999996300842126,0,0,1.7460738539898133,2.0669402704366875,DEGS2;PLPP3;PLPP1
1297,GO_Biological_Process_2023,Regulation Of Mitochondrial Fusion (GO:0010635),3/11,0.3061241574969663,0.999996300842126,0,0,1.7460738539898133,2.0669402704366875,PRKN;PID1;SLC18A1
1296,GO_Biological_Process_2023,Regulation Of Fatty Acid Metabolic Process (GO:0019217),3/11,0.3061241574969663,0.999996300842126,0,0,1.7460738539898133,2.0669402704366875,CAV1;PDK4;PPARA
1295,GO_Biological_Process_2023,Regulation Of Cell Cycle Checkpoint (GO:1901976),3/11,0.3061241574969663,0.999996300842126,0,0,1.7460738539898133,2.0669402704366875,DEPDC1B;RAD51;BRCA2
1294,GO_Biological_Process_2023,Regulation Of Actin Filament Depolymerization (GO:0030834),3/11,0.3061241574969663,0.999996300842126,0,0,1.7460738539898133,2.0669402704366875,SEMA5A;VIL1;PLEKHH2
1293,GO_Biological_Process_2023,Regulation Of T Cell Apoptotic Process (GO:0070232),3/11,0.3061241574969663,0.999996300842126,0,0,1.7460738539898133,2.0669402704366875,PIP;PDCD1;IDO1
1292,GO_Biological_Process_2023,Protein Localization To Kinetochore (GO:0034501),3/11,0.3061241574969663,0.999996300842126,0,0,1.7460738539898133,2.0669402704366875,CDK1;TTK;KNL1
1291,GO_Biological_Process_2023,Positive Regulation Of Vascular Permeability (GO:0043117),3/11,0.3061241574969663,0.999996300842126,0,0,1.7460738539898133,2.0669402704366875,PDE2A;BMP6;TJP3
1290,GO_Biological_Process_2023,Positive Regulation Of Protein Maturation (GO:1903319),3/11,0.3061241574969663,0.999996300842126,0,0,1.7460738539898133,2.0669402704366875,CCBE1;TFR2;ANGPTL8
1289,GO_Biological_Process_2023,Organic Cyclic Compound Catabolic Process (GO:1901361),3/11,0.3061241574969663,0.999996300842126,0,0,1.7460738539898133,2.0669402704366875,HSD11B1;HOGA1;CYP3A4
1288,GO_Biological_Process_2023,Nucleotide-Binding Oligomerization Domain Containing Signaling Pathway (GO:0070423),3/11,0.3061241574969663,0.999996300842126,0,0,1.7460738539898133,2.0669402704366875,NOD2;INAVA;MAP2K6
1287,GO_Biological_Process_2023,Negative Regulation Of Platelet-Derived Growth Factor Receptor Signaling Pathway (GO:0010642),3/11,0.3061241574969663,0.999996300842126,0,0,1.7460738539898133,2.0669402704366875,LRP1;APOD;SNCA
1286,GO_Biological_Process_2023,Negative Regulation Of Microtubule Polymerization (GO:0031115),3/11,0.3061241574969663,0.999996300842126,0,0,1.7460738539898133,2.0669402704366875,CDH5;STMN1;SNCA
1285,GO_Biological_Process_2023,Negative Regulation Of Heart Contraction (GO:0045822),3/11,0.3061241574969663,0.999996300842126,0,0,1.7460738539898133,2.0669402704366875,PLN;ATP1A2;SPX
1284,GO_Biological_Process_2023,"Negative Regulation Of CD4-positive, Alpha-Beta T Cell Activation (GO:2000515)",3/11,0.3061241574969663,0.999996300842126,0,0,1.7460738539898133,2.0669402704366875,LGALS9C;VSIR;LGALS9B
1283,GO_Biological_Process_2023,Mast Cell Mediated Immunity (GO:0002448),3/11,0.3061241574969663,0.999996300842126,0,0,1.7460738539898133,2.0669402704366875,NR4A3;MRGPRX2;KIT
1282,GO_Biological_Process_2023,Lipoprotein Transport (GO:0042953),3/11,0.3061241574969663,0.999996300842126,0,0,1.7460738539898133,2.0669402704366875,LRP1;PPARG;CD36
1281,GO_Biological_Process_2023,Intestinal Lipid Absorption (GO:0098856),3/11,0.3061241574969663,0.999996300842126,0,0,1.7460738539898133,2.0669402704366875,ABCG8;AKR1C1;CD36
1280,GO_Biological_Process_2023,Histone H2A Ubiquitination (GO:0033522),3/11,0.3061241574969663,0.999996300842126,0,0,1.7460738539898133,2.0669402704366875,DEPDC1B;RAD51;BRCA2
1279,GO_Biological_Process_2023,Desensitization Of G Protein-Coupled Receptor Signaling Pathway (GO:0002029),3/11,0.3061241574969663,0.999996300842126,0,0,1.7460738539898133,2.0669402704366875,GRK3;ADRB3;ADRB2
1278,GO_Biological_Process_2023,Central Nervous System Myelination (GO:0022010),3/11,0.3061241574969663,0.999996300842126,0,0,1.7460738539898133,2.0669402704366875,PLP1;SOX10;GPM6B
1277,GO_Biological_Process_2023,Cell Differentiation In Hindbrain (GO:0021533),3/11,0.3061241574969663,0.999996300842126,0,0,1.7460738539898133,2.0669402704366875,LHX1;PROX1;CBLN1
1276,GO_Biological_Process_2023,cGMP Metabolic Process (GO:0046068),3/11,0.3061241574969663,0.999996300842126,0,0,1.7460738539898133,2.0669402704366875,NPR1;NPR2;PDE2A
1275,GO_Biological_Process_2023,Biogenic Amine Biosynthetic Process (GO:0042401),3/11,0.3061241574969663,0.999996300842126,0,0,1.7460738539898133,2.0669402704366875,PNMT;MOXD1;PAH
1274,GO_Biological_Process_2023,Positive Regulation Of Secretion By Cell (GO:1903532),15/73,0.3038636528732887,0.999996300842126,0,0,1.2046202197027551,1.4349149218617976,MYOM1;FGA;NMB;EDN3;KCNB1;CADPS;SOX11;IGF1;UNC13D;BMP6;BMP2;PLA2G10;ADAM8;STX1A;SNCA
1273,GO_Biological_Process_2023,Cellular Response To Decreased Oxygen Levels (GO:0036294),15/73,0.3038636528732887,0.999996300842126,0,0,1.2046202197027551,1.4349149218617976,OPRD1;ANGPT4;EGLN3;PTGIS;EPAS1;NDNF;MT3;AQP1;SFRP1;TERT;PMAIP1;ADAM8;PPARG;MGARP;SCN2A
1272,GO_Biological_Process_2023,Triglyceride Homeostasis (GO:0070328),7/31,0.3022637419894849,0.999996300842126,0,0,1.358274315391879,1.6251145373003122,CETP;MLXIPL;DGAT2;HNF4A;ANGPTL8;ANGPTL4;GPIHBP1
1271,GO_Biological_Process_2023,Positive Regulation Of Mononuclear Cell Migration (GO:0071677),7/31,0.3022637419894849,0.999996300842126,0,0,1.358274315391879,1.6251145373003122,CXCL10;CXCL12;CXCL17;CCR7;S100A14;JAM2;S100A7
1270,GO_Biological_Process_2023,Positive Regulation Of G1/S Transition Of Mitotic Cell Cycle (GO:1900087),7/31,0.3022637419894849,0.999996300842126,0,0,1.358274315391879,1.6251145373003122,STIL;ANXA1;RRM2;ADAMTS1;HYAL1;CDC6;EGFR
1269,GO_Biological_Process_2023,Organic Cation Transport (GO:0015695),7/31,0.3022637419894849,0.999996300842126,0,0,1.358274315391879,1.6251145373003122,SLC47A2;SLC22A3;SLC44A4;SLC35F3;SLC19A3;SLC29A4;SLC6A2
1268,GO_Biological_Process_2023,Monoatomic Anion Transport (GO:0006820),12/57,0.3010771715048518,0.999996300842126,0,0,1.2420236406619385,1.4909110978718625,CLIC5;SLC5A8;CLIC3;PACC1;FXYD1;ANO9;SLC4A1;SLC17A7;NMUR1;SLC26A9;SLC26A3;SLC5A5
1267,GO_Biological_Process_2023,Regulation Of Trans-Synaptic Signaling (GO:0099177),8/36,0.2978828118216042,0.999996300842126,0,0,1.3306076185078737,1.6114391674286117,GRIA2;SLC4A8;NLGN1;RELN;CACNA1B;GRIK4;LRP8;GRIA4
1266,GO_Biological_Process_2023,Positive Regulation Of Myeloid Cell Differentiation (GO:0045639),8/36,0.2978828118216042,0.999996300842126,0,0,1.3306076185078737,1.6114391674286117,CSF3;THPO;TAL1;FAXDC2;TESC;INHBA;HOXA5;MTURN
1265,GO_Biological_Process_2023,Neural Crest Cell Migration (GO:0001755),8/36,0.2978828118216042,0.999996300842126,0,0,1.3306076185078737,1.6114391674286117,SEMA5A;NELL1;SEMA7A;SEMA3D;SEMA6D;SEMA3G;FN1;SOX10
1264,GO_Biological_Process_2023,Blood Vessel Diameter Maintenance (GO:0097746),8/36,0.2978828118216042,0.999996300842126,0,0,1.3306076185078737,1.6114391674286117,ACE2;EDNRB;EDN2;EDN3;NPR1;KCNMB2;NOS1;KLF2
1263,GO_Biological_Process_2023,Phosphatidylinositol-Mediated Signaling (GO:0048015),13/62,0.2953453212462437,0.999996300842126,0,0,1.2357362922467512,1.5071163724327832,NYAP1;PIK3C2G;HTR2A;GATA3;IGF1;MUC5AC;MYO16;FCGR3A;GPR143;ERBB2;TYRO3;PLCH2;KCNH1
1262,GO_Biological_Process_2023,Cell Junction Organization (GO:0034330),13/62,0.2953453212462437,0.999996300842126,0,0,1.2357362922467512,1.5071163724327832,WNT7B;SLC8A2;CLDN3;AJM1;HMCN2;SNCG;PAK3;SNCB;CBLN2;LIMS2;TJP3;SNCA;CBLN1
1261,GO_Biological_Process_2023,Negative Regulation Of Signal Transduction (GO:0009968),51/267,0.2939464885517627,0.999996300842126,0,0,1.1004294957608212,1.3473191503052613,PID1;CITED1;FGF2;CX3CL1;CRHBP;RGS2;CYP26B1;CREB3L1;MAGEA1;IL12B;SOSTDC1;TNS2;ADIPOQ;SORD;NRG1;MAPK8IP2;DKK1;DCN;DKK4;SFRP1;MMRN2;TYRO3;PPARG;TRABD2B;KANK1;LRP1;GATA4;GATA3;APCDD1;WIF1;GPC3;APOD;PRAME;IL36RN;SNCA;SRMS;GDF15;SULF1;DLK1;BMP5;DLK2;ENTREP1;BMP2;BPIFB1;KIF26A;NEURL1;SPRY2;SPRY1;NOTUM;LACRT;EZH2
1260,GO_Biological_Process_2023,Regulation Of Release Of Cytochrome C From Mitochondria (GO:0090199),9/41,0.2932690757363813,0.999996300842126,0,0,1.3098692602040816,1.6067704409575072,PRKN;PYCARD;MLLT11;BIK;PLAUR;PMAIP1;IGF1;MMP9;BBC3
1259,GO_Biological_Process_2023,Synapse Organization (GO:0050808),26/131,0.2900864542904408,0.999996300842126,0,0,1.153674845044825,1.42776062558339,GPM6A;NLGN1;ARHGAP39;CX3CL1;SLC8A2;CDH2;SLITRK3;HMCN2;SLITRK6;SNCG;PAK3;SNCB;SNCA;NTNG1;UNC13C;UNC13A;WNT7B;DKK1;POU4F1;KY;LRFN5;LRFN4;DOK7;CBLN2;ADGRL3;CBLN1
1258,GO_Biological_Process_2023,Response To Hydrogen Peroxide (GO:0042542),10/46,0.2885601113406305,0.999996300842126,0,0,1.2937498031061967,1.6079393446859225,IL6;ANXA1;TRPA1;CAT;HBB;HBA1;ECT2;SLC6A2;PAX2;AQP1
1257,GO_Biological_Process_2023,Positive Regulation Of Cell-Cell Adhesion (GO:0022409),10/46,0.2885601113406305,0.999996300842126,0,0,1.2937498031061967,1.6079393446859225,FOXA1;FGA;FUT7;CEACAM6;SIRPG;PLAUR;CXCL13;PLPP3;CX3CL1;FUT3
1256,GO_Biological_Process_2023,B Cell Receptor Signaling Pathway (GO:0050853),10/46,0.2885601113406305,0.999996300842126,0,0,1.2937498031061967,1.6079393446859225,IGHG3;IGHG4;IGHG1;IGHG2;CD19;CTLA4;IGHE;BMX;IGHA2;MS4A1
1255,GO_Biological_Process_2023,Zinc Ion Import Into Organelle (GO:0062111),2/6,0.2879047332635424,0.999996300842126,0,0,2.328005657708628,2.898659536451615,SLC30A8;SLC30A2
1254,GO_Biological_Process_2023,White Fat Cell Differentiation (GO:0050872),2/6,0.2879047332635424,0.999996300842126,0,0,2.328005657708628,2.898659536451615,FFAR4;PPARG
1253,GO_Biological_Process_2023,Ureter Development (GO:0072189),2/6,0.2879047332635424,0.999996300842126,0,0,2.328005657708628,2.898659536451615,SOX17;PAX2
1252,GO_Biological_Process_2023,Synaptic Vesicle Docking (GO:0016081),2/6,0.2879047332635424,0.999996300842126,0,0,2.328005657708628,2.898659536451615,UNC13C;UNC13A
1251,GO_Biological_Process_2023,"Substrate-Dependent Cell Migration, Cell Extension (GO:0006930)",2/6,0.2879047332635424,0.999996300842126,0,0,2.328005657708628,2.898659536451615,P2RY12;NELL1
1250,GO_Biological_Process_2023,Serine Transport (GO:0032329),2/6,0.2879047332635424,0.999996300842126,0,0,2.328005657708628,2.898659536451615,SLC7A10;SLC38A5
1249,GO_Biological_Process_2023,Response To Cocaine (GO:0042220),2/6,0.2879047332635424,0.999996300842126,0,0,2.328005657708628,2.898659536451615,CRHBP;DRD4
1248,GO_Biological_Process_2023,Response To Caffeine (GO:0031000),2/6,0.2879047332635424,0.999996300842126,0,0,2.328005657708628,2.898659536451615,CASQ2;RYR3
1247,GO_Biological_Process_2023,Release Of Sequestered Calcium Ion Into Cytosol By Sarcoplasmic Reticulum (GO:0014808),2/6,0.2879047332635424,0.999996300842126,0,0,2.328005657708628,2.898659536451615,RYR3;TRDN
1246,GO_Biological_Process_2023,Regulation Of Vascular Associated Smooth Muscle Cell Apoptotic Process (GO:1905459),2/6,0.2879047332635424,0.999996300842126,0,0,2.328005657708628,2.898659536451615,PPARG;IGF1
1245,GO_Biological_Process_2023,Regulation Of Smooth Muscle Cell Differentiation (GO:0051150),2/6,0.2879047332635424,0.999996300842126,0,0,2.328005657708628,2.898659536451615,MYOCD;RBPMS2
1244,GO_Biological_Process_2023,Regulation Of Saliva Secretion (GO:0046877),2/6,0.2879047332635424,0.999996300842126,0,0,2.328005657708628,2.898659536451615,TIFAB;OPRK1
1243,GO_Biological_Process_2023,Regulation Of Relaxation Of Muscle (GO:1901077),2/6,0.2879047332635424,0.999996300842126,0,0,2.328005657708628,2.898659536451615,PLN;TIFAB
1242,GO_Biological_Process_2023,Regulation Of Microglial Cell Migration (GO:1904139),2/6,0.2879047332635424,0.999996300842126,0,0,2.328005657708628,2.898659536451615,P2RY12;CX3CL1
1241,GO_Biological_Process_2023,Regulation Of Lens Fiber Cell Differentiation (GO:1902746),2/6,0.2879047332635424,0.999996300842126,0,0,2.328005657708628,2.898659536451615,SPRY2;SPRY1
1240,GO_Biological_Process_2023,Regulation Of Inositol Phosphate Biosynthetic Process (GO:0010919),2/6,0.2879047332635424,0.999996300842126,0,0,2.328005657708628,2.898659536451615,PTH1R;SNCA
1239,GO_Biological_Process_2023,Regulation Of Glucocorticoid Receptor Signaling Pathway (GO:2000322),2/6,0.2879047332635424,0.999996300842126,0,0,2.328005657708628,2.898659536451615,PER1;LMO3
1238,GO_Biological_Process_2023,Regulation Of Endothelial Cell Chemotaxis To Fibroblast Growth Factor (GO:2000544),2/6,0.2879047332635424,0.999996300842126,0,0,2.328005657708628,2.898659536451615,FGF1;FGF2
1237,GO_Biological_Process_2023,Regulation Of Digestive System Process (GO:0044058),2/6,0.2879047332635424,0.999996300842126,0,0,2.328005657708628,2.898659536451615,OPRK1;TYMP
1236,GO_Biological_Process_2023,Regulation Of Cardiac Muscle Hypertrophy In Response To Stress (GO:1903242),2/6,0.2879047332635424,0.999996300842126,0,0,2.328005657708628,2.898659536451615,PPARG;FOXO1
1235,GO_Biological_Process_2023,Regulation Of Blood-Brain Barrier Permeability (GO:1905603),2/6,0.2879047332635424,0.999996300842126,0,0,2.328005657708628,2.898659536451615,SH3GL2;TJP3
1234,GO_Biological_Process_2023,Regulation Of Bile Acid Metabolic Process (GO:1904251),2/6,0.2879047332635424,0.999996300842126,0,0,2.328005657708628,2.898659536451615,FGFR4;CES1
1233,GO_Biological_Process_2023,Regulation Of Aldosterone Biosynthetic Process (GO:0032347),2/6,0.2879047332635424,0.999996300842126,0,0,2.328005657708628,2.898659536451615,BMP6;BMP5
1232,GO_Biological_Process_2023,Regulation Of Adiponectin Secretion (GO:0070163),2/6,0.2879047332635424,0.999996300842126,0,0,2.328005657708628,2.898659536451615,HCAR2;PPARG
1231,GO_Biological_Process_2023,Regulation Of T-helper 1 Cell Differentiation (GO:0045625),2/6,0.2879047332635424,0.999996300842126,0,0,2.328005657708628,2.898659536451615,CD80;TNFSF4
1230,GO_Biological_Process_2023,Regulation Of T Cell Tolerance Induction (GO:0002664),2/6,0.2879047332635424,0.999996300842126,0,0,2.328005657708628,2.898659536451615,FOXP3;TGFBR2
1229,GO_Biological_Process_2023,Regulation Of SA Node Cell Action Potential (GO:0098907),2/6,0.2879047332635424,0.999996300842126,0,0,2.328005657708628,2.898659536451615,HCN2;HCN1
1228,GO_Biological_Process_2023,Positive Regulation Of Unsaturated Fatty Acid Biosynthetic Process (GO:2001280),2/6,0.2879047332635424,0.999996300842126,0,0,2.328005657708628,2.898659536451615,ABCD2;ANXA1
1227,GO_Biological_Process_2023,Positive Regulation Of Synaptic Plasticity (GO:0031915),2/6,0.2879047332635424,0.999996300842126,0,0,2.328005657708628,2.898659536451615,CDC20;CPLX2
1226,GO_Biological_Process_2023,Positive Regulation Of Striated Muscle Contraction (GO:0045989),2/6,0.2879047332635424,0.999996300842126,0,0,2.328005657708628,2.898659536451615,CHGA;RGS2
1225,GO_Biological_Process_2023,Positive Regulation Of Steroid Metabolic Process (GO:0045940),2/6,0.2879047332635424,0.999996300842126,0,0,2.328005657708628,2.898659536451615,CGA;CES1
1224,GO_Biological_Process_2023,Positive Regulation Of Spindle Assembly (GO:1905832),2/6,0.2879047332635424,0.999996300842126,0,0,2.328005657708628,2.898659536451615,STIL;SPAG5
1223,GO_Biological_Process_2023,Positive Regulation Of Phospholipid Biosynthetic Process (GO:0071073),2/6,0.2879047332635424,0.999996300842126,0,0,2.328005657708628,2.898659536451615,HTR2C;HTR2A
1222,GO_Biological_Process_2023,Positive Regulation Of Neurotransmitter Secretion (GO:0001956),2/6,0.2879047332635424,0.999996300842126,0,0,2.328005657708628,2.898659536451615,SLC4A8;NLGN1
1221,GO_Biological_Process_2023,Positive Regulation Of Necrotic Cell Death (GO:0010940),2/6,0.2879047332635424,0.999996300842126,0,0,2.328005657708628,2.898659536451615,ATG9B;MT3
1220,GO_Biological_Process_2023,Positive Regulation Of Mast Cell Activation (GO:0033005),2/6,0.2879047332635424,0.999996300842126,0,0,2.328005657708628,2.898659536451615,NR4A3;TSLP
1219,GO_Biological_Process_2023,Positive Regulation Of Lymphocyte Apoptotic Process (GO:0070230),2/6,0.2879047332635424,0.999996300842126,0,0,2.328005657708628,2.898659536451615,PDCD1;IDO1
1218,GO_Biological_Process_2023,Positive Regulation Of Leukocyte Tethering Or Rolling (GO:1903238),2/6,0.2879047332635424,0.999996300842126,0,0,2.328005657708628,2.898659536451615,SELP;FUT7
1217,GO_Biological_Process_2023,Positive Regulation Of Lamellipodium Morphogenesis (GO:2000394),2/6,0.2879047332635424,0.999996300842126,0,0,2.328005657708628,2.898659536451615,VIL1;ENPP2
1216,GO_Biological_Process_2023,Positive Regulation Of Interleukin-5 Production (GO:0032754),2/6,0.2879047332635424,0.999996300842126,0,0,2.328005657708628,2.898659536451615,TSLP;GATA3
1215,GO_Biological_Process_2023,Positive Regulation Of Icosanoid Secretion (GO:0032305),2/6,0.2879047332635424,0.999996300842126,0,0,2.328005657708628,2.898659536451615,PLA2G10;PLA2R1
1214,GO_Biological_Process_2023,Positive Regulation Of Gastrulation (GO:2000543),2/6,0.2879047332635424,0.999996300842126,0,0,2.328005657708628,2.898659536451615,LHX1;SCX
1213,GO_Biological_Process_2023,Positive Regulation Of Flagellated Sperm Motility (GO:1902093),2/6,0.2879047332635424,0.999996300842126,0,0,2.328005657708628,2.898659536451615,TACR3;TACR1
1212,GO_Biological_Process_2023,Positive Regulation Of Fibroblast Apoptotic Process (GO:2000271),2/6,0.2879047332635424,0.999996300842126,0,0,2.328005657708628,2.898659536451615,SFRP1;TP63
1211,GO_Biological_Process_2023,Positive Regulation Of Cysteine-Type Endopeptidase Activity Involved In Apoptotic Signaling Pathway (GO:2001269),2/6,0.2879047332635424,0.999996300842126,0,0,2.328005657708628,2.898659536451615,PRR7;GSN
1210,GO_Biological_Process_2023,Positive Regulation Of Cilium-Dependent Cell Motility (GO:2000155),2/6,0.2879047332635424,0.999996300842126,0,0,2.328005657708628,2.898659536451615,TACR3;TACR1
1209,GO_Biological_Process_2023,Positive Regulation Of Cilium Movement (GO:0003353),2/6,0.2879047332635424,0.999996300842126,0,0,2.328005657708628,2.898659536451615,TACR3;TACR1
1208,GO_Biological_Process_2023,Positive Regulation Of Cell Killing (GO:0031343),2/6,0.2879047332635424,0.999996300842126,0,0,2.328005657708628,2.898659536451615,FCER2;IFNG
1207,GO_Biological_Process_2023,Positive Regulation Of Blood Circulation (GO:1903524),2/6,0.2879047332635424,0.999996300842126,0,0,2.328005657708628,2.898659536451615,ATP1A2;NKX2-5
1206,GO_Biological_Process_2023,Pituitary Gland Development (GO:0021983),2/6,0.2879047332635424,0.999996300842126,0,0,2.328005657708628,2.898659536451615,SOX2;SIX3
1205,GO_Biological_Process_2023,Noradrenergic Neuron Differentiation (GO:0003357),2/6,0.2879047332635424,0.999996300842126,0,0,2.328005657708628,2.898659536451615,SOX11;INSM1
1204,GO_Biological_Process_2023,"Neurotransmitter Receptor Transport, Postsynaptic Endosome To Lysosome (GO:0098943)",2/6,0.2879047332635424,0.999996300842126,0,0,2.328005657708628,2.898659536451615,CACNG4;CACNG5
1203,GO_Biological_Process_2023,Neuron Projection Extension Involved In Neuron Projection Guidance (GO:1902284),2/6,0.2879047332635424,0.999996300842126,0,0,2.328005657708628,2.898659536451615,NELL2;NELL1
1202,GO_Biological_Process_2023,Negative Regulation Of Steroid Metabolic Process (GO:0045939),2/6,0.2879047332635424,0.999996300842126,0,0,2.328005657708628,2.898659536451615,BMP2;BMP5
1201,GO_Biological_Process_2023,Negative Regulation Of Smooth Muscle Cell Apoptotic Process (GO:0034392),2/6,0.2879047332635424,0.999996300842126,0,0,2.328005657708628,2.898659536451615,IGF1;GRIA4
1200,GO_Biological_Process_2023,Negative Regulation Of Ruffle Assembly (GO:1900028),2/6,0.2879047332635424,0.999996300842126,0,0,2.328005657708628,2.898659536451615,KANK1;EVL
1199,GO_Biological_Process_2023,Negative Regulation Of Response To Reactive Oxygen Species (GO:1901032),2/6,0.2879047332635424,0.999996300842126,0,0,2.328005657708628,2.898659536451615,PYCR1;GPR37L1
1198,GO_Biological_Process_2023,Negative Regulation Of miRNA Processing (GO:1903799),2/6,0.2879047332635424,0.999996300842126,0,0,2.328005657708628,2.898659536451615,IL6;HOXB-AS3
1197,GO_Biological_Process_2023,Negative Regulation Of Heart Rate (GO:0010459),2/6,0.2879047332635424,0.999996300842126,0,0,2.328005657708628,2.898659536451615,PLN;SPX
1196,GO_Biological_Process_2023,Negative Regulation Of Catecholamine Secretion (GO:0033604),2/6,0.2879047332635424,0.999996300842126,0,0,2.328005657708628,2.898659536451615,CHGA;SYT4
1195,GO_Biological_Process_2023,Negative Regulation Of Cardiocyte Differentiation (GO:1905208),2/6,0.2879047332635424,0.999996300842126,0,0,2.328005657708628,2.898659536451615,DKK1;EGFR
1194,GO_Biological_Process_2023,Monoacylglycerol Biosynthetic Process (GO:0006640),2/6,0.2879047332635424,0.999996300842126,0,0,2.328005657708628,2.898659536451615,DGAT2;PLA2G4A
1193,GO_Biological_Process_2023,Membrane Biogenesis (GO:0044091),2/6,0.2879047332635424,0.999996300842126,0,0,2.328005657708628,2.898659536451615,TLCD1;SPTBN1
1192,GO_Biological_Process_2023,Meiotic DNA Double-Strand Break Formation (GO:0042138),2/6,0.2879047332635424,0.999996300842126,0,0,2.328005657708628,2.898659536451615,IHO1;HORMAD1
1191,GO_Biological_Process_2023,Lymphocyte Migration Into Lymphoid Organs (GO:0097021),2/6,0.2879047332635424,0.999996300842126,0,0,2.328005657708628,2.898659536451615,RET;FUT7
1190,GO_Biological_Process_2023,Interleukin-9-Mediated Signaling Pathway (GO:0038113),2/6,0.2879047332635424,0.999996300842126,0,0,2.328005657708628,2.898659536451615,STAT5A;IL9R
1189,GO_Biological_Process_2023,Insulin Secretion Involved In Cellular Response To Glucose Stimulus (GO:0035773),2/6,0.2879047332635424,0.999996300842126,0,0,2.328005657708628,2.898659536451615,PTPRN2;PTPRN
1188,GO_Biological_Process_2023,Hepatocyte Growth Factor Receptor Signaling Pathway (GO:0048012),2/6,0.2879047332635424,0.999996300842126,0,0,2.328005657708628,2.898659536451615,NELL1;STMN1
1187,GO_Biological_Process_2023,Hemostasis (GO:0007599),2/6,0.2879047332635424,0.999996300842126,0,0,2.328005657708628,2.898659536451615,P2RY12;VWF
1186,GO_Biological_Process_2023,Heart Trabecula Formation (GO:0060347),2/6,0.2879047332635424,0.999996300842126,0,0,2.328005657708628,2.898659536451615,TGFBR3;TEK
1185,GO_Biological_Process_2023,Glycogen Catabolic Process (GO:0005980),2/6,0.2879047332635424,0.999996300842126,0,0,2.328005657708628,2.898659536451615,STBD1;PYGM
1184,GO_Biological_Process_2023,Glycerol-3-Phosphate Metabolic Process (GO:0006072),2/6,0.2879047332635424,0.999996300842126,0,0,2.328005657708628,2.898659536451615,GPAM;GPD1
1183,GO_Biological_Process_2023,Glucan Catabolic Process (GO:0009251),2/6,0.2879047332635424,0.999996300842126,0,0,2.328005657708628,2.898659536451615,STBD1;PYGM
1182,GO_Biological_Process_2023,Free Ubiquitin Chain Polymerization (GO:0010994),2/6,0.2879047332635424,0.999996300842126,0,0,2.328005657708628,2.898659536451615,UBE2C;UBE2S
1181,GO_Biological_Process_2023,Forebrain Neuron Development (GO:0021884),2/6,0.2879047332635424,0.999996300842126,0,0,2.328005657708628,2.898659536451615,CCL14;LHX6
1180,GO_Biological_Process_2023,"Fatty Acid Elongation, Unsaturated Fatty Acid (GO:0019368)",2/6,0.2879047332635424,0.999996300842126,0,0,2.328005657708628,2.898659536451615,ELOVL2;ELOVL3
1179,GO_Biological_Process_2023,"Fatty Acid Elongation, Saturated Fatty Acid (GO:0019367)",2/6,0.2879047332635424,0.999996300842126,0,0,2.328005657708628,2.898659536451615,ELOVL2;ELOVL3
1178,GO_Biological_Process_2023,"Fatty Acid Elongation, Polyunsaturated Fatty Acid (GO:0034626)",2/6,0.2879047332635424,0.999996300842126,0,0,2.328005657708628,2.898659536451615,ELOVL2;ELOVL3
1177,GO_Biological_Process_2023,"Fatty Acid Elongation, Monounsaturated Fatty Acid (GO:0034625)",2/6,0.2879047332635424,0.999996300842126,0,0,2.328005657708628,2.898659536451615,ELOVL2;ELOVL3
1176,GO_Biological_Process_2023,Excitatory Chemical Synaptic Transmission (GO:0098976),2/6,0.2879047332635424,0.999996300842126,0,0,2.328005657708628,2.898659536451615,GRIN2B;GRIN2D
1175,GO_Biological_Process_2023,Epithelial Cell Differentiation Involved In Kidney Development (GO:0035850),2/6,0.2879047332635424,0.999996300842126,0,0,2.328005657708628,2.898659536451615,SIX2;PAX2
1174,GO_Biological_Process_2023,Enteric Nervous System Development (GO:0048484),2/6,0.2879047332635424,0.999996300842126,0,0,2.328005657708628,2.898659536451615,KIF26A;SOX10
1173,GO_Biological_Process_2023,Dendrite Arborization (GO:0140059),2/6,0.2879047332635424,0.999996300842126,0,0,2.328005657708628,2.898659536451615,NELL1;PTN
1172,GO_Biological_Process_2023,Cellular Response To Monoamine Stimulus (GO:0071868),2/6,0.2879047332635424,0.999996300842126,0,0,2.328005657708628,2.898659536451615,GNG2;NR4A3
1171,GO_Biological_Process_2023,Cellular Response To Laminar Fluid Shear Stress (GO:0071499),2/6,0.2879047332635424,0.999996300842126,0,0,2.328005657708628,2.898659536451615,KLF4;KLF2
1170,GO_Biological_Process_2023,Cellular Response To Interleukin-9 (GO:0071355),2/6,0.2879047332635424,0.999996300842126,0,0,2.328005657708628,2.898659536451615,STAT5A;IL9R
1169,GO_Biological_Process_2023,Cellular Response To Caffeine (GO:0071313),2/6,0.2879047332635424,0.999996300842126,0,0,2.328005657708628,2.898659536451615,CASQ2;RYR3
1168,GO_Biological_Process_2023,Cellular Hyperosmotic Response (GO:0071474),2/6,0.2879047332635424,0.999996300842126,0,0,2.328005657708628,2.898659536451615,EPO;AQP1
1167,GO_Biological_Process_2023,Calcitonin Family Receptor Signaling Pathway (GO:0097646),2/6,0.2879047332635424,0.999996300842126,0,0,2.328005657708628,2.898659536451615,CALCR;RAMP1
1166,GO_Biological_Process_2023,Bleb Assembly (GO:0032060),2/6,0.2879047332635424,0.999996300842126,0,0,2.328005657708628,2.898659536451615,EMP1;MYLK
1165,GO_Biological_Process_2023,Axon Extension Involved In Axon Guidance (GO:0048846),2/6,0.2879047332635424,0.999996300842126,0,0,2.328005657708628,2.898659536451615,NELL2;NELL1
1164,GO_Biological_Process_2023,Adherens Junction Maintenance (GO:0034334),2/6,0.2879047332635424,0.999996300842126,0,0,2.328005657708628,2.898659536451615,FERMT2;INAVA
1163,GO_Biological_Process_2023,Adenylate Cyclase-Inhibiting Serotonin Receptor Signaling Pathway (GO:0007198),2/6,0.2879047332635424,0.999996300842126,0,0,2.328005657708628,2.898659536451615,HTR1E;HTR1D
1162,GO_Biological_Process_2023,AV Node Cell Action Potential (GO:0086016),2/6,0.2879047332635424,0.999996300842126,0,0,2.328005657708628,2.898659536451615,SCN5A;SCN4B
1161,GO_Biological_Process_2023,Positive Regulation Of Kinase Activity (GO:0033674),21/104,0.2869836116753876,0.999996300842126,0,0,1.1787080060857766,1.47141676211578,RET;NTRK2;CCL21;MMD;NTRK3;AZU1;EGFR;CCNA2;CENPE;RELN;EEF1A2;ERBB2;TYRO3;CCR7;TEK;FGFR4;ROS1;FGFR3;MET;DRD4;DDR2
1160,GO_Biological_Process_2023,Regulation Of Endothelial Cell Migration (GO:0010594),18/88,0.2866207166529427,0.999996300842126,0,0,1.1978808914870296,1.4968665499717442,ANGPT4;ANGPT1;EGF;PTPRM;PROX1;GATA3;PTN;FGF1;FGF2;DCN;NELL2;NELL1;RHOJ;ATOH8;TEK;GFUS;PLPP3;GPLD1
1159,GO_Biological_Process_2023,Second-Messenger-Mediated Signaling (GO:0019932),15/72,0.2844619510682445,0.999996300842126,0,0,1.2258286260796796,1.541057535228175,P2RY12;EDN2;EDN3;PTGDR2;NDNF;NCALD;CNKSR2;RCAN1;FCGR3A;SAMD14;EDNRB;NMUR1;CD36;NOS1;LACRT
1158,GO_Biological_Process_2023,Cellular Response To Hypoxia (GO:0071456),15/72,0.2844619510682445,0.999996300842126,0,0,1.2258286260796796,1.541057535228175,OPRD1;ANGPT4;EGLN3;PTGIS;EPAS1;NDNF;MT3;AQP1;SFRP1;TERT;PMAIP1;ADAM8;PPARG;MGARP;SCN2A
1157,GO_Biological_Process_2023,Sensory Perception (GO:0007600),11/51,0.2838352163215769,0.999996300842126,0,0,1.2808635847986387,1.6130702001879158,NMB;OBP2A;MME;TRPA1;MRGPRX2;SCN9A;KCNA2;PENK;CDH23;PROK2;OPRK1
1156,GO_Biological_Process_2023,Regulation Of Stress-Activated MAPK Cascade (GO:0032872),11/51,0.2838352163215769,0.999996300842126,0,0,1.2808635847986387,1.6130702001879158,TGFBR3;PER1;NOD2;IGFBP6;FOXM1;MAPK8IP2;EPHB1;RASGRP1;EGFR;FOXO1;INAVA
1155,GO_Biological_Process_2023,Receptor Internalization (GO:0031623),11/51,0.2838352163215769,0.999996300842126,0,0,1.2808635847986387,1.6130702001879158,CCL14;ENTREP1;GRK3;RAB31;LRP1;CAV3;CAV1;CXCR2;CD36;RAMP1;SNCA
1154,GO_Biological_Process_2023,Regulation Of Peptidyl-Serine Phosphorylation (GO:0033135),19/93,0.2812942115673771,0.999996300842126,0,0,1.196130325891554,1.517116852180039,OPRD1;TENM1;IL11;CSF3;CAV1;NTRK3;OSM;DKK1;EGFR;NTF4;MLXIPL;TCL1A;IL6;CALCR;SPRY2;DMD;NOS1;AMH;SNCA
1153,GO_Biological_Process_2023,Regulation Of Immune Response (GO:0050776),16/77,0.279288292075628,0.999996300842126,0,0,1.2218585442846437,1.5584936785504615,DENND1B;LAG3;RSAD2;CXCL13;FOXP3;LRP8;FCRLB;IL4I1;FCGR3A;C6;IFNL1;C7;TNFSF4;IRF7;PDCD1;FCGR1A
1152,GO_Biological_Process_2023,Positive Regulation Of Synaptic Transmission (GO:0050806),16/77,0.279288292075628,0.999996300842126,0,0,1.2218585442846437,1.5584936785504615,SLC24A2;NLGN1;SYT1;AKAP5;FOXM1;GRIN2B;SLC8A2;CRHR2;GRIN2D;RIMS2;RIMS1;RIMS4;RELN;NMU;CACNG4;CACNG5
1151,GO_Biological_Process_2023,Monoatomic Cation Homeostasis (GO:0055080),16/77,0.279288292075628,0.999996300842126,0,0,1.2218585442846437,1.5584936785504615,KCNH2;TMPRSS6;SLC11A1;KCNA1;CAV1;CIB3;MT3;BMP6;JPH2;TFR2;SLC39A6;TESMIN;S100A14;SLC12A8;SLC39A4;SNCA
1150,GO_Biological_Process_2023,Mitotic DNA Damage Checkpoint Signaling (GO:0044773),12/56,0.2791414487198873,0.999996300842126,0,0,1.270328820116054,1.6209861205545977,DEPDC1B;BLM;EME1;CHEK1;PLK1;DONSON;CDK1;HUS1B;CLSPN;FOXN3;CDC14B;TICRR
1149,GO_Biological_Process_2023,Regulation Of Cell Cycle Process (GO:0010564),26/130,0.2759595279160619,0.999996300842126,0,0,1.164839077185987,1.499731548939169,CDCA2;KLHL13;KIF11;MKI67;FBXO43;PKMYT1;AURKB;AURKA;RACGAP1;CHEK1;SIX3;NEK2;FSD1;ECT2;BUB1;SPAG5;CAV2;PLK1;HMGA2;CDC25C;SFRP1;CCDC8;KIF2C;KIF20A;INSM1;MCM2
1148,GO_Biological_Process_2023,"Wound Healing, Spreading Of Cells (GO:0044319)",6/25,0.2729911899262365,0.999996300842126,0,0,1.470643473594777,1.9093595927124956,CCNA2;MMP12;CARMIL2;TMEFF2;LRG1;COL5A1
1147,GO_Biological_Process_2023,Ribonucleoside Bisphosphate Metabolic Process (GO:0033875),6/25,0.2729911899262365,0.999996300842126,0,0,1.470643473594777,1.9093595927124956,ACSM3;ACSM1;ACSM2A;ACSM5;GLYAT;ACSM2B
1146,GO_Biological_Process_2023,Regulation Of Chondrocyte Differentiation (GO:0032330),6/25,0.2729911899262365,0.999996300842126,0,0,1.470643473594777,1.9093595927124956,EFEMP1;ZBTB16;MBOAT2;BMPR1B;NKX3-2;SOX5
1145,GO_Biological_Process_2023,Purine Nucleoside Bisphosphate Metabolic Process (GO:0034032),6/25,0.2729911899262365,0.999996300842126,0,0,1.470643473594777,1.9093595927124956,ACSM3;ACSM1;ACSM2A;ACSM5;GLYAT;ACSM2B
1144,GO_Biological_Process_2023,Proteoglycan Metabolic Process (GO:0006029),6/25,0.2729911899262365,0.999996300842126,0,0,1.470643473594777,1.9093595927124956,CHST8;CHST9;IGF1;SULF1;BMPR1B;HS3ST4
1143,GO_Biological_Process_2023,Positive Regulation Of Striated Muscle Cell Differentiation (GO:0051155),6/25,0.2729911899262365,0.999996300842126,0,0,1.470643473594777,1.9093595927124956,MYOG;MYOCD;SMYD1;NRG1;IGF1;PROX1
1142,GO_Biological_Process_2023,Negative Regulation Of Response To Wounding (GO:1903035),6/25,0.2729911899262365,0.999996300842126,0,0,1.470643473594777,1.9093595927124956,RTN4R;IL33;CLDN3;MMRN1;CLDN19;FGF2
1141,GO_Biological_Process_2023,Lamellipodium Assembly (GO:0030032),6/25,0.2729911899262365,0.999996300842126,0,0,1.470643473594777,1.9093595927124956,P2RY12;SPEF1;ABLIM3;KIT;S1PR1;CDH13
1140,GO_Biological_Process_2023,Cellular Response To Steroid Hormone Stimulus (GO:0071383),6/25,0.2729911899262365,0.999996300842126,0,0,1.470643473594777,1.9093595927124956,AKR1C3;ATP1A3;ATP1A2;MGARP;NR3C1;TFPI
1139,GO_Biological_Process_2023,Regulation Of Cell Migration Involved In Sprouting Angiogenesis (GO:0090049),7/30,0.2721621062254202,0.999996300842126,0,0,1.4174159379233895,1.8445647359112405,FGFBP1;ANXA1;MMRN2;RHOJ;MEOX2;KLF4;FGF2
1138,GO_Biological_Process_2023,Regulation Of Calcium-Mediated Signaling (GO:0050848),7/30,0.2721621062254202,0.999996300842126,0,0,1.4174159379233895,1.8445647359112405,GPR143;P2RX5;CLEC7A;RGN;CDH13;LACRT;SLC8A2
1137,GO_Biological_Process_2023,Positive Regulation Of Phosphate Metabolic Process (GO:0045937),7/30,0.2721621062254202,0.999996300842126,0,0,1.4174159379233895,1.8445647359112405,NELL1;IFNG;EGF;PTH1R;AMH;EGFR;SNCA
1136,GO_Biological_Process_2023,Negative Regulation Of Epithelial To Mesenchymal Transition (GO:0010719),7/30,0.2721621062254202,0.999996300842126,0,0,1.4174159379233895,1.8445647359112405,FOXA1;SFRP1;HPN;SPRY2;SPRY1;GATA3;BMP5
1135,GO_Biological_Process_2023,Embryonic Skeletal System Morphogenesis (GO:0048704),7/30,0.2721621062254202,0.999996300842126,0,0,1.4174159379233895,1.8445647359112405,HOXA9;COL2A1;HOXB9;HOXA3;SOX11;HOXA4;TGFBR2
1134,GO_Biological_Process_2023,Response To Ketone (GO:1901654),5/20,0.2718367653501131,0.999996300842126,0,0,1.5522838807097017,2.0219328332053155,TGFBR3;CCL21;CAV1;CCR7;CSN1S1
1133,GO_Biological_Process_2023,Regulation Of Smooth Muscle Contraction (GO:0006940),5/20,0.2718367653501131,0.999996300842126,0,0,1.5522838807097017,2.0219328332053155,CNN1;MYOCD;CAV1;NMU;PROK2
1132,GO_Biological_Process_2023,Regulation Of Calcium Ion Import (GO:0090279),5/20,0.2718367653501131,0.999996300842126,0,0,1.5522838807097017,2.0219328332053155,CXCL12;PLN;PLPP4;EGF;FCRL3
1131,GO_Biological_Process_2023,Positive Regulation Of Vascular Associated Smooth Muscle Cell Proliferation (GO:1904707),5/20,0.2718367653501131,0.999996300842126,0,0,1.5522838807097017,2.0219328332053155,P2RY6;NR4A3;IGF1;FGF2;MMP9
1130,GO_Biological_Process_2023,Phosphatidylglycerol Metabolic Process (GO:0046471),5/20,0.2718367653501131,0.999996300842126,0,0,1.5522838807097017,2.0219328332053155,PLA2G4D;GPAM;PLA2G10;MBOAT2;PLA2G4A
1129,GO_Biological_Process_2023,Negative Regulation Of Cyclin-Dependent Protein Kinase Activity (GO:1904030),5/20,0.2718367653501131,0.999996300842126,0,0,1.5522838807097017,2.0219328332053155,CDKN1C;CEBPA;MYOCD;CDKN2A;PLK1
1128,GO_Biological_Process_2023,Negative Regulation Of B Cell Activation (GO:0050869),5/20,0.2718367653501131,0.999996300842126,0,0,1.5522838807097017,2.0219328332053155,SFRP1;FOXJ1;CTLA4;INHBA;INHA
1127,GO_Biological_Process_2023,Myoblast Differentiation (GO:0045445),5/20,0.2718367653501131,0.999996300842126,0,0,1.5522838807097017,2.0219328332053155,MYOCD;EPAS1;SDC1;NRG1;IGF1
1126,GO_Biological_Process_2023,Monocarboxylic Acid Catabolic Process (GO:0072329),5/20,0.2718367653501131,0.999996300842126,0,0,1.5522838807097017,2.0219328332053155,CYP26B1;AGXT2;LDHD;FANCA;HOGA1
1125,GO_Biological_Process_2023,Long-Term Synaptic Potentiation (GO:0060291),5/20,0.2718367653501131,0.999996300842126,0,0,1.5522838807097017,2.0219328332053155,SLC24A2;FOXM1;GRIN2B;GRIN2D;SLC8A2
1124,GO_Biological_Process_2023,Intracellular Monoatomic Ion Homeostasis (GO:0006873),5/20,0.2718367653501131,0.999996300842126,0,0,1.5522838807097017,2.0219328332053155,SLC39A6;SLC4A1;TESMIN;MT3;SLC39A4
1123,GO_Biological_Process_2023,Hydrogen Peroxide Catabolic Process (GO:0042744),5/20,0.2718367653501131,0.999996300842126,0,0,1.5522838807097017,2.0219328332053155,GPX3;CAT;HBB;PXDNL;HBA1
1122,GO_Biological_Process_2023,Endothelial Cell Development (GO:0001885),5/20,0.2718367653501131,0.999996300842126,0,0,1.5522838807097017,2.0219328332053155,PPP1R16B;ROBO4;PDE2A;PECAM1;MET
1121,GO_Biological_Process_2023,Calcium-Mediated Signaling Using Intracellular Calcium Source (GO:0035584),5/20,0.2718367653501131,0.999996300842126,0,0,1.5522838807097017,2.0219328332053155,SELP;GPR143;CCL20;DEFB1;AZU1
1120,GO_Biological_Process_2023,Cellular Response To Tumor Necrosis Factor (GO:0071356),24/119,0.2715686294673394,0.999996300842126,0,0,1.1770776214661334,1.534368224884464,CCL14;CCL25;CCL13;CCL24;CCL23;PID1;CCL11;CCL21;CCL20;GATA3;NPNT;CX3CL1;PYCARD;CRHBP;DCSTAMP;TCL1A;ZFP36;SFRP1;AIM2;CCL7;HYAL1;PYDC1;CCL17;CCL16
1119,GO_Biological_Process_2023,Regulation Of G2/M Transition Of Mitotic Cell Cycle (GO:0010389),8/35,0.2702017272033755,0.999996300842126,0,0,1.3799733425689786,1.8058144328502057,CCNB1;CENPF;FHL1;KIF14;CDK1;CDC7;CDC25C;CDC25A
1118,GO_Biological_Process_2023,Macrophage Activation (GO:0042116),8/35,0.2702017272033755,0.999996300842126,0,0,1.3799733425689786,1.8058144328502057,FCER2;FCGR3A;EDN2;IFNG;SLC11A1;AZU1;CX3CL1;SNCA
1117,GO_Biological_Process_2023,Establishment Of Spindle Orientation (GO:0051294),8/35,0.2702017272033755,0.999996300842126,0,0,1.3799733425689786,1.8058144328502057,SAPCD2;PLK1;KIF25;CENPA;MISP;NDC80;LLGL2;MAD2L1
1116,GO_Biological_Process_2023,Regulation Of Type II Interferon Production (GO:0032649),18/87,0.269425954193322,0.999996300842126,0,0,1.2153156158493643,1.59383985797208,IL21;SLC11A1;ISG15;INHBA;FOXP3;RASGRP1;VSIR;LGALS9C;LGALS9B;PYCARD;SLC7A5;IFNL1;CLEC7A;TNFSF4;IL12B;CCR7;IL36RN;INHA
1115,GO_Biological_Process_2023,L-alpha-amino Acid Transmembrane Transport (GO:1902475),9/40,0.2675635648678467,0.999996300842126,0,0,1.3522053982883475,1.7827450484671516,SLC7A5;SLC17A7;SLC7A11;SLC1A6;SLC1A7;SLC6A2;SLC25A22;SLC38A5;SLC7A3
1114,GO_Biological_Process_2023,Retrograde Axonal Transport (GO:0008090),4/15,0.2669022606135554,0.999996300842126,0,0,1.6933329902477936,2.236677408096549,DST;NEFL;KIF1A;MGARP
1113,GO_Biological_Process_2023,Regulation Of Interleukin-13 Production (GO:0032656),4/15,0.2669022606135554,0.999996300842126,0,0,1.6933329902477936,2.236677408096549,IFNL1;TSLP;TNFSF4;LEF1
1112,GO_Biological_Process_2023,Regulation Of Granulocyte Macrophage Colony-Stimulating Factor Production (GO:0032645),4/15,0.2669022606135554,0.999996300842126,0,0,1.6933329902477936,2.236677408096549,CD80;IL12B;IL17D;RASGRP1
1111,GO_Biological_Process_2023,Negative Regulation Of DNA Replication (GO:0008156),4/15,0.2669022606135554,0.999996300842126,0,0,1.6933329902477936,2.236677408096549,CDT1;MCIDAS;GMNC;CDC6
1110,GO_Biological_Process_2023,Cellular Response To Zinc Ion (GO:0071294),4/15,0.2669022606135554,0.999996300842126,0,0,1.6933329902477936,2.236677408096549,MT1M;MT1G;MT1X;MT1H
1109,GO_Biological_Process_2023,Cellular Response To Estrogen Stimulus (GO:0071391),4/15,0.2669022606135554,0.999996300842126,0,0,1.6933329902477936,2.236677408096549,CRHBP;SFRP1;ESR1;ESR2
1108,GO_Biological_Process_2023,DNA Alkylation (GO:0006305),4/15,0.2669022606135554,0.999996300842126,0,0,1.6933329902477936,2.236677408096549,SPOCD1;HELLS;DNMT3B;FOS
1107,GO_Biological_Process_2023,Enzyme-Linked Receptor Protein Signaling Pathway (GO:0007167),25/124,0.2667606647752369,0.999996300842126,0,0,1.1766296219599182,1.5548023938073177,RET;LRP1;NPR1;NPR2;PTN;EGFR;ART4;NTF4;ERBB2;ALKAL2;SH2D6;ROS1;NTRK2;SRMS;NTRK3;LIFR;PTK6;GFRA2;TYRO3;TEK;FGFR4;FGFR3;MET;ANGPTL1;DDR2
1106,GO_Biological_Process_2023,Kidney Development (GO:0001822),15/71,0.2654775759853743,0.999996300842126,0,0,1.2477944755414945,1.6548561053330346,ROBO2;HELLS;CITED1;MME;ZBTB16;PROX1;GATA3;SULF1;PCSK5;PAX2;CENPF;SOX17;WT1;SIX2;LHX1
1105,GO_Biological_Process_2023,Chromosome Organization (GO:0051276),10/45,0.264508911297195,0.999996300842126,0,0,1.330795090931184,1.769798224200614,TOP2A;H1-5;H1-4;CENPW;H4C9;H1-6;NUF2;CDCA8;H1-3;H1-2
1104,GO_Biological_Process_2023,Protein Homooligomerization (GO:0051260),26/129,0.2621004377640559,0.999996300842126,0,0,1.1762200905337732,1.5749910454381726,TRIM72;BLM;KCNC2;ITLN1;AQP4;FOXM1;ACACB;RYR3;COMP;PYCARD;CALHM1;GLRA3;TDO2;NLRP6;TK1;ECT2;AMH;GBP5;POLQ;PRMT8;SCARA5;TRPA1;KIF25;ALDH1A3;ALDH1A2;HCN1
1103,GO_Biological_Process_2023,Positive Regulation Of Developmental Growth (GO:0048639),11/50,0.2611972467770569,0.999996300842126,0,0,1.3137862326744911,1.7637309826733514,GHR;RIMS2;RNF157;RIMS1;SYT4;SEMA7A;UNC13A;SYT1;LEP;AGR2;SYT17
1102,GO_Biological_Process_2023,"G Protein-Coupled Receptor Signaling Pathway, Coupled To Cyclic Nucleotide Second Messenger (GO:0007187)",11/50,0.2611972467770569,0.999996300842126,0,0,1.3137862326744911,1.7637309826733514,OPRD1;LHCGR;ANXA1;HTR1E;CNR1;HTR1D;HTR2C;HTR2A;PTH1R;HTR4;DRD4
1101,GO_Biological_Process_2023,Phosphatidylcholine Metabolic Process (GO:0046470),12/55,0.2577302012272956,0.999996300842126,0,0,1.2999505195447798,1.7625274770874584,PNLIPRP2;CETP;MUC1;SLC44A4;PLA2G10;PLA2G2A;ENPP2;PLA2G4A;MBOAT2;PLAAT2;PLAAT4;GPLD1
1100,GO_Biological_Process_2023,Cytoskeleton-Dependent Cytokinesis (GO:0061640),17/81,0.2568121134891793,0.999996300842126,0,0,1.2374955610795455,1.682264505681154,PLK1;SEPTIN12;CDCA8;KIF23;CENPA;AURKB;CIT;ANLN;ESPL1;RACGAP1;KIF4A;STMN1;BIRC5;KIF20A;ECT2;CEP55;SPTBN1
1099,GO_Biological_Process_2023,Cellular Response To Interleukin-1 (GO:0071347),17/81,0.2568121134891793,0.999996300842126,0,0,1.2374955610795455,1.682264505681154,CCL14;CCL25;CCL13;CCL24;EGR1;CCL23;PTGIS;CCL11;CCL21;CCL20;CX3CL1;PYCARD;SFRP1;CCL7;HYAL1;CCL17;CCL16
1098,GO_Biological_Process_2023,Response To Retinoic Acid (GO:0032526),13/60,0.2541746959253863,0.999996300842126,0,0,1.2884777936097762,1.7648711581529564,RET;WNT10B;FZD4;TESC;WNT7B;PTK6;ASCL1;PAX2;AQP1;STRA8;WNT11;ALDH1A2;RXRG
1097,GO_Biological_Process_2023,Urogenital System Development (GO:0001655),3/10,0.2536499011771048,0.999996300842126,0,0,1.995634246907592,2.7376116677239146,ANXA1;LHX1;PAX2
1096,GO_Biological_Process_2023,Type III Interferon-Mediated Signaling Pathway (GO:0038196),3/10,0.2536499011771048,0.999996300842126,0,0,1.995634246907592,2.7376116677239146,IFNL2;IFNL1;IFNL3
1095,GO_Biological_Process_2023,Response To Corticosteroid (GO:0031960),3/10,0.2536499011771048,0.999996300842126,0,0,1.995634246907592,2.7376116677239146,IL6;CALCR;AKR1C3
1094,GO_Biological_Process_2023,Regulation Of Respiratory Burst (GO:0060263),3/10,0.2536499011771048,0.999996300842126,0,0,1.995634246907592,2.7376116677239146,CLEC7A;IGHA2;JCHAIN
1093,GO_Biological_Process_2023,Regulation Of Peroxisome Proliferator Activated Receptor Signaling Pathway (GO:0035358),3/10,0.2536499011771048,0.999996300842126,0,0,1.995634246907592,2.7376116677239146,BMP2;PTGIS;LMO3
1092,GO_Biological_Process_2023,Regulation Of Lipid Transport (GO:0032368),3/10,0.2536499011771048,0.999996300842126,0,0,1.995634246907592,2.7376116677239146,PRKN;LRP1;PPARA
1091,GO_Biological_Process_2023,Regulation Of Lamellipodium Morphogenesis (GO:2000392),3/10,0.2536499011771048,0.999996300842126,0,0,1.995634246907592,2.7376116677239146,VIL1;KANK1;ENPP2
1090,GO_Biological_Process_2023,Regulation Of Glycoprotein Biosynthetic Process (GO:0010559),3/10,0.2536499011771048,0.999996300842126,0,0,1.995634246907592,2.7376116677239146,NECAB1;CCL21;IGF1
1089,GO_Biological_Process_2023,Regulation Of Coagulation (GO:0050818),3/10,0.2536499011771048,0.999996300842126,0,0,1.995634246907592,2.7376116677239146,PROC;NRG1;HS3ST6
1088,GO_Biological_Process_2023,Regulation Of Biosynthetic Process (GO:0009889),3/10,0.2536499011771048,0.999996300842126,0,0,1.995634246907592,2.7376116677239146,THRSP;PCK1;SNCA
1087,GO_Biological_Process_2023,Regulation Of T-helper 2 Cell Cytokine Production (GO:2000551),3/10,0.2536499011771048,0.999996300842126,0,0,1.995634246907592,2.7376116677239146,DENND1B;IL6;RSAD2
1086,GO_Biological_Process_2023,Protein Localization To Condensed Chromosome (GO:1903083),3/10,0.2536499011771048,0.999996300842126,0,0,1.995634246907592,2.7376116677239146,CDK1;TTK;KNL1
1085,GO_Biological_Process_2023,Positive Regulation Of Voltage-Gated Potassium Channel Activity (GO:1903818),3/10,0.2536499011771048,0.999996300842126,0,0,1.995634246907592,2.7376116677239146,LRRC26;KCNIP2;LRRC38
1084,GO_Biological_Process_2023,Positive Regulation Of Lipid Localization (GO:1905954),3/10,0.2536499011771048,0.999996300842126,0,0,1.995634246907592,2.7376116677239146,LRP1;PLA2G10;VSTM2A
1083,GO_Biological_Process_2023,Positive Regulation Of Integrin Activation (GO:0033625),3/10,0.2536499011771048,0.999996300842126,0,0,1.995634246907592,2.7376116677239146,P2RY12;CXCL13;FERMT2
1082,GO_Biological_Process_2023,Positive Regulation Of Chondrocyte Differentiation (GO:0032332),3/10,0.2536499011771048,0.999996300842126,0,0,1.995634246907592,2.7376116677239146,ZBTB16;BMPR1B;SOX5
1081,GO_Biological_Process_2023,Positive Regulation Of Cholesterol Metabolic Process (GO:0090205),3/10,0.2536499011771048,0.999996300842126,0,0,1.995634246907592,2.7376116677239146,SH2D2A;FGF1;CES1
1080,GO_Biological_Process_2023,Phenol-Containing Compound Biosynthetic Process (GO:0046189),3/10,0.2536499011771048,0.999996300842126,0,0,1.995634246907592,2.7376116677239146,MOXD1;CITED1;TYRP1
1079,GO_Biological_Process_2023,Oxygen Transport (GO:0015671),3/10,0.2536499011771048,0.999996300842126,0,0,1.995634246907592,2.7376116677239146,MB;HBB;HBA1
1078,GO_Biological_Process_2023,Negative Regulation Of Sprouting Angiogenesis (GO:1903671),3/10,0.2536499011771048,0.999996300842126,0,0,1.995634246907592,2.7376116677239146,CREB3L1;E2F2;KLF2
1077,GO_Biological_Process_2023,Negative Regulation Of Oxidoreductase Activity (GO:0051354),3/10,0.2536499011771048,0.999996300842126,0,0,1.995634246907592,2.7376116677239146,PRKN;MT3;SNCA
1076,GO_Biological_Process_2023,Negative Regulation Of Nuclear Division (GO:0051784),3/10,0.2536499011771048,0.999996300842126,0,0,1.995634246907592,2.7376116677239146,DMRT1;CHEK1;FBXO43
1075,GO_Biological_Process_2023,Negative Regulation Of Hydrogen Peroxide-Induced Cell Death (GO:1903206),3/10,0.2536499011771048,0.999996300842126,0,0,1.995634246907592,2.7376116677239146,PYCR1;GPR37L1;MET
1074,GO_Biological_Process_2023,Negative Regulation Of Exocytosis (GO:0045920),3/10,0.2536499011771048,0.999996300842126,0,0,1.995634246907592,2.7376116677239146,PRKN;STXBP6;SNCA
1073,GO_Biological_Process_2023,Negative Regulation Of Adenylate Cyclase Activity (GO:0007194),3/10,0.2536499011771048,0.999996300842126,0,0,1.995634246907592,2.7376116677239146,GABBR2;EDNRB;AKAP5
1072,GO_Biological_Process_2023,Monocyte Differentiation (GO:0030224),3/10,0.2536499011771048,0.999996300842126,0,0,1.995634246907592,2.7376116677239146,PDE1B;MT1G;PPARG
1071,GO_Biological_Process_2023,Meiotic Sister Chromatid Cohesion (GO:0051177),3/10,0.2536499011771048,0.999996300842126,0,0,1.995634246907592,2.7376116677239146,SGO2;BUB1B;HORMAD1
1070,GO_Biological_Process_2023,Mast Cell Degranulation (GO:0043303),3/10,0.2536499011771048,0.999996300842126,0,0,1.995634246907592,2.7376116677239146,NR4A3;MRGPRX2;KIT
1069,GO_Biological_Process_2023,Mast Cell Activation Involved In Immune Response (GO:0002279),3/10,0.2536499011771048,0.999996300842126,0,0,1.995634246907592,2.7376116677239146,NR4A3;MRGPRX2;KIT
1068,GO_Biological_Process_2023,Maintenance Of Synapse Structure (GO:0099558),3/10,0.2536499011771048,0.999996300842126,0,0,1.995634246907592,2.7376116677239146,NLGN1;CBLN2;CBLN1
1067,GO_Biological_Process_2023,"Heparan Sulfate Proteoglycan Biosynthetic Process, Enzymatic Modification (GO:0015015)",3/10,0.2536499011771048,0.999996300842126,0,0,1.995634246907592,2.7376116677239146,HS3ST3A1;HS3ST6;HS6ST3
1066,GO_Biological_Process_2023,Glycine Transport (GO:0015816),3/10,0.2536499011771048,0.999996300842126,0,0,1.995634246907592,2.7376116677239146,SLC36A2;SLC6A2;SLC38A5
1065,GO_Biological_Process_2023,Epithelial Cell Apoptotic Process (GO:1904019),3/10,0.2536499011771048,0.999996300842126,0,0,1.995634246907592,2.7376116677239146,GSN;COL4A3;SIX3
1064,GO_Biological_Process_2023,Diol Metabolic Process (GO:0034311),3/10,0.2536499011771048,0.999996300842126,0,0,1.995634246907592,2.7376116677239146,DEGS2;PLPP3;PLPP1
1063,GO_Biological_Process_2023,Cellular Response To Type III Interferon (GO:0071358),3/10,0.2536499011771048,0.999996300842126,0,0,1.995634246907592,2.7376116677239146,IFNL2;IFNL1;IFNL3
1062,GO_Biological_Process_2023,Atrial Septum Morphogenesis (GO:0060413),3/10,0.2536499011771048,0.999996300842126,0,0,1.995634246907592,2.7376116677239146,TBX20;GATA4;NKX2-5
1061,GO_Biological_Process_2023,Angiogenesis Involved In Wound Healing (GO:0060055),3/10,0.2536499011771048,0.999996300842126,0,0,1.995634246907592,2.7376116677239146,MCAM;NDNF;CD34
1060,GO_Biological_Process_2023,Actin Filament Depolymerization (GO:0030042),3/10,0.2536499011771048,0.999996300842126,0,0,1.995634246907592,2.7376116677239146,VIL1;GSN;CFL2
1059,GO_Biological_Process_2023,Cellular Response To Growth Factor Stimulus (GO:0071363),31/155,0.252879703089679,0.999996300842126,0,0,1.1650741585852824,1.6017921700395557,DLX5;HSPB1;NDNF;NR3C1;EGFR;TMEM100;ZFP36;CLEC3B;ACVR1C;IBSP;HYAL1;HAS1;ERBB2;NOS1;SOX5;EGR3;ANXA1;NTRK3;PDE2A;KLF4;BMP6;TGFBR2;VIL1;NR4A1;NELL1;SFRP1;BMP2;MT1G;SPRY2;BMPR1B;VSTM2A
1058,GO_Biological_Process_2023,Positive Regulation Of Binding (GO:0051099),19/91,0.2485249952072805,0.999996300842126,0,0,1.2295061903859517,1.71173309302898,PRKN;CDT1;CSF3;LRP1;EGF;CAV1;PLAUR;IGF1;MMP8;MMP9;NME1;CLDN5;BMP2;TERT;BAMBI;STMN1;PPARG;TRIB3;MET
1057,GO_Biological_Process_2023,Sensory Organ Development (GO:0007423),15/70,0.2469649037598111,0.999996300842126,0,0,1.2705590831655569,1.776888366826305,MYO7B;PAX6;GATA3;ASCL1;CHRDL1;ASCL2;MEIS2;SOX2;NTF4;SCO2;ADAMTS18;MAB21L1;SIX3;BMPR1B;FREM2
1056,GO_Biological_Process_2023,Positive Regulation Of Protein Polymerization (GO:0032273),15/70,0.2469649037598111,0.999996300842126,0,0,1.2705590831655569,1.776888366826305,TENM1;CCL24;CSF3;CCL11;CAV3;CCL21;CRACD;LMOD1;PYCARD;PSRC1;TPPP2;ANKRD53;CCR7;EVL;MET
1055,GO_Biological_Process_2023,Negative Regulation Of Epithelial Cell Proliferation (GO:0050680),15/70,0.2469649037598111,0.999996300842126,0,0,1.2705590831655569,1.776888366826305,CDKN1C;CAV2;CAV1;HPN;SORD;PTPRM;GATA3;BRCA2;SULF1;SOX2;TGFBR3;SFRP1;TNMD;ATOH8;KLF9
1054,GO_Biological_Process_2023,Regulation Of Fat Cell Differentiation (GO:0045598),16/75,0.2433633306565198,0.999996300842126,0,0,1.2634315174329327,1.785481122816133,WNT10B;LMO3;ZBTB16;ADIPOQ;FOXO1;MEDAG;ZFP36;SFRP1;BMP2;IL6;LEP;E2F1;PPARG;TRIB3;FERMT2;RUNX1T1
1053,GO_Biological_Process_2023,Regulation Of BMP Signaling Pathway (GO:0030510),16/75,0.2433633306565198,0.999996300842126,0,0,1.2634315174329327,1.785481122816133,CRB2;FOXD1;CRIM1;SOX11;SULF1;CHRDL1;FSTL4;CCNA2;CDH5;SCUBE3;BAMBI;TBX20;RBPMS2;VWC2;SOSTDC1;PPARG
1052,GO_Biological_Process_2023,Cellular Response To Hydrogen Peroxide (GO:0070301),8/34,0.2433021013751298,0.999996300842126,0,0,1.4331364300193996,2.02566868230745,IL6;ANXA1;TRPA1;CAT;ECT2;SLC6A2;PAX2;AQP1
1051,GO_Biological_Process_2023,Sarcomere Organization (GO:0045214),7/29,0.2429100565242719,0.999996300842126,0,0,1.4819340715941285,2.097031617208468,FHOD3;KRT19;TNNT1;TNNT3;FLNC;MYOZ2;MYOM2
1050,GO_Biological_Process_2023,Response To Steroid Hormone (GO:0048545),7/29,0.2429100565242719,0.999996300842126,0,0,1.4819340715941285,2.097031617208468,CAV1;ATP1A3;ATP1A2;CSN1S1;MGARP;NR3C1;TFPI
1049,GO_Biological_Process_2023,Response To Alcohol (GO:0097305),7/29,0.2429100565242719,0.999996300842126,0,0,1.4819340715941285,2.097031617208468,TGFBR3;CCL21;TH;CCR7;CSN1S1;GRIN2B;TGFBR2
1048,GO_Biological_Process_2023,Regulation Of Striated Muscle Contraction (GO:0006942),7/29,0.2429100565242719,0.999996300842126,0,0,1.4819340715941285,2.097031617208468,CAV3;MYL2;TNNT3;ATP1A2;DMD;NOS1;NKX2-5
1047,GO_Biological_Process_2023,Regulation Of Monoatomic Ion Transmembrane Transport (GO:0034765),7/29,0.2429100565242719,0.999996300842126,0,0,1.4819340715941285,2.097031617208468,CALHM1;KCNJ6;KCNJ10;KCNJ16;GRIN2B;KCNJ3;GRIN2D
1046,GO_Biological_Process_2023,Positive Regulation Of Neural Precursor Cell Proliferation (GO:2000179),7/29,0.2429100565242719,0.999996300842126,0,0,1.4819340715941285,2.097031617208468,DISP3;VCAN;DCT;PROX1;INSM1;CX3CL1;HAPLN1
1045,GO_Biological_Process_2023,Digestive Tract Development (GO:0048565),9/39,0.242583917405832,0.999996300842126,0,0,1.3973639455782314,1.9792368807745992,PYY;PERCC1;CLMP;EDNRB;ZIC3;KIT;GATA5;GATA4;PCSK5
1044,GO_Biological_Process_2023,Regulation Of Cell-Substrate Adhesion (GO:0010810),10/44,0.2411370261974945,0.999996300842126,0,0,1.3700195133341115,1.9487019646493136,VIT;ECM2;CCDC80;FZD4;AGR2;NDNF;RELL2;NPNT;CORO2B;CX3CL1
1043,GO_Biological_Process_2023,Positive Regulation Of Biosynthetic Process (GO:0009891),10/44,0.2411370261974945,0.999996300842126,0,0,1.3700195133341115,1.9487019646493136,MLXIPL;CREB3L1;SCX;HSD17B13;CD36;SORBS1;PCK1;MMP8;PPARA;LARP6
1042,GO_Biological_Process_2023,Bone Development (GO:0060348),10/44,0.2411370261974945,0.999996300842126,0,0,1.3700195133341115,1.9487019646493136,CYP26B1;MMP13;MYOC;EPYC;ATG9B;OGN;NOTUM;SULF1;FGFR3;BMP6
1041,GO_Biological_Process_2023,Regulation Of Neuroblast Proliferation (GO:1902692),6/24,0.240756636460431,0.999996300842126,0,0,1.5524402907580477,2.21062632507589,VCAN;DCT;SIX3;PTN;CX3CL1;HAPLN1
1040,GO_Biological_Process_2023,Positive Regulation Of Interleukin-17 Production (GO:0032740),6/24,0.240756636460431,0.999996300842126,0,0,1.5524402907580477,2.21062632507589,IL21;SLC7A5;IL6;OSM;IL12B;NOD2
1039,GO_Biological_Process_2023,Outflow Tract Septum Morphogenesis (GO:0003148),6/24,0.240756636460431,0.999996300842126,0,0,1.5524402907580477,2.21062632507589,ROBO2;NELL2;NELL1;TBX20;NKX2-5;TGFBR2
1038,GO_Biological_Process_2023,Amyloid Fibril Formation (GO:1990000),6/24,0.240756636460431,0.999996300842126,0,0,1.5524402907580477,2.21062632507589,PRKN;NAT8B;GSN;CD36;CAMP;SNCA
1037,GO_Biological_Process_2023,Acylglycerol Homeostasis (GO:0055090),6/24,0.240756636460431,0.999996300842126,0,0,1.5524402907580477,2.21062632507589,CETP;MLXIPL;HNF4A;ANGPTL8;ANGPTL4;GPIHBP1
1036,GO_Biological_Process_2023,Acylglycerol Catabolic Process (GO:0046464),6/24,0.240756636460431,0.999996300842126,0,0,1.5524402907580477,2.21062632507589,PNLIPRP2;LIPE;MGLL;PNPLA1;GPIHBP1;PNPLA2
1035,GO_Biological_Process_2023,Response To Type II Interferon (GO:0034341),17/80,0.2397863899083187,0.999996300842126,0,0,1.2572150072150072,1.7953115718361494,CCL14;CCL25;GBP5;CCL13;CCL24;CCL23;CCL11;CITED1;CCL21;CCL20;SLC11A1;AQP4;CX3CL1;CCL7;CCL17;CCL16;SNCA
1034,GO_Biological_Process_2023,Regulation Of Mitotic Metaphase/Anaphase Transition (GO:0030071),11/49,0.2391988318435375,0.999996300842126,0,0,1.3484416514911783,1.9288920342681288,CDC20;CENPE;CCNB1;ESPL1;DUSP1;UBE2C;USP44;PLK1;MAP3K20;CDC6;DLGAP5
1033,GO_Biological_Process_2023,Positive Regulation Of Leukocyte Chemotaxis (GO:0002690),12/54,0.236923999104207,0.999996300842126,0,0,1.330982776089159,1.9166363178169383,F7;CXCL10;IL6;EDN2;CXCL12;EDN3;CXCL17;CCR7;VEGFD;PTN;S100A14;S100A7
1032,GO_Biological_Process_2023,Nucleosome Assembly (GO:0006334),12/54,0.236923999104207,0.999996300842126,0,0,1.330982776089159,1.9166363178169383,H2AX;H2BC9;H2BC13;H2BC14;H2BC15;H2BC8;H4C9;H2BC21;H2BC11;NAP1L2;H2BC17;ASF1B
1031,GO_Biological_Process_2023,Apical Junction Assembly (GO:0043297),12/54,0.236923999104207,0.999996300842126,0,0,1.330982776089159,1.9166363178169383,CLDN11;CLDN6;CDH5;CLDN5;CLDN3;CLDN25;CLDN14;CLDN9;CLDN8;CLDN19;PECAM1;ECT2
1030,GO_Biological_Process_2023,Positive Regulation Of Endothelial Cell Migration (GO:0010595),18/85,0.2362447866081458,0.999996300842126,0,0,1.2517463831736455,1.8061283083428732,SEMA5A;STAT5A;ANGPT4;ANGPT1;EGF;HSPB1;PROX1;GATA3;FGF1;FGF2;NELL2;NELL1;ATOH8;TEK;GFUS;PLPP3;MET;GPLD1
1029,GO_Biological_Process_2023,Calcium-Mediated Signaling (GO:0019722),18/85,0.2362447866081458,0.999996300842126,0,0,1.2517463831736455,1.8061283083428732,P2RY12;EDN2;PTGDR2;CCL20;DEFB1;ANK2;AZU1;NCALD;CNKSR2;SELP;RCAN1;FCGR3A;SAMD14;GPR143;EDNRB;TNNI3;NMUR1;LACRT
1028,GO_Biological_Process_2023,Skeletal Muscle Contraction (GO:0003009),5/19,0.2356357227359642,0.999996300842126,0,0,1.6632624170846142,2.4041929557402715,JSRP1;TNNT1;STAC2;TNNT3;TNNI3
1027,GO_Biological_Process_2023,Regulation Of Tissue Remodeling (GO:0034103),5/19,0.2356357227359642,0.999996300842126,0,0,1.6632624170846142,2.4041929557402715,IL21;LEP;LEPR;IL12B;DDR2
1026,GO_Biological_Process_2023,Regulation Of Fibroblast Growth Factor Receptor Signaling Pathway (GO:0040036),5/19,0.2356357227359642,0.999996300842126,0,0,1.6632624170846142,2.4041929557402715,CREB3L1;SPRY2;SPRY1;SULF1;FGF2
1025,GO_Biological_Process_2023,Negative Regulation Of Leukocyte Cell-Cell Adhesion (GO:1903038),5/19,0.2356357227359642,0.999996300842126,0,0,1.6632624170846142,2.4041929557402715,IL4I1;ILDR2;CTSG;PPARA;TIGIT
1024,GO_Biological_Process_2023,Negative Regulation Of Calcium Ion Transmembrane Transport (GO:1903170),5/19,0.2356357227359642,0.999996300842126,0,0,1.6632624170846142,2.4041929557402715,PLN;EPO;ATP1A2;NOS1;CBARP
1023,GO_Biological_Process_2023,Negative Regulation Of Axon Extension Involved In Axon Guidance (GO:0048843),5/19,0.2356357227359642,0.999996300842126,0,0,1.6632624170846142,2.4041929557402715,SEMA5A;SEMA7A;SEMA3D;SEMA6D;SEMA3G
1022,GO_Biological_Process_2023,Mitotic Sister Chromatid Cohesion (GO:0007064),5/19,0.2356357227359642,0.999996300842126,0,0,1.6632624170846142,2.4041929557402715,SGO1;CDCA5;DSCC1;ESCO2;HASPIN
1021,GO_Biological_Process_2023,Cellular Response To Catecholamine Stimulus (GO:0071870),5/19,0.2356357227359642,0.999996300842126,0,0,1.6632624170846142,2.4041929557402715,PRKN;GNG2;NR4A3;APLP1;SNCA
1020,GO_Biological_Process_2023,protein-DNA Complex Assembly (GO:0065004),13/59,0.2344169767653616,0.999996300842126,0,0,1.3165683758574742,1.909884914012002,H2AX;H2BC9;H2BC8;H4C9;NAP1L2;H2BC17;H2BC13;H2BC14;H2BC15;RAD51;H2BC21;H2BC11;ASF1B
1019,GO_Biological_Process_2023,Regulation Of Phosphatidylinositol 3-Kinase Signaling (GO:0014066),19/90,0.23274603570213,0.999996300842126,0,0,1.2468992465309194,1.817738942910341,PPP1R16B;NTRK2;CSF3;MYOC;UNC5B;EGF;NTRK3;FN1;OSM;IGF1;FGF2;DCN;EGFR;SELP;PDGFD;LEP;KIT;TEK;DDR2
